v -0.00494974756241 0.0644999237061 0.0350497589111
v 0.00494974756241 0.0644999237061 0.0350497627258
v 0.00494974756241 0.0644999237061 0.0251502666473
v 0.00515249729156 0.0644999237061 0.0350431251526
v -0.00494974756241 0.0644999237061 0.0251502666473
v 0.00515249729156 0.0644999237061 0.0251436290741
v -1.13035873994e-11 0.0800999221802 0.0390000114441
v 0.00535437870026 0.0644999237061 0.0350232391357
v 0.0233486309052 0.0672999267578 0.0202100124359
v -0.00474699783325 0.0644999237061 0.0350431213379
v 0.00555452728271 0.0644999237061 0.034990196228
v 0.00535437870026 0.0644999237061 0.0251237449646
v -0.00474699783325 0.0644999237061 0.0251436290741
v 0.0057520866394 0.0644999237061 0.0349441299438
v -0.00454511642456 0.0644999237061 0.0350232391357
v 0.00555452728271 0.0644999237061 0.0250907001495
v 0.00594620990753 0.0644999237061 0.0348852424622
v -0.0166513690948 0.0672999267578 0.0202100124359
v 0.00613606643677 0.0644999237061 0.034813785553
v -1.12944285036e-11 0.0612999229431 0.0390000152588
v 0.0057520866394 0.0644999237061 0.0250446357727
v 0.00632084274292 0.0644999237061 0.0347300643921
v -0.00454511642456 0.0644999237061 0.0251237449646
v -0.0043449678421 0.0644999237061 0.0349901924133
v 0.00649974727631 0.0644999237061 0.034634437561
v 0.00594620990753 0.0644999237061 0.0249857501984
v 0.000588812112808 0.0800999221802 0.0389855575562
v 0.00667201519012 0.0644999237061 0.0345273170471
v 0.00613606643677 0.0644999237061 0.0249142932892
v 0.0216743164063 0.0701999206543 0.0202100124359
v 0.00683690786362 0.0644999237061 0.0344091567993
v -0.00414740848541 0.0644999237061 0.0349441299438
v -0.0043449678421 0.0644999237061 0.0250907001495
v 0.00632084274292 0.0644999237061 0.0248305721283
v 0.00699371957779 0.0644999237061 0.0342804641724
v 0.0149899997711 0.0612999229431 0.0168100128174
v -0.00395328521729 0.0644999237061 0.0348852424622
v 0.00714177846909 0.0644999237061 0.0341417922974
v 0.00649974727631 0.0644999237061 0.0247349452972
v 0.000588812112808 0.0612999191284 0.0389855575562
v 0.00728045082092 0.0644999237061 0.0339937324524
v 0.00117620563507 0.0800999221802 0.0389422302246
v 0.0074091424942 0.0644999237061 0.0338369216919
v 0.00667201519012 0.0644999237061 0.024627822876
v -0.00376342892647 0.0644999237061 0.034813785553
v 0.00752730321884 0.0644999237061 0.0336720275879
v -0.00414740848541 0.0644999237061 0.0250446357727
v 0.00683690786362 0.0644999237061 0.0245096607208
v 0.00763442611694 0.0644999237061 0.0334997596741
v 0.0183256835937 0.0701999206543 0.0202100124359
v 0.00699371957779 0.0644999237061 0.0243809700012
v 0.007730052948 0.0644999237061 0.033320854187
v -0.00357865262032 0.0644999237061 0.0347300643921
v 0.00117620563507 0.0612999191284 0.0389422302246
v -0.00395328521729 0.0644999237061 0.0249857501984
v 0.00781377410889 0.0644999237061 0.0331360778809
v 0.00714177846909 0.0644999237061 0.0242422981262
v -0.00339974761009 0.0644999237061 0.034634437561
v 0.00788523101807 0.0644999237061 0.0329462242126
v 0.0149899997711 0.0612999229431 0.0311900138855
v 0.00794411754608 0.0644999237061 0.0327520980835
v 0.00728045082092 0.0644999237061 0.0240942382812
v -0.00322747993469 0.0644999237061 0.0345273170471
v 0.0074091424942 0.0644999237061 0.0239374275208
v 0.00799018192291 0.0644999237061 0.0325545425415
v -0.00376342892647 0.0644999237061 0.0249142932892
v -0.0183256835937 0.0701999206543 0.0202100124359
v 0.00802322673798 0.0644999237061 0.0323543930054
v 0.00752730321884 0.0644999237061 0.0237725334167
v -0.0030625872612 0.0644999237061 0.0344091567993
v 0.0080431098938 0.0644999237061 0.0321525115967
v 0.00176076555252 0.0800999221802 0.0388701324463
v -0.00357865262032 0.0644999237061 0.0248305721283
v 0.00804974746704 0.0644999237061 0.031949760437
v 0.00763442611694 0.0644999237061 0.0236002655029
v 0.0080431098938 0.0644999237061 0.0317470111847
v 0.00176076555252 0.0612999191284 0.0388701324463
v -0.00290577554703 0.0644999237061 0.0342804641724
v 0.00802322673798 0.0644999237061 0.031545129776
v 0.007730052948 0.0644999237061 0.0234213619232
v 0.0166513690948 0.0672999267578 0.0202100124359
v -0.00339974761009 0.0644999237061 0.0247349452972
v 0.00799018192291 0.0644999237061 0.0313449802399
v 0.00781377410889 0.0644999237061 0.0232365856171
v 0.00794411754608 0.0644999237061 0.0311474208832
v -0.00275771665573 0.0644999237061 0.0341417922974
v 0.00234108400345 0.0800999221802 0.0387694358826
v 0.00788523101807 0.0644999237061 0.0309532985687
v 0.00788523101807 0.0644999237061 0.0230467281342
v 0.025 0.0612999229431 0.0168100128174
v 0.00781377410889 0.0644999237061 0.0307634410858
v -0.00261904430389 0.0644999237061 0.0339937324524
v 0.00794411754608 0.0644999237061 0.0228526058197
v 0.00234108400345 0.0612999191284 0.0387694358826
v 0.007730052948 0.0644999237061 0.0305786647797
v -0.00322747993469 0.0644999237061 0.0246278209686
v 0.00763442611694 0.0644999237061 0.0303997612
v 0.00799018192291 0.0644999237061 0.022655046463
v -0.0024903523922 0.0644999237061 0.0338369216919
v 0.00752730321884 0.0644999237061 0.0302274932861
v 0.00802322673798 0.0644999237061 0.0224548969269
v 0.0183256835937 0.0643999252319 0.0202100124359
v -0.00237219190598 0.0644999237061 0.0336720275879
v 0.0074091424942 0.0644999237061 0.0300626010895
v 0.0080431098938 0.0644999237061 0.0222530155182
v 0.00728045082092 0.0644999237061 0.0299057884216
v 0.00291576242447 0.0800999221802 0.0386403884888
v -0.0030625872612 0.0644999237061 0.0245096607208
v 0.00804974746704 0.0644999237061 0.0220502662659
v 0.00714177846909 0.0644999237061 0.029757730484
v 0.0216743164063 0.0643999252319 0.0202100124359
v -0.00226506900787 0.0644999237061 0.0334997596741
v 0.00699371957779 0.0644999237061 0.0296190567017
v 0.00291576242447 0.0612999191284 0.0386403884888
v 0.00683690786362 0.0644999237061 0.0294903659821
v 0.0080431098938 0.0644999237061 0.0218475170135
v -0.00290577554703 0.0644999237061 0.0243809700012
v -0.00216944217682 0.0644999237061 0.033320854187
v 0.00667201519012 0.0644999237061 0.0293722057343
v 0.00802322673798 0.0644999237061 0.0216456356049
v -0.0216743164063 0.0701999206543 0.0202100124359
v 0.00649974727631 0.0644999237061 0.0292650814056
v 0.00799018192291 0.0644999237061 0.0214454860687
v -0.00275771665573 0.0644999237061 0.0242422962189
v 0.00632084274292 0.0644999237061 0.0291694545746
v -0.00208572125435 0.0644999237061 0.0331360778809
v 0.00613606643677 0.0644999237061 0.0290857334137
v 0.00794411754608 0.0644999237061 0.021247926712
v 0.0233486309052 0.0672999267578 0.0337900161743
v 0.00594620990753 0.0644999237061 0.0290142765045
v 0.00348341608047 0.0800999221802 0.0384832992554
v -0.00201426434517 0.0644999237061 0.0329462242126
v 0.00788523101807 0.0644999237061 0.0210538043976
v 0.0057520866394 0.0644999237061 0.0289553909302
v -0.025 0.0612999229431 0.0168100128174
v 0.00555452728271 0.0644999237061 0.0289093265533
v -0.00195537757874 0.0644999237061 0.0327520980835
v 0.00781377410889 0.0644999237061 0.020863948822
v 0.00535437870026 0.0644999237061 0.0288762817383
v -0.00261904430389 0.0644999237061 0.0240942382812
v 0.00348341608047 0.0612999191284 0.0384832992554
v 0.00515249729156 0.0644999237061 0.0288563976288
v 0.007730052948 0.0644999237061 0.0206791725159
v -0.00190931344032 0.0644999237061 0.0325545387268
v 0.00494974756241 0.0644999237061 0.0288497600555
v 0.00763442611694 0.0644999237061 0.0205002670288
v 0.00404267835617 0.0800999221802 0.0382985420227
v -0.0024903523922 0.0644999237061 0.0239374256134
v 0.00474699783325 0.0644999237061 0.0288563976288
v -0.00187626862526 0.0644999237061 0.0323543930054
v 0.00454511642456 0.0644999237061 0.0288762817383
v 0.00752730321884 0.0644999237061 0.020327999115
v 0.0216743164063 0.0701999206543 0.0337900161743
v -0.0233486309052 0.0672999267578 0.0202100124359
v 0.0043449678421 0.0644999237061 0.0289093265533
v 0.0074091424942 0.0644999237061 0.0201631069183
v -0.00237219190598 0.0644999237061 0.0237725334167
v 0.00414740848541 0.0644999237061 0.0289553909302
v 0.00728045082092 0.0644999237061 0.0200062942505
v -0.0018563849926 0.0644999237061 0.0321525115967
v 0.00395328521729 0.0644999237061 0.0290142765045
v 0.00404267835617 0.0612999191284 0.0382985420227
v 0.00376342892647 0.0644999237061 0.0290857334137
v 0.00714177846909 0.0644999237061 0.0198582363129
v -0.00184974765778 0.0644999237061 0.031949760437
v -0.00226506900787 0.0644999237061 0.0236002655029
v 0.00357865262032 0.0644999237061 0.0291694545746
v 0.00699371957779 0.0644999237061 0.0197195625305
v 0.00339974761009 0.0644999237061 0.0292650814056
v -0.0216743164063 0.0643999252319 0.0202100124359
v -0.0018563849926 0.0644999237061 0.0317470111847
v 0.00322747993469 0.0644999237061 0.0293722057343
v 0.00683690786362 0.0644999237061 0.0195908718109
v 0.00459220123291 0.0800999221802 0.038086566925
v 0.0030625872612 0.0644999237061 0.0294903659821
v 0.00459220123291 0.0612999191284 0.038086566925
v 0.00667201519012 0.0644999237061 0.0194727115631
v 0.00290577554703 0.0644999237061 0.0296190567017
v -0.00187626862526 0.0644999237061 0.031545129776
v -0.00216944217682 0.0644999237061 0.0234213619232
v 0.00275771665573 0.0644999237061 0.029757730484
v 0.00649974727631 0.0644999237061 0.0193655872345
v 0.0183256835937 0.0701999206543 0.0337900161743
v 0.00261904430389 0.0644999237061 0.0299057884216
v 0.025 0.0732999267578 0.0168100128174
v 0.00632084274292 0.0644999237061 0.0192699604034
v -0.00190931344032 0.0644999237061 0.0313449802399
v 0.0024903523922 0.0644999237061 0.0300626010895
v -0.00208572125435 0.0644999237061 0.0232365856171
v 0.00513066101074 0.0800999221802 0.0378478851318
v 0.00237219190598 0.0644999237061 0.0302274932861
v 0.00613606643677 0.0644999237061 0.0191862411499
v 0.00226506900787 0.0644999237061 0.0303997612
v -0.00195537757874 0.0644999237061 0.0311474208832
v 0.00513066101074 0.0612999191284 0.0378478851318
v 0.00594620990753 0.0644999237061 0.0191147842407
v 0.00216944217682 0.0644999237061 0.0305786647797
v -0.00201426434517 0.0644999237061 0.0230467281342
v 0.00208572125435 0.0644999237061 0.0307634410858
v -0.00201426434517 0.0644999237061 0.0309532985687
v 0.0057520866394 0.0644999237061 0.019055896759
v 0.00201426434517 0.0644999237061 0.0309532985687
v 0.0166513690948 0.0672999267578 0.0337900161743
v -0.00195537757874 0.0644999237061 0.0228526058197
v 0.00555452728271 0.0644999237061 0.0190098323822
v 0.00195537757874 0.0644999237061 0.0311474208832
v -0.00208572125435 0.0644999237061 0.0307634410858
v 0.00190931344032 0.0644999237061 0.0313449802399
v 0.00565676116943 0.0800999221802 0.0375830688477
v 0.00535437870026 0.0644999237061 0.0189767875671
v -0.00216944217682 0.0644999237061 0.0305786647797
v 0.00187626862526 0.0644999237061 0.031545129776
v 0.0183256835937 0.0643999252319 0.0337900161743
v 0.00515249729156 0.0644999237061 0.0189569034576
v 0.0018563849926 0.0644999237061 0.0317470111847
v -0.00190931344032 0.0644999237061 0.022655046463
v -0.0149899997711 0.0612999229431 0.0168100128174
v 0.00184974765778 0.0644999237061 0.031949760437
v 0.00494974756241 0.0644999237061 0.0189502658844
v -0.00226506900787 0.0644999237061 0.0303997612
v 0.0018563849926 0.0644999237061 0.0321525115967
v 0.00565676116943 0.0612999191284 0.0375830688477
v 0.00474699783325 0.0644999237061 0.0189569034576
v 0.00187626862526 0.0644999237061 0.0323543930054
v -0.00187626862526 0.0644999237061 0.0224548969269
v -0.00237219190598 0.0644999237061 0.0302274932861
v 0.00190931344032 0.0644999237061 0.0325545425415
v 0.00454511642456 0.0644999237061 0.0189767875671
v 0.00616923332214 0.0800999221802 0.0372927589417
v 0.00195537757874 0.0644999237061 0.0327520980835
v 0.0043449678421 0.0644999237061 0.0190098323822
v -0.0024903523922 0.0644999237061 0.0300625991821
v 0.00201426434517 0.0644999237061 0.0329462242126
v -0.0183256835937 0.0643999252319 0.0202100124359
v 0.00208572125435 0.0644999237061 0.0331360778809
v 0.00616923332214 0.0612999191284 0.0372927589417
v 0.00414740848541 0.0644999237061 0.019055896759
v -0.0018563849926 0.0644999237061 0.0222530155182
v 0.00216944217682 0.0644999237061 0.033320854187
v 0.00395328521729 0.0644999237061 0.0191147842407
v -0.00261904430389 0.0644999237061 0.0299057884216
v 0.00226506900787 0.0644999237061 0.0334997596741
v 0.0216743164063 0.0643999252319 0.0337900161743
v 0.00237219190598 0.0644999237061 0.0336720275879
v 0.00376342892647 0.0644999237061 0.0191862411499
v -0.00184974765778 0.0644999237061 0.0220502662659
v 0.0024903523922 0.0644999237061 0.0338369216919
v -0.00275771665573 0.0644999237061 0.0297577285767
v 0.00357865262032 0.0644999237061 0.0192699604034
v 0.00666684293747 0.0800999221802 0.0369776496887
v 0.00261904430389 0.0644999237061 0.0339937324524
v -0.00290577554703 0.0644999237061 0.0296190567017
v 0.0149899997711 0.0732999267578 0.0168100128174
v 0.00275771665573 0.0644999237061 0.0341417922974
v 0.00339974761009 0.0644999237061 0.0193655872345
v -0.0018563849926 0.0644999237061 0.0218475170135
v 0.00290577554703 0.0644999237061 0.0342804641724
v 0.00322747993469 0.0644999237061 0.0194727115631
v 0.00666684293747 0.0612999191284 0.0369776496887
v 0.0030625872612 0.0644999237061 0.0344091567993
v -0.0030625872612 0.0644999237061 0.0294903659821
v 0.00322747993469 0.0644999237061 0.0345273170471
v 0.0030625872612 0.0644999237061 0.0195908718109
v -0.0166513690948 0.0672999267578 0.0337900123596
v 0.00339974761009 0.0644999237061 0.034634437561
v -0.00187626862526 0.0644999237061 0.0216456356049
v 0.00290577554703 0.0644999237061 0.0197195625305
v 0.00357865262032 0.0644999237061 0.0347300643921
v -0.00322747993469 0.0644999237061 0.0293722038269
v 0.00714839172363 0.0800999221802 0.0366385040283
v 0.00376342892647 0.0644999237061 0.034813785553
v 0.00275771665573 0.0644999237061 0.0198582363129
v -0.00339974761009 0.0644999237061 0.0292650814056
v 0.00395328521729 0.0644999237061 0.0348852424622
v -0.025 0.0612999229431 0.0311900138855
v -0.0183256835937 0.0701999206543 0.0337900123596
v 0.00261904430389 0.0644999237061 0.0200062942505
v 0.00414740848541 0.0644999237061 0.0349441299438
v -0.00357865262032 0.0644999237061 0.0291694545746
v 0.0043449678421 0.0644999237061 0.034990196228
v -0.00190931344032 0.0644999237061 0.0214454860687
v 0.0024903523922 0.0644999237061 0.0201631069183
v 0.00714839172363 0.0612999191284 0.0366385040283
v 0.00454511642456 0.0644999237061 0.0350232391357
v 0.00237219190598 0.0644999237061 0.020327999115
v -0.00376342892647 0.0644999237061 0.0290857334137
v 0.00474699783325 0.0644999237061 0.0350431251526
v 0.00761272001266 0.0800999221802 0.0362761383057
v -0.00195537757874 0.0644999237061 0.021247926712
v 0.00226506900787 0.0644999237061 0.0205002670288
v -0.0216743164063 0.0701999206543 0.0337900123596
v 0.00216944217682 0.0644999237061 0.0206791725159
v -0.00395328521729 0.0644999237061 0.0290142765045
v -0.00201426434517 0.0644999237061 0.0210538043976
v 0.00208572125435 0.0644999237061 0.020863948822
v -0.00414740848541 0.0644999237061 0.0289553909302
v -0.0149899997711 0.0732999267578 0.0168100128174
v 0.00201426434517 0.0644999237061 0.0210538043976
v 0.00761272001266 0.0612999191284 0.0362761383057
v -0.0043449678421 0.0644999237061 0.0289093265533
v -0.00208572125435 0.0644999237061 0.0208639469147
v 0.00195537757874 0.0644999237061 0.021247926712
v 0.0149899997711 0.0612999229431 0.0228100128174
v 0.00805870819092 0.0800999221802 0.0358914260864
v 0.00190931344032 0.0644999237061 0.0214454860687
v -0.00454511642456 0.0644999237061 0.0288762817383
v 0.00187626862526 0.0644999237061 0.0216456356049
v -0.00216944217682 0.0644999237061 0.0206791706085
v -0.00474699783325 0.0644999237061 0.0288563976288
v 0.0018563849926 0.0644999237061 0.0218475170135
v 0.00805870819092 0.0612999191284 0.0358914260864
v -0.0233486309052 0.0672999267578 0.0337900123596
v 0.00184974765778 0.0644999237061 0.0220502662659
v -0.00226506900787 0.0644999237061 0.0205002651215
v -0.00494974756241 0.0644999237061 0.0288497600555
v 0.0018563849926 0.0644999237061 0.0222530155182
v 0.0084852809906 0.0800999221802 0.035485294342
v -0.0216743164063 0.0643999252319 0.0337900123596
v -0.00515249729156 0.0644999237061 0.0288563976288
v 0.00187626862526 0.0644999237061 0.0224548969269
v -0.00237219190598 0.0644999237061 0.020327999115
v -0.00535437870026 0.0644999237061 0.0288762817383
v 0.00190931344032 0.0644999237061 0.022655046463
v 0.0084852809906 0.0612999191284 0.035485294342
v 0.025 0.0612999229431 0.0228100128174
v 0.00195537757874 0.0644999237061 0.0228526058197
v -0.00555452728271 0.0644999237061 0.0289093265533
v -0.0024903523922 0.0644999237061 0.020163105011
v 0.00201426434517 0.0644999237061 0.0230467281342
v 0.00889141368866 0.0800999221802 0.0350587234497
v -0.0057520866394 0.0644999237061 0.0289553909302
v 0.00208572125435 0.0644999237061 0.0232365856171
v 0.00889141368866 0.0612999191284 0.0350587234497
v 0.00216944217682 0.0644999237061 0.0234213619232
v -0.00261904430389 0.0644999237061 0.0200062942505
v -0.0183256835937 0.0643999252319 0.0337900123596
v -0.00594620990753 0.0644999237061 0.0290142765045
v 0.00226506900787 0.0644999237061 0.0236002655029
v 0.025 0.0732999267578 0.0228100128174
v 0.00237219190598 0.0644999237061 0.0237725334167
v 0.00927612495422 0.0800999221802 0.0346127319336
v -0.00613606643677 0.0644999237061 0.0290857334137
v 0.0024903523922 0.0644999237061 0.0239374275208
v -0.00275771665573 0.0644999237061 0.0198582344055
v -0.025 0.0732999267578 0.0168100128174
v 0.00261904430389 0.0644999237061 0.0240942382812
v -0.00632084274292 0.0644999237061 0.0291694545746
v -0.00290577554703 0.0644999237061 0.0197195625305
v 0.00927612495422 0.0612999191284 0.0346127319336
v 0.00275771665573 0.0644999237061 0.0242422981262
v -0.00649974727631 0.0644999237061 0.0292650814056
v 0.00290577554703 0.0644999237061 0.0243809700012
v 0.025 0.0612999229431 0.0311900138855
v -0.00667201519012 0.0644999237061 0.0293722038269
v 0.0030625872612 0.0644999237061 0.0245096607208
v -0.0030625872612 0.0644999237061 0.0195908699036
v 0.00963849067688 0.0800999221802 0.0341484069824
v 0.00322747993469 0.0644999237061 0.024627822876
v 0.00963849067688 0.0612999191284 0.0341484069824
v -0.00683690786362 0.0644999237061 0.0294903659821
v 0.00339974761009 0.0644999237061 0.0247349452972
v 0.0149899997711 0.0732999267578 0.0228100128174
v -0.00699371957779 0.0644999237061 0.0296190567017
v -0.00322747993469 0.0644999237061 0.0194727096558
v 0.00357865262032 0.0644999237061 0.0248305721283
v 0.00997763538361 0.0800999221802 0.0336668548584
v -0.00714177846909 0.0644999237061 0.0297577285767
v 0.00376342892647 0.0644999237061 0.0249142932892
v -0.00339974761009 0.0644999237061 0.0193655872345
v -0.025 0.0612999229431 0.0228100128174
v 0.00395328521729 0.0644999237061 0.0249857501984
v -0.00728045082092 0.0644999237061 0.0299057884216
v 0.025 0.0732999267578 0.0311900138855
v 0.00414740848541 0.0644999237061 0.0250446357727
v 0.00997763538361 0.0612999191284 0.0336668548584
v -0.0074091424942 0.0644999237061 0.0300625991821
v 0.0043449678421 0.0644999237061 0.0250907001495
v -0.00357865262032 0.0644999237061 0.0192699604034
v 0.00454511642456 0.0644999237061 0.0251237449646
v -0.0149899997711 0.0612999229431 0.0228100128174
v -0.00752730321884 0.0644999237061 0.0302274932861
v 0.0102927436829 0.0800999221802 0.0331692466736
v 0.00474699783325 0.0644999237061 0.0251436290741
v -0.00376342892647 0.0644999237061 0.0191862392426
v 0.0102927436829 0.0612999191284 0.0331692466736
v -0.00763442611694 0.0644999237061 0.0303997612
v -0.0149899997711 0.0612999229431 0.0311900138855
v -0.007730052948 0.0644999237061 0.0305786647797
v -0.00395328521729 0.0644999237061 0.0191147823334
v -0.0149899997711 0.0732999267578 0.0228100128174
v -0.00781377410889 0.0644999237061 0.0307634410858
v 0.0105830545425 0.0800999221802 0.0326567764282
v -0.00414740848541 0.0644999237061 0.019055896759
v -0.00788523101807 0.0644999237061 0.0309532985687
v 0.0105830545425 0.0612999191284 0.0326567764282
v 0.0108478717804 0.0800999221802 0.0321306762695
v -0.0043449678421 0.0644999237061 0.0190098323822
v -0.00794411754608 0.0644999237061 0.0311474208832
v 0.0149899997711 0.0732999267578 0.0311900138855
v -0.00799018192291 0.0644999237061 0.0313449802399
v -0.00454511642456 0.0644999237061 0.0189767875671
v 0.0108478717804 0.0612999191284 0.0321306762695
v -0.00802322673798 0.0644999237061 0.031545129776
v -0.025 0.0732999267578 0.0228100128174
v 0.0110865535736 0.0800999221802 0.0315922145844
v -0.00474699783325 0.0644999237061 0.0189569034576
v -0.0080431098938 0.0644999237061 0.0317470111847
v -0.0149899997711 0.0732999267578 0.0311900138855
v -0.00804974746704 0.0644999237061 0.031949760437
v -0.00494974756241 0.0644999237061 0.0189502658844
v 0.0110865535736 0.0612999191284 0.0315922145844
v 0.0149899997711 0.0612999229431 0.0371900138855
v -0.0080431098938 0.0644999237061 0.0321525115967
v -0.00515249729156 0.0644999237061 0.0189569034576
v -0.00802322673798 0.0644999237061 0.0323543930054
v 0.0112985286713 0.0800999221802 0.0310426921844
v -0.015 0.0612999229431 0.0148100137711
v 0.025 0.0612999229431 0.0371900138855
v -0.00799018192291 0.0644999237061 0.0325545387268
v -0.00535437870026 0.0644999237061 0.0189767875671
v 0.0112985286713 0.0612999191284 0.0310426921844
v -0.00794411754608 0.0644999237061 0.0327520980835
v 0.025 0.0732999267578 0.0371900138855
v -0.00788523101807 0.0644999237061 0.0329462242126
v -0.00555452728271 0.0644999237061 0.0190098323822
v 0.0114832839966 0.0800999221802 0.0304834289551
v -0.00781377410889 0.0644999237061 0.0331360778809
v 0.0114832839966 0.0612999191284 0.0304834289551
v -0.0057520866394 0.0644999237061 0.019055896759
v -0.007730052948 0.0644999237061 0.033320854187
v 0.0116403751373 0.0800999221802 0.0299157752991
v 0.0149899997711 0.0732999267578 0.0371900138855
v -0.00763442611694 0.0644999237061 0.0334997596741
v -0.00594620990753 0.0644999237061 0.0191147823334
v -0.025 0.0732999267578 0.0311900138855
v -0.00752730321884 0.0644999237061 0.0336720275879
v -0.00613606643677 0.0644999237061 0.0191862392426
v 0.0116403751373 0.0612999191284 0.0299157752991
v 0.0117694225311 0.0800999221802 0.0293410968781
v -0.0074091424942 0.0644999237061 0.0338369216919
v -0.025 0.0612999229431 0.0371900100708
v -0.00728045082092 0.0644999237061 0.0339937324524
v -0.00632084274292 0.0644999237061 0.0192699604034
v 0.0117694225311 0.0612999191284 0.0293410968781
v -0.00714177846909 0.0644999237061 0.0341417922974
v 0.0118701181412 0.0800999221802 0.0287607784271
v -0.00649974727631 0.0644999237061 0.0193655872345
v -0.00699371957779 0.0644999237061 0.0342804641724
v 0.0118701181412 0.0612999191284 0.0287607784271
v -0.0149899997711 0.0612999229431 0.0371900100708
v -0.00683690786362 0.0644999237061 0.0344091567993
v -0.00667201519012 0.0644999237061 0.0194727096558
v 0.0119422168732 0.0800999221802 0.0281762199402
v -0.0149899997711 0.0732999267578 0.0371900100708
v -0.00667201519012 0.0644999237061 0.0345273170471
v -0.00683690786362 0.0644999237061 0.0195908699036
v 0.0119422168732 0.0612999191284 0.0281762199402
v -0.00649974727631 0.0644999237061 0.034634437561
v -0.00699371957779 0.0644999237061 0.0197195625305
v 0.0119855451584 0.0800999221802 0.0275888252258
v -0.00632084274292 0.0644999237061 0.0347300643921
v 0.0119855451584 0.0612999191284 0.0275888252258
v -0.00714177846909 0.0644999237061 0.0198582344055
v -0.00613606643677 0.0644999237061 0.034813785553
v -0.025 0.0732999267578 0.0371900100708
v -0.00594620990753 0.0644999237061 0.0348852424622
v 0.012 0.0800999221802 0.0270000133514
v -0.00728045082092 0.0644999237061 0.0200062942505
v -0.0057520866394 0.0644999237061 0.0349441299438
v 0.012 0.0612999191284 0.0270000133514
v 0.0119855451584 0.0800999221802 0.0264112014771
v -0.00555452728271 0.0644999237061 0.0349901924133
v 0.0119855451584 0.0612999191284 0.0264112014771
v -0.0074091424942 0.0644999237061 0.020163105011
v -0.00535437870026 0.0644999237061 0.0350232391357
v 0.0119422168732 0.0800999221802 0.02582380867
v 0.0119422168732 0.0612999191284 0.02582380867
v -0.00752730321884 0.0644999237061 0.020327999115
v -0.00515249729156 0.0644999237061 0.0350431213379
v 0.0118701181412 0.0800999221802 0.0252392482758
v -0.00763442611694 0.0644999237061 0.0205002651215
v 0.0118701181412 0.0612999191284 0.0252392482758
v 0.0117694225311 0.0800999221802 0.0246589298248
v -0.007730052948 0.0644999237061 0.0206791706085
v 0.0117694225311 0.0612999191284 0.0246589298248
v 0.0116403751373 0.0800999221802 0.0240842514038
v 0.0116403751373 0.0612999191284 0.0240842514038
v -0.00781377410889 0.0644999237061 0.0208639469147
v 0.0114832839966 0.0800999221802 0.0235165977478
v -0.00788523101807 0.0644999237061 0.0210538043976
v 0.015 0.0612999229431 0.0148100137711
v 0.0114832839966 0.0612999191284 0.0235165977478
v 0.0112985286713 0.0800999221802 0.0229573345184
v -0.00794411754608 0.0644999237061 0.021247926712
v 0.0112985286713 0.0612999191284 0.0229573345184
v 0.0110865535736 0.0800999221802 0.0224078121185
v -0.00799018192291 0.0644999237061 0.0214454860687
v 0.0110865535736 0.0612999191284 0.0224078121185
v 0.0108478717804 0.0800999221802 0.0218693523407
v -0.00802322673798 0.0644999237061 0.0216456356049
v 0.0108478717804 0.0612999191284 0.0218693523407
v 0.0105830545425 0.0800999221802 0.021343252182
v -0.0080431098938 0.0644999237061 0.0218475170135
v 0.0105830545425 0.0612999191284 0.021343252182
v 0.0102927436829 0.0800999221802 0.0208307800293
v -0.00804974746704 0.0644999237061 0.0220502662659
v 0.0102927436829 0.0612999191284 0.0208307800293
v -0.0080431098938 0.0644999237061 0.0222530155182
v 0.00997763538361 0.0800999221802 0.0203331699371
v 0.00997763538361 0.0612999191284 0.0203331699371
v -0.00802322673798 0.0644999237061 0.0224548969269
v -0.015 0.0732999267578 0.0148100137711
v 0.00963849067688 0.0800999221802 0.0198516216278
v 0.00963849067688 0.0612999191284 0.0198516216278
v -0.00799018192291 0.0644999237061 0.022655046463
v 0.00927612495422 0.0800999221802 0.0193872928619
v -0.00794411754608 0.0644999237061 0.0228526058197
v 0.00927612495422 0.0612999191284 0.0193872928619
v 0.00889141368866 0.0800999221802 0.0189413051605
v 0.00889141368866 0.0612999191284 0.0189413051605
v -0.00788523101807 0.0644999237061 0.0230467281342
v 0.015 0.0732999267578 0.0148100137711
v 0.0084852809906 0.0800999221802 0.0185147323608
v -0.00781377410889 0.0644999237061 0.0232365856171
v 0.0084852809906 0.0612999191284 0.0185147323608
v -0.007730052948 0.0644999237061 0.0234213619232
v 0.00805870819092 0.0800999221802 0.0181086006165
v 0.00805870819092 0.0612999191284 0.0181086006165
v 0.00761272001266 0.0800999221802 0.0177238883972
v -0.00763442611694 0.0644999237061 0.0236002655029
v 0.00761272001266 0.0612999191284 0.0177238883972
v -0.015 0.0612999229431 0.0391900100708
v -0.00752730321884 0.0644999237061 0.0237725334167
v 0.00714839172363 0.0800999221802 0.0173615226746
v 0.015 0.0612999229431 0.0391900138855
v -0.0074091424942 0.0644999237061 0.0239374256134
v 0.00714839172363 0.0612999191284 0.0173615226746
v 0.00666684293747 0.0800999221802 0.0170223789215
v -0.00728045082092 0.0644999237061 0.0240942382812
v 0.00666684293747 0.0612999191284 0.0170223789215
v -0.015 0.0732999267578 0.0391900100708
v -0.00714177846909 0.0644999237061 0.0242422962189
v 0.00616923332214 0.0800999221802 0.0167072696686
v 0.00616923332214 0.0612999191284 0.0167072696686
v -0.00699371957779 0.0644999237061 0.0243809700012
v 0.00565676116943 0.0800999221802 0.0164169597626
v 0.015 0.0732999267578 0.0391900138855
v -0.00683690786362 0.0644999237061 0.0245096607208
v 0.00565676116943 0.0612999191284 0.0164169597626
v 0.00513066101074 0.0800999221802 0.016152141571
v -0.00667201519012 0.0644999237061 0.0246278209686
v 0.00513066101074 0.0612999191284 0.016152141571
v -0.00649974727631 0.0644999237061 0.0247349452972
v 0.00459220123291 0.0800999221802 0.0159134597778
v 0.00459220123291 0.0612999191284 0.0159134597778
v 0.00404267835617 0.0800999221802 0.0157014846802
v -0.00632084274292 0.0644999237061 0.0248305721283
v 0.00404267835617 0.0612999191284 0.0157014846802
v 0.00348341608047 0.0800999221802 0.0155167293549
v -0.00613606643677 0.0644999237061 0.0249142932892
v -0.015 0.063699924469 0.0391900100708
v -0.00594620990753 0.0644999237061 0.0249857501984
v 0.00348341608047 0.0612999191284 0.0155167293549
v 0.00291576242447 0.0800999221802 0.0153596382141
v 0.00291576242447 0.0612999191284 0.0153596382141
v -0.0057520866394 0.0644999237061 0.0250446357727
v 0.00234108400345 0.0800999221802 0.0152305908203
v -0.00555452728271 0.0644999237061 0.0250907001495
v 0.00234108400345 0.0612999191284 0.0152305908203
v 0.00176076555252 0.0800999221802 0.0151298952103
v -0.00535437870026 0.0644999237061 0.0251237449646
v 0.00176076555252 0.0612999191284 0.0151298952103
v 0.00117620563507 0.0800999221802 0.0150577964783
v -0.00515249729156 0.0644999237061 0.0251436290741
v 0.00117620563507 0.0612999191284 0.0150577964783
v 0.000588812112808 0.0800999221802 0.0150144681931
v 0.000588812112808 0.0612999191284 0.0150144681931
v -1.12934568364e-11 0.0800999221802 0.0150000133514
v -1.12842979405e-11 0.0612999191284 0.0150000133514
v -0.000588812112808 0.0800999221802 0.0150144681931
v -0.000588812112808 0.0612999229431 0.0150144681931
v -0.00117620563507 0.0800999221802 0.0150577964783
v -0.00117620563507 0.0612999229431 0.0150577964783
v -0.00176076555252 0.0800999221802 0.0151298952103
v -0.00176076555252 0.0612999229431 0.0151298952103
v -0.00234108400345 0.0800999221802 0.0152305908203
v -0.00234108400345 0.0612999229431 0.0152305908203
v -0.00291576242447 0.0800999221802 0.0153596382141
v -0.00291576242447 0.0612999229431 0.0153596382141
v -0.00348341608047 0.0800999221802 0.0155167293549
v -0.00348341608047 0.0612999229431 0.0155167293549
v -0.00404267835617 0.0800999221802 0.0157014846802
v -0.00404267835617 0.0612999229431 0.0157014846802
v -0.00459220123291 0.0800999221802 0.0159134597778
v -0.00459220123291 0.0612999229431 0.0159134597778
v -0.00513066101074 0.0800999221802 0.016152141571
v -0.015 0.0612999229431 0.0331900100708
v -0.00513066101074 0.0612999229431 0.016152141571
v -0.00565676116943 0.0800999221802 0.0164169578552
v -0.00565676116943 0.0612999229431 0.0164169578552
v -0.00616923332214 0.0800999221802 0.0167072696686
v -0.00616923332214 0.0612999229431 0.0167072696686
v -0.00666684293747 0.0800999221802 0.0170223770142
v -0.00666684293747 0.0612999229431 0.0170223770142
v -0.00714839172363 0.0800999221802 0.0173615226746
v -0.00714839172363 0.0612999229431 0.0173615226746
v -0.00761272001266 0.0800999221802 0.0177238883972
v -0.00761272001266 0.0612999229431 0.0177238883972
v -0.00805870819092 0.0800999221802 0.0181085987091
v -0.00805870819092 0.0612999229431 0.0181085987091
v -0.0084852809906 0.0800999221802 0.0185147323608
v -0.0084852809906 0.0612999229431 0.0185147323608
v -0.00889141368866 0.0800999221802 0.0189413051605
v -0.00889141368866 0.0612999229431 0.0189413051605
v -0.00927612495422 0.0800999221802 0.0193872928619
v -0.00927612495422 0.0612999229431 0.0193872928619
v -0.00963849067688 0.0800999221802 0.0198516216278
v -0.00963849067688 0.0612999229431 0.0198516216278
v -0.00997763538361 0.0800999221802 0.0203331699371
v -0.00997763538361 0.0612999229431 0.0203331699371
v -0.0102927436829 0.0800999221802 0.0208307800293
v -0.0102927436829 0.0612999229431 0.0208307800293
v -0.0105830545425 0.0800999221802 0.021343252182
v -0.0105830545425 0.0612999229431 0.021343252182
v -0.0108478717804 0.0800999221802 0.0218693523407
v -0.0108478717804 0.0612999229431 0.0218693523407
v -0.0110865535736 0.0800999221802 0.0224078121185
v -0.0110865535736 0.0612999229431 0.0224078121185
v -0.0112985286713 0.0800999221802 0.0229573345184
v -0.0112985286713 0.0612999229431 0.0229573345184
v -0.0114832839966 0.0800999221802 0.0235165977478
v -0.0114832839966 0.0612999229431 0.0235165977478
v -0.0116403751373 0.0800999221802 0.0240842514038
v -0.0116403751373 0.0612999229431 0.0240842514038
v -0.0117694225311 0.0800999221802 0.0246589298248
v -0.015 0.0732999267578 0.0331900100708
v -0.0117694225311 0.0612999229431 0.0246589298248
v -0.0118701181412 0.0800999221802 0.0252392482758
v -0.0118701181412 0.0612999229431 0.0252392482758
v -0.0119422168732 0.0800999221802 0.0258238067627
v -0.0119422168732 0.0612999229431 0.0258238067627
v -0.0119855451584 0.0800999221802 0.0264112014771
v -0.0119855451584 0.0612999229431 0.0264112014771
v -0.012 0.0800999221802 0.0270000133514
v -0.012 0.0612999229431 0.0270000133514
v -0.0119855451584 0.0800999221802 0.0275888252258
v -0.0119855451584 0.0612999229431 0.0275888252258
v -0.0119422168732 0.0800999221802 0.0281762180328
v -0.0119422168732 0.0612999229431 0.0281762180328
v -0.0118701181412 0.0800999221802 0.0287607784271
v -0.0118701181412 0.0612999229431 0.0287607784271
v -0.0117694225311 0.0800999221802 0.0293410968781
v -0.0117694225311 0.0612999229431 0.0293410968781
v -0.0116403751373 0.0800999221802 0.0299157752991
v -0.0116403751373 0.0612999229431 0.0299157752991
v -0.0114832839966 0.0800999221802 0.0304834289551
v -0.0114832839966 0.0612999229431 0.0304834289551
v -0.0112985286713 0.0800999221802 0.0310426921844
v -0.0112985286713 0.0612999229431 0.0310426921844
v -0.0110865535736 0.0800999221802 0.0315922145844
v -0.0110865535736 0.0612999229431 0.0315922145844
v -0.0108478717804 0.0800999221802 0.0321306724548
v -0.0108478717804 0.0612999229431 0.0321306724548
v -0.0105830545425 0.0800999221802 0.0326567726135
v -0.0105830545425 0.0612999229431 0.0326567726135
v -0.0102927436829 0.0800999221802 0.0331692466736
v -0.0102927436829 0.0612999229431 0.0331692466736
v -0.00997763538361 0.0800999221802 0.0336668548584
v -0.00997763538361 0.0612999229431 0.0336668548584
v -0.00963849067688 0.0800999221802 0.0341484031677
v -0.00963849067688 0.0612999229431 0.0341484031677
v -0.00927612495422 0.0800999221802 0.0346127319336
v -0.00927612495422 0.0612999229431 0.0346127319336
v -0.00889141368866 0.0800999221802 0.035058719635
v -0.00889141368866 0.0612999229431 0.035058719635
v -0.0084852809906 0.0800999221802 0.035485294342
v -0.0084852809906 0.0612999229431 0.035485294342
v -0.00805870819092 0.0800999221802 0.0358914260864
v -0.00805870819092 0.0612999229431 0.0358914260864
v -0.00761272001266 0.0800999221802 0.0362761383057
v -0.00761272001266 0.0612999229431 0.0362761383057
v -0.00714839172363 0.0800999221802 0.0366385040283
v 0.015 0.0732999267578 0.0331900138855
v -0.00714839172363 0.0612999229431 0.0366385040283
v -0.00666684293747 0.0800999221802 0.0369776496887
v -0.00666684293747 0.0612999229431 0.0369776496887
v -0.00616923332214 0.0800999221802 0.037292755127
v -0.00616923332214 0.0612999229431 0.037292755127
v -0.00565676116943 0.0800999221802 0.0375830688477
v -0.00565676116943 0.0612999229431 0.0375830688477
v -0.00513066101074 0.0800999221802 0.0378478851318
v -0.00513066101074 0.0612999229431 0.0378478851318
v -0.00459220123291 0.0800999221802 0.038086566925
v -0.00459220123291 0.0612999229431 0.038086566925
v -0.00404267835617 0.0800999221802 0.0382985420227
v -0.00404267835617 0.0612999229431 0.0382985420227
v -0.00348341608047 0.0800999221802 0.0384832954407
v -0.00348341608047 0.0612999229431 0.0384832954407
v 0.015 0.0732999267578 0.0379900131226
v -0.00291576242447 0.0800999221802 0.0386403884888
v -0.00291576242447 0.0612999229431 0.0386403884888
v -0.00234108400345 0.0800999221802 0.0387694358826
v -0.00234108400345 0.0612999229431 0.0387694358826
v -0.00176076555252 0.0800999221802 0.0388701324463
v -0.00176076555252 0.0612999229431 0.0388701324463
v -0.00117620563507 0.0800999221802 0.0389422302246
v -0.00117620563507 0.0612999229431 0.0389422302246
v -0.000588812112808 0.0800999221802 0.0389855575562
v -0.000588812112808 0.0612999229431 0.0389855575562
v 0.015 0.0708999252319 0.0391900138855
v 0.015 0.0612999229431 0.0331900138855
v 0.015 0.0612999229431 0.0379900131226
v 0.0132675647736 0.0612999229431 0.0377821235657
v 0.0132675647736 0.0732999267578 0.0377821235657
v -0.015 0.063699924469 0.0148100137711
v -0.015 0.0732999267578 0.0160100135803
v -0.015 0.0732999267578 0.0208100128174
v -0.015 0.0612999229431 0.0208100128174
v 0.015 0.0708999252319 0.0148100137711
v 0.015 0.0612999229431 0.0196100139618
v 0.015 0.0612999229431 0.0208100128174
v 0.015 0.0732999267578 0.0208100128174
v -0.0125642766953 0.0732999267578 0.0163022994995
v -0.015 0.0732999267578 0.0311900138855
v -0.015 0.0693778915405 0.0311900138855
v -0.015 0.0612999229431 0.0311900138855
v -0.015 0.0612999229431 0.0371900100708
v -0.015 0.0732999267578 0.0371900100708
v -0.0149899997711 0.0732999267578 0.0331858901978
v -0.0149899997711 0.0732999267578 0.0331900100708
v -0.0149899997711 0.0612999229431 0.0331900100708
v -0.0149899997711 0.0612999229431 0.0331822624207
v 0.015 0.0612999229431 0.0311900138855
v 0.015 0.0652219543457 0.0311900138855
v 0.015 0.0732999267578 0.0311900138855
v 0.015 0.0732999267578 0.0371900138855
v 0.015 0.0612999229431 0.0371900138855
v 0.0149899997711 0.0612999229431 0.0331900138855
v 0.0149899997711 0.0612999229431 0.0331858901978
v 0.0149899997711 0.0732999267578 0.0331858901978
v 0.0149899997711 0.0732999267578 0.0331900138855
v -0.015 0.0652219543457 0.0228100128174
v -0.015 0.0732999267578 0.0228100128174
v -0.015 0.0612999229431 0.0228040180206
v -0.015 0.0612999229431 0.0228100128174
v -0.015 0.0612999229431 0.0168100128174
v -0.015 0.0732999267578 0.0168100128174
v -0.0149980735779 0.0612999229431 0.0228100128174
v -0.0149899997711 0.0732999267578 0.0208100128174
v -0.0149899997711 0.0612999229431 0.0208100128174
v -0.0149980773926 0.0612999229431 0.0228051700592
v 0.015 0.0612999229431 0.0228100128174
v 0.015 0.0693778915405 0.0228100128174
v 0.015 0.0732999267578 0.0228040180206
v 0.015 0.0732999267578 0.0228100128174
v 0.015 0.0612999229431 0.0168100128174
v 0.015 0.0732999267578 0.0168100128174
v 0.0149980735779 0.0732999267578 0.0228100128174
v 0.0149899997711 0.0612999229431 0.0196088142395
v 0.0149899997711 0.0612999229431 0.0208100128174
v 0.0149899997711 0.0732999267578 0.0208100128174
v 0.0149980773926 0.0732999267578 0.0228051719666
v -0.0217000007629 0.0672999267578 0.0371900100708
v -0.0216963596344 0.0671887359619 0.0371900100708
v -0.0216854553223 0.0675218200684 0.0371900100708
v -0.0216854553223 0.0670780258179 0.0371900100708
v -0.0216963596344 0.0674111099243 0.0371900100708
v -0.0216673355103 0.0669682693481 0.0371900100708
v -0.0216097812653 0.0667534790039 0.0371900100708
v -0.0216097812653 0.0678463745117 0.0371900100708
v -0.021642074585 0.0668599319458 0.0371900100708
v -0.021642074585 0.0677399139404 0.0371900100708
v -0.0216673355103 0.0676315765381 0.0371900100708
v -0.0214722423553 0.0664499206543 0.0371900100708
v -0.0214722423553 0.0681499252319 0.0371900100708
v -0.0215246829987 0.066548034668 0.0371900100708
v -0.0215246829987 0.0680518112183 0.0371900100708
v -0.0212781276703 0.0661790390015 0.0371900100708
v -0.0212781276703 0.0684208145142 0.0371900100708
v -0.0213487014771 0.0662650299072 0.0371900100708
v -0.0213487014771 0.068334815979 0.0371900100708
v -0.0214134979248 0.0663554534912 0.0371900100708
v -0.0214134979248 0.068244392395 0.0371900100708
v -0.0212020816803 0.0660978393555 0.0371900100708
v -0.0215705947876 0.0666493606567 0.0371900100708
v -0.0215705947876 0.0679504852295 0.0371900100708
v -0.0211208877563 0.0685780487061 0.0371900100708
v -0.0209444694519 0.0687134246826 0.0371900100708
v -0.0211208877563 0.0660217971802 0.0371900100708
v -0.0210348949432 0.0686486206055 0.0371900100708
v -0.0207518901825 0.0688246078491 0.0371900100708
v -0.0206505622864 0.0688705215454 0.0371900100708
v -0.0204399929047 0.0689420013428 0.0371900100708
v -0.0202218952179 0.0689853820801 0.0371900100708
v -0.020331653595 0.0689672622681 0.0371900100708
v -0.0205464477539 0.0689097061157 0.0371900100708
v -0.0208500003815 0.0687721633911 0.0371900100708
v -0.0198888149261 0.0689962844849 0.0371900100708
v -0.02 0.0689999237061 0.0371900100708
v -0.0195600070953 0.0689420013428 0.0371900100708
v -0.019668346405 0.0689672622681 0.0371900100708
v -0.0197781047821 0.0689853820801 0.0371900100708
v -0.0193494377136 0.0688705215454 0.0371900100708
v -0.0192481098175 0.0688246078491 0.0371900100708
v -0.0190555305481 0.0687134246826 0.0371900100708
v -0.0189651050568 0.0686486206055 0.0371900100708
v -0.0191499996185 0.0687721633911 0.0371900100708
v -0.0194535522461 0.0689097061157 0.0371900100708
v -0.0201111850739 0.0689962844849 0.0371900100708
v -0.0212020816803 0.0685020065308 0.0371900100708
v -0.0209444694519 0.065886428833 0.0371900100708
v -0.0210348949432 0.0659512252808 0.0371900100708
v -0.0208500003815 0.0658276824951 0.0371900100708
v -0.0207518901825 0.0657752380371 0.0371900100708
v -0.0206505622864 0.0657293319702 0.0371900100708
v -0.0205464477539 0.0656901397705 0.0371900100708
v -0.0204399929047 0.0656578521729 0.0371900100708
v -0.0202218952179 0.0656144638062 0.0371900100708
v -0.02 0.0655999221802 0.0371900100708
v -0.0201111850739 0.0656035614014 0.0371900100708
v -0.020331653595 0.0656325912476 0.0371900100708
v -0.019668346405 0.0656325912476 0.0371900100708
v -0.0197781047821 0.0656144638062 0.0371900100708
v -0.0193494377136 0.0657293319702 0.0371900100708
v -0.0194535522461 0.0656901397705 0.0371900100708
v -0.0195600070953 0.0656578521729 0.0371900100708
v -0.0190555305481 0.065886428833 0.0371900100708
v -0.0191499996185 0.0658276824951 0.0371900100708
v -0.0188791122437 0.0660217971802 0.0371900100708
v -0.0188791122437 0.0685780487061 0.0371900100708
v -0.0189651050568 0.0659512252808 0.0371900100708
v -0.0192481098175 0.0657752380371 0.0371900100708
v -0.0198888149261 0.0656035614014 0.0371900100708
v -0.0186512985229 0.0662650299072 0.0371900100708
v -0.0186512985229 0.068334815979 0.0371900100708
v -0.0187218723297 0.0661790390015 0.0371900100708
v -0.0187218723297 0.0684208145142 0.0371900100708
v -0.0184753170013 0.066548034668 0.0371900100708
v -0.0184753170013 0.0680518112183 0.0371900100708
v -0.0185277576447 0.0664499206543 0.0371900100708
v -0.0185277576447 0.0681499252319 0.0371900100708
v -0.0185865020752 0.0663554534912 0.0371900100708
v -0.0185865020752 0.068244392395 0.0371900100708
v -0.0183902187347 0.0678463745117 0.0371900100708
v -0.018357925415 0.0668599319458 0.0371900100708
v -0.0183902187347 0.0667534790039 0.0371900100708
v -0.018357925415 0.0677399139404 0.0371900100708
v -0.0183145446777 0.0670780258179 0.0371900100708
v -0.0183145446777 0.0675218200684 0.0371900100708
v -0.0182999992371 0.0672999267578 0.0371900100708
v -0.0183036403656 0.0671887359619 0.0371900100708
v -0.0183036403656 0.0674111099243 0.0371900100708
v -0.0183326644897 0.0669682693481 0.0371900100708
v -0.0183326644897 0.0676315765381 0.0371900100708
v -0.0184294052124 0.0679504852295 0.0371900100708
v -0.0187979183197 0.0660978393555 0.0371900100708
v -0.0184294052124 0.0666493606567 0.0371900100708
v -0.0187979183197 0.0685020065308 0.0371900100708
v -0.0217000007629 0.0672999267578 0.0168100128174
v -0.0216963596344 0.0671887359619 0.0168100128174
v -0.0216854553223 0.0670780258179 0.0168100128174
v -0.0216963596344 0.0674111099243 0.0168100128174
v -0.0216854553223 0.0675218200684 0.0168100128174
v -0.0216673355103 0.0676315765381 0.0168100128174
v -0.0216097812653 0.0667534790039 0.0168100128174
v -0.0216097812653 0.0678463745117 0.0168100128174
v -0.021642074585 0.0668599319458 0.0168100128174
v -0.021642074585 0.0677399139404 0.0168100128174
v -0.0216673355103 0.0669682693481 0.0168100128174
v -0.0214722423553 0.0664499206543 0.0168100128174
v -0.0214722423553 0.0681499252319 0.0168100128174
v -0.0215246829987 0.066548034668 0.0168100128174
v -0.0215246829987 0.0680518112183 0.0168100128174
v -0.0212781276703 0.0661790390015 0.0168100128174
v -0.0212781276703 0.0684208145142 0.0168100128174
v -0.0213487014771 0.0662650299072 0.0168100128174
v -0.0213487014771 0.068334815979 0.0168100128174
v -0.0214134979248 0.0663554534912 0.0168100128174
v -0.0214134979248 0.068244392395 0.0168100128174
v -0.0212020816803 0.0660978393555 0.0168100128174
v -0.0215705947876 0.0666493606567 0.0168100128174
v -0.0215705947876 0.0679504852295 0.0168100128174
v -0.0211208877563 0.0660217971802 0.0168100128174
v -0.0209444694519 0.0687134246826 0.0168100128174
v -0.0210348949432 0.0686486206055 0.0168100128174
v -0.0211208877563 0.0685780487061 0.0168100128174
v -0.0206505622864 0.0688705215454 0.0168100128174
v -0.0207518901825 0.0688246078491 0.0168100128174
v -0.020331653595 0.0689672622681 0.0168100128174
v -0.0204399929047 0.0689420013428 0.0168100128174
v -0.0205464477539 0.0689097061157 0.0168100128174
v -0.0208500003815 0.0687721633911 0.0168100128174
v -0.0201111850739 0.0689962844849 0.0168100128174
v -0.02 0.0689999237061 0.0168100128174
v -0.0197781047821 0.0689853820801 0.0168100128174
v -0.0195600070953 0.0689420013428 0.0168100128174
v -0.019668346405 0.0689672622681 0.0168100128174
v -0.0198888149261 0.0689962844849 0.0168100128174
v -0.0192481098175 0.0688246078491 0.0168100128174
v -0.0193494377136 0.0688705215454 0.0168100128174
v -0.0189651050568 0.0686486206055 0.0168100128174
v -0.0190555305481 0.0687134246826 0.0168100128174
v -0.0191499996185 0.0687721633911 0.0168100128174
v -0.0194535522461 0.0689097061157 0.0168100128174
v -0.0202218952179 0.0689853820801 0.0168100128174
v -0.0212020816803 0.0685020065308 0.0168100128174
v -0.0210348949432 0.0659512252808 0.0168100128174
v -0.0209444694519 0.065886428833 0.0168100128174
v -0.0206505622864 0.0657293319702 0.0168100128174
v -0.0207518901825 0.0657752380371 0.0168100128174
v -0.0208500003815 0.0658276824951 0.0168100128174
v -0.020331653595 0.0656325912476 0.0168100128174
v -0.0204399929047 0.0656578521729 0.0168100128174
v -0.02 0.0655999221802 0.0168100128174
v -0.0201111850739 0.0656035614014 0.0168100128174
v -0.0202218952179 0.0656144638062 0.0168100128174
v -0.0205464477539 0.0656901397705 0.0168100128174
v -0.0197781047821 0.0656144638062 0.0168100128174
v -0.019668346405 0.0656325912476 0.0168100128174
v -0.0194535522461 0.0656901397705 0.0168100128174
v -0.0193494377136 0.0657293319702 0.0168100128174
v -0.0195600070953 0.0656578521729 0.0168100128174
v -0.0191499996185 0.0658276824951 0.0168100128174
v -0.0190555305481 0.065886428833 0.0168100128174
v -0.0188791122437 0.0660217971802 0.0168100128174
v -0.0188791122437 0.0685780487061 0.0168100128174
v -0.0189651050568 0.0659512252808 0.0168100128174
v -0.0192481098175 0.0657752380371 0.0168100128174
v -0.0198888149261 0.0656035614014 0.0168100128174
v -0.0186512985229 0.0662650299072 0.0168100128174
v -0.0186512985229 0.068334815979 0.0168100128174
v -0.0187218723297 0.0661790390015 0.0168100128174
v -0.0187218723297 0.0684208145142 0.0168100128174
v -0.0184753170013 0.066548034668 0.0168100128174
v -0.0184753170013 0.0680518112183 0.0168100128174
v -0.0185277576447 0.0664499206543 0.0168100128174
v -0.0185277576447 0.0681499252319 0.0168100128174
v -0.0185865020752 0.0663554534912 0.0168100128174
v -0.0185865020752 0.068244392395 0.0168100128174
v -0.0183902187347 0.0667534790039 0.0168100128174
v -0.018357925415 0.0677399139404 0.0168100128174
v -0.018357925415 0.0668599319458 0.0168100128174
v -0.0183902187347 0.0678463745117 0.0168100128174
v -0.0183145446777 0.0670780258179 0.0168100128174
v -0.0183145446777 0.0675218200684 0.0168100128174
v -0.0182999992371 0.0672999267578 0.0168100128174
v -0.0183036403656 0.0671887359619 0.0168100128174
v -0.0183036403656 0.0674111099243 0.0168100128174
v -0.0183326644897 0.0669682693481 0.0168100128174
v -0.0183326644897 0.0676315765381 0.0168100128174
v -0.0184294052124 0.0679504852295 0.0168100128174
v -0.0187979183197 0.0660978393555 0.0168100128174
v -0.0184294052124 0.0666493606567 0.0168100128174
v -0.0187979183197 0.0685020065308 0.0168100128174
v -0.0219958171844 0.06495677948 0.0311900138855
v -0.0172986907959 0.0684211196899 0.0311900138855
v -0.0233486309052 0.0672999267578 0.0311900138855
v -0.0183256835937 0.0701999206543 0.0311900138855
v -0.0216743164063 0.0701999206543 0.0311900138855
v -0.0166513690948 0.0672999267578 0.0311900138855
v -0.0216743164063 0.0643999252319 0.0311900138855
v -0.0183256835937 0.0643999252319 0.0311900138855
v -0.0182999992371 0.0672999267578 0.0337900123596
v -0.0183036403656 0.0674111099243 0.0337900123596
v -0.0183145446777 0.0675218200684 0.0337900123596
v -0.0183326644897 0.0676315765381 0.0337900123596
v -0.018357925415 0.0677399139404 0.0337900123596
v -0.0183902187347 0.0678463745117 0.0337900123596
v -0.0184294052124 0.0679504852295 0.0337900123596
v -0.0184753170013 0.0680518112183 0.0337900123596
v -0.0185277576447 0.0681499252319 0.0337900123596
v -0.0185865020752 0.068244392395 0.0337900123596
v -0.0186512985229 0.068334815979 0.0337900123596
v -0.0187218723297 0.0684208145142 0.0337900123596
v -0.0187979183197 0.0685020065308 0.0337900123596
v -0.0188791122437 0.0685780487061 0.0337900123596
v -0.0189651050568 0.0686486206055 0.0337900123596
v -0.0190555305481 0.0687134246826 0.0337900123596
v -0.0191499996185 0.0687721633911 0.0337900123596
v -0.0192481098175 0.0688246078491 0.0337900123596
v -0.0193494377136 0.0688705215454 0.0337900123596
v -0.0194535522461 0.0689097061157 0.0337900123596
v -0.0195600070953 0.0689420013428 0.0337900123596
v -0.019668346405 0.0689672622681 0.0337900123596
v -0.0197781047821 0.0689853820801 0.0337900123596
v -0.0198888149261 0.0689962844849 0.0337900123596
v -0.02 0.0689999237061 0.0337900123596
v -0.0201111850739 0.0689962844849 0.0337900123596
v -0.0202218952179 0.0689853820801 0.0337900123596
v -0.020331653595 0.0689672622681 0.0337900123596
v -0.0204399929047 0.0689420013428 0.0337900123596
v -0.0205464477539 0.0689097061157 0.0337900123596
v -0.0206505622864 0.0688705215454 0.0337900123596
v -0.0207518901825 0.0688246078491 0.0337900123596
v -0.0208500003815 0.0687721633911 0.0337900123596
v -0.0209444694519 0.0687134246826 0.0337900123596
v -0.0210348949432 0.0686486206055 0.0337900123596
v -0.0211208877563 0.0685780487061 0.0337900123596
v -0.0212020816803 0.0685020065308 0.0337900123596
v -0.0212781276703 0.0684208145142 0.0337900123596
v -0.0213487014771 0.068334815979 0.0337900123596
v -0.0214134979248 0.068244392395 0.0337900123596
v -0.0214722423553 0.0681499252319 0.0337900123596
v -0.0215246829987 0.0680518112183 0.0337900123596
v -0.0215705947876 0.0679504852295 0.0337900123596
v -0.0216097812653 0.0678463745117 0.0337900123596
v -0.021642074585 0.0677399139404 0.0337900123596
v -0.0216673355103 0.0676315765381 0.0337900123596
v -0.0216854553223 0.0675218200684 0.0337900123596
v -0.0216963596344 0.0674111099243 0.0337900123596
v -0.0217000007629 0.0672999267578 0.0337900123596
v -0.0216963596344 0.0671887359619 0.0337900123596
v -0.0216854553223 0.0670780258179 0.0337900123596
v -0.0216673355103 0.0669682693481 0.0337900123596
v -0.021642074585 0.0668599319458 0.0337900123596
v -0.0216097812653 0.0667534790039 0.0337900123596
v -0.0215705947876 0.0666493606567 0.0337900123596
v -0.0215246829987 0.066548034668 0.0337900123596
v -0.0214722423553 0.0664499206543 0.0337900123596
v -0.0214134979248 0.0663554534912 0.0337900123596
v -0.0213487014771 0.0662650299072 0.0337900123596
v -0.0212781276703 0.0661790390015 0.0337900123596
v -0.0212020816803 0.0660978393555 0.0337900123596
v -0.0211208877563 0.0660217971802 0.0337900123596
v -0.0210348949432 0.0659512252808 0.0337900123596
v -0.0209444694519 0.065886428833 0.0337900123596
v -0.0208500003815 0.0658276824951 0.0337900123596
v -0.0207518901825 0.0657752380371 0.0337900123596
v -0.0206505622864 0.0657293319702 0.0337900123596
v -0.0205464477539 0.0656901397705 0.0337900123596
v -0.0204399929047 0.0656578521729 0.0337900123596
v -0.020331653595 0.0656325912476 0.0337900123596
v -0.0202218952179 0.0656144638062 0.0337900123596
v -0.0201111850739 0.0656035614014 0.0337900123596
v -0.02 0.0655999221802 0.0337900123596
v -0.0198888149261 0.0656035614014 0.0337900123596
v -0.0197781047821 0.0656144638062 0.0337900123596
v -0.019668346405 0.0656325912476 0.0337900123596
v -0.0195600070953 0.0656578521729 0.0337900123596
v -0.0194535522461 0.0656901397705 0.0337900123596
v -0.0193494377136 0.0657293319702 0.0337900123596
v -0.0192481098175 0.0657752380371 0.0337900123596
v -0.0191499996185 0.0658276824951 0.0337900123596
v -0.0190555305481 0.065886428833 0.0337900123596
v -0.0189651050568 0.0659512252808 0.0337900123596
v -0.0188791122437 0.0660217971802 0.0337900123596
v -0.0187979183197 0.0660978393555 0.0337900123596
v -0.0187218723297 0.0661790390015 0.0337900123596
v -0.0186512985229 0.0662650299072 0.0337900123596
v -0.0185865020752 0.0663554534912 0.0337900123596
v -0.0185277576447 0.0664499206543 0.0337900123596
v -0.0184753170013 0.066548034668 0.0337900123596
v -0.0184294052124 0.0666493606567 0.0337900123596
v -0.0183902187347 0.0667534790039 0.0337900123596
v -0.018357925415 0.0668599319458 0.0337900123596
v -0.0183326644897 0.0669682693481 0.0337900123596
v -0.0183145446777 0.0670780258179 0.0337900123596
v -0.0183036403656 0.0671887359619 0.0337900123596
v -0.0219958171844 0.06495677948 0.0228100128174
v -0.0172986907959 0.0661787261963 0.0228100128174
v -0.0216743164063 0.0643999252319 0.0228100128174
v -0.0183256835937 0.0643999252319 0.0228100128174
v -0.0166513690948 0.0672999267578 0.0228100128174
v -0.0233486309052 0.0672999267578 0.0228100128174
v -0.0183256835937 0.0701999206543 0.0228100128174
v -0.0216743164063 0.0701999206543 0.0228100128174
v -0.0182999992371 0.0672999267578 0.0202100124359
v -0.0183036403656 0.0674111099243 0.0202100124359
v -0.0183145446777 0.0675218200684 0.0202100124359
v -0.0183326644897 0.0676315765381 0.0202100124359
v -0.018357925415 0.0677399139404 0.0202100124359
v -0.0183902187347 0.0678463745117 0.0202100124359
v -0.0184294052124 0.0679504852295 0.0202100124359
v -0.0184753170013 0.0680518112183 0.0202100124359
v -0.0185277576447 0.0681499252319 0.0202100124359
v -0.0185865020752 0.068244392395 0.0202100124359
v -0.0186512985229 0.068334815979 0.0202100124359
v -0.0187218723297 0.0684208145142 0.0202100124359
v -0.0187979183197 0.0685020065308 0.0202100124359
v -0.0188791122437 0.0685780487061 0.0202100124359
v -0.0189651050568 0.0686486206055 0.0202100124359
v -0.0190555305481 0.0687134246826 0.0202100124359
v -0.0191499996185 0.0687721633911 0.0202100124359
v -0.0192481098175 0.0688246078491 0.0202100124359
v -0.0193494377136 0.0688705215454 0.0202100124359
v -0.0194535522461 0.0689097061157 0.0202100124359
v -0.0195600070953 0.0689420013428 0.0202100124359
v -0.019668346405 0.0689672622681 0.0202100124359
v -0.0197781047821 0.0689853820801 0.0202100124359
v -0.0198888149261 0.0689962844849 0.0202100124359
v -0.02 0.0689999237061 0.0202100124359
v -0.0201111850739 0.0689962844849 0.0202100124359
v -0.0202218952179 0.0689853820801 0.0202100124359
v -0.020331653595 0.0689672622681 0.0202100124359
v -0.0204399929047 0.0689420013428 0.0202100124359
v -0.0205464477539 0.0689097061157 0.0202100124359
v -0.0206505622864 0.0688705215454 0.0202100124359
v -0.0207518901825 0.0688246078491 0.0202100124359
v -0.0208500003815 0.0687721633911 0.0202100124359
v -0.0209444694519 0.0687134246826 0.0202100124359
v -0.0210348949432 0.0686486206055 0.0202100124359
v -0.0211208877563 0.0685780487061 0.0202100124359
v -0.0212020816803 0.0685020065308 0.0202100124359
v -0.0212781276703 0.0684208145142 0.0202100124359
v -0.0213487014771 0.068334815979 0.0202100124359
v -0.0214134979248 0.068244392395 0.0202100124359
v -0.0214722423553 0.0681499252319 0.0202100124359
v -0.0215246829987 0.0680518112183 0.0202100124359
v -0.0215705947876 0.0679504852295 0.0202100124359
v -0.0216097812653 0.0678463745117 0.0202100124359
v -0.021642074585 0.0677399139404 0.0202100124359
v -0.0216673355103 0.0676315765381 0.0202100124359
v -0.0216854553223 0.0675218200684 0.0202100124359
v -0.0216963596344 0.0674111099243 0.0202100124359
v -0.0217000007629 0.0672999267578 0.0202100124359
v -0.0216963596344 0.0671887359619 0.0202100124359
v -0.0216854553223 0.0670780258179 0.0202100124359
v -0.0216673355103 0.0669682693481 0.0202100124359
v -0.021642074585 0.0668599319458 0.0202100124359
v -0.0216097812653 0.0667534790039 0.0202100124359
v -0.0215705947876 0.0666493606567 0.0202100124359
v -0.0215246829987 0.066548034668 0.0202100124359
v -0.0214722423553 0.0664499206543 0.0202100124359
v -0.0214134979248 0.0663554534912 0.0202100124359
v -0.0213487014771 0.0662650299072 0.0202100124359
v -0.0212781276703 0.0661790390015 0.0202100124359
v -0.0212020816803 0.0660978393555 0.0202100124359
v -0.0211208877563 0.0660217971802 0.0202100124359
v -0.0210348949432 0.0659512252808 0.0202100124359
v -0.0209444694519 0.065886428833 0.0202100124359
v -0.0208500003815 0.0658276824951 0.0202100124359
v -0.0207518901825 0.0657752380371 0.0202100124359
v -0.0206505622864 0.0657293319702 0.0202100124359
v -0.0205464477539 0.0656901397705 0.0202100124359
v -0.0204399929047 0.0656578521729 0.0202100124359
v -0.020331653595 0.0656325912476 0.0202100124359
v -0.0202218952179 0.0656144638062 0.0202100124359
v -0.0201111850739 0.0656035614014 0.0202100124359
v -0.02 0.0655999221802 0.0202100124359
v -0.0198888149261 0.0656035614014 0.0202100124359
v -0.0197781047821 0.0656144638062 0.0202100124359
v -0.019668346405 0.0656325912476 0.0202100124359
v -0.0195600070953 0.0656578521729 0.0202100124359
v -0.0194535522461 0.0656901397705 0.0202100124359
v -0.0193494377136 0.0657293319702 0.0202100124359
v -0.0192481098175 0.0657752380371 0.0202100124359
v -0.0191499996185 0.0658276824951 0.0202100124359
v -0.0190555305481 0.065886428833 0.0202100124359
v -0.0189651050568 0.0659512252808 0.0202100124359
v -0.0188791122437 0.0660217971802 0.0202100124359
v -0.0187979183197 0.0660978393555 0.0202100124359
v -0.0187218723297 0.0661790390015 0.0202100124359
v -0.0186512985229 0.0662650299072 0.0202100124359
v -0.0185865020752 0.0663554534912 0.0202100124359
v -0.0185277576447 0.0664499206543 0.0202100124359
v -0.0184753170013 0.066548034668 0.0202100124359
v -0.0184294052124 0.0666493606567 0.0202100124359
v -0.0183902187347 0.0667534790039 0.0202100124359
v -0.018357925415 0.0668599319458 0.0202100124359
v -0.0183326644897 0.0669682693481 0.0202100124359
v -0.0183145446777 0.0670780258179 0.0202100124359
v -0.0183036403656 0.0671887359619 0.0202100124359
v 0.0189651050568 0.0686486206055 0.0371900138855
v 0.0190555305481 0.0687134246826 0.0371900138855
v 0.0193494377136 0.0688705215454 0.0371900138855
v 0.0192481098175 0.0688246078491 0.0371900138855
v 0.0191499996185 0.0687721633911 0.0371900138855
v 0.019668346405 0.0689672622681 0.0371900138855
v 0.0195600070953 0.0689420013428 0.0371900138855
v 0.02 0.0689999237061 0.0371900138855
v 0.0198888149261 0.0689962844849 0.0371900138855
v 0.0197781047821 0.0689853820801 0.0371900138855
v 0.0194535522461 0.0689097061157 0.0371900138855
v 0.0202218952179 0.0689853820801 0.0371900138855
v 0.020331653595 0.0689672622681 0.0371900138855
v 0.0205464477539 0.0689097061157 0.0371900138855
v 0.0206505622864 0.0688705215454 0.0371900138855
v 0.0204399929047 0.0689420013428 0.0371900138855
v 0.0208500003815 0.0687721633911 0.0371900138855
v 0.0209444694519 0.0687134246826 0.0371900138855
v 0.0211208877563 0.0660217971802 0.0371900138855
v 0.0211208877563 0.0685780487061 0.0371900138855
v 0.0210348949432 0.0686486206055 0.0371900138855
v 0.0207518901825 0.0688246078491 0.0371900138855
v 0.0201111850739 0.0689962844849 0.0371900138855
v 0.0213487014771 0.0662650299072 0.0371900138855
v 0.0213487014771 0.068334815979 0.0371900138855
v 0.0212781276703 0.0661790390015 0.0371900138855
v 0.0212781276703 0.0684208145142 0.0371900138855
v 0.0215246829987 0.066548034668 0.0371900138855
v 0.0215246829987 0.0680518112183 0.0371900138855
v 0.0214722423553 0.0664499206543 0.0371900138855
v 0.0214722423553 0.0681499252319 0.0371900138855
v 0.0214134979248 0.0663554534912 0.0371900138855
v 0.0214134979248 0.068244392395 0.0371900138855
v 0.0216097812653 0.0678463745117 0.0371900138855
v 0.021642074585 0.0668599319458 0.0371900138855
v 0.0216097812653 0.0667534790039 0.0371900138855
v 0.021642074585 0.0677399139404 0.0371900138855
v 0.0216854553223 0.0670780258179 0.0371900138855
v 0.0216854553223 0.0675218200684 0.0371900138855
v 0.0217000007629 0.0672999267578 0.0371900138855
v 0.0216963596344 0.0671887359619 0.0371900138855
v 0.0216963596344 0.0674111099243 0.0371900138855
v 0.0216673355103 0.0669682693481 0.0371900138855
v 0.0216673355103 0.0676315765381 0.0371900138855
v 0.0215705947876 0.0679504852295 0.0371900138855
v 0.0212020816803 0.0660978393555 0.0371900138855
v 0.0215705947876 0.0666493606567 0.0371900138855
v 0.0212020816803 0.0685020065308 0.0371900138855
v 0.0182999992371 0.0672999267578 0.0371900138855
v 0.0183036403656 0.0671887359619 0.0371900138855
v 0.0183145446777 0.0675218200684 0.0371900138855
v 0.0183145446777 0.0670780258179 0.0371900138855
v 0.0183036403656 0.0674111099243 0.0371900138855
v 0.0183326644897 0.0669682693481 0.0371900138855
v 0.0183902187347 0.0667534790039 0.0371900138855
v 0.0183902187347 0.0678463745117 0.0371900138855
v 0.018357925415 0.0668599319458 0.0371900138855
v 0.018357925415 0.0677399139404 0.0371900138855
v 0.0183326644897 0.0676315765381 0.0371900138855
v 0.0185277576447 0.0664499206543 0.0371900138855
v 0.0185277576447 0.0681499252319 0.0371900138855
v 0.0184753170013 0.066548034668 0.0371900138855
v 0.0184753170013 0.0680518112183 0.0371900138855
v 0.0187218723297 0.0661790390015 0.0371900138855
v 0.0187218723297 0.0684208145142 0.0371900138855
v 0.0186512985229 0.0662650299072 0.0371900138855
v 0.0186512985229 0.068334815979 0.0371900138855
v 0.0185865020752 0.0663554534912 0.0371900138855
v 0.0185865020752 0.068244392395 0.0371900138855
v 0.0187979183197 0.0660978393555 0.0371900138855
v 0.0184294052124 0.0666493606567 0.0371900138855
v 0.0184294052124 0.0679504852295 0.0371900138855
v 0.0188791122437 0.0685780487061 0.0371900138855
v 0.0190555305481 0.065886428833 0.0371900138855
v 0.0189651050568 0.0659512252808 0.0371900138855
v 0.0188791122437 0.0660217971802 0.0371900138855
v 0.0193494377136 0.0657293319702 0.0371900138855
v 0.0192481098175 0.0657752380371 0.0371900138855
v 0.019668346405 0.0656325912476 0.0371900138855
v 0.0195600070953 0.0656578521729 0.0371900138855
v 0.0194535522461 0.0656901397705 0.0371900138855
v 0.0191499996185 0.0658276824951 0.0371900138855
v 0.0198888149261 0.0656035614014 0.0371900138855
v 0.02 0.0655999221802 0.0371900138855
v 0.0202218952179 0.0656144638062 0.0371900138855
v 0.0204399929047 0.0656578521729 0.0371900138855
v 0.020331653595 0.0656325912476 0.0371900138855
v 0.0201111850739 0.0656035614014 0.0371900138855
v 0.0207518901825 0.0657752380371 0.0371900138855
v 0.0206505622864 0.0657293319702 0.0371900138855
v 0.0210348949432 0.0659512252808 0.0371900138855
v 0.0208500003815 0.0658276824951 0.0371900138855
v 0.0209444694519 0.065886428833 0.0371900138855
v 0.0205464477539 0.0656901397705 0.0371900138855
v 0.0197781047821 0.0656144638062 0.0371900138855
v 0.0187979183197 0.0685020065308 0.0371900138855
v 0.0189651050568 0.0659512252808 0.0168100128174
v 0.0190555305481 0.065886428833 0.0168100128174
v 0.0193494377136 0.0657293319702 0.0168100128174
v 0.0192481098175 0.0657752380371 0.0168100128174
v 0.0191499996185 0.0658276824951 0.0168100128174
v 0.019668346405 0.0656325912476 0.0168100128174
v 0.0195600070953 0.0656578521729 0.0168100128174
v 0.02 0.0655999221802 0.0168100128174
v 0.0198888149261 0.0656035614014 0.0168100128174
v 0.0197781047821 0.0656144638062 0.0168100128174
v 0.0194535522461 0.0656901397705 0.0168100128174
v 0.0202218952179 0.0656144638062 0.0168100128174
v 0.020331653595 0.0656325912476 0.0168100128174
v 0.0205464477539 0.0656901397705 0.0168100128174
v 0.0206505622864 0.0657293319702 0.0168100128174
v 0.0204399929047 0.0656578521729 0.0168100128174
v 0.0208500003815 0.0658276824951 0.0168100128174
v 0.0209444694519 0.065886428833 0.0168100128174
v 0.0211208877563 0.0660217971802 0.0168100128174
v 0.0211208877563 0.0685780487061 0.0168100128174
v 0.0210348949432 0.0659512252808 0.0168100128174
v 0.0207518901825 0.0657752380371 0.0168100128174
v 0.0201111850739 0.0656035614014 0.0168100128174
v 0.0213487014771 0.0662650299072 0.0168100128174
v 0.0213487014771 0.068334815979 0.0168100128174
v 0.0212781276703 0.0661790390015 0.0168100128174
v 0.0212781276703 0.0684208145142 0.0168100128174
v 0.0215246829987 0.066548034668 0.0168100128174
v 0.0215246829987 0.0680518112183 0.0168100128174
v 0.0214722423553 0.0664499206543 0.0168100128174
v 0.0214722423553 0.0681499252319 0.0168100128174
v 0.0214134979248 0.0663554534912 0.0168100128174
v 0.0214134979248 0.068244392395 0.0168100128174
v 0.0216097812653 0.0667534790039 0.0168100128174
v 0.021642074585 0.0677399139404 0.0168100128174
v 0.021642074585 0.0668599319458 0.0168100128174
v 0.0216097812653 0.0678463745117 0.0168100128174
v 0.0216854553223 0.0670780258179 0.0168100128174
v 0.0216854553223 0.0675218200684 0.0168100128174
v 0.0217000007629 0.0672999267578 0.0168100128174
v 0.0216963596344 0.0671887359619 0.0168100128174
v 0.0216963596344 0.0674111099243 0.0168100128174
v 0.0216673355103 0.0669682693481 0.0168100128174
v 0.0216673355103 0.0676315765381 0.0168100128174
v 0.0215705947876 0.0679504852295 0.0168100128174
v 0.0212020816803 0.0660978393555 0.0168100128174
v 0.0215705947876 0.0666493606567 0.0168100128174
v 0.0212020816803 0.0685020065308 0.0168100128174
v 0.0182999992371 0.0672999267578 0.0168100128174
v 0.0183036403656 0.0671887359619 0.0168100128174
v 0.0183145446777 0.0670780258179 0.0168100128174
v 0.0183036403656 0.0674111099243 0.0168100128174
v 0.0183145446777 0.0675218200684 0.0168100128174
v 0.0183326644897 0.0676315765381 0.0168100128174
v 0.0183902187347 0.0667534790039 0.0168100128174
v 0.0183902187347 0.0678463745117 0.0168100128174
v 0.018357925415 0.0668599319458 0.0168100128174
v 0.018357925415 0.0677399139404 0.0168100128174
v 0.0183326644897 0.0669682693481 0.0168100128174
v 0.0185277576447 0.0664499206543 0.0168100128174
v 0.0185277576447 0.0681499252319 0.0168100128174
v 0.0184753170013 0.066548034668 0.0168100128174
v 0.0184753170013 0.0680518112183 0.0168100128174
v 0.0187218723297 0.0661790390015 0.0168100128174
v 0.0187218723297 0.0684208145142 0.0168100128174
v 0.0186512985229 0.0662650299072 0.0168100128174
v 0.0186512985229 0.068334815979 0.0168100128174
v 0.0185865020752 0.0663554534912 0.0168100128174
v 0.0185865020752 0.068244392395 0.0168100128174
v 0.0187979183197 0.0660978393555 0.0168100128174
v 0.0184294052124 0.0666493606567 0.0168100128174
v 0.0184294052124 0.0679504852295 0.0168100128174
v 0.0188791122437 0.0660217971802 0.0168100128174
v 0.0190555305481 0.0687134246826 0.0168100128174
v 0.0189651050568 0.0686486206055 0.0168100128174
v 0.0188791122437 0.0685780487061 0.0168100128174
v 0.0193494377136 0.0688705215454 0.0168100128174
v 0.0192481098175 0.0688246078491 0.0168100128174
v 0.019668346405 0.0689672622681 0.0168100128174
v 0.0195600070953 0.0689420013428 0.0168100128174
v 0.0194535522461 0.0689097061157 0.0168100128174
v 0.0191499996185 0.0687721633911 0.0168100128174
v 0.0198888149261 0.0689962844849 0.0168100128174
v 0.02 0.0689999237061 0.0168100128174
v 0.0202218952179 0.0689853820801 0.0168100128174
v 0.0204399929047 0.0689420013428 0.0168100128174
v 0.020331653595 0.0689672622681 0.0168100128174
v 0.0201111850739 0.0689962844849 0.0168100128174
v 0.0207518901825 0.0688246078491 0.0168100128174
v 0.0206505622864 0.0688705215454 0.0168100128174
v 0.0210348949432 0.0686486206055 0.0168100128174
v 0.0209444694519 0.0687134246826 0.0168100128174
v 0.0208500003815 0.0687721633911 0.0168100128174
v 0.0205464477539 0.0689097061157 0.0168100128174
v 0.0197781047821 0.0689853820801 0.0168100128174
v 0.0187979183197 0.0685020065308 0.0168100128174
v 0.0219958171844 0.06495677948 0.0311900138855
v 0.0172986927032 0.0661787261963 0.0311900138855
v 0.0216743164063 0.0643999252319 0.0311900138855
v 0.0183256835937 0.0643999252319 0.0311900138855
v 0.0166513690948 0.0672999267578 0.0311900138855
v 0.0233486309052 0.0672999267578 0.0311900138855
v 0.0183256835937 0.0701999206543 0.0311900138855
v 0.0216743164063 0.0701999206543 0.0311900138855
v 0.0217000007629 0.0672999267578 0.0337900161743
v 0.0216963596344 0.0674111099243 0.0337900161743
v 0.0216854553223 0.0675218200684 0.0337900161743
v 0.0216673355103 0.0676315765381 0.0337900161743
v 0.021642074585 0.0677399139404 0.0337900161743
v 0.0216097812653 0.0678463745117 0.0337900161743
v 0.0215705947876 0.0679504852295 0.0337900161743
v 0.0215246829987 0.0680518112183 0.0337900161743
v 0.0214722423553 0.0681499252319 0.0337900161743
v 0.0214134979248 0.068244392395 0.0337900161743
v 0.0213487014771 0.068334815979 0.0337900161743
v 0.0212781276703 0.0684208145142 0.0337900161743
v 0.0212020816803 0.0685020065308 0.0337900161743
v 0.0211208877563 0.0685780487061 0.0337900161743
v 0.0210348949432 0.0686486206055 0.0337900161743
v 0.0209444694519 0.0687134246826 0.0337900161743
v 0.0208500003815 0.0687721633911 0.0337900161743
v 0.0207518901825 0.0688246078491 0.0337900161743
v 0.0206505622864 0.0688705215454 0.0337900161743
v 0.0205464477539 0.0689097061157 0.0337900161743
v 0.0204399929047 0.0689420013428 0.0337900161743
v 0.020331653595 0.0689672622681 0.0337900161743
v 0.0202218952179 0.0689853820801 0.0337900161743
v 0.0201111850739 0.0689962844849 0.0337900161743
v 0.02 0.0689999237061 0.0337900161743
v 0.0198888149261 0.0689962844849 0.0337900161743
v 0.0197781047821 0.0689853820801 0.0337900161743
v 0.019668346405 0.0689672622681 0.0337900161743
v 0.0195600070953 0.0689420013428 0.0337900161743
v 0.0194535522461 0.0689097061157 0.0337900161743
v 0.0193494377136 0.0688705215454 0.0337900161743
v 0.0192481098175 0.0688246078491 0.0337900161743
v 0.0191499996185 0.0687721633911 0.0337900161743
v 0.0190555305481 0.0687134246826 0.0337900161743
v 0.0189651050568 0.0686486206055 0.0337900161743
v 0.0188791122437 0.0685780487061 0.0337900161743
v 0.0187979183197 0.0685020065308 0.0337900161743
v 0.0187218723297 0.0684208145142 0.0337900161743
v 0.0186512985229 0.068334815979 0.0337900161743
v 0.0185865020752 0.068244392395 0.0337900161743
v 0.0185277576447 0.0681499252319 0.0337900161743
v 0.0184753170013 0.0680518112183 0.0337900161743
v 0.0184294052124 0.0679504852295 0.0337900161743
v 0.0183902187347 0.0678463745117 0.0337900161743
v 0.018357925415 0.0677399139404 0.0337900161743
v 0.0183326644897 0.0676315765381 0.0337900161743
v 0.0183145446777 0.0675218200684 0.0337900161743
v 0.0183036403656 0.0674111099243 0.0337900161743
v 0.0182999992371 0.0672999267578 0.0337900161743
v 0.0183036403656 0.0671887359619 0.0337900161743
v 0.0183145446777 0.0670780258179 0.0337900161743
v 0.0183326644897 0.0669682693481 0.0337900161743
v 0.018357925415 0.0668599319458 0.0337900161743
v 0.0183902187347 0.0667534790039 0.0337900161743
v 0.0184294052124 0.0666493606567 0.0337900161743
v 0.0184753170013 0.066548034668 0.0337900161743
v 0.0185277576447 0.0664499206543 0.0337900161743
v 0.0185865020752 0.0663554534912 0.0337900161743
v 0.0186512985229 0.0662650299072 0.0337900161743
v 0.0187218723297 0.0661790390015 0.0337900161743
v 0.0187979183197 0.0660978393555 0.0337900161743
v 0.0188791122437 0.0660217971802 0.0337900161743
v 0.0189651050568 0.0659512252808 0.0337900161743
v 0.0190555305481 0.065886428833 0.0337900161743
v 0.0191499996185 0.0658276824951 0.0337900161743
v 0.0192481098175 0.0657752380371 0.0337900161743
v 0.0193494377136 0.0657293319702 0.0337900161743
v 0.0194535522461 0.0656901397705 0.0337900161743
v 0.0195600070953 0.0656578521729 0.0337900161743
v 0.019668346405 0.0656325912476 0.0337900161743
v 0.0197781047821 0.0656144638062 0.0337900161743
v 0.0198888149261 0.0656035614014 0.0337900161743
v 0.02 0.0655999221802 0.0337900161743
v 0.0201111850739 0.0656035614014 0.0337900161743
v 0.0202218952179 0.0656144638062 0.0337900161743
v 0.020331653595 0.0656325912476 0.0337900161743
v 0.0204399929047 0.0656578521729 0.0337900161743
v 0.0205464477539 0.0656901397705 0.0337900161743
v 0.0206505622864 0.0657293319702 0.0337900161743
v 0.0207518901825 0.0657752380371 0.0337900161743
v 0.0208500003815 0.0658276824951 0.0337900161743
v 0.0209444694519 0.065886428833 0.0337900161743
v 0.0210348949432 0.0659512252808 0.0337900161743
v 0.0211208877563 0.0660217971802 0.0337900161743
v 0.0212020816803 0.0660978393555 0.0337900161743
v 0.0212781276703 0.0661790390015 0.0337900161743
v 0.0213487014771 0.0662650299072 0.0337900161743
v 0.0214134979248 0.0663554534912 0.0337900161743
v 0.0214722423553 0.0664499206543 0.0337900161743
v 0.0215246829987 0.066548034668 0.0337900161743
v 0.0215705947876 0.0666493606567 0.0337900161743
v 0.0216097812653 0.0667534790039 0.0337900161743
v 0.021642074585 0.0668599319458 0.0337900161743
v 0.0216673355103 0.0669682693481 0.0337900161743
v 0.0216854553223 0.0670780258179 0.0337900161743
v 0.0216963596344 0.0671887359619 0.0337900161743
v 0.0180041828156 0.06495677948 0.0228100128174
v 0.0172986907959 0.0684211196899 0.0228100128174
v 0.0183256835937 0.0643999252319 0.0228100128174
v 0.0183256835937 0.0701999206543 0.0228100128174
v 0.0216743164063 0.0643999252319 0.0228100128174
v 0.0216743164063 0.0701999206543 0.0228100128174
v 0.0233486309052 0.0672999267578 0.0228100128174
v 0.0166513690948 0.0672999267578 0.0228100128174
v 0.0217000007629 0.0672999267578 0.0202100124359
v 0.0216963596344 0.0674111099243 0.0202100124359
v 0.0216854553223 0.0675218200684 0.0202100124359
v 0.0216673355103 0.0676315765381 0.0202100124359
v 0.021642074585 0.0677399139404 0.0202100124359
v 0.0216097812653 0.0678463745117 0.0202100124359
v 0.0215705947876 0.0679504852295 0.0202100124359
v 0.0215246829987 0.0680518112183 0.0202100124359
v 0.0214722423553 0.0681499252319 0.0202100124359
v 0.0214134979248 0.068244392395 0.0202100124359
v 0.0213487014771 0.068334815979 0.0202100124359
v 0.0212781276703 0.0684208145142 0.0202100124359
v 0.0212020816803 0.0685020065308 0.0202100124359
v 0.0211208877563 0.0685780487061 0.0202100124359
v 0.0210348949432 0.0686486206055 0.0202100124359
v 0.0209444694519 0.0687134246826 0.0202100124359
v 0.0208500003815 0.0687721633911 0.0202100124359
v 0.0207518901825 0.0688246078491 0.0202100124359
v 0.0206505622864 0.0688705215454 0.0202100124359
v 0.0205464477539 0.0689097061157 0.0202100124359
v 0.0204399929047 0.0689420013428 0.0202100124359
v 0.020331653595 0.0689672622681 0.0202100124359
v 0.0202218952179 0.0689853820801 0.0202100124359
v 0.0201111850739 0.0689962844849 0.0202100124359
v 0.02 0.0689999237061 0.0202100124359
v 0.0198888149261 0.0689962844849 0.0202100124359
v 0.0197781047821 0.0689853820801 0.0202100124359
v 0.019668346405 0.0689672622681 0.0202100124359
v 0.0195600070953 0.0689420013428 0.0202100124359
v 0.0194535522461 0.0689097061157 0.0202100124359
v 0.0193494377136 0.0688705215454 0.0202100124359
v 0.0192481098175 0.0688246078491 0.0202100124359
v 0.0191499996185 0.0687721633911 0.0202100124359
v 0.0190555305481 0.0687134246826 0.0202100124359
v 0.0189651050568 0.0686486206055 0.0202100124359
v 0.0188791122437 0.0685780487061 0.0202100124359
v 0.0187979183197 0.0685020065308 0.0202100124359
v 0.0187218723297 0.0684208145142 0.0202100124359
v 0.0186512985229 0.068334815979 0.0202100124359
v 0.0185865020752 0.068244392395 0.0202100124359
v 0.0185277576447 0.0681499252319 0.0202100124359
v 0.0184753170013 0.0680518112183 0.0202100124359
v 0.0184294052124 0.0679504852295 0.0202100124359
v 0.0183902187347 0.0678463745117 0.0202100124359
v 0.018357925415 0.0677399139404 0.0202100124359
v 0.0183326644897 0.0676315765381 0.0202100124359
v 0.0183145446777 0.0675218200684 0.0202100124359
v 0.0183036403656 0.0674111099243 0.0202100124359
v 0.0182999992371 0.0672999267578 0.0202100124359
v 0.0183036403656 0.0671887359619 0.0202100124359
v 0.0183145446777 0.0670780258179 0.0202100124359
v 0.0183326644897 0.0669682693481 0.0202100124359
v 0.018357925415 0.0668599319458 0.0202100124359
v 0.0183902187347 0.0667534790039 0.0202100124359
v 0.0184294052124 0.0666493606567 0.0202100124359
v 0.0184753170013 0.066548034668 0.0202100124359
v 0.0185277576447 0.0664499206543 0.0202100124359
v 0.0185865020752 0.0663554534912 0.0202100124359
v 0.0186512985229 0.0662650299072 0.0202100124359
v 0.0187218723297 0.0661790390015 0.0202100124359
v 0.0187979183197 0.0660978393555 0.0202100124359
v 0.0188791122437 0.0660217971802 0.0202100124359
v 0.0189651050568 0.0659512252808 0.0202100124359
v 0.0190555305481 0.065886428833 0.0202100124359
v 0.0191499996185 0.0658276824951 0.0202100124359
v 0.0192481098175 0.0657752380371 0.0202100124359
v 0.0193494377136 0.0657293319702 0.0202100124359
v 0.0194535522461 0.0656901397705 0.0202100124359
v 0.0195600070953 0.0656578521729 0.0202100124359
v 0.019668346405 0.0656325912476 0.0202100124359
v 0.0197781047821 0.0656144638062 0.0202100124359
v 0.0198888149261 0.0656035614014 0.0202100124359
v 0.02 0.0655999221802 0.0202100124359
v 0.0201111850739 0.0656035614014 0.0202100124359
v 0.0202218952179 0.0656144638062 0.0202100124359
v 0.020331653595 0.0656325912476 0.0202100124359
v 0.0204399929047 0.0656578521729 0.0202100124359
v 0.0205464477539 0.0656901397705 0.0202100124359
v 0.0206505622864 0.0657293319702 0.0202100124359
v 0.0207518901825 0.0657752380371 0.0202100124359
v 0.0208500003815 0.0658276824951 0.0202100124359
v 0.0209444694519 0.065886428833 0.0202100124359
v 0.0210348949432 0.0659512252808 0.0202100124359
v 0.0211208877563 0.0660217971802 0.0202100124359
v 0.0212020816803 0.0660978393555 0.0202100124359
v 0.0212781276703 0.0661790390015 0.0202100124359
v 0.0213487014771 0.0662650299072 0.0202100124359
v 0.0214134979248 0.0663554534912 0.0202100124359
v 0.0214722423553 0.0664499206543 0.0202100124359
v 0.0215246829987 0.066548034668 0.0202100124359
v 0.0215705947876 0.0666493606567 0.0202100124359
v 0.0216097812653 0.0667534790039 0.0202100124359
v 0.021642074585 0.0668599319458 0.0202100124359
v 0.0216673355103 0.0669682693481 0.0202100124359
v 0.0216854553223 0.0670780258179 0.0202100124359
v 0.0216963596344 0.0671887359619 0.0202100124359
v -0.012 0.0612999229431 0.0270000133514
v -0.0119855451584 0.0612999229431 0.0264112014771
v -0.0119855451584 0.0612999229431 0.0275888252258
v -0.0119422168732 0.0612999229431 0.0258238067627
v -0.0119422168732 0.0612999229431 0.0281762180328
v -0.0118701181412 0.0612999229431 0.0252392482758
v -0.0118701181412 0.0612999229431 0.0287607784271
v -0.0112985286713 0.0612999229431 0.0229573345184
v -0.0114832839966 0.0612999229431 0.0235165977478
v -0.0116403751373 0.0612999229431 0.0240842514038
v -0.0117694225311 0.0612999229431 0.0246589298248
v -0.0117694225311 0.0612999229431 0.0293410968781
v -0.0116403751373 0.0612999229431 0.0299157752991
v -0.0114876260757 0.0612999229431 0.0304677391052
v -0.0110865535736 0.0612999229431 0.0224078121185
v -0.0108478717804 0.0612999229431 0.0218693523407
v -0.010279592514 0.0612999229431 0.0208100128174
v -0.0102927436829 0.0612999229431 0.0208307800293
v -0.0105830545425 0.0612999229431 0.021343252182
v -0.0114832839966 0.0612999229431 0.0304834289551
v -0.0102795944214 0.0612999229431 0.0331900100708
v -0.0102927436829 0.0612999229431 0.0331692466736
v -0.0112985286713 0.0612999229431 0.0310426921844
v -0.0105830545425 0.0612999229431 0.0326567726135
v -0.0110865535736 0.0612999229431 0.0315922145844
v -0.0108478717804 0.0612999229431 0.0321306724548
v 0.0110917863846 0.0612999229431 0.0315786495209
v 0.0102795944214 0.0612999229431 0.0331900138855
v 0.0102927436829 0.0612999229431 0.0331692466736
v 0.0110865535736 0.0612999229431 0.0315922145844
v 0.0108478717804 0.0612999229431 0.0321306762695
v 0.0105830545425 0.0612999229431 0.0326567764282
v 0.010279592514 0.0612999229431 0.0208100128174
v 0.0102927436829 0.0612999229431 0.0208307800293
v 0.0105830545425 0.0612999229431 0.021343252182
v 0.0108478717804 0.0612999229431 0.0218693523407
v 0.0112985286713 0.0612999229431 0.0310426921844
v 0.0114832839966 0.0612999229431 0.0304834289551
v 0.0116403751373 0.0612999229431 0.0299157752991
v 0.0118701181412 0.0612999229431 0.0287607784271
v 0.0117694225311 0.0612999229431 0.0293410968781
v 0.012 0.0612999229431 0.0270000133514
v 0.0119855451584 0.0612999229431 0.0264112014771
v 0.0119855451584 0.0612999229431 0.0275888252258
v 0.0119422168732 0.0612999229431 0.0281762199402
v 0.0119422168732 0.0612999229431 0.02582380867
v 0.0118701181412 0.0612999229431 0.0252392482758
v 0.0117694225311 0.0612999229431 0.0246589298248
v 0.0110865535736 0.0612999229431 0.0224078121185
v 0.0116403751373 0.0612999229431 0.0240842514038
v 0.0114832839966 0.0612999229431 0.0235165977478
v 0.0112985286713 0.0612999229431 0.0229573345184
v -0.00963849067688 0.0612999229431 0.0198516216278
v -0.00997763538361 0.0612999229431 0.0203331699371
v -0.00889141368866 0.0612999229431 0.0189413051605
v -0.00927612495422 0.0612999229431 0.0193872928619
v -0.00513066101074 0.0612999229431 0.016152141571
v -0.00404267835617 0.0612999229431 0.0157014846802
v -0.00459220123291 0.0612999229431 0.0159134597778
v -0.00291576242447 0.0612999229431 0.0153596382141
v -0.00176076555252 0.0612999229431 0.0151298952103
v -0.00234108400345 0.0612999229431 0.0152305908203
v -0.00117620563507 0.0612999229431 0.0150577964783
v -0.00348341608047 0.0612999229431 0.0155167293549
v -0.000588812112808 0.0612999229431 0.0150144681931
v 0.00117620563507 0.0612999229431 0.0150577964783
v 0.000588812112808 0.0612999229431 0.0150144681931
v -1.12842979405e-11 0.0612999229431 0.0150000133514
v 0.00234108400345 0.0612999229431 0.0152305908203
v 0.00348341608047 0.0612999229431 0.0155167293549
v 0.00176076555252 0.0612999229431 0.0151298952103
v 0.00291576242447 0.0612999229431 0.0153596382141
v 0.00882227325439 0.0612999229431 0.0188686847687
v 0.0084852809906 0.0612999229431 0.0185147323608
v -0.0084852809906 0.0612999229431 0.0185147323608
v 0.00805870819092 0.0612999229431 0.0181086006165
v -0.00805870819092 0.0612999229431 0.0181085987091
v 0.00761272001266 0.0612999229431 0.0177238883972
v -0.00761272001266 0.0612999229431 0.0177238883972
v 0.00714839172363 0.0612999229431 0.0173615226746
v -0.00714839172363 0.0612999229431 0.0173615226746
v 0.00666684293747 0.0612999229431 0.0170223789215
v 0.00616923332214 0.0612999229431 0.0167072696686
v -0.00666684293747 0.0612999229431 0.0170223770142
v 0.00565676116943 0.0612999229431 0.0164169597626
v -0.00616923332214 0.0612999229431 0.0167072696686
v -0.00565676116943 0.0612999229431 0.0164169578552
v 0.00513066101074 0.0612999229431 0.016152141571
v 0.00404267835617 0.0612999229431 0.0157014846802
v 0.00459220123291 0.0612999229431 0.0159134597778
v 0.00927612495422 0.0612999229431 0.0193872928619
v 0.00963849067688 0.0612999229431 0.0198516216278
v 0.00997763538361 0.0612999229431 0.0203331699371
v 0.00889141368866 0.0612999229431 0.0189413051605
v 0.00927612495422 0.0612999229431 0.0346127319336
v 0.00889141368866 0.0612999229431 0.0350587234497
v 0.00997763538361 0.0612999229431 0.0336668548584
v 0.00963849067688 0.0612999229431 0.0341484069824
v -0.00234108400345 0.0612999229431 0.0387694358826
v -0.00291576242447 0.0612999229431 0.0386403884888
v -0.00117620563507 0.0612999229431 0.0389422302246
v -1.12944285036e-11 0.0612999229431 0.0390000152588
v -0.000588812112808 0.0612999229431 0.0389855575562
v -0.00176076555252 0.0612999229431 0.0388701324463
v 0.00117620563507 0.0612999229431 0.0389422302246
v 0.00234108400345 0.0612999229431 0.0387694358826
v 0.00176076555252 0.0612999229431 0.0388701324463
v 0.00348341608047 0.0612999229431 0.0384832992554
v 0.00404267835617 0.0612999229431 0.0382985420227
v 0.00291576242447 0.0612999229431 0.0386403884888
v 0.000588812112808 0.0612999229431 0.0389855575562
v -0.00997763538361 0.0612999229431 0.0336668548584
v -0.00889141368866 0.0612999229431 0.035058719635
v -0.00963849067688 0.0612999229431 0.0341484031677
v -0.00927612495422 0.0612999229431 0.0346127319336
v -0.00565676116943 0.0612999229431 0.0375830688477
v -0.00459220123291 0.0612999229431 0.038086566925
v -0.00513066101074 0.0612999229431 0.0378478851318
v -0.00348341608047 0.0612999229431 0.0384832954407
v 0.00459220123291 0.0612999229431 0.038086566925
v 0.00513066101074 0.0612999229431 0.0378478851318
v -0.00404267835617 0.0612999229431 0.0382985420227
v 0.0084852809906 0.0612999229431 0.035485294342
v 0.00805870819092 0.0612999229431 0.0358914260864
v -0.0084852809906 0.0612999229431 0.035485294342
v 0.00761272001266 0.0612999229431 0.0362761383057
v -0.00805870819092 0.0612999229431 0.0358914260864
v 0.00714839172363 0.0612999229431 0.0366385040283
v -0.00761272001266 0.0612999229431 0.0362761383057
v 0.00666684293747 0.0612999229431 0.0369776496887
v -0.00714839172363 0.0612999229431 0.0366385040283
v -0.00666684293747 0.0612999229431 0.0369776496887
v 0.00616923332214 0.0612999229431 0.0372927589417
v -0.00616923332214 0.0612999229431 0.037292755127
v 0.00565676116943 0.0612999229431 0.0375830688477
v -0.0110917863846 0.0732999267578 0.0315786495209
v -0.0102927436829 0.0732999267578 0.0331692466736
v -0.0102795944214 0.0732999267578 0.0331900100708
v -0.0110865535736 0.0732999267578 0.0315922145844
v -0.0105830545425 0.0732999267578 0.0326567726135
v -0.0108478717804 0.0732999267578 0.0321306724548
v 0.0110917863846 0.0732999267578 0.0315786495209
v 0.0102795944214 0.0732999267578 0.0331900138855
v 0.0102927436829 0.0732999267578 0.0331692466736
v 0.0110865535736 0.0732999267578 0.0315922145844
v 0.0108478717804 0.0732999267578 0.0321306762695
v 0.0105830545425 0.0732999267578 0.0326567764282
v 0.0112985286713 0.0732999267578 0.0310426921844
v 0.0114832839966 0.0732999267578 0.0304834289551
v 0.010279592514 0.0732999267578 0.0208100128174
v 0.0102927436829 0.0732999267578 0.0208307800293
v 0.0105830545425 0.0732999267578 0.021343252182
v 0.0116403751373 0.0732999267578 0.0299157752991
v 0.0108478717804 0.0732999267578 0.0218693523407
v 0.0117694225311 0.0732999267578 0.0293410968781
v 0.0119422168732 0.0732999267578 0.0281762199402
v 0.0118701181412 0.0732999267578 0.0287607784271
v 0.012 0.0732999267578 0.0270000133514
v 0.0119855451584 0.0732999267578 0.0275888252258
v 0.0119855451584 0.0732999267578 0.0264112014771
v 0.0119422168732 0.0732999267578 0.02582380867
v 0.0110865535736 0.0732999267578 0.0224078121185
v 0.0112985286713 0.0732999267578 0.0229573345184
v 0.0118701181412 0.0732999267578 0.0252392482758
v 0.0114832839966 0.0732999267578 0.0235165977478
v 0.0117694225311 0.0732999267578 0.0246589298248
v 0.0116403751373 0.0732999267578 0.0240842514038
v -0.0102927436829 0.0732999267578 0.0208307800293
v -0.010279592514 0.0732999267578 0.0208100128174
v -0.0105830545425 0.0732999267578 0.021343252182
v -0.0108478717804 0.0732999267578 0.0218693523407
v -0.0112985286713 0.0732999267578 0.0310426921844
v -0.0119855451584 0.0732999267578 0.0264112014771
v -0.0117694225311 0.0732999267578 0.0246589298248
v -0.0118701181412 0.0732999267578 0.0252392482758
v -0.0119422168732 0.0732999267578 0.0258238067627
v -0.0110865535736 0.0732999267578 0.0224078121185
v -0.0112985286713 0.0732999267578 0.0229573345184
v -0.0114832839966 0.0732999267578 0.0235165977478
v -0.0116403751373 0.0732999267578 0.0240842514038
v -0.0114832839966 0.0732999267578 0.0304834289551
v -0.0116403751373 0.0732999267578 0.0299157752991
v -0.0117694225311 0.0732999267578 0.0293410968781
v -0.012 0.0732999267578 0.0270000133514
v -0.0118701181412 0.0732999267578 0.0287607784271
v -0.0119855451584 0.0732999267578 0.0275888252258
v -0.0119422168732 0.0732999267578 0.0281762180328
v -0.00997763538361 0.0732999267578 0.0203331699371
v -0.00404267835617 0.0732999267578 0.0157014846802
v -0.00348341608047 0.0732999267578 0.0155167293549
v -0.00291576242447 0.0732999267578 0.0153596382141
v -0.00176076555252 0.0732999267578 0.0151298952103
v -0.00234108400345 0.0732999267578 0.0152305908203
v -0.00117620563507 0.0732999267578 0.0150577964783
v -0.000588812112808 0.0732999267578 0.0150144681931
v 0.000588812112808 0.0732999267578 0.0150144681931
v -1.12901439309e-11 0.0732999267578 0.0150000133514
v 0.00176076555252 0.0732999267578 0.0151298952103
v 0.00291576242447 0.0732999267578 0.0153596382141
v 0.00234108400345 0.0732999267578 0.0152305908203
v 0.00117620563507 0.0732999267578 0.0150577964783
v 0.00997763538361 0.0732999267578 0.0203331699371
v 0.00963849067688 0.0732999267578 0.0198516216278
v -0.00513066101074 0.0732999267578 0.016152141571
v -0.00565676116943 0.0732999267578 0.0164169578552
v -0.00459220123291 0.0732999267578 0.0159134597778
v 0.00404267835617 0.0732999267578 0.0157014846802
v 0.00459220123291 0.0732999267578 0.0159134597778
v 0.00565676116943 0.0732999267578 0.0164169597626
v 0.00513066101074 0.0732999267578 0.016152141571
v 0.00348341608047 0.0732999267578 0.0155167293549
v -0.00963849067688 0.0732999267578 0.0198516216278
v -0.00927612495422 0.0732999267578 0.0193872928619
v 0.00927612495422 0.0732999267578 0.0193872928619
v -0.00889141368866 0.0732999267578 0.0189413051605
v 0.00889141368866 0.0732999267578 0.0189413051605
v -0.0084852809906 0.0732999267578 0.0185147323608
v 0.0084852809906 0.0732999267578 0.0185147323608
v 0.00805870819092 0.0732999267578 0.0181086006165
v -0.00805870819092 0.0732999267578 0.0181085987091
v 0.00761272001266 0.0732999267578 0.0177238883972
v -0.00761272001266 0.0732999267578 0.0177238883972
v 0.00714839172363 0.0732999267578 0.0173615226746
v -0.00714839172363 0.0732999267578 0.0173615226746
v -0.00666684293747 0.0732999267578 0.0170223770142
v 0.00666684293747 0.0732999267578 0.0170223789215
v -0.00616923332214 0.0732999267578 0.0167072696686
v 0.00616923332214 0.0732999267578 0.0167072696686
v 0.00997763538361 0.0732999267578 0.0336668548584
v -0.00291576242447 0.0732999267578 0.0386403884888
v -0.00234108400345 0.0732999267578 0.0387694358826
v -0.00176076555252 0.0732999267578 0.0388701324463
v -0.00117620563507 0.0732999267578 0.0389422302246
v -1.13002744939e-11 0.0732999267578 0.0390000152588
v -0.000588812112808 0.0732999267578 0.0389855575562
v 0.00117620563507 0.0732999267578 0.0389422302246
v 0.00234108400345 0.0732999267578 0.0387694358826
v 0.00176076555252 0.0732999267578 0.0388701324463
v 0.00348341608047 0.0732999267578 0.0384832992554
v 0.00404267835617 0.0732999267578 0.0382985420227
v 0.00291576242447 0.0732999267578 0.0386403884888
v 0.000588812112808 0.0732999267578 0.0389855575562
v -0.00997763538361 0.0732999267578 0.0336668548584
v -0.00963849067688 0.0732999267578 0.0341484031677
v -0.00565676116943 0.0732999267578 0.0375830688477
v -0.00513066101074 0.0732999267578 0.0378478851318
v -0.00459220123291 0.0732999267578 0.038086566925
v -0.00404267835617 0.0732999267578 0.0382985420227
v -0.00348341608047 0.0732999267578 0.0384832954407
v 0.00513066101074 0.0732999267578 0.0378478851318
v 0.00459220123291 0.0732999267578 0.038086566925
v 0.00963849067688 0.0732999267578 0.0341484069824
v -0.00927612495422 0.0732999267578 0.0346127319336
v 0.00927612495422 0.0732999267578 0.0346127319336
v 0.00889141368866 0.0732999267578 0.0350587234497
v -0.00889141368866 0.0732999267578 0.035058719635
v 0.0084852809906 0.0732999267578 0.035485294342
v -0.0084852809906 0.0732999267578 0.035485294342
v -0.00805870819092 0.0732999267578 0.0358914260864
v 0.00805870819092 0.0732999267578 0.0358914260864
v -0.00761272001266 0.0732999267578 0.0362761383057
v 0.00761272001266 0.0732999267578 0.0362761383057
v -0.00714839172363 0.0732999267578 0.0366385040283
v 0.00714839172363 0.0732999267578 0.0366385040283
v 0.00666684293747 0.0732999267578 0.0369776496887
v -0.00666684293747 0.0732999267578 0.0369776496887
v 0.00616923332214 0.0732999267578 0.0372927589417
v -0.00616923332214 0.0732999267578 0.037292755127
v 0.00565676116943 0.0732999267578 0.0375830688477
v -0.00642199087143 0.0800999221802 0.0212002658844
v -0.0064744310379 0.0800999221802 0.0212983760834
v -0.00629844808578 0.0800999221802 0.0210153713226
v -0.00615182924271 0.0800999221802 0.0208481845856
v -0.0062278752327 0.0800999221802 0.0209293785095
v -0.00636324596405 0.0800999221802 0.021105796814
v -0.00598464202881 0.0800999221802 0.0207015647888
v -0.00579974746704 0.0800999221802 0.0205780220032
v -0.00580073165894 0.0800999221802 0.0205786342621
v -0.00589421701431 0.0800999221802 0.0206367683411
v -0.00560030937195 0.0800999221802 0.0204796714783
v -0.00538973999023 0.0800999221802 0.0204081916809
v -0.00549619483948 0.0800999221802 0.0204404850006
v -0.00570163822174 0.0800999221802 0.0205255813599
v -0.00607063579559 0.0800999221802 0.0207721385956
v -0.00664610767365 0.0800999221802 0.021939081192
v -0.00664974784851 0.0800999221802 0.0220502662659
v -0.00663520383835 0.0800999221802 0.021828371048
v -0.00664610767365 0.0800999221802 0.0221614513397
v -0.00663520383835 0.0800999221802 0.0222721614838
v -0.00661708259583 0.0800999221802 0.0223819198608
v -0.00659182167053 0.0800999221802 0.0216102733612
v -0.00661708259583 0.0800999221802 0.0217186126709
v -0.00659182167053 0.0800999221802 0.0224902591705
v -0.00655952882767 0.0800999221802 0.021503818512
v -0.0064744310379 0.0800999221802 0.0228021564484
v -0.00652034282684 0.0800999221802 0.0213997039795
v -0.00652034282684 0.0800999221802 0.0227008285522
v -0.00629844808578 0.0800999221802 0.0230851612091
v -0.00636324596405 0.0800999221802 0.0229947357178
v -0.00607063579559 0.0800999221802 0.0233283939362
v -0.00615182924271 0.0800999221802 0.0232523479462
v -0.0062278752327 0.0800999221802 0.0231711540222
v -0.00642199087143 0.0800999221802 0.0229002666473
v -0.00655952882767 0.0800999221802 0.0225967140198
v -0.00589421701431 0.0800999221802 0.0234637641907
v -0.00560030937195 0.0800999221802 0.0236208610535
v -0.00570163822174 0.0800999221802 0.0235749492645
v -0.00579974746704 0.0800999221802 0.0235225086212
v -0.00538973999023 0.0800999221802 0.0236923408508
v -0.00528140115738 0.0800999221802 0.0203829307556
v -0.00528140115738 0.0800999221802 0.0237176017761
v -0.00549619483948 0.0800999221802 0.0236600475311
v -0.00494974756241 0.0800999221802 0.0237502670288
v -0.0050609331131 0.0800999221802 0.0203539066315
v -0.0050609331131 0.0800999221802 0.0237466259003
v -0.00483856201172 0.0800999221802 0.0203539066315
v -0.00472785282135 0.0800999221802 0.0203648090363
v -0.00472785282135 0.0800999221802 0.0237357215881
v -0.00494974756241 0.0800999221802 0.0203502655029
v -0.00483856201172 0.0800999221802 0.0237466259003
v -0.00517164230347 0.0800999221802 0.0203648090363
v -0.00517164230347 0.0800999221802 0.0237357215881
v -0.00598464202881 0.0800999221802 0.0233989658356
v -0.00450975513458 0.0800999221802 0.0236923408508
v -0.00440330028534 0.0800999221802 0.0204404850006
v -0.00450975513458 0.0800999221802 0.0204081916809
v -0.00440330028534 0.0800999221802 0.0236600475311
v -0.00409974765778 0.0800999221802 0.0235225086212
v -0.00419785690308 0.0800999221802 0.0205255813599
v -0.00419785690308 0.0800999221802 0.0235749492645
v -0.00429918575287 0.0800999221802 0.0204796714783
v -0.00429918575287 0.0800999221802 0.0236208610535
v -0.0040052781105 0.0800999221802 0.0206367683411
v -0.00391485309601 0.0800999221802 0.0207015647888
v -0.00391485309601 0.0800999221802 0.0233989658356
v -0.00367161989212 0.0800999221802 0.0209293785095
v -0.00367161989212 0.0800999221802 0.0231711540222
v -0.00374766588211 0.0800999221802 0.0208481845856
v -0.00374766588211 0.0800999221802 0.0232523479462
v -0.00382885956764 0.0800999221802 0.0207721385956
v -0.00382885956764 0.0800999221802 0.0233283939362
v -0.00409974765778 0.0800999221802 0.0205780220032
v -0.0040052781105 0.0800999221802 0.0234637641907
v -0.00353624916077 0.0800999221802 0.021105796814
v -0.00353624916077 0.0800999221802 0.0229947357178
v -0.0034250638485 0.0800999221802 0.0228021564484
v -0.00337915229797 0.0800999221802 0.0213997039795
v -0.0034250638485 0.0800999221802 0.0212983760834
v -0.00337915229797 0.0800999221802 0.0227008285522
v -0.00347750425339 0.0800999221802 0.0212002658844
v -0.00347750425339 0.0800999221802 0.0229002666473
v -0.00328241252899 0.0800999221802 0.0217186126709
v -0.00328241252899 0.0800999221802 0.0223819198608
v -0.0033076736927 0.0800999221802 0.0216102733612
v -0.0033076736927 0.0800999221802 0.0224902591705
v -0.00324974751472 0.0800999221802 0.0220502662659
v -0.00325338745117 0.0800999221802 0.0221614513397
v -0.00326429128647 0.0800999221802 0.021828371048
v -0.00325338745117 0.0800999221802 0.021939081192
v -0.00326429128647 0.0800999221802 0.0222721614838
v -0.00333996629715 0.0800999221802 0.0225967140198
v -0.00360104703903 0.0800999221802 0.0210153713226
v -0.00333996629715 0.0800999221802 0.021503818512
v -0.00360104703903 0.0800999221802 0.0230851612091
v -0.00461809396744 0.0800999221802 0.0203829307556
v -0.00461809396744 0.0800999221802 0.0237176017761
v -0.00574513101578 0.0612999229431 0.0250462589264
v -0.00714177846909 0.0612999229431 0.0198582344055
v -0.00555452728271 0.0612999229431 0.0250907001495
v -0.00535437870026 0.0612999229431 0.0251237449646
v -0.00699371957779 0.0612999229431 0.0197195625305
v -0.00667201519012 0.0612999229431 0.0194727096558
v -0.00683690786362 0.0612999229431 0.0195908699036
v -0.00649974727631 0.0612999229431 0.0193655872345
v -0.00632084274292 0.0612999229431 0.0192699604034
v -0.00494974756241 0.0612999229431 0.0251502666473
v -0.00515249729156 0.0612999229431 0.0251436290741
v -0.00613606643677 0.0612999229431 0.0191862392426
v -0.00594620990753 0.0612999229431 0.0191147823334
v -0.00515249729156 0.0612999229431 0.0189569034576
v -0.00535437870026 0.0612999229431 0.0189767875671
v -0.00555452728271 0.0612999229431 0.0190098323822
v -0.0057520866394 0.0612999229431 0.019055896759
v -0.00376342892647 0.0612999229431 0.0191862392426
v -0.00395328521729 0.0612999229431 0.0191147823334
v -0.00414740848541 0.0612999229431 0.019055896759
v -0.0043449678421 0.0612999229431 0.0190098323822
v -0.00454511642456 0.0612999229431 0.0189767875671
v -0.00474699783325 0.0612999229431 0.0189569034576
v -0.00494974756241 0.0612999229431 0.0189502658844
v -0.00474699783325 0.0612999229431 0.0251436290741
v -0.00454511642456 0.0612999229431 0.0251237449646
v -0.0043449678421 0.0612999229431 0.0250907001495
v -0.00357865262032 0.0612999229431 0.0192699604034
v -0.00414740848541 0.0612999229431 0.0250446357727
v -0.00395328521729 0.0612999229431 0.0249857501984
v -0.00339974761009 0.0612999229431 0.0193655872345
v -0.00376342892647 0.0612999229431 0.0249142932892
v -0.00357865262032 0.0612999229431 0.0248305721283
v -0.00322747993469 0.0612999229431 0.0194727096558
v -0.0030625872612 0.0612999229431 0.0195908699036
v -0.00339974761009 0.0612999229431 0.0247349452972
v -0.00322747993469 0.0612999229431 0.0246278209686
v -0.00275771665573 0.0612999229431 0.0242422962189
v -0.00290577554703 0.0612999229431 0.0243809700012
v -0.0030625872612 0.0612999229431 0.0245096607208
v -0.00237219190598 0.0612999229431 0.0237725334167
v -0.0024903523922 0.0612999229431 0.0239374256134
v -0.00261904430389 0.0612999229431 0.0240942382812
v -0.00226506900787 0.0612999229431 0.0236002655029
v -0.00216944217682 0.0612999229431 0.0234213619232
v -0.00208572125435 0.0612999229431 0.0232365856171
v -0.00201426434517 0.0612999229431 0.0210538043976
v -0.00184974765778 0.0612999229431 0.0220502662659
v -0.0018563849926 0.0612999229431 0.0218475170135
v -0.0018563849926 0.0612999229431 0.0222530155182
v -0.00187626862526 0.0612999229431 0.0216456356049
v -0.00187626862526 0.0612999229431 0.0224548969269
v -0.00195537757874 0.0612999229431 0.021247926712
v -0.00190931344032 0.0612999229431 0.0214454860687
v -0.00190931344032 0.0612999229431 0.022655046463
v -0.00195537757874 0.0612999229431 0.0228526058197
v -0.00201426434517 0.0612999229431 0.0230467281342
v -0.00290577554703 0.0612999229431 0.0197195625305
v -0.00275771665573 0.0612999229431 0.0198582344055
v -0.00261904430389 0.0612999229431 0.0200062942505
v -0.00208572125435 0.0612999229431 0.0208639469147
v -0.0024903523922 0.0612999229431 0.020163105011
v -0.00216944217682 0.0612999229431 0.0206791706085
v -0.00237219190598 0.0612999229431 0.020327999115
v -0.00226506900787 0.0612999229431 0.0205002651215
v -0.00728045082092 0.0612999229431 0.0200062942505
v -0.0057520866394 0.0612999229431 0.0250446357727
v -0.00763442611694 0.0612999229431 0.0205002651215
v -0.007730052948 0.0612999229431 0.0206791706085
v -0.0074091424942 0.0612999229431 0.020163105011
v -0.00752730321884 0.0612999229431 0.020327999115
v -0.00613606643677 0.0612999229431 0.0249142932892
v -0.00594620990753 0.0612999229431 0.0249857501984
v -0.00804974746704 0.0612999229431 0.0220502662659
v -0.00802322673798 0.0612999229431 0.0216456356049
v -0.0080431098938 0.0612999229431 0.0218475170135
v -0.00781377410889 0.0612999229431 0.0208639469147
v -0.00788523101807 0.0612999229431 0.0210538043976
v -0.00794411754608 0.0612999229431 0.021247926712
v -0.00799018192291 0.0612999229431 0.0214454860687
v -0.0074091424942 0.0612999229431 0.0239374256134
v -0.00728045082092 0.0612999229431 0.0240942382812
v -0.00714177846909 0.0612999229431 0.0242422962189
v -0.00632084274292 0.0612999229431 0.0248305721283
v -0.00649974727631 0.0612999229431 0.0247349452972
v -0.00699371957779 0.0612999229431 0.0243809700012
v -0.00683690786362 0.0612999229431 0.0245096607208
v -0.00667201519012 0.0612999229431 0.0246278209686
v -0.0080431098938 0.0612999229431 0.0222530155182
v -0.00752730321884 0.0612999229431 0.0237725334167
v -0.00802322673798 0.0612999229431 0.0224548969269
v -0.00763442611694 0.0612999229431 0.0236002655029
v -0.007730052948 0.0612999229431 0.0234213619232
v -0.00799018192291 0.0612999229431 0.022655046463
v -0.00781377410889 0.0612999229431 0.0232365856171
v -0.00794411754608 0.0612999229431 0.0228526058197
v -0.00788523101807 0.0612999229431 0.0230467281342
v -0.00494974756241 0.0644999237061 0.0237502670288
v -0.00483856201172 0.0644999237061 0.0237466259003
v -0.00472785282135 0.0644999237061 0.0237357215881
v -0.00461809396744 0.0644999237061 0.0237176017761
v -0.00450975513458 0.0644999237061 0.0236923408508
v -0.00440330028534 0.0644999237061 0.0236600475311
v -0.00429918575287 0.0644999237061 0.0236208610535
v -0.00419785690308 0.0644999237061 0.0235749492645
v -0.00409974765778 0.0644999237061 0.0235225086212
v -0.0040052781105 0.0644999237061 0.0234637641907
v -0.00391485309601 0.0644999237061 0.0233989658356
v -0.00382885956764 0.0644999237061 0.0233283939362
v -0.00374766588211 0.0644999237061 0.0232523479462
v -0.00367161989212 0.0644999237061 0.0231711540222
v -0.00360104703903 0.0644999237061 0.0230851612091
v -0.00353624916077 0.0644999237061 0.0229947357178
v -0.00347750425339 0.0644999237061 0.0229002666473
v -0.0034250638485 0.0644999237061 0.0228021564484
v -0.00337915229797 0.0644999237061 0.0227008285522
v -0.00333996629715 0.0644999237061 0.0225967140198
v -0.0033076736927 0.0644999237061 0.0224902591705
v -0.00328241252899 0.0644999237061 0.0223819198608
v -0.00326429128647 0.0644999237061 0.0222721614838
v -0.00325338745117 0.0644999237061 0.0221614513397
v -0.00324974751472 0.0644999237061 0.0220502662659
v -0.00325338745117 0.0644999237061 0.021939081192
v -0.00326429128647 0.0644999237061 0.021828371048
v -0.00328241252899 0.0644999237061 0.0217186126709
v -0.0033076736927 0.0644999237061 0.0216102733612
v -0.00333996629715 0.0644999237061 0.021503818512
v -0.00337915229797 0.0644999237061 0.0213997039795
v -0.0034250638485 0.0644999237061 0.0212983760834
v -0.00347750425339 0.0644999237061 0.0212002658844
v -0.00353624916077 0.0644999237061 0.021105796814
v -0.00360104703903 0.0644999237061 0.0210153713226
v -0.00367161989212 0.0644999237061 0.0209293785095
v -0.00374766588211 0.0644999237061 0.0208481845856
v -0.00382885956764 0.0644999237061 0.0207721385956
v -0.00391485309601 0.0644999237061 0.0207015647888
v -0.0040052781105 0.0644999237061 0.0206367683411
v -0.00409974765778 0.0644999237061 0.0205780220032
v -0.00419785690308 0.0644999237061 0.0205255813599
v -0.00429918575287 0.0644999237061 0.0204796714783
v -0.00440330028534 0.0644999237061 0.0204404850006
v -0.00450975513458 0.0644999237061 0.0204081916809
v -0.00461809396744 0.0644999237061 0.0203829307556
v -0.00472785282135 0.0644999237061 0.0203648090363
v -0.00483856201172 0.0644999237061 0.0203539066315
v -0.00494974756241 0.0644999237061 0.0203502655029
v -0.0050609331131 0.0644999237061 0.0203539066315
v -0.00517164230347 0.0644999237061 0.0203648090363
v -0.00528140115738 0.0644999237061 0.0203829307556
v -0.00538973999023 0.0644999237061 0.0204081916809
v -0.00549619483948 0.0644999237061 0.0204404850006
v -0.00560030937195 0.0644999237061 0.0204796714783
v -0.00570163822174 0.0644999237061 0.0205255813599
v -0.00579974746704 0.0644999237061 0.0205780220032
v -0.00589421701431 0.0644999237061 0.0206367683411
v -0.00598464202881 0.0644999237061 0.0207015647888
v -0.00607063579559 0.0644999237061 0.0207721385956
v -0.00615182924271 0.0644999237061 0.0208481845856
v -0.0062278752327 0.0644999237061 0.0209293785095
v -0.00629844808578 0.0644999237061 0.0210153713226
v -0.00636324596405 0.0644999237061 0.021105796814
v -0.00642199087143 0.0644999237061 0.0212002658844
v -0.0064744310379 0.0644999237061 0.0212983760834
v -0.00652034282684 0.0644999237061 0.0213997039795
v -0.00655952882767 0.0644999237061 0.021503818512
v -0.00659182167053 0.0644999237061 0.0216102733612
v -0.00661708259583 0.0644999237061 0.0217186126709
v -0.00663520383835 0.0644999237061 0.021828371048
v -0.00664610767365 0.0644999237061 0.021939081192
v -0.00664974784851 0.0644999237061 0.0220502662659
v -0.00664610767365 0.0644999237061 0.0221614513397
v -0.00663520383835 0.0644999237061 0.0222721614838
v -0.00661708259583 0.0644999237061 0.0223819198608
v -0.00659182167053 0.0644999237061 0.0224902591705
v -0.00655952882767 0.0644999237061 0.0225967140198
v -0.00652034282684 0.0644999237061 0.0227008285522
v -0.0064744310379 0.0644999237061 0.0228021564484
v -0.00642199087143 0.0644999237061 0.0229002666473
v -0.00636324596405 0.0644999237061 0.0229947357178
v -0.00629844808578 0.0644999237061 0.0230851612091
v -0.0062278752327 0.0644999237061 0.0231711540222
v -0.00615182924271 0.0644999237061 0.0232523479462
v -0.00607063579559 0.0644999237061 0.0233283939362
v -0.00598464202881 0.0644999237061 0.0233989658356
v -0.00589421701431 0.0644999237061 0.0234637641907
v -0.00579974746704 0.0644999237061 0.0235225086212
v -0.00570163822174 0.0644999237061 0.0235749492645
v -0.00560030937195 0.0644999237061 0.0236208610535
v -0.00549619483948 0.0644999237061 0.0236600475311
v -0.00538973999023 0.0644999237061 0.0236923408508
v -0.00528140115738 0.0644999237061 0.0237176017761
v -0.00517164230347 0.0644999237061 0.0237357215881
v -0.0050609331131 0.0644999237061 0.0237466259003
v -0.00659182167053 0.0800999221802 0.0323897514343
v -0.00655952882767 0.0800999221802 0.0324962081909
v -0.00652034282684 0.0800999221802 0.0326003227234
v -0.0064744310379 0.0800999221802 0.0327016525269
v -0.00636324596405 0.0800999221802 0.0328942298889
v -0.00642137908936 0.0800999221802 0.032800743103
v -0.00642199087143 0.0800999221802 0.0327997589111
v -0.00629844808578 0.0800999221802 0.0329846534729
v -0.0062278752327 0.0800999221802 0.0330706481934
v -0.00607063579559 0.0800999221802 0.0332278862
v -0.00615182924271 0.0800999221802 0.03315184021
v -0.00589421701431 0.0800999221802 0.0333632583618
v -0.00570163822174 0.0800999221802 0.033474445343
v -0.00579974746704 0.0800999221802 0.0334220046997
v -0.00598464202881 0.0800999221802 0.0332984619141
v -0.00664974784851 0.0800999221802 0.031949760437
v -0.00664610767365 0.0800999221802 0.0318385753632
v -0.00664610767365 0.0800999221802 0.0320609474182
v -0.00661708259583 0.0800999221802 0.031618106842
v -0.00661708259583 0.0800999221802 0.032281414032
v -0.00663520383835 0.0800999221802 0.0317278652191
v -0.00663520383835 0.0800999221802 0.0321716537476
v -0.00655952882767 0.0800999221802 0.0314033126831
v -0.0064744310379 0.0800999221802 0.0311978702545
v -0.00652034282684 0.0800999221802 0.0312991981506
v -0.00636324596405 0.0800999221802 0.0310052909851
v -0.00615182924271 0.0800999221802 0.0307476787567
v -0.0062278752327 0.0800999221802 0.0308288726807
v -0.00629844808578 0.0800999221802 0.0309148654938
v -0.00642199087143 0.0800999221802 0.0310997600555
v -0.00659182167053 0.0800999221802 0.0315097675323
v -0.00579974746704 0.0800999221802 0.0304775161743
v -0.00589421701431 0.0800999221802 0.0305362625122
v -0.00598464202881 0.0800999221802 0.03060105896
v -0.00560030937195 0.0800999221802 0.0303791656494
v -0.00560030937195 0.0800999221802 0.0335203552246
v -0.00549619483948 0.0800999221802 0.0303399791718
v -0.00570163822174 0.0800999221802 0.0304250774384
v -0.00528140115738 0.0800999221802 0.0336170959473
v -0.00538973999023 0.0800999221802 0.0303076858521
v -0.00538973999023 0.0800999221802 0.033591835022
v -0.0050609331131 0.0800999221802 0.0302534008026
v -0.00517164230347 0.0800999221802 0.0302643032074
v -0.0050609331131 0.0800999221802 0.0336461219788
v -0.00528140115738 0.0800999221802 0.0302824249268
v -0.00517164230347 0.0800999221802 0.0336352157593
v -0.00549619483948 0.0800999221802 0.0335595397949
v -0.00607063579559 0.0800999221802 0.0306716327667
v -0.00483856201172 0.0800999221802 0.0302534008026
v -0.00483856201172 0.0800999221802 0.0336461219788
v -0.00461809396744 0.0800999221802 0.0302824249268
v -0.00461809396744 0.0800999221802 0.0336170959473
v -0.00472785282135 0.0800999221802 0.0302643032074
v -0.00472785282135 0.0800999221802 0.0336352157593
v -0.00429918575287 0.0800999221802 0.0335203552246
v -0.00440330028534 0.0800999221802 0.0303399791718
v -0.00440330028534 0.0800999221802 0.0335595397949
v -0.00409974765778 0.0800999221802 0.0304775161743
v -0.00419785690308 0.0800999221802 0.0304250774384
v -0.00409974765778 0.0800999221802 0.0334220046997
v -0.00429918575287 0.0800999221802 0.0303791656494
v -0.00419785690308 0.0800999221802 0.033474445343
v -0.00450975513458 0.0800999221802 0.0303076858521
v -0.00450975513458 0.0800999221802 0.033591835022
v -0.00391485309601 0.0800999221802 0.03060105896
v -0.00391485309601 0.0800999221802 0.0332984619141
v -0.00367161989212 0.0800999221802 0.0330706481934
v -0.00374766588211 0.0800999221802 0.0307476787567
v -0.00374766588211 0.0800999221802 0.03315184021
v -0.00382885956764 0.0800999221802 0.0306716327667
v -0.00382885956764 0.0800999221802 0.0332278862
v -0.00353624916077 0.0800999221802 0.0328942298889
v -0.0034250638485 0.0800999221802 0.0327016525269
v -0.00347750425339 0.0800999221802 0.0327997589111
v -0.00333996629715 0.0800999221802 0.0324962081909
v -0.00328241252899 0.0800999221802 0.032281414032
v -0.0033076736927 0.0800999221802 0.0323897514343
v -0.00337915229797 0.0800999221802 0.0326003227234
v -0.00360104703903 0.0800999221802 0.0329846534729
v -0.0040052781105 0.0800999221802 0.0333632583618
v -0.0040052781105 0.0800999221802 0.0305362625122
v -0.00494974756241 0.0800999221802 0.0336497612
v -0.00494974756241 0.0800999221802 0.0302497596741
v -0.00367161989212 0.0800999221802 0.0308288726807
v -0.00326429128647 0.0800999221802 0.0321716537476
v -0.00360104703903 0.0800999221802 0.0309148654938
v -0.00325338745117 0.0800999221802 0.0320609474182
v -0.00353624916077 0.0800999221802 0.0310052909851
v -0.00324974751472 0.0800999221802 0.031949760437
v -0.00347750425339 0.0800999221802 0.0310997600555
v -0.0034250638485 0.0800999221802 0.0311978702545
v -0.00325338745117 0.0800999221802 0.0318385753632
v -0.00326429128647 0.0800999221802 0.0317278652191
v -0.00337915229797 0.0800999221802 0.0312991981506
v -0.00328241252899 0.0800999221802 0.031618106842
v -0.0033076736927 0.0800999221802 0.0315097675323
v -0.00333996629715 0.0800999221802 0.0314033126831
v -0.00752730321884 0.0612999229431 0.0336720275879
v -0.0074091424942 0.0612999229431 0.0338369216919
v -0.00728045082092 0.0612999229431 0.0339937324524
v -0.0057520866394 0.0612999229431 0.0289553909302
v -0.00535437870026 0.0612999229431 0.0288762817383
v -0.00555452728271 0.0612999229431 0.0289093265533
v -0.00594620990753 0.0612999229431 0.0290142765045
v -0.00613606643677 0.0612999229431 0.0290857334137
v -0.00714177846909 0.0612999229431 0.0341417922974
v -0.00699371957779 0.0612999229431 0.0342804641724
v -0.00685873699188 0.0612999229431 0.0343912391663
v -0.00494974756241 0.0612999229431 0.0288497600555
v -0.00515249729156 0.0612999229431 0.0288563976288
v -0.00454511642456 0.0612999229431 0.0288762817383
v -0.00474699783325 0.0612999229431 0.0288563976288
v -0.00474699783325 0.0612999229431 0.0350431213379
v -0.00454511642456 0.0612999229431 0.0350232391357
v -0.00414740848541 0.0612999229431 0.0289553909302
v -0.00395328521729 0.0612999229431 0.0290142765045
v -0.00395328521729 0.0612999229431 0.0348852424622
v -0.00414740848541 0.0612999229431 0.0349441299438
v -0.0043449678421 0.0612999229431 0.0289093265533
v -0.0043449678421 0.0612999229431 0.0349901924133
v -0.0056106543541 0.0612999229431 0.0349771080017
v -0.00555452728271 0.0612999229431 0.0349901924133
v -0.00535437870026 0.0612999229431 0.0350232391357
v -0.00515249729156 0.0612999229431 0.0350431213379
v -0.00494974756241 0.0612999229431 0.0350497589111
v -0.00322747993469 0.0612999229431 0.0293722038269
v -0.0030625872612 0.0612999229431 0.0294903659821
v -0.00290577554703 0.0612999229431 0.0296190567017
v -0.0024903523922 0.0612999229431 0.0300625991821
v -0.00275771665573 0.0612999229431 0.0297577285767
v -0.00261904430389 0.0612999229431 0.0299057884216
v -0.00195537757874 0.0612999229431 0.0311474208832
v -0.00201426434517 0.0612999229431 0.0309532985687
v -0.00216944217682 0.0612999229431 0.0305786647797
v -0.00208572125435 0.0612999229431 0.0307634410858
v -0.00226506900787 0.0612999229431 0.0303997612
v -0.00237219190598 0.0612999229431 0.0302274932861
v -0.00190931344032 0.0612999229431 0.0313449802399
v -0.00187626862526 0.0612999229431 0.031545129776
v -0.0018563849926 0.0612999229431 0.0317470111847
v -0.00184974765778 0.0612999229431 0.031949760437
v -0.0018563849926 0.0612999229431 0.0321525115967
v -0.00187626862526 0.0612999229431 0.0323543930054
v -0.00190931344032 0.0612999229431 0.0325545387268
v -0.00195537757874 0.0612999229431 0.0327520980835
v -0.00201426434517 0.0612999229431 0.0329462242126
v -0.00208572125435 0.0612999229431 0.0331360778809
v -0.00216944217682 0.0612999229431 0.033320854187
v -0.00226506900787 0.0612999229431 0.0334997596741
v -0.00237219190598 0.0612999229431 0.0336720275879
v -0.0024903523922 0.0612999229431 0.0338369216919
v -0.00261904430389 0.0612999229431 0.0339937324524
v -0.00376342892647 0.0612999229431 0.0290857334137
v -0.00357865262032 0.0612999229431 0.0291694545746
v -0.00339974761009 0.0612999229431 0.0292650814056
v -0.00275771665573 0.0612999229431 0.0341417922974
v -0.00290577554703 0.0612999229431 0.0342804641724
v -0.0030625872612 0.0612999229431 0.0344091567993
v -0.00322747993469 0.0612999229431 0.0345273170471
v -0.00339974761009 0.0612999229431 0.034634437561
v -0.00357865262032 0.0612999229431 0.0347300643921
v -0.00376342892647 0.0612999229431 0.034813785553
v -0.00784609365463 0.0612999229431 0.0330502090454
v -0.00781377410889 0.0612999229431 0.0331360778809
v -0.00763442611694 0.0612999229431 0.0334997596741
v -0.007730052948 0.0612999229431 0.033320854187
v -0.00667201519012 0.0612999229431 0.0293722038269
v -0.00649974727631 0.0612999229431 0.0292650814056
v -0.00632084274292 0.0612999229431 0.0291694545746
v -0.00683690786362 0.0612999229431 0.0294903659821
v -0.00693219470978 0.0612999229431 0.0295685653687
v -0.0057520866394 0.0612999229431 0.0349441299438
v -0.00683690786362 0.0612999229431 0.0344091567993
v -0.00667201519012 0.0612999229431 0.0345273170471
v -0.00594620990753 0.0612999229431 0.0348852424622
v -0.00613606643677 0.0612999229431 0.034813785553
v -0.00632084274292 0.0612999229431 0.0347300643921
v -0.00649974727631 0.0612999229431 0.034634437561
v -0.00799018192291 0.0612999229431 0.0325545387268
v -0.00802322673798 0.0612999229431 0.0323543930054
v -0.00794411754608 0.0612999229431 0.0327520980835
v -0.00788523101807 0.0612999229431 0.0329462242126
v -0.00699371957779 0.0612999229431 0.0296190567017
v -0.00714177846909 0.0612999229431 0.0297577285767
v -0.0080431098938 0.0612999229431 0.0317470111847
v -0.00804974746704 0.0612999229431 0.031949760437
v -0.0080431098938 0.0612999229431 0.0321525115967
v -0.00802322673798 0.0612999229431 0.031545129776
v -0.00794411754608 0.0612999229431 0.0311474208832
v -0.00799018192291 0.0612999229431 0.0313449802399
v -0.00781377410889 0.0612999229431 0.0307634410858
v -0.00763442611694 0.0612999229431 0.0303997612
v -0.007730052948 0.0612999229431 0.0305786647797
v -0.0074091424942 0.0612999229431 0.0300625991821
v -0.00728045082092 0.0612999229431 0.0299057884216
v -0.00752730321884 0.0612999229431 0.0302274932861
v -0.00788523101807 0.0612999229431 0.0309532985687
v -0.00494974756241 0.0644999237061 0.0336497612
v -0.00483856201172 0.0644999237061 0.0336461219788
v -0.00472785282135 0.0644999237061 0.0336352157593
v -0.00461809396744 0.0644999237061 0.0336170959473
v -0.00450975513458 0.0644999237061 0.033591835022
v -0.00440330028534 0.0644999237061 0.0335595397949
v -0.00429918575287 0.0644999237061 0.0335203552246
v -0.00419785690308 0.0644999237061 0.033474445343
v -0.00409974765778 0.0644999237061 0.0334220046997
v -0.0040052781105 0.0644999237061 0.0333632583618
v -0.00391485309601 0.0644999237061 0.0332984619141
v -0.00382885956764 0.0644999237061 0.0332278862
v -0.00374766588211 0.0644999237061 0.03315184021
v -0.00367161989212 0.0644999237061 0.0330706481934
v -0.00360104703903 0.0644999237061 0.0329846534729
v -0.00353624916077 0.0644999237061 0.0328942298889
v -0.00347750425339 0.0644999237061 0.0327997589111
v -0.0034250638485 0.0644999237061 0.0327016525269
v -0.00337915229797 0.0644999237061 0.0326003227234
v -0.00333996629715 0.0644999237061 0.0324962081909
v -0.0033076736927 0.0644999237061 0.0323897514343
v -0.00328241252899 0.0644999237061 0.032281414032
v -0.00326429128647 0.0644999237061 0.0321716537476
v -0.00325338745117 0.0644999237061 0.0320609474182
v -0.00324974751472 0.0644999237061 0.031949760437
v -0.00325338745117 0.0644999237061 0.0318385753632
v -0.00326429128647 0.0644999237061 0.0317278652191
v -0.00328241252899 0.0644999237061 0.031618106842
v -0.0033076736927 0.0644999237061 0.0315097675323
v -0.00333996629715 0.0644999237061 0.0314033126831
v -0.00337915229797 0.0644999237061 0.0312991981506
v -0.0034250638485 0.0644999237061 0.0311978702545
v -0.00347750425339 0.0644999237061 0.0310997600555
v -0.00353624916077 0.0644999237061 0.0310052909851
v -0.00360104703903 0.0644999237061 0.0309148654938
v -0.00367161989212 0.0644999237061 0.0308288726807
v -0.00374766588211 0.0644999237061 0.0307476787567
v -0.00382885956764 0.0644999237061 0.0306716327667
v -0.00391485309601 0.0644999237061 0.03060105896
v -0.0040052781105 0.0644999237061 0.0305362625122
v -0.00409974765778 0.0644999237061 0.0304775161743
v -0.00419785690308 0.0644999237061 0.0304250774384
v -0.00429918575287 0.0644999237061 0.0303791656494
v -0.00440330028534 0.0644999237061 0.0303399791718
v -0.00450975513458 0.0644999237061 0.0303076858521
v -0.00461809396744 0.0644999237061 0.0302824249268
v -0.00472785282135 0.0644999237061 0.0302643032074
v -0.00483856201172 0.0644999237061 0.0302534008026
v -0.00494974756241 0.0644999237061 0.0302497596741
v -0.0050609331131 0.0644999237061 0.0302534008026
v -0.00517164230347 0.0644999237061 0.0302643032074
v -0.00528140115738 0.0644999237061 0.0302824249268
v -0.00538973999023 0.0644999237061 0.0303076858521
v -0.00549619483948 0.0644999237061 0.0303399791718
v -0.00560030937195 0.0644999237061 0.0303791656494
v -0.00570163822174 0.0644999237061 0.0304250774384
v -0.00579974746704 0.0644999237061 0.0304775161743
v -0.00589421701431 0.0644999237061 0.0305362625122
v -0.00598464202881 0.0644999237061 0.03060105896
v -0.00607063579559 0.0644999237061 0.0306716327667
v -0.00615182924271 0.0644999237061 0.0307476787567
v -0.0062278752327 0.0644999237061 0.0308288726807
v -0.00629844808578 0.0644999237061 0.0309148654938
v -0.00636324596405 0.0644999237061 0.0310052909851
v -0.00642199087143 0.0644999237061 0.0310997600555
v -0.0064744310379 0.0644999237061 0.0311978702545
v -0.00652034282684 0.0644999237061 0.0312991981506
v -0.00655952882767 0.0644999237061 0.0314033126831
v -0.00659182167053 0.0644999237061 0.0315097675323
v -0.00661708259583 0.0644999237061 0.031618106842
v -0.00663520383835 0.0644999237061 0.0317278652191
v -0.00664610767365 0.0644999237061 0.0318385753632
v -0.00664974784851 0.0644999237061 0.031949760437
v -0.00664610767365 0.0644999237061 0.0320609474182
v -0.00663520383835 0.0644999237061 0.0321716537476
v -0.00661708259583 0.0644999237061 0.032281414032
v -0.00659182167053 0.0644999237061 0.0323897514343
v -0.00655952882767 0.0644999237061 0.0324962081909
v -0.00652034282684 0.0644999237061 0.0326003227234
v -0.0064744310379 0.0644999237061 0.0327016525269
v -0.00642199087143 0.0644999237061 0.0327997589111
v -0.00636324596405 0.0644999237061 0.0328942298889
v -0.00629844808578 0.0644999237061 0.0329846534729
v -0.0062278752327 0.0644999237061 0.0330706481934
v -0.00615182924271 0.0644999237061 0.03315184021
v -0.00607063579559 0.0644999237061 0.0332278862
v -0.00598464202881 0.0644999237061 0.0332984619141
v -0.00589421701431 0.0644999237061 0.0333632583618
v -0.00579974746704 0.0644999237061 0.0334220046997
v -0.00570163822174 0.0644999237061 0.033474445343
v -0.00560030937195 0.0644999237061 0.0335203552246
v -0.00549619483948 0.0644999237061 0.0335595397949
v -0.00538973999023 0.0644999237061 0.033591835022
v -0.00528140115738 0.0644999237061 0.0336170959473
v -0.00517164230347 0.0644999237061 0.0336352157593
v -0.0050609331131 0.0644999237061 0.0336461219788
v 0.00579974746704 0.0800999221802 0.0205780239105
v 0.00570163822174 0.0800999221802 0.0205255832672
v 0.00598464202881 0.0800999221802 0.0207015666962
v 0.00615182924271 0.0800999221802 0.0208481845856
v 0.00607063579559 0.0800999221802 0.0207721385956
v 0.00589421701431 0.0800999221802 0.0206367683411
v 0.00629844808578 0.0800999221802 0.0210153713226
v 0.00642137908936 0.0800999221802 0.0211992816925
v 0.00642199087143 0.0800999221802 0.0212002658844
v 0.00636324596405 0.0800999221802 0.021105796814
v 0.00652034282684 0.0800999221802 0.0213997039795
v 0.00659182167053 0.0800999221802 0.0216102733612
v 0.00655952882767 0.0800999221802 0.021503818512
v 0.0064744310379 0.0800999221802 0.0212983760834
v 0.0062278752327 0.0800999221802 0.0209293785095
v 0.00324974751472 0.0800999221802 0.0220502662659
v 0.00326429128647 0.0800999221802 0.021828371048
v 0.00325338745117 0.0800999221802 0.021939081192
v 0.00325338745117 0.0800999221802 0.0221614513397
v 0.0033076736927 0.0800999221802 0.0216102733612
v 0.0033076736927 0.0800999221802 0.0224902591705
v 0.00328241252899 0.0800999221802 0.0217186126709
v 0.00328241252899 0.0800999221802 0.0223819198608
v 0.00326429128647 0.0800999221802 0.0222721614838
v 0.00337915229797 0.0800999221802 0.0213997039795
v 0.00337915229797 0.0800999221802 0.0227008285522
v 0.00347750425339 0.0800999221802 0.0229002666473
v 0.00353624916077 0.0800999221802 0.021105796814
v 0.00347750425339 0.0800999221802 0.0212002658844
v 0.00353624916077 0.0800999221802 0.0229947357178
v 0.0034250638485 0.0800999221802 0.0212983760834
v 0.0034250638485 0.0800999221802 0.0228021564484
v 0.00360104703903 0.0800999221802 0.0210153713226
v 0.00333996629715 0.0800999221802 0.021503818512
v 0.00333996629715 0.0800999221802 0.0225967140198
v 0.00374766588211 0.0800999221802 0.0232523479462
v 0.00367161989212 0.0800999221802 0.0209293785095
v 0.00367161989212 0.0800999221802 0.0231711540222
v 0.00382885956764 0.0800999221802 0.0207721385956
v 0.00391485309601 0.0800999221802 0.0207015666962
v 0.00391485309601 0.0800999221802 0.0233989677429
v 0.00374766588211 0.0800999221802 0.0208481845856
v 0.00382885956764 0.0800999221802 0.0233283939362
v 0.00409974765778 0.0800999221802 0.0235225105286
v 0.00419785690308 0.0800999221802 0.0205255832672
v 0.00409974765778 0.0800999221802 0.0205780239105
v 0.00419785690308 0.0800999221802 0.0235749492645
v 0.00450975513458 0.0800999221802 0.0236923408508
v 0.00440330028534 0.0800999221802 0.0204404850006
v 0.00440330028534 0.0800999221802 0.0236600475311
v 0.00429918575287 0.0800999221802 0.0204796714783
v 0.00429918575287 0.0800999221802 0.0236208610535
v 0.0040052781105 0.0800999221802 0.0206367683411
v 0.0040052781105 0.0800999221802 0.0234637641907
v 0.00450975513458 0.0800999221802 0.0204081935883
v 0.00360104703903 0.0800999221802 0.0230851612091
v 0.00461809396744 0.0800999221802 0.0203829307556
v 0.00472785282135 0.0800999221802 0.0203648109436
v 0.00472785282135 0.0800999221802 0.0237357234955
v 0.0050609331131 0.0800999221802 0.0203539066315
v 0.0050609331131 0.0800999221802 0.0237466259003
v 0.00494974756241 0.0800999221802 0.0203502674103
v 0.00494974756241 0.0800999221802 0.0237502670288
v 0.00483856201172 0.0800999221802 0.0203539066315
v 0.00483856201172 0.0800999221802 0.0237466259003
v 0.00528140115738 0.0800999221802 0.0203829307556
v 0.00528140115738 0.0800999221802 0.0237176017761
v 0.00549619483948 0.0800999221802 0.0236600475311
v 0.00560030937195 0.0800999221802 0.0204796714783
v 0.00549619483948 0.0800999221802 0.0204404850006
v 0.00560030937195 0.0800999221802 0.0236208610535
v 0.00538973999023 0.0800999221802 0.0204081935883
v 0.00538973999023 0.0800999221802 0.0236923408508
v 0.00517164230347 0.0800999221802 0.0203648109436
v 0.00517164230347 0.0800999221802 0.0237357234955
v 0.00589421701431 0.0800999221802 0.0234637641907
v 0.00579974746704 0.0800999221802 0.0235225105286
v 0.00607063579559 0.0800999221802 0.0233283939362
v 0.00598464202881 0.0800999221802 0.0233989677429
v 0.00629844808578 0.0800999221802 0.0230851612091
v 0.0062278752327 0.0800999221802 0.0231711540222
v 0.0064744310379 0.0800999221802 0.0228021564484
v 0.00642199087143 0.0800999221802 0.0229002666473
v 0.00636324596405 0.0800999221802 0.0229947357178
v 0.00615182924271 0.0800999221802 0.0232523479462
v 0.00655952882767 0.0800999221802 0.0225967140198
v 0.00661708259583 0.0800999221802 0.0223819198608
v 0.00659182167053 0.0800999221802 0.0224902591705
v 0.00663520383835 0.0800999221802 0.021828371048
v 0.00664974784851 0.0800999221802 0.0220502662659
v 0.00664610767365 0.0800999221802 0.021939081192
v 0.00664610767365 0.0800999221802 0.0221614513397
v 0.00663520383835 0.0800999221802 0.0222721614838
v 0.00661708259583 0.0800999221802 0.0217186126709
v 0.00652034282684 0.0800999221802 0.0227008285522
v 0.00570163822174 0.0800999221802 0.0235749492645
v 0.00461809396744 0.0800999221802 0.0237176017761
v 0.00249526834488 0.0612999191284 0.0201571159363
v 0.0024903523922 0.0612999191284 0.0201631069183
v 0.00237219190598 0.0612999191284 0.020327999115
v 0.00226506900787 0.0612999191284 0.0205002670288
v 0.00216944217682 0.0612999191284 0.0206791725159
v 0.00208572125435 0.0612999191284 0.020863948822
v 0.00201426434517 0.0612999191284 0.0210538043976
v 0.00195537757874 0.0612999191284 0.021247926712
v 0.00190931344032 0.0612999191284 0.0214454860687
v 0.00184974765778 0.0612999191284 0.0220502662659
v 0.00187626862526 0.0612999191284 0.0216456356049
v 0.0018563849926 0.0612999191284 0.0218475170135
v 0.0018563849926 0.0612999191284 0.0222530155182
v 0.00187626862526 0.0612999191284 0.0224548969269
v 0.00190931344032 0.0612999191284 0.022655046463
v 0.00195537757874 0.0612999191284 0.0228526058197
v 0.00201426434517 0.0612999191284 0.0230467281342
v 0.00208572125435 0.0612999191284 0.0232365856171
v 0.00216944217682 0.0612999191284 0.0234213619232
v 0.00226506900787 0.0612999191284 0.0236002655029
v 0.00237219190598 0.0612999191284 0.0237725334167
v 0.0024903523922 0.0612999191284 0.0239374275208
v 0.00261904430389 0.0612999191284 0.0240942382812
v 0.00275771665573 0.0612999191284 0.0242422981262
v 0.00322747993469 0.0612999191284 0.024627822876
v 0.00290577554703 0.0612999191284 0.0243809700012
v 0.0030625872612 0.0612999191284 0.0245096607208
v 0.00339974761009 0.0612999191284 0.0247349452972
v 0.00357865262032 0.0612999191284 0.0248305721283
v 0.00376342892647 0.0612999191284 0.0249142932892
v 0.00395328521729 0.0612999191284 0.0249857501984
v 0.00414740848541 0.0612999191284 0.0250446357727
v 0.0043449678421 0.0612999191284 0.0250907001495
v 0.00454511642456 0.0612999191284 0.0251237449646
v 0.00797977781296 0.0612999191284 0.0226996669769
v 0.00794411754608 0.0612999191284 0.0228526058197
v 0.00788523101807 0.0612999191284 0.0230467281342
v 0.00714177846909 0.0612999191284 0.0242422981262
v 0.0074091424942 0.0612999191284 0.0239374275208
v 0.00728045082092 0.0612999191284 0.0240942382812
v 0.00781377410889 0.0612999191284 0.0232365856171
v 0.007730052948 0.0612999191284 0.0234213619232
v 0.00763442611694 0.0612999191284 0.0236002655029
v 0.00752730321884 0.0612999191284 0.0237725334167
v 0.00699371957779 0.0612999191284 0.0243809700012
v 0.00632084274292 0.0612999191284 0.0248305721283
v 0.00613606643677 0.0612999191284 0.0249142932892
v 0.00594620990753 0.0612999191284 0.0249857501984
v 0.00683690786362 0.0612999191284 0.0245096607208
v 0.00667201519012 0.0612999191284 0.024627822876
v 0.00649974727631 0.0612999191284 0.0247349452972
v 0.00474699783325 0.0612999191284 0.0251436290741
v 0.00494974756241 0.0612999191284 0.0251502666473
v 0.00515249729156 0.0612999191284 0.0251436290741
v 0.00535437870026 0.0612999191284 0.0251237449646
v 0.00555452728271 0.0612999191284 0.0250907001495
v 0.0057520866394 0.0612999191284 0.0250446357727
v 0.00799018192291 0.0612999191284 0.022655046463
v 0.00802322673798 0.0612999191284 0.0224548969269
v 0.00804974746704 0.0612999191284 0.0220502662659
v 0.0080431098938 0.0612999191284 0.0218475170135
v 0.0080431098938 0.0612999191284 0.0222530155182
v 0.00261904430389 0.0612999191284 0.0200062942505
v 0.00802322673798 0.0612999191284 0.0216456356049
v 0.00594620990753 0.0612999191284 0.0191147842407
v 0.0057520866394 0.0612999191284 0.019055896759
v 0.00649974727631 0.0612999191284 0.0193655872345
v 0.00632084274292 0.0612999191284 0.0192699604034
v 0.00613606643677 0.0612999191284 0.0191862411499
v 0.00275771665573 0.0612999191284 0.0198582363129
v 0.00799018192291 0.0612999191284 0.0214454860687
v 0.00290577554703 0.0612999191284 0.0197195625305
v 0.0030625872612 0.0612999191284 0.0195908718109
v 0.00794411754608 0.0612999191284 0.021247926712
v 0.00788523101807 0.0612999191284 0.0210538043976
v 0.00322747993469 0.0612999191284 0.0194727115631
v 0.00781377410889 0.0612999191284 0.020863948822
v 0.00339974761009 0.0612999191284 0.0193655872345
v 0.00357865262032 0.0612999191284 0.0192699604034
v 0.00414740848541 0.0612999191284 0.019055896759
v 0.00395328521729 0.0612999191284 0.0191147842407
v 0.00376342892647 0.0612999191284 0.0191862411499
v 0.00535437870026 0.0612999191284 0.0189767875671
v 0.00515249729156 0.0612999191284 0.0189569034576
v 0.00494974756241 0.0612999191284 0.0189502658844
v 0.00474699783325 0.0612999191284 0.0189569034576
v 0.00454511642456 0.0612999191284 0.0189767875671
v 0.0043449678421 0.0612999191284 0.0190098323822
v 0.00752730321884 0.0612999191284 0.020327999115
v 0.00763442611694 0.0612999191284 0.0205002670288
v 0.00714177846909 0.0612999191284 0.0198582363129
v 0.00728045082092 0.0612999191284 0.0200062942505
v 0.0074091424942 0.0612999191284 0.0201631069183
v 0.00667201519012 0.0612999191284 0.0194727115631
v 0.00683690786362 0.0612999191284 0.0195908718109
v 0.00699371957779 0.0612999191284 0.0197195625305
v 0.00555452728271 0.0612999191284 0.0190098323822
v 0.007730052948 0.0612999191284 0.0206791725159
v 0.00494974756241 0.0644999237061 0.0237502670288
v 0.0050609331131 0.0644999237061 0.0237466259003
v 0.00517164230347 0.0644999237061 0.0237357234955
v 0.00528140115738 0.0644999237061 0.0237176017761
v 0.00538973999023 0.0644999237061 0.0236923408508
v 0.00549619483948 0.0644999237061 0.0236600475311
v 0.00560030937195 0.0644999237061 0.0236208610535
v 0.00570163822174 0.0644999237061 0.0235749492645
v 0.00579974746704 0.0644999237061 0.0235225105286
v 0.00589421701431 0.0644999237061 0.0234637641907
v 0.00598464202881 0.0644999237061 0.0233989677429
v 0.00607063579559 0.0644999237061 0.0233283939362
v 0.00615182924271 0.0644999237061 0.0232523479462
v 0.0062278752327 0.0644999237061 0.0231711540222
v 0.00629844808578 0.0644999237061 0.0230851612091
v 0.00636324596405 0.0644999237061 0.0229947357178
v 0.00642199087143 0.0644999237061 0.0229002666473
v 0.0064744310379 0.0644999237061 0.0228021564484
v 0.00652034282684 0.0644999237061 0.0227008285522
v 0.00655952882767 0.0644999237061 0.0225967140198
v 0.00659182167053 0.0644999237061 0.0224902591705
v 0.00661708259583 0.0644999237061 0.0223819198608
v 0.00663520383835 0.0644999237061 0.0222721614838
v 0.00664610767365 0.0644999237061 0.0221614513397
v 0.00664974784851 0.0644999237061 0.0220502662659
v 0.00664610767365 0.0644999237061 0.021939081192
v 0.00663520383835 0.0644999237061 0.021828371048
v 0.00661708259583 0.0644999237061 0.0217186126709
v 0.00659182167053 0.0644999237061 0.0216102733612
v 0.00655952882767 0.0644999237061 0.021503818512
v 0.00652034282684 0.0644999237061 0.0213997039795
v 0.0064744310379 0.0644999237061 0.0212983760834
v 0.00642199087143 0.0644999237061 0.0212002658844
v 0.00636324596405 0.0644999237061 0.021105796814
v 0.00629844808578 0.0644999237061 0.0210153713226
v 0.0062278752327 0.0644999237061 0.0209293785095
v 0.00615182924271 0.0644999237061 0.0208481845856
v 0.00607063579559 0.0644999237061 0.0207721385956
v 0.00598464202881 0.0644999237061 0.0207015666962
v 0.00589421701431 0.0644999237061 0.0206367683411
v 0.00579974746704 0.0644999237061 0.0205780239105
v 0.00570163822174 0.0644999237061 0.0205255832672
v 0.00560030937195 0.0644999237061 0.0204796714783
v 0.00549619483948 0.0644999237061 0.0204404850006
v 0.00538973999023 0.0644999237061 0.0204081935883
v 0.00528140115738 0.0644999237061 0.0203829307556
v 0.00517164230347 0.0644999237061 0.0203648109436
v 0.0050609331131 0.0644999237061 0.0203539066315
v 0.00494974756241 0.0644999237061 0.0203502674103
v 0.00483856201172 0.0644999237061 0.0203539066315
v 0.00472785282135 0.0644999237061 0.0203648109436
v 0.00461809396744 0.0644999237061 0.0203829307556
v 0.00450975513458 0.0644999237061 0.0204081935883
v 0.00440330028534 0.0644999237061 0.0204404850006
v 0.00429918575287 0.0644999237061 0.0204796714783
v 0.00419785690308 0.0644999237061 0.0205255832672
v 0.00409974765778 0.0644999237061 0.0205780239105
v 0.0040052781105 0.0644999237061 0.0206367683411
v 0.00391485309601 0.0644999237061 0.0207015666962
v 0.00382885956764 0.0644999237061 0.0207721385956
v 0.00374766588211 0.0644999237061 0.0208481845856
v 0.00367161989212 0.0644999237061 0.0209293785095
v 0.00360104703903 0.0644999237061 0.0210153713226
v 0.00353624916077 0.0644999237061 0.021105796814
v 0.00347750425339 0.0644999237061 0.0212002658844
v 0.0034250638485 0.0644999237061 0.0212983760834
v 0.00337915229797 0.0644999237061 0.0213997039795
v 0.00333996629715 0.0644999237061 0.021503818512
v 0.0033076736927 0.0644999237061 0.0216102733612
v 0.00328241252899 0.0644999237061 0.0217186126709
v 0.00326429128647 0.0644999237061 0.021828371048
v 0.00325338745117 0.0644999237061 0.021939081192
v 0.00324974751472 0.0644999237061 0.0220502662659
v 0.00325338745117 0.0644999237061 0.0221614513397
v 0.00326429128647 0.0644999237061 0.0222721614838
v 0.00328241252899 0.0644999237061 0.0223819198608
v 0.0033076736927 0.0644999237061 0.0224902591705
v 0.00333996629715 0.0644999237061 0.0225967140198
v 0.00337915229797 0.0644999237061 0.0227008285522
v 0.0034250638485 0.0644999237061 0.0228021564484
v 0.00347750425339 0.0644999237061 0.0229002666473
v 0.00353624916077 0.0644999237061 0.0229947357178
v 0.00360104703903 0.0644999237061 0.0230851612091
v 0.00367161989212 0.0644999237061 0.0231711540222
v 0.00374766588211 0.0644999237061 0.0232523479462
v 0.00382885956764 0.0644999237061 0.0233283939362
v 0.00391485309601 0.0644999237061 0.0233989677429
v 0.0040052781105 0.0644999237061 0.0234637641907
v 0.00409974765778 0.0644999237061 0.0235225105286
v 0.00419785690308 0.0644999237061 0.0235749492645
v 0.00429918575287 0.0644999237061 0.0236208610535
v 0.00440330028534 0.0644999237061 0.0236600475311
v 0.00450975513458 0.0644999237061 0.0236923408508
v 0.00461809396744 0.0644999237061 0.0237176017761
v 0.00472785282135 0.0644999237061 0.0237357234955
v 0.00483856201172 0.0644999237061 0.0237466259003
v 0.00324974751472 0.0800999221802 0.031949760437
v 0.00325338745117 0.0800999221802 0.0318385753632
v 0.00325338745117 0.0800999221802 0.0320609474182
v 0.00326429128647 0.0800999221802 0.0317278652191
v 0.00326429128647 0.0800999221802 0.0321716537476
v 0.00333996629715 0.0800999221802 0.0314033126831
v 0.00333996629715 0.0800999221802 0.0324962081909
v 0.0033076736927 0.0800999221802 0.0315097675323
v 0.0033076736927 0.0800999221802 0.0323897514343
v 0.00328241252899 0.0800999221802 0.031618106842
v 0.00328241252899 0.0800999221802 0.032281414032
v 0.00347750425339 0.0800999221802 0.0310997600555
v 0.00347750425339 0.0800999221802 0.0327997589111
v 0.0034250638485 0.0800999221802 0.0311978702545
v 0.0034250638485 0.0800999221802 0.0327016525269
v 0.00367161989212 0.0800999221802 0.0308288726807
v 0.00367161989212 0.0800999221802 0.0330706481934
v 0.00360104703903 0.0800999221802 0.0309148654938
v 0.00360104703903 0.0800999221802 0.0329846534729
v 0.00353624916077 0.0800999221802 0.0310052909851
v 0.00353624916077 0.0800999221802 0.0328942298889
v 0.00337915229797 0.0800999221802 0.0312991981506
v 0.00337915229797 0.0800999221802 0.0326003227234
v 0.00391485309601 0.0800999221802 0.0306010608673
v 0.00391485309601 0.0800999221802 0.0332984619141
v 0.00382885956764 0.0800999221802 0.0306716327667
v 0.00382885956764 0.0800999221802 0.0332278900146
v 0.00419785690308 0.0800999221802 0.0304250774384
v 0.00419785690308 0.0800999221802 0.033474445343
v 0.00409974765778 0.0800999221802 0.0304775180817
v 0.00409974765778 0.0800999221802 0.0334220046997
v 0.0040052781105 0.0800999221802 0.0305362625122
v 0.0040052781105 0.0800999221802 0.0333632583618
v 0.00450975513458 0.0800999221802 0.0303076858521
v 0.00450975513458 0.0800999221802 0.033591835022
v 0.00440330028534 0.0800999221802 0.0303399791718
v 0.00440330028534 0.0800999221802 0.0335595436096
v 0.00472785282135 0.0800999221802 0.0302643051147
v 0.00461809396744 0.0800999221802 0.0302824249268
v 0.00483856201172 0.0800999221802 0.0302534008026
v 0.00494858932495 0.0800999221802 0.030249797821
v 0.00483856201172 0.0800999221802 0.0336461219788
v 0.00472785282135 0.0800999221802 0.0336352157593
v 0.00429918575287 0.0800999221802 0.0303791656494
v 0.00461809396744 0.0800999221802 0.0336170959473
v 0.00374766588211 0.0800999221802 0.0307476787567
v 0.00429918575287 0.0800999221802 0.0335203552246
v 0.00374766588211 0.0800999221802 0.0331518440247
v 0.00517164230347 0.0800999221802 0.0302643051147
v 0.00517164230347 0.0800999221802 0.0336352157593
v 0.0050609331131 0.0800999221802 0.0302534008026
v 0.0050609331131 0.0800999221802 0.0336461219788
v 0.00549619483948 0.0800999221802 0.0303399791718
v 0.00549619483948 0.0800999221802 0.0335595436096
v 0.00538973999023 0.0800999221802 0.0303076858521
v 0.00538973999023 0.0800999221802 0.033591835022
v 0.00528140115738 0.0800999221802 0.0302824249268
v 0.00528140115738 0.0800999221802 0.0336170959473
v 0.00579974746704 0.0800999221802 0.0304775180817
v 0.00579974746704 0.0800999221802 0.0334220046997
v 0.00570163822174 0.0800999221802 0.0304250774384
v 0.00570163822174 0.0800999221802 0.033474445343
v 0.00607063579559 0.0800999221802 0.0306716327667
v 0.00607063579559 0.0800999221802 0.0332278900146
v 0.00598464202881 0.0800999221802 0.0306010608673
v 0.00598464202881 0.0800999221802 0.0332984619141
v 0.00589421701431 0.0800999221802 0.0305362625122
v 0.00589421701431 0.0800999221802 0.0333632583618
v 0.00560030937195 0.0800999221802 0.0303791656494
v 0.00560030937195 0.0800999221802 0.0335203552246
v 0.0062278752327 0.0800999221802 0.0330706481934
v 0.00629844808578 0.0800999221802 0.0309148654938
v 0.0062278752327 0.0800999221802 0.0308288726807
v 0.00629844808578 0.0800999221802 0.0329846534729
v 0.00642199087143 0.0800999221802 0.0327997589111
v 0.0064744310379 0.0800999221802 0.0311978702545
v 0.00642199087143 0.0800999221802 0.0310997600555
v 0.0064744310379 0.0800999221802 0.0327016525269
v 0.00636324596405 0.0800999221802 0.0310052909851
v 0.00636324596405 0.0800999221802 0.0328942298889
v 0.00655952882767 0.0800999221802 0.0324962081909
v 0.00659182167053 0.0800999221802 0.0315097675323
v 0.00655952882767 0.0800999221802 0.0314033126831
v 0.00659182167053 0.0800999221802 0.0323897514343
v 0.00663520383835 0.0800999221802 0.0321716537476
v 0.00664974784851 0.0800999221802 0.031949760437
v 0.00664610767365 0.0800999221802 0.0318385753632
v 0.00664610767365 0.0800999221802 0.0320609474182
v 0.00663520383835 0.0800999221802 0.0317278652191
v 0.00661708259583 0.0800999221802 0.032281414032
v 0.00661708259583 0.0800999221802 0.031618106842
v 0.00652034282684 0.0800999221802 0.0326003227234
v 0.00652034282684 0.0800999221802 0.0312991981506
v 0.00615182924271 0.0800999221802 0.0331518440247
v 0.00615182924271 0.0800999221802 0.0307476787567
v 0.00494974756241 0.0800999221802 0.0336497612
v 0.00494974756241 0.0800999221802 0.0302497596741
v 0.00802322673798 0.0612999191284 0.0323543930054
v 0.00802441120148 0.0612999191284 0.0323423652649
v 0.00799018192291 0.0612999191284 0.0325545425415
v 0.00494974756241 0.0612999191284 0.0350497627258
v 0.00474699783325 0.0612999191284 0.0350431251526
v 0.00454511642456 0.0612999191284 0.0350232391357
v 0.00515249729156 0.0612999191284 0.0350431251526
v 0.0057520866394 0.0612999191284 0.0349441299438
v 0.00555452728271 0.0612999191284 0.034990196228
v 0.00535437870026 0.0612999191284 0.0350232391357
v 0.00613606643677 0.0612999191284 0.034813785553
v 0.00649974727631 0.0612999191284 0.034634437561
v 0.00632084274292 0.0612999191284 0.0347300643921
v 0.00699371957779 0.0612999191284 0.0342804641724
v 0.00683690786362 0.0612999191284 0.0344091567993
v 0.00728045082092 0.0612999191284 0.0339937324524
v 0.00714177846909 0.0612999191284 0.0341417922974
v 0.00667201519012 0.0612999191284 0.0345273170471
v 0.00594620990753 0.0612999191284 0.0348852424622
v 0.00794411754608 0.0612999191284 0.0327520980835
v 0.00788523101807 0.0612999191284 0.0329462242126
v 0.00781377410889 0.0612999191284 0.0331360778809
v 0.00339974761009 0.0612999191284 0.034634437561
v 0.00357865262032 0.0612999191284 0.0347300643921
v 0.00376342892647 0.0612999191284 0.034813785553
v 0.00395328521729 0.0612999191284 0.0348852424622
v 0.00414740848541 0.0612999191284 0.0349441299438
v 0.0043449678421 0.0612999191284 0.034990196228
v 0.00752730321884 0.0612999191284 0.0336720275879
v 0.0074091424942 0.0612999191284 0.0338369216919
v 0.007730052948 0.0612999191284 0.033320854187
v 0.00763442611694 0.0612999191284 0.0334997596741
v 0.00322747993469 0.0612999191284 0.0345273170471
v 0.00226506900787 0.0612999191284 0.0334997596741
v 0.00237219190598 0.0612999191284 0.0336720275879
v 0.0024903523922 0.0612999191284 0.0338369216919
v 0.0030625872612 0.0612999191284 0.0344091567993
v 0.00290577554703 0.0612999191284 0.0342804641724
v 0.00261904430389 0.0612999191284 0.0339937324524
v 0.00275771665573 0.0612999191284 0.0341417922974
v 0.00216944217682 0.0612999191284 0.033320854187
v 0.00208572125435 0.0612999191284 0.0331360778809
v 0.00201426434517 0.0612999191284 0.0329462242126
v 0.00195537757874 0.0612999191284 0.0327520980835
v 0.00190931344032 0.0612999191284 0.0325545425415
v 0.00187626862526 0.0612999191284 0.0323543930054
v 0.0018563849926 0.0612999191284 0.0321525115967
v 0.00184974765778 0.0612999191284 0.031949760437
v 0.0018563849926 0.0612999191284 0.0317470111847
v 0.00187626862526 0.0612999191284 0.031545129776
v 0.00190931344032 0.0612999191284 0.0313449802399
v 0.00195537757874 0.0612999191284 0.0311474208832
v 0.00201426434517 0.0612999191284 0.0309532985687
v 0.00208572125435 0.0612999191284 0.0307634410858
v 0.00216944217682 0.0612999191284 0.0305786647797
v 0.00226506900787 0.0612999191284 0.0303997612
v 0.00237219190598 0.0612999191284 0.0302274932861
v 0.0024903523922 0.0612999191284 0.0300626010895
v 0.00531025028229 0.0612999191284 0.0288719348907
v 0.00515249729156 0.0612999191284 0.0288563976288
v 0.00261904430389 0.0612999191284 0.0299057884216
v 0.00290577554703 0.0612999191284 0.0296190567017
v 0.00275771665573 0.0612999191284 0.029757730484
v 0.00322747993469 0.0612999191284 0.0293722057343
v 0.0030625872612 0.0612999191284 0.0294903659821
v 0.00474699783325 0.0612999191284 0.0288563976288
v 0.00454511642456 0.0612999191284 0.0288762817383
v 0.00494974756241 0.0612999191284 0.0288497600555
v 0.00376342892647 0.0612999191284 0.0290857334137
v 0.00395328521729 0.0612999191284 0.0290142765045
v 0.00414740848541 0.0612999191284 0.0289553909302
v 0.0043449678421 0.0612999191284 0.0289093265533
v 0.00339974761009 0.0612999191284 0.0292650814056
v 0.00357865262032 0.0612999191284 0.0291694545746
v 0.0080431098938 0.0612999191284 0.0321525115967
v 0.00802322673798 0.0612999191284 0.031545129776
v 0.0080431098938 0.0612999191284 0.0317470111847
v 0.00804974746704 0.0612999191284 0.031949760437
v 0.00799018192291 0.0612999191284 0.0313449802399
v 0.00794411754608 0.0612999191284 0.0311474208832
v 0.00788523101807 0.0612999191284 0.0309532985687
v 0.00535437870026 0.0612999191284 0.0288762817383
v 0.00683690786362 0.0612999191284 0.0294903659821
v 0.00699371957779 0.0612999191284 0.0296190567017
v 0.00714177846909 0.0612999191284 0.029757730484
v 0.00728045082092 0.0612999191284 0.0299057884216
v 0.007730052948 0.0612999191284 0.0305786647797
v 0.00781377410889 0.0612999191284 0.0307634410858
v 0.0074091424942 0.0612999191284 0.0300626010895
v 0.00752730321884 0.0612999191284 0.0302274932861
v 0.00763442611694 0.0612999191284 0.0303997612
v 0.00555452728271 0.0612999191284 0.0289093265533
v 0.00667201519012 0.0612999191284 0.0293722057343
v 0.00649974727631 0.0612999191284 0.0292650814056
v 0.0057520866394 0.0612999191284 0.0289553909302
v 0.00594620990753 0.0612999191284 0.0290142765045
v 0.00632084274292 0.0612999191284 0.0291694545746
v 0.00613606643677 0.0612999191284 0.0290857334137
v 0.00494974756241 0.0644999237061 0.0336497612
v 0.0050609331131 0.0644999237061 0.0336461219788
v 0.00517164230347 0.0644999237061 0.0336352157593
v 0.00528140115738 0.0644999237061 0.0336170959473
v 0.00538973999023 0.0644999237061 0.033591835022
v 0.00549619483948 0.0644999237061 0.0335595436096
v 0.00560030937195 0.0644999237061 0.0335203552246
v 0.00570163822174 0.0644999237061 0.033474445343
v 0.00579974746704 0.0644999237061 0.0334220046997
v 0.00589421701431 0.0644999237061 0.0333632583618
v 0.00598464202881 0.0644999237061 0.0332984619141
v 0.00607063579559 0.0644999237061 0.0332278900146
v 0.00615182924271 0.0644999237061 0.0331518440247
v 0.0062278752327 0.0644999237061 0.0330706481934
v 0.00629844808578 0.0644999237061 0.0329846534729
v 0.00636324596405 0.0644999237061 0.0328942298889
v 0.00642199087143 0.0644999237061 0.0327997589111
v 0.0064744310379 0.0644999237061 0.0327016525269
v 0.00652034282684 0.0644999237061 0.0326003227234
v 0.00655952882767 0.0644999237061 0.0324962081909
v 0.00659182167053 0.0644999237061 0.0323897514343
v 0.00661708259583 0.0644999237061 0.032281414032
v 0.00663520383835 0.0644999237061 0.0321716537476
v 0.00664610767365 0.0644999237061 0.0320609474182
v 0.00664974784851 0.0644999237061 0.031949760437
v 0.00664610767365 0.0644999237061 0.0318385753632
v 0.00663520383835 0.0644999237061 0.0317278652191
v 0.00661708259583 0.0644999237061 0.031618106842
v 0.00659182167053 0.0644999237061 0.0315097675323
v 0.00655952882767 0.0644999237061 0.0314033126831
v 0.00652034282684 0.0644999237061 0.0312991981506
v 0.0064744310379 0.0644999237061 0.0311978702545
v 0.00642199087143 0.0644999237061 0.0310997600555
v 0.00636324596405 0.0644999237061 0.0310052909851
v 0.00629844808578 0.0644999237061 0.0309148654938
v 0.0062278752327 0.0644999237061 0.0308288726807
v 0.00615182924271 0.0644999237061 0.0307476787567
v 0.00607063579559 0.0644999237061 0.0306716327667
v 0.00598464202881 0.0644999237061 0.0306010608673
v 0.00589421701431 0.0644999237061 0.0305362625122
v 0.00579974746704 0.0644999237061 0.0304775180817
v 0.00570163822174 0.0644999237061 0.0304250774384
v 0.00560030937195 0.0644999237061 0.0303791656494
v 0.00549619483948 0.0644999237061 0.0303399791718
v 0.00538973999023 0.0644999237061 0.0303076858521
v 0.00528140115738 0.0644999237061 0.0302824249268
v 0.00517164230347 0.0644999237061 0.0302643051147
v 0.0050609331131 0.0644999237061 0.0302534008026
v 0.00494974756241 0.0644999237061 0.0302497596741
v 0.00483856201172 0.0644999237061 0.0302534008026
v 0.00472785282135 0.0644999237061 0.0302643051147
v 0.00461809396744 0.0644999237061 0.0302824249268
v 0.00450975513458 0.0644999237061 0.0303076858521
v 0.00440330028534 0.0644999237061 0.0303399791718
v 0.00429918575287 0.0644999237061 0.0303791656494
v 0.00419785690308 0.0644999237061 0.0304250774384
v 0.00409974765778 0.0644999237061 0.0304775180817
v 0.0040052781105 0.0644999237061 0.0305362625122
v 0.00391485309601 0.0644999237061 0.0306010608673
v 0.00382885956764 0.0644999237061 0.0306716327667
v 0.00374766588211 0.0644999237061 0.0307476787567
v 0.00367161989212 0.0644999237061 0.0308288726807
v 0.00360104703903 0.0644999237061 0.0309148654938
v 0.00353624916077 0.0644999237061 0.0310052909851
v 0.00347750425339 0.0644999237061 0.0310997600555
v 0.0034250638485 0.0644999237061 0.0311978702545
v 0.00337915229797 0.0644999237061 0.0312991981506
v 0.00333996629715 0.0644999237061 0.0314033126831
v 0.0033076736927 0.0644999237061 0.0315097675323
v 0.00328241252899 0.0644999237061 0.031618106842
v 0.00326429128647 0.0644999237061 0.0317278652191
v 0.00325338745117 0.0644999237061 0.0318385753632
v 0.00324974751472 0.0644999237061 0.031949760437
v 0.00325338745117 0.0644999237061 0.0320609474182
v 0.00326429128647 0.0644999237061 0.0321716537476
v 0.00328241252899 0.0644999237061 0.032281414032
v 0.0033076736927 0.0644999237061 0.0323897514343
v 0.00333996629715 0.0644999237061 0.0324962081909
v 0.00337915229797 0.0644999237061 0.0326003227234
v 0.0034250638485 0.0644999237061 0.0327016525269
v 0.00347750425339 0.0644999237061 0.0327997589111
v 0.00353624916077 0.0644999237061 0.0328942298889
v 0.00360104703903 0.0644999237061 0.0329846534729
v 0.00367161989212 0.0644999237061 0.0330706481934
v 0.00374766588211 0.0644999237061 0.0331518440247
v 0.00382885956764 0.0644999237061 0.0332278900146
v 0.00391485309601 0.0644999237061 0.0332984619141
v 0.0040052781105 0.0644999237061 0.0333632583618
v 0.00409974765778 0.0644999237061 0.0334220046997
v 0.00419785690308 0.0644999237061 0.033474445343
v 0.00429918575287 0.0644999237061 0.0335203552246
v 0.00440330028534 0.0644999237061 0.0335595436096
v 0.00450975513458 0.0644999237061 0.033591835022
v 0.00461809396744 0.0644999237061 0.0336170959473
v 0.00472785282135 0.0644999237061 0.0336352157593
v 0.00483856201172 0.0644999237061 0.0336461219788
v -0.00137109494209 0.0612999229431 0.0297803192139
v -0.00118631863594 0.0612999229431 0.0298640403748
v -0.000996462225914 0.0612999229431 0.0299354972839
v -0.000802339017391 0.0612999229431 0.0299943828583
v -0.000404631197453 0.0612999229431 0.0300734920502
v -0.000604779958725 0.0612999229431 0.0300404472351
v -0.00154999995232 0.0612999229431 0.0296846923828
v -1.12906715088e-11 0.0612999191284 0.0301000137329
v 0.000202749699354 0.0612999191284 0.0300933761597
v -0.000202749729156 0.0612999229431 0.0300933761597
v -0.00172226774693 0.0612999229431 0.0295775680542
v 0.000404631197453 0.0612999191284 0.0300734920502
v 0.000604779958725 0.0612999191284 0.0300404472351
v -0.00188716042042 0.0612999229431 0.0294594078064
v 0.000802339017391 0.0612999191284 0.0299943828583
v -0.00204397201538 0.0612999229431 0.0293307170868
v 0.000996462225914 0.0612999191284 0.0299354972839
v 0.00118631863594 0.0612999191284 0.0298640403748
v 0.00137109494209 0.0612999191284 0.0297803192139
v -0.00219203090668 0.0612999229431 0.0291920433044
v 0.00154999995232 0.0612999191284 0.0296846923828
v 0.00172226774693 0.0612999191284 0.0295775699615
v 0.00188716042042 0.0612999191284 0.0294594078064
v -0.00233070325851 0.0612999229431 0.0290439853668
v 0.00204397201538 0.0612999191284 0.0293307170868
v 0.00219203090668 0.0612999191284 0.0291920452118
v 0.00233070325851 0.0612999191284 0.0290439853668
v -0.00245939517021 0.0612999229431 0.0288871746063
v 0.00245939517021 0.0612999191284 0.0288871746063
v -0.00286402630806 0.0612999229431 0.0281863327026
v -0.00268467855453 0.0612999229431 0.0285500125885
v -0.00278030538559 0.0612999229431 0.0283711090088
v -0.00257755565643 0.0612999229431 0.0287222805023
v 0.00257755565643 0.0612999191284 0.0287222805023
v 0.00286402630806 0.0612999191284 0.0281863327026
v 0.00278030538559 0.0612999191284 0.0283711090088
v 0.00268467855453 0.0612999191284 0.0285500125885
v 0.00304043412209 0.0612999191284 0.0263952331543
v 0.00304043412209 0.0612999191284 0.0276047935486
v 0.00299436998367 0.0612999191284 0.0261976737976
v 0.00299436998367 0.0612999191284 0.0278023529053
v 0.00309999990463 0.0612999191284 0.0270000133514
v 0.00309336256981 0.0612999191284 0.0272027626038
v 0.00307347893715 0.0612999191284 0.0265953826904
v 0.00309336256981 0.0612999191284 0.0267972640991
v 0.00307347893715 0.0612999191284 0.0274046440125
v 0.00293548321724 0.0612999191284 0.0279964752197
v 0.00293548321724 0.0612999191284 0.0260035514832
v -0.00293548321724 0.0612999229431 0.0279964752197
v 0.00286402630806 0.0612999191284 0.0258136940002
v 0.00278030538559 0.0612999191284 0.0256289176941
v -0.00299436998367 0.0612999229431 0.0278023529053
v 0.00268467855453 0.0612999191284 0.0254500141144
v 0.00257755565643 0.0612999191284 0.0252777462006
v 0.00245939517021 0.0612999191284 0.0251128520966
v -0.00304043412209 0.0612999229431 0.0276047935486
v 0.00233070325851 0.0612999191284 0.0249560413361
v 0.00219203090668 0.0612999191284 0.0248079833984
v 0.00215315341949 0.0612999191284 0.0247715702057
v 0.00204397201538 0.0612999191284 0.0246693096161
v -0.00307347893715 0.0612999229431 0.0274046440125
v 0.00188716042042 0.0612999191284 0.0245406188965
v 0.00172226774693 0.0612999191284 0.0244224586487
v -0.00309336256981 0.0612999229431 0.0272027626038
v 0.00154999995232 0.0612999191284 0.0243153343201
v 0.00137109494209 0.0612999191284 0.024219707489
v -0.00309999990463 0.0612999229431 0.0270000133514
v 0.00118631863594 0.0612999191284 0.0241359863281
v 0.000996462225914 0.0612999191284 0.0240645294189
v -0.00309336256981 0.0612999229431 0.0267972640991
v 0.000802339017391 0.0612999191284 0.0240056438446
v 0.000604779958725 0.0612999191284 0.0239595794678
v -0.00307347893715 0.0612999229431 0.0265953826904
v 0.000404631197453 0.0612999191284 0.0239265346527
v 0.000202749699354 0.0612999191284 0.0239066505432
v -0.00304043412209 0.0612999229431 0.0263952331543
v -1.12880549352e-11 0.0612999191284 0.02390001297
v -0.000202749729156 0.0612999229431 0.0239066505432
v -0.00299436998367 0.0612999229431 0.0261976737976
v -0.000404631197453 0.0612999229431 0.0239265346527
v -0.00293548321724 0.0612999229431 0.0260035514832
v -0.000604779958725 0.0612999229431 0.0239595794678
v -0.000802339017391 0.0612999229431 0.0240056438446
v -0.00286402630806 0.0612999229431 0.0258136940002
v -0.000996462225914 0.0612999229431 0.0240645294189
v -0.00118631863594 0.0612999229431 0.0241359863281
v -0.00278030538559 0.0612999229431 0.0256289176941
v -0.00137109494209 0.0612999229431 0.024219707489
v -0.00268467855453 0.0612999229431 0.0254500141144
v -0.00154999995232 0.0612999229431 0.0243153343201
v -0.00257755565643 0.0612999229431 0.0252777462006
v -0.00172226774693 0.0612999229431 0.0244224567413
v -0.00233070325851 0.0612999229431 0.0249560413361
v -0.00245939517021 0.0612999229431 0.0251128520966
v -0.00204397201538 0.0612999229431 0.0246693096161
v -0.00188716042042 0.0612999229431 0.0245406188965
v -0.00219203090668 0.0612999229431 0.0248079814911
v -0.00309999990463 0.0800999221802 0.0270000133514
v -0.00309336256981 0.0800999221802 0.0267972640991
v -0.00307347893715 0.0800999221802 0.0274046440125
v -0.00307347893715 0.0800999221802 0.0265953826904
v -0.00309336256981 0.0800999221802 0.0272027626038
v -0.00304043412209 0.0800999221802 0.0263952331543
v -0.00293548321724 0.0800999221802 0.0260035514832
v -0.00293548321724 0.0800999221802 0.0279964752197
v -0.00299436998367 0.0800999221802 0.0261976737976
v -0.00299436998367 0.0800999221802 0.0278023529053
v -0.00304043412209 0.0800999221802 0.0276047935486
v -0.00268467855453 0.0800999221802 0.0254500141144
v -0.00268467855453 0.0800999221802 0.0285500125885
v -0.00278030538559 0.0800999221802 0.0256289176941
v -0.00278030538559 0.0800999221802 0.0283711090088
v -0.00233070325851 0.0800999221802 0.0249560413361
v -0.00233070325851 0.0800999221802 0.0290439853668
v -0.00245939517021 0.0800999221802 0.0251128520966
v -0.00245939517021 0.0800999221802 0.0288871746063
v -0.00257755565643 0.0800999221802 0.0252777462006
v -0.00257755565643 0.0800999221802 0.0287222805023
v -0.00286402630806 0.0800999221802 0.0258136940002
v -0.00286402630806 0.0800999221802 0.0281863327026
v -0.00188716042042 0.0800999221802 0.0245406188965
v -0.00204397201538 0.0800999221802 0.0246693096161
v -0.00137109494209 0.0800999221802 0.024219707489
v -0.00154999995232 0.0800999221802 0.0243153343201
v -0.00172226774693 0.0800999221802 0.0244224567413
v -0.000802339017391 0.0800999221802 0.0240056438446
v -0.000996462225914 0.0800999221802 0.0240645294189
v -0.000202749729156 0.0800999221802 0.0239066505432
v -0.000404631197453 0.0800999221802 0.0239265346527
v -0.000604779958725 0.0800999221802 0.0239595794678
v -0.00118631863594 0.0800999221802 0.0241359863281
v 0.000202749699354 0.0800999221802 0.0239066505432
v 0.000404631197453 0.0800999221802 0.0239265346527
v 0.000802339017391 0.0800999221802 0.0240056438446
v 0.00118631863594 0.0800999221802 0.0241359863281
v 0.000996462225914 0.0800999221802 0.0240645294189
v 0.000604779958725 0.0800999221802 0.0239595794678
v 0.00172226774693 0.0800999221802 0.0244224586487
v 0.00154999995232 0.0800999221802 0.0243153343201
v 0.00219203090668 0.0800999221802 0.0248079833984
v 0.00188716042042 0.0800999221802 0.0245406188965
v 0.00204397201538 0.0800999221802 0.0246693096161
v 0.00137109494209 0.0800999221802 0.024219707489
v -1.12972138311e-11 0.0800999221802 0.02390001297
v -0.00219203090668 0.0800999221802 0.0248079814911
v -0.00219203090668 0.0800999221802 0.0291920433044
v -0.00204397201538 0.0800999221802 0.0293307170868
v -0.00154999995232 0.0800999221802 0.0296846923828
v -0.00172226774693 0.0800999221802 0.0295775680542
v -0.00188716042042 0.0800999221802 0.0294594078064
v -0.000996462225914 0.0800999221802 0.0299354972839
v -0.00118631863594 0.0800999221802 0.0298640403748
v -0.000404631197453 0.0800999221802 0.0300734920502
v -0.000604779958725 0.0800999221802 0.0300404472351
v -0.000802339017391 0.0800999221802 0.0299943828583
v -0.00137109494209 0.0800999221802 0.0297803192139
v -0.000202749729156 0.0800999221802 0.0300933761597
v -1.12998304047e-11 0.0800999221802 0.0301000137329
v 0.000202749699354 0.0800999221802 0.0300933761597
v 0.000604779958725 0.0800999221802 0.0300404472351
v 0.000802339017391 0.0800999221802 0.0299943828583
v 0.000404631197453 0.0800999221802 0.0300734920502
v 0.00118631863594 0.0800999221802 0.0298640403748
v 0.00137109494209 0.0800999221802 0.0297803192139
v 0.00172226774693 0.0800999221802 0.0295775699615
v 0.00204397201538 0.0800999221802 0.0293307170868
v 0.00188716042042 0.0800999221802 0.0294594078064
v 0.00154999995232 0.0800999221802 0.0296846923828
v 0.000996462225914 0.0800999221802 0.0299354972839
v 0.00245939517021 0.0800999221802 0.0251128520966
v 0.00245939517021 0.0800999221802 0.0288871746063
v 0.00233070325851 0.0800999221802 0.0249560413361
v 0.00233070325851 0.0800999221802 0.0290439853668
v 0.00278030538559 0.0800999221802 0.0256289176941
v 0.00278030538559 0.0800999221802 0.0283711090088
v 0.00268467855453 0.0800999221802 0.0254500141144
v 0.00268467855453 0.0800999221802 0.0285500125885
v 0.00257755565643 0.0800999221802 0.0252777462006
v 0.00257755565643 0.0800999221802 0.0287222805023
v 0.00293548321724 0.0800999221802 0.0279964752197
v 0.00299436998367 0.0800999221802 0.0261976737976
v 0.00293548321724 0.0800999221802 0.0260035514832
v 0.00299436998367 0.0800999221802 0.0278023529053
v 0.00307347893715 0.0800999221802 0.0265953826904
v 0.00307347893715 0.0800999221802 0.0274046440125
v 0.00309999990463 0.0800999221802 0.0270000133514
v 0.00309336256981 0.0800999221802 0.0267972640991
v 0.00309336256981 0.0800999221802 0.0272027626038
v 0.00304043412209 0.0800999221802 0.0263952331543
v 0.00304043412209 0.0800999221802 0.0276047935486
v 0.00286402630806 0.0800999221802 0.0281863327026
v 0.00286402630806 0.0800999221802 0.0258136940002
v 0.00219203090668 0.0800999221802 0.0291920452118
f 512 522 719
f 512 719 715
f 491 417 715
f 491 715 719
f 710 547 541
f 710 541 561
f 561 532 535
f 561 535 710
f 1575 1576 732
f 387 726 745
f 1575 732 387
f 1574 1575 387
f 387 745 748
f 380 750 1579
f 387 748 380
f 1569 1574 387
f 1567 1569 387
f 380 1579 1580
f 380 1580 1581
f 1567 387 380
f 1565 1567 380
f 380 1581 1578
f 380 1578 1577
f 1563 1565 380
f 1564 1563 380
f 380 1577 1570
f 380 1570 1571
f 1566 1564 380
f 1568 1566 380
f 380 1571 1572
f 1573 1568 380
f 380 1572 1573
f 745 744 751
f 745 751 748
f 751 744 718
f 718 750 380
f 380 748 751
f 751 718 380
f 732 597 726
f 732 726 387
f 1584 1583 731
f 731 732 1576
f 731 1576 1582
f 1586 1584 731
f 1588 1586 731
f 731 1582 1585
f 1587 1588 731
f 731 1585 1587
f 1592 1589 739
f 739 738 1590
f 739 1590 1591
f 1593 1592 739
f 739 1591 1594
f 739 1594 1593
f 739 711 738
f 731 597 732
f 1596 1595 760
f 303 752 733
f 1596 760 303
f 1597 1596 303
f 303 733 60
f 60 739 1589
f 60 1589 1599
f 1598 1597 303
f 1611 1598 303
f 303 60 1599
f 303 1599 1600
f 1614 1611 303
f 1613 1614 303
f 303 1600 1601
f 303 1601 1603
f 1612 1613 303
f 1610 1612 303
f 303 1603 1602
f 303 1602 1607
f 1609 1610 303
f 1608 1609 303
f 303 1607 1606
f 303 1606 1604
f 1605 1608 303
f 303 1604 1605
f 760 721 752
f 760 752 303
f 60 733 711
f 60 711 739
f 491 756 36
f 36 759 1635
f 36 1635 1636
f 217 746 417
f 1579 750 217
f 1616 1579 217
f 491 36 1636
f 491 1636 1638
f 1616 217 417
f 1615 1616 417
f 491 1638 1640
f 491 1640 1642
f 1618 1615 417
f 1617 1618 417
f 491 1642 1644
f 491 1644 1645
f 1637 1617 417
f 1639 1637 417
f 491 1645 1647
f 491 1647 1650
f 1641 1639 417
f 1643 1641 417
f 491 1650 1652
f 491 1652 1651
f 1646 1643 417
f 1648 1646 417
f 491 1651 1632
f 491 1632 1634
f 1649 1648 417
f 1619 1649 417
f 491 1634 1631
f 491 1631 1633
f 1621 1619 417
f 1620 1621 417
f 491 1633 1628
f 491 1628 1629
f 1626 1620 417
f 1622 1626 417
f 491 1629 1630
f 417 491 1630
f 1624 1622 417
f 1623 1624 417
f 417 1630 1627
f 1625 1623 417
f 1627 1625 417
f 759 36 756
f 759 756 720
f 750 718 746
f 750 746 217
f 1656 1635 759
f 759 760 1595
f 759 1595 1655
f 1653 1656 759
f 759 1655 1654
f 759 1654 1653
f 759 720 721
f 759 721 760
f 535 713 712
f 532 727 450
f 450 731 1583
f 450 1583 1674
f 737 712 713
f 1590 738 412
f 412 737 713
f 532 450 1674
f 532 1674 1676
f 1590 412 713
f 1659 1590 713
f 532 1676 1677
f 532 1677 1675
f 1660 1659 713
f 1657 1660 713
f 532 1675 1687
f 532 1687 1689
f 1657 713 535
f 1658 1657 535
f 532 1689 1691
f 532 1691 1693
f 1685 1658 535
f 1686 1685 535
f 532 1693 1694
f 532 1694 1696
f 1688 1686 535
f 1690 1688 535
f 532 1696 1678
f 532 1678 1680
f 1692 1690 535
f 1695 1692 535
f 532 1680 1679
f 532 1679 1684
f 1697 1695 535
f 1683 1697 535
f 532 1684 1681
f 532 1681 1662
f 1682 1683 535
f 1671 1682 535
f 532 1662 1661
f 532 1661 1666
f 1670 1671 535
f 1672 1670 535
f 532 1666 1663
f 532 1663 1665
f 1668 1672 535
f 1669 1668 535
f 532 1665 1664
f 535 532 1664
f 1667 1669 535
f 535 1664 1673
f 1673 1667 535
f 738 711 737
f 738 737 412
f 731 450 727
f 731 727 597
f 1701 1698 729
f 729 730 1700
f 729 1700 1699
f 1703 1701 729
f 729 1699 1702
f 729 1702 1703
f 729 636 730
f 1706 1705 741
f 741 740 1704
f 741 1704 1707
f 1709 1706 741
f 741 1707 1708
f 741 1708 1709
f 741 683 740
f 1710 1704 740
f 399 735 755
f 1710 740 399
f 1711 1710 399
f 399 755 758
f 362 761 1712
f 399 758 362
f 1715 1711 399
f 1717 1715 399
f 362 1712 1713
f 362 1713 1714
f 1717 399 362
f 1719 1717 362
f 362 1714 1716
f 362 1716 1724
f 1718 1719 362
f 1721 1718 362
f 362 1724 1725
f 362 1725 1727
f 1720 1721 362
f 1722 1720 362
f 362 1727 1729
f 362 1729 1728
f 1723 1722 362
f 362 1728 1726
f 362 1726 1723
f 754 762 758
f 754 758 755
f 762 754 722
f 722 761 362
f 362 758 762
f 762 722 362
f 740 683 735
f 740 735 399
f 1730 1731 749
f 390 743 724
f 1730 749 390
f 1732 1730 390
f 390 724 408
f 408 729 1698
f 408 1698 1734
f 1733 1732 390
f 1739 1733 390
f 390 408 1734
f 390 1734 1743
f 1740 1739 390
f 1741 1740 390
f 390 1743 1744
f 390 1744 1745
f 1742 1741 390
f 1736 1742 390
f 390 1745 1747
f 390 1747 1749
f 1737 1736 390
f 1738 1737 390
f 390 1749 1748
f 390 1748 1746
f 1735 1738 390
f 390 1746 1735
f 749 717 743
f 749 743 390
f 408 724 636
f 408 636 729
f 716 723 512
f 723 716 747
f 297 749 1731
f 723 747 297
f 253 757 522
f 1712 761 253
f 1764 1712 253
f 723 297 1731
f 723 1731 1750
f 1764 253 522
f 1765 1764 522
f 723 1750 1774
f 723 1774 1775
f 1776 1765 522
f 1778 1776 522
f 723 1775 1777
f 723 1777 1779
f 1780 1778 522
f 1781 1780 522
f 512 723 1779
f 512 1779 1782
f 1783 1781 522
f 1785 1783 522
f 512 1782 1784
f 512 1784 1786
f 1788 1785 522
f 1790 1788 522
f 512 1786 1787
f 512 1787 1789
f 1771 1790 522
f 1772 1771 522
f 512 1789 1767
f 512 1767 1766
f 1770 1772 522
f 1769 1770 522
f 512 1766 1768
f 512 1768 1751
f 1773 1769 522
f 1761 1773 522
f 512 1751 1752
f 512 1752 1753
f 1762 1761 522
f 1760 1762 522
f 512 1753 1755
f 512 1755 1754
f 1763 1760 522
f 1758 1763 522
f 512 1754 1756
f 512 1756 1757
f 1759 1758 522
f 512 1757 1759
f 1759 522 512
f 761 722 757
f 761 757 253
f 297 747 717
f 297 717 749
f 714 547 699
f 714 699 736
f 432 741 1705
f 714 736 432
f 454 728 541
f 1700 730 454
f 1805 1700 454
f 714 432 1705
f 714 1705 1791
f 1805 454 541
f 1806 1805 541
f 714 1791 1814
f 714 1814 1816
f 1815 1806 541
f 1818 1815 541
f 547 714 1816
f 547 1816 1817
f 1820 1818 541
f 1821 1820 541
f 547 1817 1819
f 547 1819 1822
f 1823 1821 541
f 1825 1823 541
f 547 1822 1824
f 547 1824 1826
f 1828 1825 541
f 1830 1828 541
f 547 1826 1827
f 547 1827 1829
f 1807 1830 541
f 1808 1807 541
f 547 1829 1831
f 547 1831 1812
f 1809 1808 541
f 1810 1809 541
f 547 1812 1813
f 547 1813 1802
f 1811 1810 541
f 1792 1811 541
f 547 1802 1801
f 547 1801 1803
f 1793 1792 541
f 1794 1793 541
f 547 1803 1799
f 547 1799 1800
f 1795 1794 541
f 1797 1795 541
f 547 1800 1798
f 547 1798 1804
f 1796 1797 541
f 547 1804 1796
f 1796 541 547
f 683 741 432
f 683 432 736
f 728 454 730
f 728 730 636
f 742 725 724
f 742 724 743
f 745 726 725
f 745 725 742
f 753 734 733
f 753 733 752
f 755 735 734
f 755 734 753
f 716 512 715
f 715 417 746
f 746 747 716
f 716 715 746
f 541 728 727
f 727 532 561
f 727 561 541
f 757 756 491
f 719 522 757
f 491 719 757
f 712 737 736
f 699 547 710
f 712 736 699
f 710 535 712
f 712 699 710
f 957 955 275
f 435 724 725
f 725 956 958
f 435 725 958
f 957 275 435
f 435 958 959
f 957 435 959
f 960 956 725
f 275 955 961
f 962 960 725
f 275 961 962
f 962 725 726
f 726 275 962
f 812 789 441
f 727 829 831
f 727 831 827
f 812 441 727
f 811 812 727
f 727 827 828
f 727 828 832
f 813 811 727
f 814 813 727
f 727 832 824
f 727 824 825
f 815 814 727
f 816 815 727
f 727 825 826
f 727 826 822
f 817 816 727
f 821 817 727
f 727 822 823
f 727 823 833
f 818 821 727
f 820 818 727
f 727 833 819
f 727 819 820
f 856 829 727
f 441 789 784
f 441 784 778
f 836 856 727
f 834 836 727
f 441 778 780
f 441 780 782
f 842 834 727
f 840 842 727
f 441 782 774
f 441 774 776
f 838 840 727
f 857 838 727
f 465 441 776
f 465 776 785
f 857 727 728
f 846 857 728
f 465 785 769
f 465 769 771
f 845 846 728
f 853 845 728
f 465 771 768
f 465 768 766
f 848 853 728
f 851 848 728
f 465 766 764
f 465 764 763
f 850 851 728
f 852 850 728
f 465 763 767
f 465 767 765
f 849 852 728
f 854 849 728
f 465 765 773
f 465 773 772
f 847 854 728
f 844 847 728
f 465 772 770
f 465 770 786
f 855 844 728
f 839 855 728
f 465 786 777
f 465 777 775
f 841 839 728
f 843 841 728
f 465 775 783
f 465 783 781
f 835 843 728
f 837 835 728
f 465 781 779
f 465 779 810
f 858 837 728
f 830 858 728
f 465 810 787
f 465 787 790
f 806 830 728
f 805 806 728
f 728 465 790
f 728 790 788
f 807 805 728
f 804 807 728
f 728 788 797
f 728 797 791
f 803 804 728
f 808 803 728
f 728 791 792
f 728 792 796
f 800 808 728
f 801 800 728
f 728 796 793
f 728 793 795
f 802 801 728
f 798 802 728
f 728 795 794
f 728 794 809
f 799 798 728
f 728 809 799
f 597 727 441
f 441 275 726
f 597 441 726
f 636 724 435
f 435 465 728
f 636 435 728
f 435 275 441
f 435 441 465
f 1357 1355 353
f 353 733 734
f 734 1356 1358
f 1358 1357 353
f 353 734 1358
f 1359 1356 734
f 353 1355 1360
f 373 353 1360
f 1359 734 735
f 1361 1359 735
f 373 1360 1362
f 1362 1361 735
f 735 373 1362
f 1208 1181 418
f 737 1238 1232
f 737 1232 1226
f 1188 1208 418
f 1186 1188 418
f 737 1226 1228
f 737 1228 1230
f 1194 1186 418
f 1192 1194 418
f 737 1230 1222
f 737 1222 1224
f 1190 1192 418
f 1209 1190 418
f 736 737 1224
f 736 1224 1233
f 1209 418 423
f 1198 1209 423
f 736 1233 1217
f 736 1217 1219
f 1197 1198 423
f 1205 1197 423
f 736 1219 1216
f 736 1216 1214
f 1200 1205 423
f 1203 1200 423
f 736 1214 1212
f 736 1212 1211
f 1202 1203 423
f 1204 1202 423
f 736 1211 1215
f 736 1215 1213
f 1201 1204 423
f 1206 1201 423
f 736 1213 1221
f 736 1221 1220
f 1199 1206 423
f 1196 1199 423
f 736 1220 1218
f 736 1218 1234
f 1207 1196 423
f 1191 1207 423
f 736 1234 1225
f 736 1225 1223
f 1193 1191 423
f 1195 1193 423
f 736 1223 1231
f 736 1231 1229
f 1187 1195 423
f 1189 1187 423
f 736 1229 1227
f 736 1227 1258
f 1210 1189 423
f 1182 1210 423
f 736 1258 1235
f 736 1235 1163
f 1183 1182 423
f 1180 1183 423
f 423 736 1163
f 423 1163 1164
f 1179 1180 423
f 1184 1179 423
f 423 1164 1167
f 423 1167 1166
f 1177 1184 423
f 1176 1177 423
f 423 1166 1165
f 423 1165 1173
f 1178 1176 423
f 1175 1178 423
f 423 1173 1169
f 423 1169 1168
f 1174 1175 423
f 1185 1174 423
f 423 1168 1172
f 423 1172 1171
f 1170 1185 423
f 423 1171 1170
f 1237 1238 737
f 418 1181 1253
f 418 1253 1255
f 1237 737 418
f 1236 1237 418
f 418 1255 1254
f 418 1254 1251
f 1244 1236 418
f 1240 1244 418
f 418 1251 1252
f 418 1252 1256
f 1239 1240 418
f 1243 1239 418
f 418 1256 1248
f 418 1248 1249
f 1242 1243 418
f 1241 1242 418
f 418 1249 1247
f 418 1247 1250
f 1257 1241 418
f 1245 1257 418
f 418 1250 1246
f 418 1246 1245
f 711 733 353
f 353 418 737
f 711 353 737
f 353 373 423
f 353 423 418
f 683 736 423
f 423 373 735
f 683 423 735
f 880 883 135
f 746 925 952
f 746 952 932
f 874 880 135
f 876 874 135
f 746 932 930
f 746 930 938
f 878 876 135
f 870 878 135
f 746 938 936
f 746 936 934
f 872 870 135
f 881 872 135
f 747 746 934
f 747 934 953
f 881 135 345
f 865 881 345
f 747 953 940
f 747 940 942
f 867 865 345
f 869 867 345
f 747 942 949
f 747 949 944
f 861 869 345
f 860 861 345
f 747 944 947
f 747 947 946
f 859 860 345
f 862 859 345
f 747 946 948
f 747 948 945
f 863 862 345
f 864 863 345
f 747 945 950
f 747 950 941
f 868 864 345
f 866 868 345
f 747 941 943
f 747 943 951
f 882 866 345
f 873 882 345
f 747 951 935
f 747 935 937
f 871 873 345
f 879 871 345
f 747 937 939
f 747 939 931
f 877 879 345
f 875 877 345
f 747 931 933
f 747 933 954
f 906 875 345
f 886 906 345
f 747 954 926
f 747 926 901
f 885 886 345
f 884 885 345
f 345 747 901
f 345 901 902
f 892 884 345
f 888 892 345
f 345 902 903
f 345 903 899
f 887 888 345
f 891 887 345
f 345 899 900
f 345 900 904
f 890 891 345
f 889 890 345
f 345 904 896
f 345 896 897
f 905 889 345
f 893 905 345
f 345 897 895
f 345 895 898
f 894 893 345
f 345 898 894
f 927 925 746
f 135 883 907
f 135 907 908
f 927 746 135
f 924 927 135
f 135 908 911
f 135 911 910
f 923 924 135
f 928 923 135
f 135 910 909
f 135 909 917
f 921 928 135
f 920 921 135
f 135 917 913
f 135 913 912
f 922 920 135
f 919 922 135
f 135 912 916
f 135 916 915
f 918 919 135
f 929 918 135
f 135 915 914
f 135 914 929
f 1061 1059 370
f 370 745 742
f 742 1060 1062
f 1062 1061 370
f 370 742 1062
f 1063 1060 742
f 370 1059 1064
f 404 370 1064
f 1063 742 743
f 1065 1063 743
f 404 1064 1066
f 1066 1065 743
f 743 404 1066
f 744 745 370
f 370 135 746
f 718 744 370
f 370 746 718
f 717 747 345
f 345 404 743
f 717 345 743
f 345 135 370
f 345 370 404
f 1279 1277 90
f 756 1331 1259
f 756 1259 1260
f 1279 90 756
f 1276 1279 756
f 756 1260 1263
f 756 1263 1262
f 1275 1276 756
f 1280 1275 756
f 756 1262 1261
f 756 1261 1269
f 1273 1280 756
f 1272 1273 756
f 756 1269 1265
f 756 1265 1264
f 1274 1272 756
f 1271 1274 756
f 756 1264 1268
f 756 1268 1267
f 1270 1271 756
f 1281 1270 756
f 756 1267 1266
f 756 1266 1281
f 1328 1331 756
f 90 1277 1304
f 90 1304 1284
f 1322 1328 756
f 1324 1322 756
f 90 1284 1282
f 90 1282 1290
f 1326 1324 756
f 1318 1326 756
f 90 1290 1288
f 90 1288 1286
f 1320 1318 756
f 1329 1320 756
f 185 90 1286
f 185 1286 1305
f 1329 756 757
f 1313 1329 757
f 185 1305 1292
f 185 1292 1294
f 1315 1313 757
f 1317 1315 757
f 185 1294 1301
f 185 1301 1296
f 1309 1317 757
f 1308 1309 757
f 185 1296 1299
f 185 1299 1298
f 1307 1308 757
f 1310 1307 757
f 185 1298 1300
f 185 1300 1297
f 1311 1310 757
f 1312 1311 757
f 185 1297 1302
f 185 1302 1293
f 1316 1312 757
f 1314 1316 757
f 185 1293 1295
f 185 1295 1303
f 1330 1314 757
f 1321 1330 757
f 185 1303 1287
f 185 1287 1289
f 1319 1321 757
f 1327 1319 757
f 185 1289 1291
f 185 1291 1283
f 1325 1327 757
f 1323 1325 757
f 185 1283 1285
f 185 1285 1306
f 1354 1323 757
f 1334 1354 757
f 185 1306 1278
f 185 1278 1349
f 1333 1334 757
f 1332 1333 757
f 757 185 1349
f 757 1349 1350
f 1340 1332 757
f 1336 1340 757
f 757 1350 1351
f 757 1351 1347
f 1335 1336 757
f 1339 1335 757
f 757 1347 1348
f 757 1348 1352
f 1338 1339 757
f 1337 1338 757
f 757 1352 1344
f 757 1344 1345
f 1353 1337 757
f 1341 1353 757
f 757 1345 1343
f 757 1343 1346
f 1342 1341 757
f 757 1346 1342
f 1461 1459 752
f 339 755 753
f 753 1460 1462
f 339 753 1462
f 1461 752 325
f 1463 1461 325
f 339 1462 1464
f 1465 1463 325
f 339 1464 1465
f 325 339 1465
f 1466 1460 753
f 753 752 1459
f 1466 753 1459
f 720 756 90
f 90 325 752
f 721 720 90
f 90 752 721
f 90 185 339
f 90 339 325
f 754 755 339
f 339 185 757
f 722 754 339
f 339 757 722
f 948 946 1067
f 948 1067 1068
f 963 850 852
f 963 852 964
f 945 948 1068
f 945 1068 1069
f 964 852 849
f 964 849 965
f 950 945 1069
f 950 1069 1070
f 965 849 854
f 965 854 966
f 941 950 1070
f 941 1070 1071
f 966 854 847
f 966 847 967
f 943 941 1071
f 943 1071 1072
f 967 847 844
f 967 844 968
f 951 943 1072
f 951 1072 1073
f 968 844 855
f 968 855 969
f 935 951 1073
f 935 1073 1074
f 969 855 839
f 969 839 970
f 937 935 1074
f 937 1074 1075
f 970 839 841
f 970 841 971
f 939 937 1075
f 939 1075 1076
f 971 841 843
f 971 843 972
f 931 939 1076
f 931 1076 1077
f 972 843 835
f 972 835 973
f 933 931 1077
f 933 1077 1078
f 973 835 837
f 973 837 974
f 954 933 1078
f 954 1078 1079
f 974 837 858
f 974 858 975
f 1080 926 954
f 1080 954 1079
f 975 858 830
f 975 830 976
f 1081 901 926
f 1081 926 1080
f 976 830 806
f 976 806 977
f 1082 902 901
f 1082 901 1081
f 977 806 805
f 977 805 978
f 1083 903 902
f 1083 902 1082
f 978 805 807
f 978 807 979
f 1084 899 903
f 1084 903 1083
f 979 807 804
f 979 804 980
f 1085 900 899
f 1085 899 1084
f 980 804 803
f 980 803 981
f 1086 904 900
f 1086 900 1085
f 981 803 808
f 981 808 982
f 1087 896 904
f 1087 904 1086
f 982 808 800
f 982 800 983
f 1088 897 896
f 1088 896 1087
f 983 800 801
f 983 801 984
f 1089 895 897
f 1089 897 1088
f 984 801 802
f 984 802 985
f 1090 898 895
f 1090 895 1089
f 985 802 798
f 985 798 986
f 1091 894 898
f 1091 898 1090
f 986 798 799
f 986 799 987
f 1092 893 894
f 1092 894 1091
f 987 799 809
f 987 809 988
f 1093 905 893
f 1093 893 1092
f 988 809 794
f 988 794 989
f 1094 889 905
f 1094 905 1093
f 989 794 795
f 989 795 990
f 1095 890 889
f 1095 889 1094
f 990 795 793
f 990 793 991
f 1096 891 890
f 1096 890 1095
f 991 793 796
f 991 796 992
f 1097 887 891
f 1097 891 1096
f 992 796 792
f 992 792 993
f 1098 888 887
f 1098 887 1097
f 993 792 791
f 993 791 994
f 1099 892 888
f 1099 888 1098
f 994 791 797
f 994 797 995
f 1100 884 892
f 1100 892 1099
f 995 797 788
f 995 788 996
f 1101 885 884
f 1101 884 1100
f 996 788 790
f 996 790 997
f 1102 886 885
f 1102 885 1101
f 997 790 787
f 997 787 998
f 1103 906 886
f 1103 886 1102
f 998 787 810
f 998 810 999
f 1104 875 906
f 1104 906 1103
f 999 810 779
f 999 779 1000
f 1105 877 875
f 1105 875 1104
f 1000 779 781
f 1000 781 1001
f 1106 879 877
f 1106 877 1105
f 1001 781 783
f 1001 783 1002
f 1107 871 879
f 1107 879 1106
f 1002 783 775
f 1002 775 1003
f 1108 873 871
f 1108 871 1107
f 1003 775 777
f 1003 777 1004
f 1109 882 873
f 1109 873 1108
f 1004 777 786
f 1004 786 1005
f 1110 866 882
f 1110 882 1109
f 1005 786 770
f 1005 770 1006
f 1111 868 866
f 1111 866 1110
f 1006 770 772
f 1006 772 1007
f 1112 864 868
f 1112 868 1111
f 1007 772 773
f 1007 773 1008
f 1113 863 864
f 1113 864 1112
f 1008 773 765
f 1008 765 1009
f 1114 862 863
f 1114 863 1113
f 1009 765 767
f 1009 767 1010
f 1115 859 862
f 1115 862 1114
f 1010 767 763
f 1010 763 1011
f 1116 860 859
f 1116 859 1115
f 1011 763 764
f 1011 764 1012
f 1117 861 860
f 1117 860 1116
f 1012 764 766
f 1012 766 1013
f 1118 869 861
f 1118 861 1117
f 1013 766 768
f 1013 768 1014
f 1119 867 869
f 1119 869 1118
f 1014 768 771
f 1014 771 1015
f 1120 865 867
f 1120 867 1119
f 1015 771 769
f 1015 769 1016
f 1121 881 865
f 1121 865 1120
f 1016 769 785
f 1016 785 1017
f 1122 872 881
f 1122 881 1121
f 1017 785 776
f 1017 776 1018
f 1123 870 872
f 1123 872 1122
f 1018 776 774
f 1018 774 1019
f 1124 878 870
f 1124 870 1123
f 1019 774 782
f 1019 782 1020
f 1125 876 878
f 1125 878 1124
f 1020 782 780
f 1020 780 1021
f 1126 874 876
f 1126 876 1125
f 1021 780 778
f 1021 778 1022
f 1127 880 874
f 1127 874 1126
f 1022 778 784
f 1022 784 1023
f 883 880 1127
f 883 1127 1128
f 1023 784 789
f 1023 789 1024
f 907 883 1128
f 907 1128 1129
f 789 812 1025
f 789 1025 1024
f 908 907 1129
f 908 1129 1130
f 1025 812 811
f 1025 811 1026
f 911 908 1130
f 911 1130 1131
f 1026 811 813
f 1026 813 1027
f 910 911 1131
f 910 1131 1132
f 1027 813 814
f 1027 814 1028
f 909 910 1132
f 909 1132 1133
f 1028 814 815
f 1028 815 1029
f 917 909 1133
f 917 1133 1134
f 1029 815 816
f 1029 816 1030
f 913 917 1134
f 913 1134 1135
f 1030 816 817
f 1030 817 1031
f 912 913 1135
f 912 1135 1136
f 1031 817 821
f 1031 821 1032
f 916 912 1136
f 916 1136 1137
f 1032 821 818
f 1032 818 1033
f 915 916 1137
f 915 1137 1138
f 1033 818 820
f 1033 820 1034
f 914 915 1138
f 914 1138 1139
f 1034 820 819
f 1034 819 1035
f 929 914 1139
f 929 1139 1140
f 1035 819 833
f 1035 833 1036
f 918 929 1140
f 918 1140 1141
f 1036 833 823
f 1036 823 1037
f 919 918 1141
f 919 1141 1142
f 1037 823 822
f 1037 822 1038
f 922 919 1142
f 922 1142 1143
f 1038 822 826
f 1038 826 1039
f 920 922 1143
f 920 1143 1144
f 1039 826 825
f 1039 825 1040
f 921 920 1144
f 921 1144 1145
f 1040 825 824
f 1040 824 1041
f 928 921 1145
f 928 1145 1146
f 1041 824 832
f 1041 832 1042
f 923 928 1146
f 923 1146 1147
f 1042 832 828
f 1042 828 1043
f 924 923 1147
f 924 1147 1148
f 1043 828 827
f 1043 827 1044
f 927 924 1148
f 927 1148 1149
f 1044 827 831
f 1044 831 1045
f 925 927 1149
f 925 1149 1150
f 1045 831 829
f 1045 829 1046
f 952 925 1150
f 952 1150 1151
f 1046 829 856
f 1046 856 1047
f 932 952 1151
f 932 1151 1152
f 1047 856 836
f 1047 836 1048
f 930 932 1152
f 930 1152 1153
f 1048 836 834
f 1048 834 1049
f 938 930 1153
f 938 1153 1154
f 1049 834 842
f 1049 842 1050
f 936 938 1154
f 936 1154 1155
f 1050 842 840
f 1050 840 1051
f 934 936 1155
f 934 1155 1156
f 1051 840 838
f 1051 838 1052
f 953 934 1156
f 953 1156 1157
f 1052 838 857
f 1052 857 1053
f 940 953 1157
f 940 1157 1158
f 1053 857 846
f 1053 846 1054
f 942 940 1158
f 942 1158 1159
f 1054 846 845
f 1054 845 1055
f 949 942 1159
f 949 1159 1160
f 1055 845 853
f 1055 853 1056
f 944 949 1160
f 944 1160 1161
f 853 848 1057
f 853 1057 1056
f 947 944 1161
f 947 1161 1162
f 1057 848 851
f 1057 851 1058
f 946 947 1162
f 946 1162 1067
f 1058 851 850
f 1058 850 963
f 1058 963 264
f 318 312 1011
f 318 1011 1012
f 1058 264 336
f 1057 1058 336
f 318 1012 1013
f 318 1013 1014
f 1056 1057 336
f 1055 1056 336
f 318 1014 1015
f 318 1015 1016
f 1054 1055 336
f 1053 1054 336
f 318 1016 1017
f 318 1017 1018
f 1052 1053 336
f 1051 1052 336
f 318 1018 1019
f 318 1019 1020
f 1050 1051 336
f 1049 1050 336
f 318 1020 1021
f 318 1021 1022
f 1048 1049 336
f 1047 1048 336
f 318 1022 1023
f 318 1023 1024
f 1046 1047 336
f 1045 1046 336
f 318 1024 1025
f 318 1025 1026
f 1044 1045 336
f 1043 1044 336
f 318 1026 1027
f 318 1027 1028
f 1043 336 318
f 1042 1043 318
f 318 1028 1029
f 318 1029 1030
f 1041 1042 318
f 1040 1041 318
f 318 1030 1031
f 318 1031 1032
f 1039 1040 318
f 1038 1039 318
f 318 1032 1033
f 318 1033 1034
f 1037 1038 318
f 1036 1037 318
f 318 1034 1035
f 318 1035 1036
f 1010 1011 312
f 276 264 963
f 276 963 964
f 1010 312 291
f 1009 1010 291
f 276 964 965
f 276 965 966
f 1008 1009 291
f 1007 1008 291
f 276 966 967
f 276 967 968
f 1006 1007 291
f 1005 1006 291
f 276 968 969
f 276 969 970
f 1004 1005 291
f 1003 1004 291
f 276 970 971
f 276 971 972
f 1002 1003 291
f 1001 1002 291
f 276 972 973
f 276 973 974
f 1000 1001 291
f 999 1000 291
f 276 974 975
f 276 975 976
f 998 999 291
f 997 998 291
f 276 976 977
f 276 977 978
f 996 997 291
f 995 996 291
f 276 978 979
f 276 979 980
f 995 291 276
f 994 995 276
f 276 980 981
f 276 981 982
f 993 994 276
f 992 993 276
f 276 982 983
f 276 983 984
f 991 992 276
f 990 991 276
f 276 984 985
f 276 985 986
f 989 990 276
f 988 989 276
f 276 986 987
f 276 987 988
f 956 960 264
f 264 276 958
f 956 264 958
f 958 276 291
f 958 291 959
f 959 291 312
f 959 312 957
f 955 957 312
f 312 318 961
f 955 312 961
f 961 318 336
f 961 336 962
f 336 264 960
f 336 960 962
f 1116 1115 154
f 234 18 1067
f 234 1067 1162
f 1116 154 170
f 1117 1116 170
f 234 1162 1161
f 234 1161 1160
f 1118 1117 170
f 1119 1118 170
f 234 1160 1159
f 234 1159 1158
f 1120 1119 170
f 1121 1120 170
f 234 1158 1157
f 234 1157 1156
f 1122 1121 170
f 1123 1122 170
f 234 1156 1155
f 234 1155 1154
f 1124 1123 170
f 1125 1124 170
f 234 1154 1153
f 234 1153 1152
f 1126 1125 170
f 1127 1126 170
f 234 1152 1151
f 234 1151 1150
f 1128 1127 170
f 1129 1128 170
f 234 1150 1149
f 234 1149 1148
f 1130 1129 170
f 1131 1130 170
f 234 1148 1147
f 234 1147 1146
f 1131 170 234
f 1132 1131 234
f 234 1146 1145
f 234 1145 1144
f 1133 1132 234
f 1134 1133 234
f 234 1144 1143
f 234 1143 1142
f 1135 1134 234
f 1136 1135 234
f 234 1142 1141
f 234 1141 1140
f 1137 1136 234
f 1138 1137 234
f 234 1140 1139
f 234 1139 1138
f 1068 1067 18
f 121 154 1115
f 121 1115 1114
f 1068 18 67
f 1069 1068 67
f 121 1114 1113
f 121 1113 1112
f 1070 1069 67
f 1071 1070 67
f 121 1112 1111
f 121 1111 1110
f 1072 1071 67
f 1073 1072 67
f 121 1110 1109
f 121 1109 1108
f 1074 1073 67
f 1075 1074 67
f 121 1108 1107
f 121 1107 1106
f 1076 1075 67
f 1077 1076 67
f 121 1106 1105
f 121 1105 1104
f 1078 1077 67
f 1079 1078 67
f 121 1104 1103
f 121 1103 1102
f 1080 1079 67
f 1081 1080 67
f 121 1102 1101
f 121 1101 1100
f 1082 1081 67
f 1083 1082 67
f 121 1100 1099
f 121 1099 1098
f 1083 67 121
f 1084 1083 121
f 121 1098 1097
f 121 1097 1096
f 1085 1084 121
f 1086 1085 121
f 121 1096 1095
f 121 1095 1094
f 1087 1086 121
f 1088 1087 121
f 121 1094 1093
f 121 1093 1092
f 1089 1088 121
f 1090 1089 121
f 121 1092 1091
f 121 1091 1090
f 67 18 1063
f 67 1063 1065
f 1066 121 67
f 1066 67 1065
f 1064 154 121
f 1064 121 1066
f 1059 1061 170
f 170 154 1064
f 1059 170 1064
f 234 170 1061
f 234 1061 1062
f 1060 1063 18
f 18 234 1062
f 1060 18 1062
f 1300 1298 1467
f 1300 1467 1468
f 1363 1202 1204
f 1363 1204 1364
f 1297 1300 1468
f 1297 1468 1469
f 1364 1204 1201
f 1364 1201 1365
f 1302 1297 1469
f 1302 1469 1470
f 1365 1201 1206
f 1365 1206 1366
f 1293 1302 1470
f 1293 1470 1471
f 1366 1206 1199
f 1366 1199 1367
f 1295 1293 1471
f 1295 1471 1472
f 1367 1199 1196
f 1367 1196 1368
f 1303 1295 1472
f 1303 1472 1473
f 1368 1196 1207
f 1368 1207 1369
f 1287 1303 1473
f 1287 1473 1474
f 1369 1207 1191
f 1369 1191 1370
f 1289 1287 1474
f 1289 1474 1475
f 1370 1191 1193
f 1370 1193 1371
f 1291 1289 1475
f 1291 1475 1476
f 1371 1193 1195
f 1371 1195 1372
f 1283 1291 1476
f 1283 1476 1477
f 1372 1195 1187
f 1372 1187 1373
f 1285 1283 1477
f 1285 1477 1478
f 1373 1187 1189
f 1373 1189 1374
f 1306 1285 1478
f 1306 1478 1479
f 1374 1189 1210
f 1374 1210 1375
f 1480 1278 1306
f 1480 1306 1479
f 1375 1210 1182
f 1375 1182 1376
f 1481 1349 1278
f 1481 1278 1480
f 1376 1182 1183
f 1376 1183 1377
f 1482 1350 1349
f 1482 1349 1481
f 1377 1183 1180
f 1377 1180 1378
f 1483 1351 1350
f 1483 1350 1482
f 1378 1180 1179
f 1378 1179 1379
f 1484 1347 1351
f 1484 1351 1483
f 1379 1179 1184
f 1379 1184 1380
f 1485 1348 1347
f 1485 1347 1484
f 1380 1184 1177
f 1380 1177 1381
f 1486 1352 1348
f 1486 1348 1485
f 1381 1177 1176
f 1381 1176 1382
f 1487 1344 1352
f 1487 1352 1486
f 1382 1176 1178
f 1382 1178 1383
f 1488 1345 1344
f 1488 1344 1487
f 1383 1178 1175
f 1383 1175 1384
f 1489 1343 1345
f 1489 1345 1488
f 1384 1175 1174
f 1384 1174 1385
f 1490 1346 1343
f 1490 1343 1489
f 1385 1174 1185
f 1385 1185 1386
f 1491 1342 1346
f 1491 1346 1490
f 1386 1185 1170
f 1386 1170 1387
f 1492 1341 1342
f 1492 1342 1491
f 1387 1170 1171
f 1387 1171 1388
f 1493 1353 1341
f 1493 1341 1492
f 1388 1171 1172
f 1388 1172 1389
f 1494 1337 1353
f 1494 1353 1493
f 1389 1172 1168
f 1389 1168 1390
f 1495 1338 1337
f 1495 1337 1494
f 1390 1168 1169
f 1390 1169 1391
f 1496 1339 1338
f 1496 1338 1495
f 1391 1169 1173
f 1391 1173 1392
f 1497 1335 1339
f 1497 1339 1496
f 1392 1173 1165
f 1392 1165 1393
f 1498 1336 1335
f 1498 1335 1497
f 1393 1165 1166
f 1393 1166 1394
f 1499 1340 1336
f 1499 1336 1498
f 1394 1166 1167
f 1394 1167 1395
f 1500 1332 1340
f 1500 1340 1499
f 1395 1167 1164
f 1395 1164 1396
f 1501 1333 1332
f 1501 1332 1500
f 1396 1164 1163
f 1396 1163 1397
f 1502 1334 1333
f 1502 1333 1501
f 1397 1163 1235
f 1397 1235 1398
f 1503 1354 1334
f 1503 1334 1502
f 1398 1235 1258
f 1398 1258 1399
f 1504 1323 1354
f 1504 1354 1503
f 1399 1258 1227
f 1399 1227 1400
f 1505 1325 1323
f 1505 1323 1504
f 1400 1227 1229
f 1400 1229 1401
f 1506 1327 1325
f 1506 1325 1505
f 1401 1229 1231
f 1401 1231 1402
f 1507 1319 1327
f 1507 1327 1506
f 1402 1231 1223
f 1402 1223 1403
f 1508 1321 1319
f 1508 1319 1507
f 1403 1223 1225
f 1403 1225 1404
f 1509 1330 1321
f 1509 1321 1508
f 1404 1225 1234
f 1404 1234 1405
f 1510 1314 1330
f 1510 1330 1509
f 1405 1234 1218
f 1405 1218 1406
f 1511 1316 1314
f 1511 1314 1510
f 1406 1218 1220
f 1406 1220 1407
f 1512 1312 1316
f 1512 1316 1511
f 1407 1220 1221
f 1407 1221 1408
f 1513 1311 1312
f 1513 1312 1512
f 1408 1221 1213
f 1408 1213 1409
f 1514 1310 1311
f 1514 1311 1513
f 1409 1213 1215
f 1409 1215 1410
f 1515 1307 1310
f 1515 1310 1514
f 1410 1215 1211
f 1410 1211 1411
f 1516 1308 1307
f 1516 1307 1515
f 1411 1211 1212
f 1411 1212 1412
f 1517 1309 1308
f 1517 1308 1516
f 1412 1212 1214
f 1412 1214 1413
f 1518 1317 1309
f 1518 1309 1517
f 1413 1214 1216
f 1413 1216 1414
f 1519 1315 1317
f 1519 1317 1518
f 1414 1216 1219
f 1414 1219 1415
f 1520 1313 1315
f 1520 1315 1519
f 1415 1219 1217
f 1415 1217 1416
f 1521 1329 1313
f 1521 1313 1520
f 1416 1217 1233
f 1416 1233 1417
f 1522 1320 1329
f 1522 1329 1521
f 1417 1233 1224
f 1417 1224 1418
f 1523 1318 1320
f 1523 1320 1522
f 1418 1224 1222
f 1418 1222 1419
f 1524 1326 1318
f 1524 1318 1523
f 1419 1222 1230
f 1419 1230 1420
f 1525 1324 1326
f 1525 1326 1524
f 1420 1230 1228
f 1420 1228 1421
f 1526 1322 1324
f 1526 1324 1525
f 1421 1228 1226
f 1421 1226 1422
f 1527 1328 1322
f 1527 1322 1526
f 1422 1226 1232
f 1422 1232 1423
f 1331 1328 1527
f 1331 1527 1528
f 1423 1232 1238
f 1423 1238 1424
f 1259 1331 1528
f 1259 1528 1529
f 1238 1237 1425
f 1238 1425 1424
f 1260 1259 1529
f 1260 1529 1530
f 1425 1237 1236
f 1425 1236 1426
f 1263 1260 1530
f 1263 1530 1531
f 1426 1236 1244
f 1426 1244 1427
f 1262 1263 1531
f 1262 1531 1532
f 1427 1244 1240
f 1427 1240 1428
f 1261 1262 1532
f 1261 1532 1533
f 1428 1240 1239
f 1428 1239 1429
f 1269 1261 1533
f 1269 1533 1534
f 1429 1239 1243
f 1429 1243 1430
f 1265 1269 1534
f 1265 1534 1535
f 1430 1243 1242
f 1430 1242 1431
f 1264 1265 1535
f 1264 1535 1536
f 1431 1242 1241
f 1431 1241 1432
f 1268 1264 1536
f 1268 1536 1537
f 1432 1241 1257
f 1432 1257 1433
f 1267 1268 1537
f 1267 1537 1538
f 1433 1257 1245
f 1433 1245 1434
f 1266 1267 1538
f 1266 1538 1539
f 1434 1245 1246
f 1434 1246 1435
f 1281 1266 1539
f 1281 1539 1540
f 1435 1246 1250
f 1435 1250 1436
f 1270 1281 1540
f 1270 1540 1541
f 1436 1250 1247
f 1436 1247 1437
f 1271 1270 1541
f 1271 1541 1542
f 1437 1247 1249
f 1437 1249 1438
f 1274 1271 1542
f 1274 1542 1543
f 1438 1249 1248
f 1438 1248 1439
f 1272 1274 1543
f 1272 1543 1544
f 1439 1248 1256
f 1439 1256 1440
f 1273 1272 1544
f 1273 1544 1545
f 1440 1256 1252
f 1440 1252 1441
f 1280 1273 1545
f 1280 1545 1546
f 1441 1252 1251
f 1441 1251 1442
f 1275 1280 1546
f 1275 1546 1547
f 1442 1251 1254
f 1442 1254 1443
f 1276 1275 1547
f 1276 1547 1548
f 1443 1254 1255
f 1443 1255 1444
f 1279 1276 1548
f 1279 1548 1549
f 1444 1255 1253
f 1444 1253 1445
f 1277 1279 1549
f 1277 1549 1550
f 1445 1253 1181
f 1445 1181 1446
f 1304 1277 1550
f 1304 1550 1551
f 1446 1181 1208
f 1446 1208 1447
f 1284 1304 1551
f 1284 1551 1552
f 1447 1208 1188
f 1447 1188 1448
f 1282 1284 1552
f 1282 1552 1553
f 1448 1188 1186
f 1448 1186 1449
f 1290 1282 1553
f 1290 1553 1554
f 1449 1186 1194
f 1449 1194 1450
f 1288 1290 1554
f 1288 1554 1555
f 1450 1194 1192
f 1450 1192 1451
f 1286 1288 1555
f 1286 1555 1556
f 1451 1192 1190
f 1451 1190 1452
f 1305 1286 1556
f 1305 1556 1557
f 1452 1190 1209
f 1452 1209 1453
f 1292 1305 1557
f 1292 1557 1558
f 1453 1209 1198
f 1453 1198 1454
f 1294 1292 1558
f 1294 1558 1559
f 1454 1198 1197
f 1454 1197 1455
f 1301 1294 1559
f 1301 1559 1560
f 1455 1197 1205
f 1455 1205 1456
f 1296 1301 1560
f 1296 1560 1561
f 1205 1200 1457
f 1205 1457 1456
f 1299 1296 1561
f 1299 1561 1562
f 1457 1200 1203
f 1457 1203 1458
f 1298 1299 1562
f 1298 1562 1467
f 1458 1203 1202
f 1458 1202 1363
f 1458 1363 129
f 213 203 1411
f 213 1411 1412
f 1458 129 243
f 1457 1458 243
f 213 1412 1413
f 213 1413 1414
f 1456 1457 243
f 1455 1456 243
f 213 1414 1415
f 213 1415 1416
f 1454 1455 243
f 1453 1454 243
f 213 1416 1417
f 213 1417 1418
f 1452 1453 243
f 1451 1452 243
f 213 1418 1419
f 213 1419 1420
f 1450 1451 243
f 1449 1450 243
f 213 1420 1421
f 213 1421 1422
f 1448 1449 243
f 1447 1448 243
f 213 1422 1423
f 213 1423 1424
f 1446 1447 243
f 1445 1446 243
f 213 1424 1425
f 213 1425 1426
f 1444 1445 243
f 1443 1444 243
f 213 1426 1427
f 213 1427 1428
f 1443 243 213
f 1442 1443 213
f 213 1428 1429
f 213 1429 1430
f 1441 1442 213
f 1440 1441 213
f 213 1430 1431
f 213 1431 1432
f 1439 1440 213
f 1438 1439 213
f 213 1432 1433
f 213 1433 1434
f 1437 1438 213
f 1436 1437 213
f 213 1434 1435
f 213 1435 1436
f 1410 1411 203
f 153 129 1363
f 153 1363 1364
f 1410 203 183
f 1409 1410 183
f 153 1364 1365
f 153 1365 1366
f 1408 1409 183
f 1407 1408 183
f 153 1366 1367
f 153 1367 1368
f 1406 1407 183
f 1405 1406 183
f 153 1368 1369
f 153 1369 1370
f 1404 1405 183
f 1403 1404 183
f 153 1370 1371
f 153 1371 1372
f 1402 1403 183
f 1401 1402 183
f 153 1372 1373
f 153 1373 1374
f 1400 1401 183
f 1399 1400 183
f 153 1374 1375
f 153 1375 1376
f 1398 1399 183
f 1397 1398 183
f 153 1376 1377
f 153 1377 1378
f 1396 1397 183
f 1395 1396 183
f 153 1378 1379
f 153 1379 1380
f 1395 183 153
f 1394 1395 153
f 153 1380 1381
f 153 1381 1382
f 1393 1394 153
f 1392 1393 153
f 153 1382 1383
f 153 1383 1384
f 1391 1392 153
f 1390 1391 153
f 153 1384 1385
f 153 1385 1386
f 1389 1390 153
f 1388 1389 153
f 153 1386 1387
f 153 1387 1388
f 1360 129 153
f 1360 153 1362
f 1362 153 183
f 1362 183 1361
f 1361 183 203
f 1361 203 1359
f 1356 1359 203
f 203 213 1358
f 1356 203 1358
f 1358 213 243
f 1358 243 1357
f 1355 1357 243
f 243 129 1360
f 1355 243 1360
f 1516 1515 81
f 111 9 1467
f 111 1467 1562
f 1516 81 102
f 1517 1516 102
f 111 1562 1561
f 111 1561 1560
f 1518 1517 102
f 1519 1518 102
f 111 1560 1559
f 111 1559 1558
f 1520 1519 102
f 1521 1520 102
f 111 1558 1557
f 111 1557 1556
f 1522 1521 102
f 1523 1522 102
f 111 1556 1555
f 111 1555 1554
f 1524 1523 102
f 1525 1524 102
f 111 1554 1553
f 111 1553 1552
f 1526 1525 102
f 1527 1526 102
f 111 1552 1551
f 111 1551 1550
f 1528 1527 102
f 1529 1528 102
f 111 1550 1549
f 111 1549 1548
f 1530 1529 102
f 1531 1530 102
f 111 1548 1547
f 111 1547 1546
f 1531 102 111
f 1532 1531 111
f 111 1546 1545
f 111 1545 1544
f 1533 1532 111
f 1534 1533 111
f 111 1544 1543
f 111 1543 1542
f 1535 1534 111
f 1536 1535 111
f 111 1542 1541
f 111 1541 1540
f 1537 1536 111
f 1538 1537 111
f 111 1540 1539
f 111 1539 1538
f 1468 1467 9
f 50 81 1515
f 50 1515 1514
f 1468 9 30
f 1469 1468 30
f 50 1514 1513
f 50 1513 1512
f 1470 1469 30
f 1471 1470 30
f 50 1512 1511
f 50 1511 1510
f 1472 1471 30
f 1473 1472 30
f 50 1510 1509
f 50 1509 1508
f 1474 1473 30
f 1475 1474 30
f 50 1508 1507
f 50 1507 1506
f 1476 1475 30
f 1477 1476 30
f 50 1506 1505
f 50 1505 1504
f 1478 1477 30
f 1479 1478 30
f 50 1504 1503
f 50 1503 1502
f 1480 1479 30
f 1481 1480 30
f 50 1502 1501
f 50 1501 1500
f 1482 1481 30
f 1483 1482 30
f 50 1500 1499
f 50 1499 1498
f 1483 30 50
f 1484 1483 50
f 50 1498 1497
f 50 1497 1496
f 1485 1484 50
f 1486 1485 50
f 50 1496 1495
f 50 1495 1494
f 1487 1486 50
f 1488 1487 50
f 50 1494 1493
f 50 1493 1492
f 1489 1488 50
f 1490 1489 50
f 50 1492 1491
f 50 1491 1490
f 30 9 1465
f 30 1465 1464
f 1462 50 30
f 1462 30 1464
f 1460 1466 81
f 81 50 1462
f 1460 81 1462
f 1459 1461 102
f 102 81 1466
f 1459 102 1466
f 1463 111 102
f 1463 102 1461
f 9 111 1463
f 9 1463 1465
f 1664 20 40
f 1664 40 1673
f 1804 27 7
f 1804 7 1796
f 1673 40 54
f 1673 54 1667
f 1798 42 27
f 1798 27 1804
f 1667 54 77
f 1667 77 1669
f 1800 72 42
f 1800 42 1798
f 1669 77 94
f 1669 94 1668
f 1799 87 72
f 1799 72 1800
f 1668 94 114
f 1668 114 1672
f 1803 107 87
f 1803 87 1799
f 1672 114 141
f 1672 141 1670
f 1801 131 107
f 1801 107 1803
f 1670 141 162
f 1670 162 1671
f 1802 147 131
f 1802 131 1801
f 1671 162 176
f 1671 176 1682
f 1813 174 147
f 1813 147 1802
f 1682 176 195
f 1682 195 1683
f 1812 190 174
f 1812 174 1813
f 1683 195 222
f 1683 222 1697
f 1831 209 190
f 1831 190 1812
f 1697 222 236
f 1697 236 1695
f 1829 229 209
f 1829 209 1831
f 1695 236 259
f 1695 259 1692
f 1827 250 229
f 1827 229 1829
f 1692 259 283
f 1692 283 1690
f 1826 270 250
f 1826 250 1827
f 1690 283 299
f 1690 299 1688
f 1824 288 270
f 1824 270 1826
f 1688 299 311
f 1688 311 1686
f 1822 304 288
f 1822 288 1824
f 1686 311 324
f 1686 324 1685
f 1819 317 304
f 1819 304 1822
f 324 333 1658
f 324 1658 1685
f 330 317 1819
f 330 1819 1817
f 333 349 1657
f 333 1657 1658
f 341 330 1817
f 341 1817 1816
f 1657 349 359
f 1657 359 1660
f 357 341 1816
f 357 1816 1814
f 1660 359 375
f 1660 375 1659
f 1791 366 357
f 1791 357 1814
f 1590 1659 375
f 375 385 1591
f 1590 375 1591
f 1705 1706 382
f 382 366 1791
f 1705 382 1791
f 1591 385 395
f 1591 395 1594
f 392 382 1706
f 392 1706 1709
f 1594 395 402
f 1594 402 1593
f 396 392 1709
f 396 1709 1708
f 1593 402 411
f 1593 411 1592
f 405 396 1708
f 405 1708 1707
f 1589 1592 411
f 411 421 1599
f 1589 411 1599
f 1704 1710 416
f 416 405 1707
f 1704 416 1707
f 1599 421 428
f 1599 428 1600
f 426 416 1710
f 426 1710 1711
f 1600 428 438
f 1600 438 1601
f 431 426 1711
f 431 1711 1715
f 1601 438 444
f 1601 444 1603
f 1717 439 431
f 1717 431 1715
f 444 449 1602
f 444 1602 1603
f 1719 446 439
f 1719 439 1717
f 449 457 1607
f 449 1607 1602
f 1718 453 446
f 1718 446 1719
f 457 462 1606
f 457 1606 1607
f 1721 460 453
f 1721 453 1718
f 462 470 1604
f 462 1604 1606
f 1720 467 460
f 1720 460 1721
f 470 473 1605
f 470 1605 1604
f 471 467 1720
f 471 1720 1722
f 1605 473 477
f 1605 477 1608
f 476 471 1722
f 476 1722 1723
f 1608 477 482
f 1608 482 1609
f 480 476 1723
f 480 1723 1726
f 1609 482 485
f 1609 485 1610
f 483 480 1726
f 483 1726 1728
f 1610 485 487
f 1610 487 1612
f 486 483 1728
f 486 1728 1729
f 1612 487 492
f 1612 492 1613
f 489 486 1729
f 489 1729 1727
f 1613 492 495
f 1613 495 1614
f 493 489 1727
f 493 1727 1725
f 1614 495 498
f 1614 498 1611
f 496 493 1725
f 496 1725 1724
f 1611 498 501
f 1611 501 1598
f 499 496 1724
f 499 1724 1716
f 501 504 1597
f 501 1597 1598
f 502 499 1716
f 502 1716 1714
f 504 507 1596
f 504 1596 1597
f 1713 505 502
f 1713 502 1714
f 1595 1596 507
f 507 510 1655
f 1595 507 1655
f 1712 1764 509
f 509 505 1713
f 1712 509 1713
f 510 514 1654
f 510 1654 1655
f 513 509 1764
f 513 1764 1765
f 514 518 1653
f 514 1653 1654
f 516 513 1765
f 516 1765 1776
f 518 520 1656
f 518 1656 1653
f 519 516 1776
f 519 1776 1778
f 1635 1656 520
f 520 525 1636
f 1635 520 1636
f 523 519 1778
f 523 1778 1780
f 525 528 1638
f 525 1638 1636
f 527 523 1780
f 527 1780 1781
f 528 531 1640
f 528 1640 1638
f 529 527 1781
f 529 1781 1783
f 1640 531 537
f 1640 537 1642
f 534 529 1783
f 534 1783 1785
f 1642 537 540
f 1642 540 1644
f 538 534 1785
f 538 1785 1788
f 540 544 1645
f 540 1645 1644
f 543 538 1788
f 543 1788 1790
f 1645 544 549
f 1645 549 1647
f 1771 546 543
f 1771 543 1790
f 549 552 1650
f 549 1650 1647
f 1772 550 546
f 1772 546 1771
f 552 555 1652
f 552 1652 1650
f 1770 554 550
f 1770 550 1772
f 555 558 1651
f 555 1651 1652
f 1769 556 554
f 1769 554 1770
f 558 563 1632
f 558 1632 1651
f 1773 559 556
f 1773 556 1769
f 563 565 1634
f 563 1634 1632
f 564 559 1773
f 564 1773 1761
f 565 569 1631
f 565 1631 1634
f 1762 567 564
f 1762 564 1761
f 569 572 1633
f 569 1633 1631
f 1760 570 567
f 1760 567 1762
f 572 575 1628
f 572 1628 1633
f 1763 573 570
f 1763 570 1760
f 575 577 1629
f 575 1629 1628
f 1758 576 573
f 1758 573 1763
f 577 579 1630
f 577 1630 1629
f 1759 578 576
f 1759 576 1758
f 579 581 1627
f 579 1627 1630
f 1757 580 578
f 1757 578 1759
f 581 583 1625
f 581 1625 1627
f 1756 582 580
f 1756 580 1757
f 583 585 1623
f 583 1623 1625
f 1754 584 582
f 1754 582 1756
f 585 587 1624
f 585 1624 1623
f 1755 586 584
f 1755 584 1754
f 587 589 1622
f 587 1622 1624
f 1753 588 586
f 1753 586 1755
f 589 591 1626
f 589 1626 1622
f 1752 590 588
f 1752 588 1753
f 591 593 1620
f 591 1620 1626
f 1751 592 590
f 1751 590 1752
f 593 595 1621
f 593 1621 1620
f 594 592 1751
f 594 1751 1768
f 595 598 1619
f 595 1619 1621
f 1766 596 594
f 1766 594 1768
f 598 600 1649
f 598 1649 1619
f 1767 599 596
f 1767 596 1766
f 600 602 1648
f 600 1648 1649
f 601 599 1767
f 601 1767 1789
f 602 604 1646
f 602 1646 1648
f 603 601 1789
f 603 1789 1787
f 604 606 1643
f 604 1643 1646
f 605 603 1787
f 605 1787 1786
f 1643 606 608
f 1643 608 1641
f 607 605 1786
f 607 1786 1784
f 1641 608 610
f 1641 610 1639
f 609 607 1784
f 609 1784 1782
f 1639 610 612
f 1639 612 1637
f 611 609 1782
f 611 1782 1779
f 612 614 1617
f 612 1617 1637
f 1777 613 611
f 1777 611 1779
f 1617 614 616
f 1617 616 1618
f 1775 615 613
f 1775 613 1777
f 1618 616 618
f 1618 618 1615
f 1774 617 615
f 1774 615 1775
f 1615 618 620
f 1615 620 1616
f 1750 619 617
f 1750 617 1774
f 1579 1616 620
f 622 1580 1579
f 620 622 1579
f 1731 1730 621
f 621 619 1750
f 1731 621 1750
f 1580 622 624
f 1580 624 1581
f 1732 623 621
f 1732 621 1730
f 624 626 1578
f 624 1578 1581
f 1733 625 623
f 1733 623 1732
f 1578 626 628
f 1578 628 1577
f 1739 627 625
f 1739 625 1733
f 628 630 1570
f 628 1570 1577
f 1740 629 627
f 1740 627 1739
f 1570 630 632
f 1570 632 1571
f 1741 631 629
f 1741 629 1740
f 1571 632 634
f 1571 634 1572
f 1742 633 631
f 1742 631 1741
f 1572 634 637
f 1572 637 1573
f 1736 635 633
f 1736 633 1742
f 637 639 1568
f 637 1568 1573
f 1737 638 635
f 1737 635 1736
f 1568 639 641
f 1568 641 1566
f 1738 640 638
f 1738 638 1737
f 641 643 1564
f 641 1564 1566
f 1735 642 640
f 1735 640 1738
f 643 645 1563
f 643 1563 1564
f 1746 644 642
f 1746 642 1735
f 1563 645 647
f 1563 647 1565
f 646 644 1746
f 646 1746 1748
f 1565 647 649
f 1565 649 1567
f 1749 648 646
f 1749 646 1748
f 1567 649 651
f 1567 651 1569
f 1747 650 648
f 1747 648 1749
f 651 653 1574
f 651 1574 1569
f 1745 652 650
f 1745 650 1747
f 653 655 1575
f 653 1575 1574
f 1744 654 652
f 1744 652 1745
f 1576 1575 655
f 655 657 1582
f 655 1582 1576
f 1743 656 654
f 1743 654 1744
f 1582 657 659
f 1582 659 1585
f 658 656 1743
f 658 1743 1734
f 659 661 1587
f 659 1587 1585
f 1698 1701 660
f 660 658 1734
f 1698 660 1734
f 1587 661 663
f 1587 663 1588
f 1703 662 660
f 1703 660 1701
f 663 665 1586
f 663 1586 1588
f 1702 664 662
f 1702 662 1703
f 1586 665 667
f 1586 667 1584
f 1699 666 664
f 1699 664 1702
f 1583 1584 667
f 667 669 1674
f 667 1674 1583
f 1700 1805 668
f 668 666 1699
f 1700 668 1699
f 669 671 1676
f 669 1676 1674
f 1806 670 668
f 1806 668 1805
f 671 673 1677
f 671 1677 1676
f 1815 672 670
f 1815 670 1806
f 1677 673 675
f 1677 675 1675
f 1818 674 672
f 1818 672 1815
f 675 677 1687
f 675 1687 1675
f 1820 676 674
f 1820 674 1818
f 1687 677 679
f 1687 679 1689
f 1821 678 676
f 1821 676 1820
f 1689 679 681
f 1689 681 1691
f 1823 680 678
f 1823 678 1821
f 1691 681 684
f 1691 684 1693
f 1825 682 680
f 1825 680 1823
f 1693 684 686
f 1693 686 1694
f 1828 685 682
f 1828 682 1825
f 1694 686 688
f 1694 688 1696
f 1830 687 685
f 1830 685 1828
f 1696 688 690
f 1696 690 1678
f 1807 689 687
f 1807 687 1830
f 1678 690 692
f 1678 692 1680
f 1808 691 689
f 1808 689 1807
f 1680 692 694
f 1680 694 1679
f 1809 693 691
f 1809 691 1808
f 1679 694 696
f 1679 696 1684
f 1810 695 693
f 1810 693 1809
f 1684 696 698
f 1684 698 1681
f 1811 697 695
f 1811 695 1810
f 1681 698 701
f 1681 701 1662
f 1792 700 697
f 1792 697 1811
f 1662 701 703
f 1662 703 1661
f 1793 702 700
f 1793 700 1792
f 1661 703 705
f 1661 705 1666
f 1794 704 702
f 1794 702 1793
f 1666 705 707
f 1666 707 1663
f 1795 706 704
f 1795 704 1794
f 3054 3055 2535
f 3054 2535 2537
f 3053 3054 2537
f 3053 2537 2538
f 3051 3053 2538
f 3051 2538 2536
f 3050 3051 2536
f 3050 2536 2539
f 3049 3050 2539
f 3049 2539 2540
f 3047 3049 2540
f 3047 2540 2541
f 3046 3047 2541
f 3046 2541 2542
f 3044 3046 2542
f 3044 2542 2543
f 3036 3044 2543
f 3036 2543 2544
f 3034 3036 2544
f 3034 2544 2545
f 3040 3034 2545
f 3040 2545 2563
f 3041 3040 2563
f 3041 2563 2564
f 3038 3041 2564
f 3038 2564 2565
f 3039 3038 2565
f 3039 2565 2566
f 3042 3039 2566
f 3042 2566 2567
f 3035 3042 2567
f 3035 2567 2568
f 3037 3035 2568
f 3037 2568 2559
f 3043 3037 2559
f 3043 2559 2558
f 3031 3043 2558
f 3031 2558 2557
f 3032 3031 2557
f 3032 2557 2562
f 3033 3032 2562
f 3033 2562 2561
f 3030 3033 2561
f 3030 2561 2560
f 3025 3030 2560
f 3025 2560 2556
f 3023 3025 2556
f 2549 2551 2861
f 3023 2556 2549
f 3022 3023 2549
f 2549 2861 2862
f 2549 2862 2870
f 2549 2870 2868
f 2549 2868 2869
f 3022 2549 2869
f 3022 2869 2874
f 3021 3022 2874
f 3021 2874 2873
f 3019 3021 2873
f 3019 2873 2872
f 3018 3019 2872
f 3018 2872 2871
f 3017 3018 2871
f 3017 2871 2876
f 3015 3017 2876
f 3015 2876 2875
f 3014 3015 2875
f 3014 2875 2866
f 3013 3014 2866
f 3013 2866 2867
f 3011 3013 2867
f 3011 2867 2864
f 3009 3011 2864
f 3009 2864 2865
f 3008 3009 2865
f 3008 2865 2863
f 3005 3008 2863
f 3005 2863 2860
f 3004 3005 2860
f 3004 2860 2859
f 3006 3004 2859
f 3006 2859 2858
f 3001 3006 2858
f 3001 2858 2857
f 3002 3001 2857
f 3002 2857 2856
f 3000 3002 2856
f 3000 2856 2855
f 2999 3000 2855
f 2999 2855 2854
f 2998 2999 2854
f 2998 2854 2853
f 2997 2998 2853
f 2997 2853 2852
f 3003 2997 2852
f 3003 2852 2851
f 3003 2851 2850
f 3003 2850 2849
f 3007 3003 2849
f 3007 2849 2848
f 3010 3007 2848
f 3010 2848 2847
f 3010 2847 2846
f 3010 2846 2845
f 3012 3010 2845
f 3012 2845 2844
f 3012 2844 2843
f 3012 2843 2836
f 3016 3012 2836
f 3016 2836 2837
f 3016 2837 2838
f 3016 2838 2841
f 3016 2841 2842
f 1971 3091 3093
f 1966 1971 3093
f 1966 3093 3089
f 1967 1966 3089
f 1967 3089 3090
f 1968 1967 3090
f 1968 3090 3087
f 1965 1968 3087
f 1965 3087 3085
f 1964 1965 3085
f 1964 3085 3083
f 1961 1964 3083
f 1961 3083 3080
f 1960 1961 3080
f 1960 3080 3077
f 1958 1960 3077
f 1958 3077 3075
f 1957 1958 3075
f 1957 3075 3072
f 1955 1957 3072
f 1955 3072 3069
f 1954 1955 3069
f 1954 3069 3066
f 1953 1954 3066
f 1953 3066 3063
f 1938 1953 3063
f 1938 3063 3060
f 1939 1938 3060
f 1939 3060 3057
f 1932 1939 3057
f 1932 3057 3052
f 2292 1929 1931
f 1931 1932 3052
f 1931 3052 3048
f 2291 2292 1931
f 2288 2291 1931
f 1931 3048 3045
f 1931 3045 3026
f 2289 2288 1931
f 2290 2289 1931
f 1931 3026 3028
f 1931 3028 3027
f 2226 2290 1931
f 2225 2226 1931
f 1931 3027 3029
f 1931 3029 3024
f 2222 2225 1931
f 2224 2222 1931
f 2223 2224 1931
f 2231 2223 1931
f 2230 2231 1931
f 2233 2230 1931
f 2233 1931 3024
f 2232 2233 3024
f 2232 3024 3020
f 2240 2232 3020
f 2240 3020 3016
f 2236 2240 3016
f 2237 2236 3016
f 2274 2237 3016
f 2275 2274 3016
f 2276 2275 3016
f 2247 2276 3016
f 2248 2247 3016
f 2248 3016 2842
f 2249 2248 2842
f 2249 2842 2840
f 2251 2249 2840
f 2251 2840 2839
f 2252 2251 2839
f 2250 2252 2839
f 2258 2250 2839
f 2257 2258 2839
f 2255 2257 2839
f 2256 2255 2839
f 2254 2256 2839
f 2254 2839 2835
f 2253 2254 2835
f 2259 2253 2835
f 2260 2259 2835
f 2260 2835 2825
f 2261 2260 2825
f 2262 2261 2825
f 2263 2262 2825
f 2263 2825 2826
f 2264 2263 2826
f 2264 2826 2827
f 2265 2264 2827
f 2266 2265 2827
f 2267 2266 2827
f 2267 2827 2828
f 2268 2267 2828
f 2268 2828 2829
f 2269 2268 2829
f 2270 2269 2829
f 2271 2270 2829
f 2271 2829 2830
f 2272 2271 2830
f 2273 2272 2830
f 2277 2273 2830
f 2277 2830 2808
f 2278 2277 2808
f 2279 2278 2808
f 2280 2279 2808
f 2280 2808 2807
f 2281 2280 2807
f 2282 2281 2807
f 2283 2282 2807
f 2283 2807 2806
f 2238 2283 2806
f 2239 2238 2806
f 2241 2239 2806
f 2235 2241 2806
f 2234 2235 2806
f 2246 2234 2806
f 2803 2804 395
f 395 385 375
f 375 359 349
f 349 333 324
f 324 311 299
f 299 283 259
f 259 236 222
f 222 195 176
f 176 162 141
f 141 114 94
f 94 77 54
f 54 40 20
f 20 709 707
f 707 705 703
f 703 701 698
f 698 696 694
f 694 692 690
f 690 688 2242
f 690 2242 2243
f 698 694 690
f 707 703 698
f 54 20 707
f 141 94 54
f 222 176 141
f 299 259 222
f 349 324 299
f 395 375 349
f 2805 2803 395
f 2822 2805 395
f 395 349 299
f 299 222 141
f 141 54 707
f 707 698 690
f 690 2243 2244
f 690 2244 2245
f 141 707 690
f 395 299 141
f 2823 2822 395
f 2824 2823 395
f 141 690 2245
f 141 2245 2246
f 2833 2824 395
f 2834 2833 395
f 141 2246 2806
f 141 2806 2809
f 2831 2834 395
f 2832 2831 395
f 141 2809 2812
f 141 2812 2811
f 2818 2832 395
f 2819 2818 395
f 141 2811 2810
f 141 2810 2821
f 2819 395 141
f 2816 2819 141
f 141 2821 2813
f 141 2813 2815
f 2817 2816 141
f 2820 2817 141
f 141 2815 2814
f 2814 2820 141
f 3092 3091 1971
f 3092 1971 1970
f 3088 3092 1970
f 3088 1970 1969
f 3086 3088 1969
f 3086 1969 1972
f 3084 3086 1972
f 3084 1972 1973
f 3082 3084 1973
f 3082 1973 1974
f 3081 3082 1974
f 3081 1974 1985
f 3079 3081 1985
f 3079 1985 1984
f 3078 3079 1984
f 3078 1984 1983
f 3076 3078 1983
f 3076 1983 1980
f 3074 3076 1980
f 3074 1980 1978
f 3073 3074 1978
f 3073 1978 1976
f 3071 3073 1976
f 3071 1976 1977
f 3070 3071 1977
f 3070 1977 1979
f 3068 3070 1979
f 3068 1979 1982
f 3067 3068 1982
f 3067 1982 1981
f 3065 3067 1981
f 3065 1981 1975
f 3064 3065 1975
f 3064 1975 1989
f 3062 3064 1989
f 3062 1989 1991
f 3061 3062 1991
f 3061 1991 1993
f 3059 3061 1993
f 3059 1993 1992
f 3058 3059 1992
f 3058 1992 1990
f 2535 3055 3056
f 3056 3058 1990
f 3056 1990 1988
f 2534 2535 3056
f 2533 2534 3056
f 3056 1988 1987
f 2533 3056 1987
f 2532 2533 1987
f 2532 1987 1986
f 2531 2532 1986
f 2531 1986 1963
f 2530 2531 1963
f 2529 2530 1963
f 2528 2529 1963
f 2528 1963 1962
f 2527 2528 1962
f 2526 2527 1962
f 2525 2526 1962
f 2525 1962 1959
f 2524 2525 1959
f 2521 2524 1959
f 2523 2521 1959
f 2523 1959 1956
f 2522 2523 1956
f 2522 1956 1946
f 2520 2522 1946
f 2519 2520 1946
f 2518 2519 1946
f 2518 1946 1947
f 2517 2518 1947
f 2517 1947 1948
f 2516 2517 1948
f 2515 2516 1948
f 2514 2515 1948
f 2514 1948 1949
f 591 2512 2513
f 2513 2514 1949
f 591 2513 1949
f 595 593 591
f 600 598 595
f 604 602 600
f 608 606 604
f 612 610 608
f 1933 1930 612
f 1935 1933 612
f 612 608 604
f 604 600 595
f 595 591 1949
f 595 1949 1950
f 612 604 595
f 1934 1935 612
f 1936 1934 612
f 612 595 1950
f 612 1950 1951
f 1937 1936 612
f 1940 1937 612
f 612 1951 1952
f 612 1952 1942
f 1941 1940 612
f 1945 1941 612
f 612 1942 1943
f 1944 1945 612
f 1943 1944 612
f 449 444 438
f 438 428 421
f 421 411 402
f 402 395 2804
f 402 2804 2877
f 438 421 402
f 457 449 438
f 470 462 457
f 477 473 470
f 485 482 477
f 492 487 485
f 2547 2546 492
f 2548 2547 492
f 492 485 477
f 477 470 457
f 457 438 402
f 402 2877 2880
f 402 2880 2879
f 477 457 402
f 2548 492 477
f 2552 2548 477
f 477 402 2879
f 477 2879 2878
f 2553 2552 477
f 2554 2553 477
f 477 2878 2881
f 477 2881 2882
f 2555 2554 477
f 2861 2551 2550
f 2550 2555 477
f 477 2882 2883
f 477 2883 2890
f 2861 2550 477
f 2884 2861 477
f 477 2890 2889
f 477 2889 2893
f 2894 2884 477
f 2897 2894 477
f 477 2893 2892
f 477 2892 2891
f 2898 2897 477
f 2900 2898 477
f 477 2891 2888
f 477 2888 2887
f 2899 2900 477
f 2896 2899 477
f 477 2887 2886
f 477 2886 2885
f 2895 2896 477
f 2885 2895 477
f 528 525 520
f 520 518 514
f 514 510 507
f 507 504 501
f 501 498 495
f 495 492 2546
f 495 2546 2569
f 507 501 495
f 520 514 507
f 531 528 520
f 540 537 531
f 549 544 540
f 555 552 549
f 563 558 555
f 569 565 563
f 575 572 569
f 579 577 575
f 583 581 579
f 587 585 583
f 591 589 587
f 2574 2512 591
f 2581 2574 591
f 591 587 583
f 583 579 575
f 575 569 563
f 563 555 549
f 549 540 531
f 531 520 507
f 507 495 2569
f 507 2569 2570
f 549 531 507
f 575 563 549
f 591 583 575
f 2583 2581 591
f 2584 2583 591
f 591 575 549
f 507 2570 2573
f 507 2573 2571
f 2584 591 549
f 2587 2584 549
f 507 2571 2572
f 507 2572 2575
f 2589 2587 549
f 2590 2589 549
f 507 2575 2582
f 507 2582 2585
f 2593 2590 549
f 2592 2593 549
f 507 2585 2586
f 507 2586 2588
f 2591 2592 549
f 2599 2591 549
f 507 2588 2609
f 507 2609 2601
f 2598 2599 549
f 2597 2598 549
f 549 507 2601
f 549 2601 2600
f 2596 2597 549
f 2595 2596 549
f 549 2600 2604
f 549 2604 2603
f 2594 2595 549
f 2608 2594 549
f 549 2603 2602
f 549 2602 2607
f 2577 2608 549
f 2576 2577 549
f 549 2607 2606
f 549 2606 2605
f 2580 2576 549
f 2579 2580 549
f 549 2605 2578
f 2578 2579 549
f 2228 2229 679
f 679 677 2284
f 679 2284 2285
f 2227 2228 679
f 2221 2227 679
f 679 2285 2287
f 679 2287 2286
f 2220 2221 679
f 679 2286 2219
f 679 2219 2220
f 2242 688 686
f 686 684 681
f 681 679 2229
f 681 2229 2294
f 2242 686 681
f 2293 2242 681
f 681 2294 2295
f 681 2295 2299
f 2296 2293 681
f 2297 2296 681
f 681 2299 2298
f 681 2298 2297
f 2284 677 675
f 675 673 671
f 671 669 667
f 667 665 663
f 663 661 659
f 659 657 655
f 655 653 651
f 651 649 647
f 647 645 643
f 643 641 639
f 639 637 634
f 634 632 630
f 630 628 626
f 626 624 622
f 622 620 618
f 618 616 614
f 614 612 1930
f 614 1930 1994
f 622 618 614
f 630 626 622
f 639 634 630
f 647 643 639
f 655 651 647
f 663 659 655
f 671 667 663
f 2284 675 671
f 2303 2284 671
f 671 663 655
f 655 647 639
f 639 630 622
f 622 614 1994
f 622 1994 1998
f 655 639 622
f 2303 671 655
f 2302 2303 655
f 622 1998 1999
f 622 1999 1996
f 2300 2302 655
f 2301 2300 655
f 622 1996 1997
f 622 1997 2005
f 2301 655 622
f 2308 2301 622
f 622 2005 2006
f 622 2006 2007
f 2307 2308 622
f 2306 2307 622
f 622 2007 2008
f 622 2008 2003
f 2309 2306 622
f 2311 2309 622
f 622 2003 2004
f 622 2004 2002
f 2310 2311 622
f 2318 2310 622
f 622 2002 2017
f 622 2017 2019
f 2312 2318 622
f 2314 2312 622
f 622 2019 2022
f 622 2022 2024
f 2313 2314 622
f 2317 2313 622
f 622 2024 2025
f 622 2025 2023
f 2315 2317 622
f 2316 2315 622
f 622 2023 2021
f 622 2021 2020
f 2305 2316 622
f 1929 2292 2304
f 2304 2305 622
f 622 2020 2018
f 622 2018 2009
f 1995 1929 2304
f 2001 1995 2304
f 2304 622 2009
f 2304 2009 2010
f 2000 2001 2304
f 2012 2000 2304
f 2304 2010 2011
f 2304 2011 2014
f 2013 2012 2304
f 2016 2013 2304
f 2304 2014 2015
f 2015 2016 2304
f 1663 707 709
f 1663 709 1665
f 1797 708 706
f 1797 706 1795
f 1665 709 20
f 1665 20 1664
f 1796 7 708
f 1796 708 1797
f 3109 3141 1901
f 3109 1901 1903
f 3111 3109 1903
f 3111 1903 1897
f 3113 3111 1897
f 3113 1897 1905
f 3105 3113 1905
f 3105 1905 1890
f 3107 3105 1890
f 3107 1890 1892
f 3115 3107 1892
f 3115 1892 1894
f 3100 3115 1894
f 3100 1894 1889
f 3102 3100 1889
f 3102 1889 1886
f 3099 3102 1886
f 3099 1886 1928
f 3097 3099 1928
f 3097 1928 1880
f 3095 3097 1880
f 3095 1880 1882
f 3094 3095 1882
f 3094 1882 1875
f 3098 3094 1875
f 3098 1875 1877
f 3096 3098 1877
f 3096 1877 1884
f 3104 3096 1884
f 3104 1884 1873
f 3103 3104 1873
f 3103 1873 1871
f 3101 3103 1871
f 3101 1871 1874
f 3116 3101 1874
f 3116 1874 1868
f 3108 3116 1868
f 3108 1868 1869
f 3106 3108 1869
f 3106 1869 1870
f 3106 1870 1867
f 3106 1867 1885
f 3114 3106 1885
f 3114 1885 1862
f 3114 1862 1863
f 3114 1863 1864
f 3114 1864 1860
f 1861 1865 640
f 3114 1860 1861
f 3114 1861 640
f 640 642 644
f 644 646 648
f 648 650 652
f 652 654 656
f 656 658 660
f 660 662 664
f 664 666 668
f 668 670 672
f 672 2127 2128
f 672 2128 2125
f 664 668 672
f 656 660 664
f 648 652 656
f 640 644 648
f 3112 3114 640
f 2189 3142 3110
f 3110 3112 640
f 640 648 656
f 656 664 672
f 672 2125 2124
f 672 2124 2123
f 640 656 672
f 2191 2189 3110
f 2186 2191 3110
f 640 672 2123
f 640 2123 2122
f 2202 2186 3110
f 2179 2202 3110
f 640 2122 2141
f 640 2141 2143
f 2179 3110 640
f 2180 2179 640
f 640 2143 2139
f 640 2139 2137
f 2182 2180 640
f 2177 2182 640
f 640 2137 2138
f 640 2138 2142
f 2184 2177 640
f 2172 2184 640
f 640 2142 2140
f 640 2140 2152
f 2174 2172 640
f 2170 2174 640
f 640 2152 2144
f 640 2144 2146
f 2204 2170 640
f 2163 2204 640
f 640 2146 2145
f 640 2145 2151
f 2164 2163 640
f 2166 2164 640
f 640 2151 2147
f 640 2147 2150
f 2161 2166 640
f 2158 2161 640
f 640 2150 2149
f 640 2149 2148
f 2156 2158 640
f 2159 2156 640
f 640 2148 2169
f 640 2169 2155
f 2153 2159 640
f 640 2155 2154
f 640 2154 2153
f 3142 2189 2205
f 3142 2205 2207
f 3143 3142 2207
f 3143 2207 2209
f 3146 3143 2209
f 3146 2209 2211
f 3145 3146 2211
f 3145 2211 2212
f 3144 3145 2212
f 3144 2212 2215
f 3152 3144 2215
f 3152 2215 2218
f 3148 3152 2218
f 3148 2218 2217
f 3147 3148 2217
f 3147 2217 2216
f 3151 3147 2216
f 3151 2216 2214
f 3150 3151 2214
f 3150 2214 2213
f 3149 3150 2213
f 3149 2213 2210
f 3153 3149 2210
f 3153 2210 2208
f 3154 3153 2208
f 3154 2208 2206
f 3155 3154 2206
f 3155 2206 2197
f 3158 3155 2197
f 3158 2197 2198
f 3156 3158 2198
f 3156 2198 2196
f 3157 3156 2196
f 3157 2196 2199
f 3165 3157 2199
f 3165 2199 2194
f 3159 3165 2194
f 3159 2194 2195
f 3160 3159 2195
f 3160 2195 2193
f 3164 3160 2193
f 3164 2193 2200
f 3161 3164 2200
f 3161 2200 2188
f 3161 2188 2190
f 3161 2190 2192
f 3161 2192 2187
f 2201 2181 706
f 3161 2187 2201
f 3161 2201 706
f 706 708 7
f 7 27 42
f 42 72 87
f 87 107 131
f 131 147 174
f 174 190 209
f 209 229 250
f 250 270 288
f 288 304 317
f 317 2799 2769
f 317 2769 2771
f 250 288 317
f 174 209 250
f 87 131 174
f 7 42 87
f 3161 706 7
f 3163 3161 7
f 7 87 174
f 174 250 317
f 317 2771 2773
f 317 2773 2765
f 7 174 317
f 3162 3163 7
f 3189 3162 7
f 7 317 2765
f 7 2765 2767
f 3169 3189 7
f 3167 3169 7
f 7 2767 2775
f 7 2775 2759
f 3175 3167 7
f 3173 3175 7
f 7 2759 2761
f 7 2761 2763
f 3171 3173 7
f 3187 3171 7
f 7 2763 2755
f 7 2755 2757
f 3176 3187 7
f 3179 3176 7
f 7 2757 2801
f 7 2801 2747
f 7 2747 2748
f 7 2748 2750
f 7 2750 2740
f 7 2740 2742
f 7 2742 2752
f 7 2752 2734
f 7 2734 2736
f 7 2736 2738
f 7 2738 2730
f 7 2730 2732
f 7 2732 2753
f 7 2753 2722
f 7 2722 2724
f 7 2724 2726
f 7 2726 2718
f 7 2718 2720
f 7 2720 2728
f 7 2728 2712
f 7 2712 2714
f 7 2714 2716
f 7 2716 2710
f 7 2710 2708
f 3179 7 2708
f 3179 2708 2706
f 3186 3179 2706
f 3186 2706 2707
f 3181 3186 2707
f 3181 2707 2709
f 3184 3181 2709
f 3184 2709 2715
f 3182 3184 2715
f 3182 2715 2713
f 3183 3182 2713
f 3183 2713 2711
f 3183 2711 2727
f 3183 2727 2719
f 3183 2719 2717
f 3183 2717 2725
f 3180 3183 2725
f 3180 2725 2723
f 3180 2723 2721
f 3180 2721 2751
f 3180 2751 2731
f 3180 2731 2729
f 3185 3180 2729
f 3185 2729 2737
f 3185 2737 2735
f 3185 2735 2733
f 3177 3185 2733
f 3177 2733 2749
f 3178 3177 2749
f 3178 2749 2741
f 3178 2741 2739
f 3178 2739 2744
f 3188 3178 2744
f 3188 2744 2743
f 3188 2743 2745
f 2745 2746 2473
f 2745 2473 2511
f 3188 2745 2511
f 3188 2511 2462
f 3170 3188 2462
f 3170 2462 2464
f 3172 3170 2464
f 3172 2464 2466
f 3174 3172 2466
f 3174 2466 2461
f 3166 3174 2461
f 3166 2461 2458
f 3168 3166 2458
f 3168 2458 2468
f 3136 3168 2468
f 3136 2468 2455
f 3138 3136 2455
f 3138 2455 2457
f 3137 3138 2457
f 3137 2457 2450
f 3134 3137 2450
f 3134 2450 2452
f 3135 3134 2452
f 3135 2452 2470
f 3139 3135 2470
f 3139 2470 2444
f 3131 3139 2444
f 3131 2444 2441
f 3132 3131 2441
f 3132 2441 2446
f 3130 3132 2446
f 3130 2446 2440
f 3133 3130 2440
f 3133 2440 2449
f 3129 3133 2449
f 3129 2449 2435
f 3128 3129 2435
f 3128 2435 2437
f 3140 3128 2437
f 3140 2437 2438
f 3124 3140 2438
f 3124 2438 2433
f 3125 3124 2433
f 3125 2433 2430
f 3126 3125 2430
f 3126 2430 2432
f 3122 3126 2432
f 3122 2432 2431
f 3123 3122 2431
f 3123 2431 2436
f 3127 3123 2436
f 3127 2436 2434
f 3119 3127 2434
f 3119 2434 2448
f 3120 3119 2448
f 3120 2448 2439
f 3120 2439 2445
f 3120 2445 2443
f 3120 2443 2442
f 3120 2442 2447
f 3121 3120 2447
f 3121 2447 2451
f 3121 2451 2456
f 3121 2456 2453
f 3121 2453 2454
f 2467 2460 573
f 3121 2454 2467
f 3121 2467 573
f 573 576 578
f 578 580 582
f 582 584 586
f 586 588 590
f 590 592 594
f 594 596 599
f 599 601 603
f 603 605 607
f 607 1840 1839
f 607 1839 1845
f 599 603 607
f 590 594 599
f 582 586 590
f 573 578 582
f 3117 3121 573
f 1901 3141 3118
f 3118 3117 573
f 573 582 590
f 590 599 607
f 607 1845 1842
f 607 1842 1844
f 573 590 607
f 1899 1901 3118
f 1926 1899 3118
f 573 607 1844
f 573 1844 1843
f 1907 1926 3118
f 1913 1907 3118
f 573 1843 1872
f 573 1872 1883
f 1913 3118 573
f 1908 1913 573
f 573 1883 1876
f 573 1876 1881
f 1911 1908 573
f 1923 1911 573
f 573 1881 1878
f 573 1878 1879
f 1917 1923 573
f 1915 1917 573
f 573 1879 1927
f 573 1927 1888
f 1922 1915 573
f 1919 1922 573
f 573 1888 1887
f 573 1887 1893
f 1918 1919 573
f 1921 1918 573
f 573 1893 1891
f 573 1891 1904
f 1920 1921 573
f 1914 1920 573
f 573 1904 1895
f 573 1895 1896
f 1916 1914 573
f 1925 1916 573
f 573 1896 1902
f 573 1902 1900
f 1909 1925 573
f 1910 1909 573
f 573 1900 1898
f 573 1898 1924
f 1912 1910 573
f 573 1924 1906
f 573 1906 1912
f 2776 2799 317
f 317 330 341
f 341 357 366
f 366 382 392
f 392 396 405
f 405 416 426
f 426 431 439
f 439 446 453
f 453 460 467
f 467 471 476
f 476 480 483
f 483 486 489
f 489 493 496
f 496 499 502
f 502 505 509
f 509 513 516
f 516 2422 2423
f 516 2423 2428
f 502 509 516
f 489 496 502
f 476 483 489
f 453 467 476
f 426 439 453
f 392 405 426
f 341 366 392
f 2776 317 341
f 2779 2776 341
f 341 392 426
f 426 453 476
f 476 489 502
f 502 516 2428
f 502 2428 2425
f 426 476 502
f 2779 341 426
f 2785 2779 426
f 426 502 2425
f 426 2425 2427
f 2780 2785 426
f 2783 2780 426
f 426 2427 2426
f 426 2426 2508
f 2797 2783 426
f 2786 2797 426
f 426 2508 2503
f 426 2503 2505
f 2789 2786 426
f 2795 2789 426
f 426 2505 2504
f 426 2504 2506
f 2790 2795 426
f 2793 2790 426
f 426 2506 2507
f 426 2507 2501
f 2791 2793 426
f 2792 2791 426
f 426 2501 2502
f 426 2502 2500
f 2794 2792 426
f 2796 2794 426
f 426 2500 2509
f 426 2509 2496
f 2787 2796 426
f 2788 2787 426
f 426 2496 2497
f 426 2497 2498
f 2798 2788 426
f 2781 2798 426
f 426 2498 2494
f 426 2494 2495
f 2782 2781 426
f 2784 2782 426
f 426 2495 2499
f 426 2499 2492
f 2777 2784 426
f 2778 2777 426
f 426 2492 2493
f 426 2493 2490
f 2800 2778 426
f 2768 2800 426
f 426 2490 2491
f 426 2491 2510
f 2770 2768 426
f 2772 2770 426
f 426 2510 2485
f 426 2485 2482
f 2764 2772 426
f 2766 2764 426
f 426 2482 2487
f 426 2487 2481
f 2774 2766 426
f 2758 2774 426
f 426 2481 2489
f 426 2489 2475
f 2760 2758 426
f 2762 2760 426
f 426 2475 2477
f 2479 2473 2746
f 426 2477 2479
f 2754 2762 426
f 2756 2754 426
f 2479 2746 2802
f 2756 426 2479
f 2479 2802 2756
f 2424 2422 516
f 516 519 523
f 523 527 529
f 529 534 538
f 538 543 546
f 546 550 554
f 554 556 559
f 559 564 567
f 567 570 573
f 573 2460 2459
f 573 2459 2465
f 559 567 573
f 546 554 559
f 529 538 546
f 516 523 529
f 2421 2424 516
f 2429 2421 516
f 516 529 546
f 546 559 573
f 573 2465 2463
f 573 2463 2469
f 516 546 573
f 2418 2429 516
f 2419 2418 516
f 573 2469 2471
f 573 2471 2472
f 2419 516 573
f 2417 2419 573
f 573 2472 2478
f 573 2478 2476
f 2420 2417 573
f 2415 2420 573
f 573 2476 2474
f 573 2474 2488
f 2416 2415 573
f 2483 2416 573
f 573 2488 2480
f 573 2480 2486
f 2484 2483 573
f 573 2486 2484
f 2126 2127 672
f 672 674 676
f 676 678 680
f 680 682 685
f 685 687 689
f 689 691 693
f 693 695 697
f 697 700 702
f 702 704 706
f 706 2181 2183
f 706 2183 2176
f 697 702 706
f 689 693 697
f 680 685 689
f 672 676 680
f 2129 2126 672
f 2130 2129 672
f 672 680 689
f 689 697 706
f 706 2176 2178
f 706 2178 2185
f 672 689 706
f 2132 2130 672
f 2131 2132 672
f 706 2185 2173
f 706 2173 2175
f 2131 672 706
f 2136 2131 706
f 706 2175 2171
f 706 2171 2203
f 2133 2136 706
f 2135 2133 706
f 706 2203 2165
f 706 2165 2167
f 2134 2135 706
f 2157 2134 706
f 706 2167 2160
f 706 2160 2162
f 2168 2157 706
f 706 2162 2168
f 1841 1840 607
f 607 609 611
f 611 613 615
f 615 617 619
f 619 621 623
f 623 625 627
f 627 629 631
f 631 633 635
f 635 638 640
f 640 1865 1857
f 640 1857 1859
f 631 635 640
f 623 627 631
f 615 619 623
f 607 611 615
f 1838 1841 607
f 1846 1838 607
f 607 615 623
f 623 631 640
f 640 1859 1866
f 640 1866 1855
f 607 623 640
f 1835 1846 607
f 1836 1835 607
f 640 1855 1852
f 640 1852 1851
f 1836 607 640
f 1834 1836 640
f 640 1851 1850
f 640 1850 1848
f 1837 1834 640
f 1832 1837 640
f 640 1848 1847
f 640 1847 1849
f 1833 1832 640
f 1858 1833 640
f 640 1849 1854
f 640 1854 1853
f 1856 1858 640
f 640 1853 1856
f 2026 1875 1882
f 2026 1882 2027
f 2027 1882 1880
f 2027 1880 2028
f 2028 1880 1928
f 2028 1928 2029
f 2029 1928 1886
f 2029 1886 2030
f 2030 1886 1889
f 2030 1889 2031
f 2031 1889 1894
f 2031 1894 2032
f 2032 1894 1892
f 2032 1892 2033
f 2033 1892 1890
f 2033 1890 2034
f 1890 1905 2035
f 1890 2035 2034
f 2035 1905 1897
f 2035 1897 2036
f 2036 1897 1903
f 2036 1903 2037
f 2037 1903 1901
f 2037 1901 2038
f 1901 1899 2039
f 1901 2039 2038
f 1899 1926 2040
f 1899 2040 2039
f 1926 1907 2041
f 1926 2041 2040
f 1907 1913 2042
f 1907 2042 2041
f 1913 1908 2043
f 1913 2043 2042
f 1908 1911 2044
f 1908 2044 2043
f 1911 1923 2045
f 1911 2045 2044
f 1923 1917 2046
f 1923 2046 2045
f 1917 1915 2047
f 1917 2047 2046
f 1915 1922 2048
f 1915 2048 2047
f 1922 1919 2049
f 1922 2049 2048
f 1919 1918 2050
f 1919 2050 2049
f 1918 1921 2051
f 1918 2051 2050
f 1921 1920 2052
f 1921 2052 2051
f 1920 1914 2053
f 1920 2053 2052
f 1914 1916 2054
f 1914 2054 2053
f 1916 1925 2055
f 1916 2055 2054
f 1925 1909 2056
f 1925 2056 2055
f 1909 1910 2057
f 1909 2057 2056
f 1910 1912 2058
f 1910 2058 2057
f 1912 1906 2059
f 1912 2059 2058
f 1906 1924 2060
f 1906 2060 2059
f 1924 1898 2061
f 1924 2061 2060
f 1898 1900 2062
f 1898 2062 2061
f 2062 1900 1902
f 2062 1902 2063
f 2063 1902 1896
f 2063 1896 2064
f 2064 1896 1895
f 2064 1895 2065
f 2065 1895 1904
f 2065 1904 2066
f 2066 1904 1891
f 2066 1891 2067
f 2067 1891 1893
f 2067 1893 2068
f 2068 1893 1887
f 2068 1887 2069
f 2069 1887 1888
f 2069 1888 2070
f 2070 1888 1927
f 2070 1927 2071
f 2071 1927 1879
f 2071 1879 2072
f 2072 1879 1878
f 2072 1878 2073
f 2073 1878 1881
f 2073 1881 2074
f 2074 1881 1876
f 2074 1876 2075
f 2075 1876 1883
f 2075 1883 2076
f 2076 1883 1872
f 2076 1872 2077
f 2077 1872 1843
f 2077 1843 2078
f 2078 1843 1844
f 2078 1844 2079
f 2079 1844 1842
f 2079 1842 2080
f 2080 1842 1845
f 2080 1845 2081
f 2081 1845 1839
f 2081 1839 2082
f 1840 1841 2083
f 2083 2082 1839
f 1840 2083 1839
f 2083 1841 1838
f 2083 1838 2084
f 2084 1838 1846
f 2084 1846 2085
f 2085 1846 1835
f 2085 1835 2086
f 2086 1835 1836
f 2086 1836 2087
f 2087 1836 1834
f 2087 1834 2088
f 2088 1834 1837
f 2088 1837 2089
f 2089 1837 1832
f 2089 1832 2090
f 2090 1832 1833
f 2090 1833 2091
f 2091 1833 1858
f 2091 1858 2092
f 2092 1858 1856
f 2092 1856 2093
f 2093 1856 1853
f 2093 1853 2094
f 2094 1853 1854
f 2094 1854 2095
f 2095 1854 1849
f 2095 1849 2096
f 2096 1849 1847
f 2096 1847 2097
f 2097 1847 1848
f 2097 1848 2098
f 1848 1850 2099
f 1848 2099 2098
f 2099 1850 1851
f 2099 1851 2100
f 2100 1851 1852
f 2100 1852 2101
f 2101 1852 1855
f 2101 1855 2102
f 2102 1855 1866
f 2102 1866 2103
f 2103 1866 1859
f 2103 1859 2104
f 2104 1859 1857
f 2104 1857 2105
f 2105 1857 1865
f 2105 1865 2106
f 2106 1865 1861
f 2106 1861 2107
f 2107 1861 1860
f 2107 1860 2108
f 2108 1860 1864
f 2108 1864 2109
f 2109 1864 1863
f 2109 1863 2110
f 2110 1863 1862
f 2110 1862 2111
f 1862 1885 2112
f 1862 2112 2111
f 2112 1885 1867
f 2112 1867 2113
f 2113 1867 1870
f 2113 1870 2114
f 2114 1870 1869
f 2114 1869 2115
f 2115 1869 1868
f 2115 1868 2116
f 2116 1868 1874
f 2116 1874 2117
f 2117 1874 1871
f 2117 1871 2118
f 2118 1871 1873
f 2118 1873 2119
f 2119 1873 1884
f 2119 1884 2120
f 2120 1884 1877
f 2120 1877 2121
f 2121 1877 1875
f 2121 1875 2026
f 5 13 1953
f 5 1953 1938
f 13 23 1954
f 13 1954 1953
f 23 33 1955
f 23 1955 1954
f 33 47 1957
f 33 1957 1955
f 47 55 1958
f 47 1958 1957
f 55 66 1960
f 55 1960 1958
f 1960 66 73
f 1960 73 1961
f 73 82 1964
f 73 1964 1961
f 1964 82 96
f 1964 96 1965
f 1965 96 108
f 1965 108 1968
f 1968 108 117
f 1968 117 1967
f 1967 117 124
f 1967 124 1966
f 1966 124 140
f 1966 140 1971
f 1971 140 148
f 1971 148 1970
f 1970 148 157
f 1970 157 1969
f 1969 157 166
f 1969 166 1972
f 1972 166 180
f 1972 180 1973
f 1973 180 189
f 1973 189 1974
f 1974 189 198
f 1974 198 1985
f 1985 198 204
f 1985 204 1984
f 1984 204 216
f 1984 216 1983
f 1983 216 225
f 1983 225 1980
f 1980 225 238
f 1980 238 1978
f 1978 238 246
f 1978 246 1976
f 1976 246 256
f 1976 256 1977
f 1977 256 266
f 1977 266 1979
f 1979 266 281
f 1979 281 1982
f 1982 281 289
f 1982 289 1981
f 1981 289 294
f 1981 294 1975
f 1975 294 301
f 1975 301 1989
f 1989 301 308
f 1989 308 1991
f 308 314 1993
f 308 1993 1991
f 314 321 1992
f 314 1992 1993
f 321 328 1990
f 321 1990 1992
f 328 335 1988
f 328 1988 1990
f 335 344 1987
f 335 1987 1988
f 1987 344 348
f 1987 348 1986
f 1986 348 356
f 1986 356 1963
f 1963 356 364
f 1963 364 1962
f 1962 364 369
f 1962 369 1959
f 1959 369 378
f 1959 378 1956
f 1956 378 384
f 1956 384 1946
f 1946 384 389
f 1946 389 1947
f 1947 389 393
f 1947 393 1948
f 1948 393 397
f 1948 397 1949
f 1949 397 401
f 1949 401 1950
f 1950 401 406
f 1950 406 1951
f 1951 406 410
f 1951 410 1952
f 1952 410 414
f 1952 414 1942
f 1942 414 420
f 1942 420 1943
f 1943 420 425
f 1943 425 1944
f 1944 425 429
f 1944 429 1945
f 1945 429 434
f 1945 434 1941
f 1941 434 437
f 1941 437 1940
f 1940 437 443
f 1940 443 1937
f 1937 443 447
f 1937 447 1936
f 1936 447 452
f 1936 452 1934
f 1934 452 456
f 1934 456 1935
f 1935 456 459
f 1935 459 1933
f 1933 459 463
f 1933 463 1930
f 1930 463 468
f 1930 468 1994
f 468 474 1998
f 468 1998 1994
f 1998 474 478
f 1998 478 1999
f 1999 478 481
f 1999 481 1996
f 1996 481 484
f 1996 484 1997
f 484 488 2005
f 484 2005 1997
f 2005 488 490
f 2005 490 2006
f 2006 490 494
f 2006 494 2007
f 2007 494 497
f 2007 497 2008
f 2008 497 500
f 2008 500 2003
f 2003 500 503
f 2003 503 2004
f 2004 503 506
f 2004 506 2002
f 506 508 2017
f 506 2017 2002
f 2017 508 511
f 2017 511 2019
f 511 515 2022
f 511 2022 2019
f 515 517 2024
f 515 2024 2022
f 2024 517 521
f 2024 521 2025
f 521 524 2023
f 521 2023 2025
f 524 526 2021
f 524 2021 2023
f 526 530 2020
f 526 2020 2021
f 2020 530 533
f 2020 533 2018
f 2018 533 536
f 2018 536 2009
f 2009 536 539
f 2009 539 2010
f 2010 539 542
f 2010 542 2011
f 2011 542 545
f 2011 545 2014
f 2014 545 548
f 2014 548 2015
f 2015 548 551
f 2015 551 2016
f 2016 551 553
f 2016 553 2013
f 2013 553 557
f 2013 557 2012
f 557 560 2000
f 557 2000 2012
f 2000 560 562
f 2000 562 2001
f 562 566 1995
f 562 1995 2001
f 1929 1995 566
f 566 568 1931
f 1929 566 1931
f 568 571 1932
f 568 1932 1931
f 571 574 1939
f 571 1939 1932
f 1939 574 5
f 1939 5 1938
f 562 560 557
f 557 553 551
f 551 548 545
f 545 542 539
f 539 536 533
f 533 530 526
f 526 524 521
f 521 517 515
f 515 511 508
f 508 506 503
f 503 500 497
f 497 494 490
f 490 488 484
f 484 481 478
f 478 2089 2090
f 478 2090 2091
f 490 484 478
f 503 497 490
f 515 508 503
f 526 521 515
f 539 533 526
f 551 545 539
f 562 557 551
f 568 566 562
f 574 571 568
f 13 5 574
f 33 23 13
f 55 47 33
f 73 66 55
f 96 82 73
f 117 108 96
f 140 124 117
f 157 148 140
f 2040 2041 157
f 2039 2040 157
f 157 140 117
f 117 96 73
f 73 55 33
f 33 13 574
f 574 568 562
f 562 551 539
f 539 526 515
f 515 503 490
f 490 478 2091
f 490 2091 2092
f 539 515 490
f 574 562 539
f 73 33 574
f 157 117 73
f 2038 2039 157
f 2037 2038 157
f 157 73 574
f 574 539 490
f 490 2092 2093
f 490 2093 2094
f 2037 157 574
f 2036 2037 574
f 490 2094 2095
f 490 2095 2096
f 2035 2036 574
f 2034 2035 574
f 490 2096 2097
f 490 2097 2098
f 2033 2034 574
f 2032 2033 574
f 490 2098 2099
f 490 2099 2100
f 2031 2032 574
f 2030 2031 574
f 490 2100 2101
f 490 2101 2102
f 2029 2030 574
f 2028 2029 574
f 490 2102 2103
f 490 2103 2104
f 2027 2028 574
f 2026 2027 574
f 490 2104 2105
f 490 2105 2106
f 2121 2026 574
f 2120 2121 574
f 574 490 2106
f 574 2106 2107
f 2119 2120 574
f 2118 2119 574
f 574 2107 2108
f 574 2108 2109
f 2117 2118 574
f 2116 2117 574
f 574 2109 2110
f 574 2110 2111
f 2115 2116 574
f 2114 2115 574
f 574 2111 2112
f 2113 2114 574
f 2112 2113 574
f 452 447 443
f 443 437 434
f 434 429 425
f 425 420 414
f 414 410 406
f 406 401 397
f 397 393 389
f 389 384 378
f 378 369 364
f 364 356 348
f 348 344 335
f 335 328 321
f 321 314 308
f 308 301 294
f 294 289 281
f 281 266 256
f 256 246 238
f 238 225 216
f 216 204 198
f 198 189 180
f 180 166 157
f 157 2041 2042
f 157 2042 2043
f 198 180 157
f 238 216 198
f 281 256 238
f 308 294 281
f 335 321 308
f 364 348 335
f 389 378 364
f 406 397 389
f 425 414 406
f 443 434 425
f 456 452 443
f 463 459 456
f 474 468 463
f 2089 478 474
f 2088 2089 474
f 474 463 456
f 456 443 425
f 425 406 389
f 389 364 335
f 335 308 281
f 281 238 198
f 198 157 2043
f 198 2043 2044
f 335 281 198
f 425 389 335
f 474 456 425
f 2087 2088 474
f 2086 2087 474
f 474 425 335
f 198 2044 2045
f 198 2045 2046
f 2085 2086 474
f 2084 2085 474
f 335 198 2046
f 335 2046 2047
f 2083 2084 474
f 2082 2083 474
f 335 2047 2048
f 335 2048 2049
f 2081 2082 474
f 2080 2081 474
f 335 2049 2050
f 335 2050 2051
f 2079 2080 474
f 2078 2079 474
f 335 2051 2052
f 335 2052 2053
f 2077 2078 474
f 2076 2077 474
f 335 2053 2054
f 335 2054 2055
f 2076 474 335
f 2075 2076 335
f 335 2055 2056
f 335 2056 2057
f 2074 2075 335
f 2073 2074 335
f 335 2057 2058
f 335 2058 2059
f 2072 2073 335
f 2071 2072 335
f 335 2059 2060
f 335 2060 2061
f 2070 2071 335
f 2069 2070 335
f 335 2061 2062
f 335 2062 2063
f 2068 2069 335
f 2067 2068 335
f 335 2063 2064
f 335 2064 2065
f 2066 2067 335
f 335 2065 2066
f 2319 2203 2171
f 2319 2171 2320
f 2320 2171 2175
f 2320 2175 2321
f 2321 2175 2173
f 2321 2173 2322
f 2322 2173 2185
f 2322 2185 2323
f 2323 2185 2178
f 2323 2178 2324
f 2324 2178 2176
f 2324 2176 2325
f 2325 2176 2183
f 2325 2183 2326
f 2326 2183 2181
f 2326 2181 2327
f 2181 2201 2328
f 2181 2328 2327
f 2328 2201 2187
f 2328 2187 2329
f 2329 2187 2192
f 2329 2192 2330
f 2330 2192 2190
f 2330 2190 2331
f 2190 2188 2332
f 2190 2332 2331
f 2188 2200 2333
f 2188 2333 2332
f 2200 2193 2334
f 2200 2334 2333
f 2193 2195 2335
f 2193 2335 2334
f 2195 2194 2336
f 2195 2336 2335
f 2194 2199 2337
f 2194 2337 2336
f 2199 2196 2338
f 2199 2338 2337
f 2196 2198 2339
f 2196 2339 2338
f 2198 2197 2340
f 2198 2340 2339
f 2197 2206 2341
f 2197 2341 2340
f 2206 2208 2342
f 2206 2342 2341
f 2208 2210 2343
f 2208 2343 2342
f 2210 2213 2344
f 2210 2344 2343
f 2213 2214 2345
f 2213 2345 2344
f 2214 2216 2346
f 2214 2346 2345
f 2216 2217 2347
f 2216 2347 2346
f 2217 2218 2348
f 2217 2348 2347
f 2218 2215 2349
f 2218 2349 2348
f 2215 2212 2350
f 2215 2350 2349
f 2212 2211 2351
f 2212 2351 2350
f 2211 2209 2352
f 2211 2352 2351
f 2209 2207 2353
f 2209 2353 2352
f 2207 2205 2354
f 2207 2354 2353
f 2205 2189 2355
f 2205 2355 2354
f 2355 2189 2191
f 2355 2191 2356
f 2356 2191 2186
f 2356 2186 2357
f 2357 2186 2202
f 2357 2202 2358
f 2358 2202 2179
f 2358 2179 2359
f 2359 2179 2180
f 2359 2180 2360
f 2360 2180 2182
f 2360 2182 2361
f 2361 2182 2177
f 2361 2177 2362
f 2362 2177 2184
f 2362 2184 2363
f 2363 2184 2172
f 2363 2172 2364
f 2364 2172 2174
f 2364 2174 2365
f 2365 2174 2170
f 2365 2170 2366
f 2366 2170 2204
f 2366 2204 2367
f 2367 2204 2163
f 2367 2163 2368
f 2368 2163 2164
f 2368 2164 2369
f 2369 2164 2166
f 2369 2166 2370
f 2370 2166 2161
f 2370 2161 2371
f 2371 2161 2158
f 2371 2158 2372
f 2372 2158 2156
f 2372 2156 2373
f 2373 2156 2159
f 2373 2159 2374
f 2374 2159 2153
f 2374 2153 2375
f 2375 2153 2154
f 2375 2154 2376
f 2376 2154 2155
f 2376 2155 2377
f 2377 2155 2169
f 2377 2169 2378
f 2378 2169 2148
f 2378 2148 2379
f 2379 2148 2149
f 2379 2149 2380
f 2380 2149 2150
f 2380 2150 2381
f 2381 2150 2147
f 2381 2147 2382
f 2382 2147 2151
f 2382 2151 2383
f 2383 2151 2145
f 2383 2145 2384
f 2384 2145 2146
f 2384 2146 2385
f 2385 2146 2144
f 2385 2144 2386
f 2386 2144 2152
f 2386 2152 2387
f 2387 2152 2140
f 2387 2140 2388
f 2388 2140 2142
f 2388 2142 2389
f 2389 2142 2138
f 2389 2138 2390
f 2390 2138 2137
f 2390 2137 2391
f 2137 2139 2392
f 2137 2392 2391
f 2392 2139 2143
f 2392 2143 2393
f 2393 2143 2141
f 2393 2141 2394
f 2394 2141 2122
f 2394 2122 2395
f 2395 2122 2123
f 2395 2123 2396
f 2396 2123 2124
f 2396 2124 2397
f 2397 2124 2125
f 2397 2125 2398
f 2398 2125 2128
f 2398 2128 2399
f 2400 2399 2128
f 2127 2126 2400
f 2128 2127 2400
f 2400 2126 2129
f 2400 2129 2401
f 2401 2129 2130
f 2401 2130 2402
f 2402 2130 2132
f 2402 2132 2403
f 2403 2132 2131
f 2403 2131 2404
f 2131 2136 2405
f 2131 2405 2404
f 2405 2136 2133
f 2405 2133 2406
f 2406 2133 2135
f 2406 2135 2407
f 2407 2135 2134
f 2407 2134 2408
f 2408 2134 2157
f 2408 2157 2409
f 2409 2157 2168
f 2409 2168 2410
f 2410 2168 2162
f 2410 2162 2411
f 2411 2162 2160
f 2411 2160 2412
f 2412 2160 2167
f 2412 2167 2413
f 2413 2167 2165
f 2413 2165 2414
f 2414 2165 2203
f 2414 2203 2319
f 1 10 2234
f 1 2234 2246
f 10 15 2235
f 10 2235 2234
f 2235 15 24
f 2235 24 2241
f 24 32 2239
f 24 2239 2241
f 32 37 2238
f 32 2238 2239
f 37 45 2283
f 37 2283 2238
f 45 53 2282
f 45 2282 2283
f 53 58 2281
f 53 2281 2282
f 58 63 2280
f 58 2280 2281
f 63 70 2279
f 63 2279 2280
f 70 78 2278
f 70 2278 2279
f 78 86 2277
f 78 2277 2278
f 86 92 2273
f 86 2273 2277
f 92 99 2272
f 92 2272 2273
f 99 103 2271
f 99 2271 2272
f 103 112 2270
f 103 2270 2271
f 112 118 2269
f 112 2269 2270
f 118 126 2268
f 118 2268 2269
f 126 132 2267
f 126 2267 2268
f 132 137 2266
f 132 2266 2267
f 137 144 2265
f 137 2265 2266
f 144 150 2264
f 144 2264 2265
f 150 160 2263
f 150 2263 2264
f 160 165 2262
f 160 2262 2263
f 165 171 2261
f 165 2261 2262
f 171 179 2260
f 171 2260 2261
f 179 187 2259
f 179 2259 2260
f 187 194 2253
f 187 2253 2259
f 2253 194 200
f 2253 200 2254
f 2254 200 207
f 2254 207 2256
f 2256 207 211
f 2256 211 2255
f 2255 211 220
f 2255 220 2257
f 2257 220 226
f 2257 226 2258
f 2258 226 232
f 2258 232 2250
f 2250 232 241
f 2250 241 2252
f 2252 241 248
f 2252 248 2251
f 2251 248 252
f 2251 252 2249
f 2249 252 261
f 2249 261 2248
f 2248 261 269
f 2248 269 2247
f 2247 269 273
f 2247 273 2276
f 2276 273 279
f 2276 279 2275
f 2275 279 286
f 2275 286 2274
f 2274 286 293
f 2274 293 2237
f 2237 293 296
f 2237 296 2236
f 2236 296 300
f 2236 300 2240
f 2240 300 306
f 2240 306 2232
f 2232 306 309
f 2232 309 2233
f 2233 309 315
f 2233 315 2230
f 2230 315 319
f 2230 319 2231
f 2231 319 322
f 2231 322 2223
f 2223 322 327
f 2223 327 2224
f 2224 327 331
f 2224 331 2222
f 2222 331 337
f 2222 337 2225
f 2225 337 342
f 2225 342 2226
f 2226 342 347
f 2226 347 2290
f 2290 347 351
f 2290 351 2289
f 2289 351 354
f 2289 354 2288
f 2288 354 360
f 2288 360 2291
f 2292 2291 360
f 360 363 2304
f 2292 360 2304
f 2304 363 367
f 2304 367 2305
f 367 372 2316
f 367 2316 2305
f 2316 372 376
f 2316 376 2315
f 2315 376 381
f 2315 381 2317
f 2317 381 386
f 2317 386 2313
f 2313 386 388
f 2313 388 2314
f 2314 388 391
f 2314 391 2312
f 2312 391 394
f 2312 394 2318
f 2318 394 398
f 2318 398 2310
f 2310 398 400
f 2310 400 2311
f 2311 400 403
f 2311 403 2309
f 2309 403 407
f 2309 407 2306
f 2306 407 409
f 2306 409 2307
f 2307 409 413
f 2307 413 2308
f 413 415 2301
f 413 2301 2308
f 2301 415 419
f 2301 419 2300
f 2300 419 422
f 2300 422 2302
f 2302 422 424
f 2302 424 2303
f 2284 2303 424
f 424 427 2285
f 2284 424 2285
f 2285 427 430
f 2285 430 2287
f 2287 430 433
f 2287 433 2286
f 2286 433 436
f 2286 436 2219
f 2219 436 440
f 2219 440 2220
f 2220 440 442
f 2220 442 2221
f 2221 442 445
f 2221 445 2227
f 445 448 2228
f 445 2228 2227
f 2229 2228 448
f 448 451 2294
f 2229 448 2294
f 2294 451 455
f 2294 455 2295
f 2295 455 458
f 2295 458 2299
f 2299 458 461
f 2299 461 2298
f 461 464 2297
f 461 2297 2298
f 2297 464 466
f 2297 466 2296
f 466 469 2293
f 466 2293 2296
f 2242 2293 469
f 469 472 2243
f 2242 469 2243
f 2243 472 475
f 2243 475 2244
f 475 479 2245
f 475 2245 2244
f 479 1 2246
f 479 2246 2245
f 331 327 322
f 322 319 315
f 315 309 306
f 306 300 296
f 296 293 286
f 286 279 273
f 273 269 261
f 261 252 248
f 248 241 232
f 232 226 220
f 220 211 207
f 207 200 194
f 194 187 179
f 179 171 165
f 165 160 150
f 150 144 137
f 137 132 126
f 126 118 112
f 112 103 2334
f 112 2334 2335
f 137 126 112
f 165 150 137
f 194 179 165
f 220 207 194
f 248 232 220
f 273 261 248
f 296 286 273
f 315 306 296
f 331 322 315
f 342 337 331
f 351 347 342
f 360 354 351
f 367 363 360
f 376 372 367
f 2382 381 376
f 2381 2382 376
f 376 367 360
f 360 351 342
f 342 331 315
f 315 296 273
f 273 248 220
f 220 194 165
f 165 137 112
f 112 2335 2336
f 112 2336 2337
f 220 165 112
f 315 273 220
f 360 342 315
f 2381 376 360
f 2380 2381 360
f 360 315 220
f 220 112 2337
f 220 2337 2338
f 2379 2380 360
f 2378 2379 360
f 220 2338 2339
f 220 2339 2340
f 2377 2378 360
f 2376 2377 360
f 220 2340 2341
f 220 2341 2342
f 2375 2376 360
f 2374 2375 360
f 220 2342 2343
f 220 2343 2344
f 2373 2374 360
f 2372 2373 360
f 220 2344 2345
f 220 2345 2346
f 2371 2372 360
f 2370 2371 360
f 220 2346 2347
f 220 2347 2348
f 2369 2370 360
f 2368 2369 360
f 220 2348 2349
f 220 2349 2350
f 2367 2368 360
f 2366 2367 360
f 220 2350 2351
f 220 2351 2352
f 2366 360 220
f 2365 2366 220
f 220 2352 2353
f 220 2353 2354
f 2364 2365 220
f 2363 2364 220
f 220 2354 2355
f 220 2355 2356
f 2362 2363 220
f 2361 2362 220
f 220 2356 2357
f 220 2357 2358
f 2360 2361 220
f 220 2358 2359
f 220 2359 2360
f 466 464 461
f 461 458 455
f 455 451 448
f 448 445 442
f 442 440 436
f 436 433 430
f 430 427 424
f 424 422 419
f 419 415 413
f 413 409 407
f 407 403 400
f 400 398 394
f 394 391 388
f 388 386 381
f 381 2382 2383
f 381 2383 2384
f 394 388 381
f 407 400 394
f 419 413 407
f 430 424 419
f 442 436 430
f 455 448 442
f 466 461 455
f 472 469 466
f 479 475 472
f 10 1 479
f 24 15 10
f 37 32 24
f 53 45 37
f 63 58 53
f 78 70 63
f 92 86 78
f 103 99 92
f 2333 2334 103
f 2332 2333 103
f 103 92 78
f 78 63 53
f 53 37 24
f 24 10 479
f 479 472 466
f 466 455 442
f 442 430 419
f 419 407 394
f 394 381 2384
f 394 2384 2385
f 442 419 394
f 479 466 442
f 53 24 479
f 103 78 53
f 2331 2332 103
f 2330 2331 103
f 103 53 479
f 479 442 394
f 394 2385 2386
f 394 2386 2387
f 2330 103 479
f 2329 2330 479
f 394 2387 2388
f 394 2388 2389
f 2328 2329 479
f 2327 2328 479
f 394 2389 2390
f 394 2390 2391
f 2326 2327 479
f 2325 2326 479
f 394 2391 2392
f 394 2392 2393
f 2324 2325 479
f 2323 2324 479
f 394 2393 2394
f 394 2394 2395
f 2322 2323 479
f 2321 2322 479
f 394 2395 2396
f 394 2396 2397
f 2320 2321 479
f 2319 2320 479
f 394 2397 2398
f 394 2398 2399
f 2414 2319 479
f 2413 2414 479
f 479 394 2399
f 479 2399 2400
f 2412 2413 479
f 2411 2412 479
f 479 2400 2401
f 479 2401 2402
f 2410 2411 479
f 2409 2410 479
f 479 2402 2403
f 479 2403 2404
f 2408 2409 479
f 2407 2408 479
f 479 2404 2405
f 2406 2407 479
f 2405 2406 479
f 2610 2477 2475
f 2610 2475 2611
f 2611 2475 2489
f 2611 2489 2612
f 2612 2489 2481
f 2612 2481 2613
f 2613 2481 2487
f 2613 2487 2614
f 2614 2487 2482
f 2614 2482 2615
f 2615 2482 2485
f 2615 2485 2616
f 2616 2485 2510
f 2616 2510 2617
f 2617 2510 2491
f 2617 2491 2618
f 2491 2490 2619
f 2491 2619 2618
f 2619 2490 2493
f 2619 2493 2620
f 2620 2493 2492
f 2620 2492 2621
f 2621 2492 2499
f 2621 2499 2622
f 2499 2495 2623
f 2499 2623 2622
f 2495 2494 2624
f 2495 2624 2623
f 2494 2498 2625
f 2494 2625 2624
f 2498 2497 2626
f 2498 2626 2625
f 2497 2496 2627
f 2497 2627 2626
f 2496 2509 2628
f 2496 2628 2627
f 2509 2500 2629
f 2509 2629 2628
f 2500 2502 2630
f 2500 2630 2629
f 2502 2501 2631
f 2502 2631 2630
f 2501 2507 2632
f 2501 2632 2631
f 2507 2506 2633
f 2507 2633 2632
f 2506 2504 2634
f 2506 2634 2633
f 2504 2505 2635
f 2504 2635 2634
f 2505 2503 2636
f 2505 2636 2635
f 2503 2508 2637
f 2503 2637 2636
f 2508 2426 2638
f 2508 2638 2637
f 2426 2427 2639
f 2426 2639 2638
f 2427 2425 2640
f 2427 2640 2639
f 2425 2428 2641
f 2425 2641 2640
f 2428 2423 2642
f 2428 2642 2641
f 2424 2643 2642
f 2642 2423 2422
f 2642 2422 2424
f 2424 2421 2644
f 2424 2644 2643
f 2421 2429 2645
f 2421 2645 2644
f 2429 2418 2646
f 2429 2646 2645
f 2646 2418 2419
f 2646 2419 2647
f 2647 2419 2417
f 2647 2417 2648
f 2648 2417 2420
f 2648 2420 2649
f 2649 2420 2415
f 2649 2415 2650
f 2650 2415 2416
f 2650 2416 2651
f 2651 2416 2483
f 2651 2483 2652
f 2652 2483 2484
f 2652 2484 2653
f 2653 2484 2486
f 2653 2486 2654
f 2654 2486 2480
f 2654 2480 2655
f 2655 2480 2488
f 2655 2488 2656
f 2656 2488 2474
f 2656 2474 2657
f 2657 2474 2476
f 2657 2476 2658
f 2658 2476 2478
f 2658 2478 2659
f 2659 2478 2472
f 2659 2472 2660
f 2660 2472 2471
f 2660 2471 2661
f 2661 2471 2469
f 2661 2469 2662
f 2662 2469 2463
f 2662 2463 2663
f 2663 2463 2465
f 2663 2465 2664
f 2664 2465 2459
f 2664 2459 2665
f 2665 2459 2460
f 2665 2460 2666
f 2666 2460 2467
f 2666 2467 2667
f 2667 2467 2454
f 2667 2454 2668
f 2668 2454 2453
f 2668 2453 2669
f 2669 2453 2456
f 2669 2456 2670
f 2670 2456 2451
f 2670 2451 2671
f 2671 2451 2447
f 2671 2447 2672
f 2672 2447 2442
f 2672 2442 2673
f 2673 2442 2443
f 2673 2443 2674
f 2674 2443 2445
f 2674 2445 2675
f 2675 2445 2439
f 2675 2439 2676
f 2676 2439 2448
f 2676 2448 2677
f 2677 2448 2434
f 2677 2434 2678
f 2678 2434 2436
f 2678 2436 2679
f 2679 2436 2431
f 2679 2431 2680
f 2680 2431 2432
f 2680 2432 2681
f 2681 2432 2430
f 2681 2430 2682
f 2430 2433 2683
f 2430 2683 2682
f 2683 2433 2438
f 2683 2438 2684
f 2684 2438 2437
f 2684 2437 2685
f 2685 2437 2435
f 2685 2435 2686
f 2686 2435 2449
f 2686 2449 2687
f 2687 2449 2440
f 2687 2440 2688
f 2688 2440 2446
f 2688 2446 2689
f 2689 2446 2441
f 2689 2441 2690
f 2690 2441 2444
f 2690 2444 2691
f 2691 2444 2470
f 2691 2470 2692
f 2692 2470 2452
f 2692 2452 2693
f 2693 2452 2450
f 2693 2450 2694
f 2694 2450 2457
f 2694 2457 2695
f 2457 2455 2696
f 2457 2696 2695
f 2696 2455 2468
f 2696 2468 2697
f 2697 2468 2458
f 2697 2458 2698
f 2698 2458 2461
f 2698 2461 2699
f 2699 2461 2466
f 2699 2466 2700
f 2700 2466 2464
f 2700 2464 2701
f 2701 2464 2462
f 2701 2462 2702
f 2702 2462 2511
f 2702 2511 2703
f 2703 2511 2473
f 2703 2473 2704
f 2704 2473 2479
f 2704 2479 2705
f 2705 2479 2477
f 2705 2477 2610
f 2564 3 6
f 2564 6 2565
f 2565 6 12
f 2565 12 2566
f 2566 12 16
f 2566 16 2567
f 2567 16 21
f 2567 21 2568
f 2568 21 26
f 2568 26 2559
f 2559 26 29
f 2559 29 2558
f 2558 29 34
f 2558 34 2557
f 2557 34 39
f 2557 39 2562
f 2562 39 44
f 2562 44 2561
f 2561 44 48
f 2561 48 2560
f 2560 48 51
f 2560 51 2556
f 51 57 2549
f 51 2549 2556
f 2549 57 62
f 2549 62 2551
f 2551 62 64
f 2551 64 2550
f 2550 64 69
f 2550 69 2555
f 2555 69 75
f 2555 75 2554
f 2554 75 80
f 2554 80 2553
f 2553 80 84
f 2553 84 2552
f 2552 84 89
f 2552 89 2548
f 89 93 2547
f 89 2547 2548
f 2546 2547 93
f 93 98 2569
f 2546 93 2569
f 98 101 2570
f 98 2570 2569
f 2570 101 105
f 2570 105 2573
f 2573 105 109
f 2573 109 2571
f 2571 109 116
f 2571 116 2572
f 116 120 2575
f 116 2575 2572
f 120 123 2582
f 120 2582 2575
f 123 128 2585
f 123 2585 2582
f 128 133 2586
f 128 2586 2585
f 133 138 2588
f 133 2588 2586
f 2588 138 143
f 2588 143 2609
f 2609 143 146
f 2609 146 2601
f 2601 146 152
f 2601 152 2600
f 2600 152 156
f 2600 156 2604
f 2604 156 159
f 2604 159 2603
f 2603 159 164
f 2603 164 2602
f 2602 164 168
f 2602 168 2607
f 2607 168 173
f 2607 173 2606
f 2606 173 177
f 2606 177 2605
f 2605 177 182
f 2605 182 2578
f 2578 182 186
f 2578 186 2579
f 2579 186 192
f 2579 192 2580
f 2580 192 196
f 2580 196 2576
f 2576 196 201
f 2576 201 2577
f 2577 201 205
f 2577 205 2608
f 2608 205 210
f 2608 210 2594
f 2594 210 214
f 2594 214 2595
f 2595 214 219
f 2595 219 2596
f 2596 219 223
f 2596 223 2597
f 2597 223 228
f 2597 228 2598
f 2598 228 231
f 2598 231 2599
f 2599 231 237
f 2599 237 2591
f 2591 237 240
f 2591 240 2592
f 2592 240 245
f 2592 245 2593
f 2593 245 249
f 2593 249 2590
f 2590 249 255
f 2590 255 2589
f 2589 255 258
f 2589 258 2587
f 2587 258 263
f 2587 263 2584
f 2584 263 267
f 2584 267 2583
f 2583 267 272
f 2583 272 2581
f 272 277 2574
f 272 2574 2581
f 2512 2574 277
f 277 282 2513
f 2512 277 2513
f 282 285 2514
f 282 2514 2513
f 285 290 2515
f 285 2515 2514
f 290 292 2516
f 290 2516 2515
f 2516 292 295
f 2516 295 2517
f 295 298 2518
f 295 2518 2517
f 2518 298 302
f 2518 302 2519
f 2519 302 305
f 2519 305 2520
f 2520 305 307
f 2520 307 2522
f 2522 307 310
f 2522 310 2523
f 2523 310 313
f 2523 313 2521
f 313 316 2524
f 313 2524 2521
f 2524 316 320
f 2524 320 2525
f 2525 320 323
f 2525 323 2526
f 323 326 2527
f 323 2527 2526
f 2527 326 329
f 2527 329 2528
f 2528 329 332
f 2528 332 2529
f 2529 332 334
f 2529 334 2530
f 2530 334 338
f 2530 338 2531
f 2531 338 340
f 2531 340 2532
f 2532 340 343
f 2532 343 2533
f 2533 343 346
f 2533 346 2534
f 2534 346 350
f 2534 350 2535
f 2535 350 352
f 2535 352 2537
f 2537 352 355
f 2537 355 2538
f 2538 355 358
f 2538 358 2536
f 2536 358 361
f 2536 361 2539
f 361 365 2540
f 361 2540 2539
f 2540 365 368
f 2540 368 2541
f 2541 368 371
f 2541 371 2542
f 2542 371 374
f 2542 374 2543
f 2543 374 377
f 2543 377 2544
f 2544 377 379
f 2544 379 2545
f 379 383 2563
f 379 2563 2545
f 2563 383 3
f 2563 3 2564
f 196 192 186
f 186 182 177
f 177 173 168
f 168 164 159
f 159 156 152
f 152 146 143
f 143 138 133
f 133 128 123
f 123 120 116
f 116 109 105
f 105 101 98
f 98 93 89
f 89 84 80
f 80 75 69
f 69 2625 2626
f 69 2626 2627
f 89 80 69
f 105 98 89
f 123 116 105
f 143 133 123
f 159 152 143
f 177 168 159
f 196 186 177
f 205 201 196
f 214 210 205
f 223 219 214
f 231 228 223
f 240 237 231
f 249 245 240
f 258 255 249
f 267 263 258
f 277 272 267
f 285 282 277
f 2672 2673 285
f 2671 2672 285
f 285 277 267
f 267 258 249
f 249 240 231
f 231 223 214
f 214 205 196
f 196 177 159
f 159 143 123
f 123 105 89
f 89 69 2627
f 89 2627 2628
f 159 123 89
f 214 196 159
f 249 231 214
f 285 267 249
f 2670 2671 285
f 2669 2670 285
f 285 249 214
f 214 159 89
f 89 2628 2629
f 89 2629 2630
f 2669 285 214
f 2668 2669 214
f 89 2630 2631
f 89 2631 2632
f 2667 2668 214
f 2666 2667 214
f 89 2632 2633
f 89 2633 2634
f 2665 2666 214
f 2664 2665 214
f 89 2634 2635
f 89 2635 2636
f 2663 2664 214
f 2662 2663 214
f 89 2636 2637
f 89 2637 2638
f 2661 2662 214
f 2660 2661 214
f 89 2638 2639
f 89 2639 2640
f 2659 2660 214
f 2658 2659 214
f 89 2640 2641
f 89 2641 2642
f 2657 2658 214
f 2656 2657 214
f 214 89 2642
f 214 2642 2643
f 2655 2656 214
f 2654 2655 214
f 214 2643 2644
f 214 2644 2645
f 2653 2654 214
f 2652 2653 214
f 214 2645 2646
f 214 2646 2647
f 2651 2652 214
f 2650 2651 214
f 214 2647 2648
f 2649 2650 214
f 2648 2649 214
f 21 16 12
f 12 6 3
f 3 383 379
f 379 377 374
f 374 371 368
f 368 365 361
f 361 358 355
f 355 352 350
f 350 346 343
f 343 340 338
f 338 334 332
f 332 329 326
f 326 323 320
f 320 316 313
f 313 310 307
f 307 305 302
f 302 298 295
f 295 292 290
f 290 285 2673
f 290 2673 2674
f 302 295 290
f 313 307 302
f 326 320 313
f 338 332 326
f 350 343 338
f 361 355 350
f 374 368 361
f 3 379 374
f 21 12 3
f 29 26 21
f 39 34 29
f 48 44 39
f 57 51 48
f 64 62 57
f 2625 69 64
f 2624 2625 64
f 64 57 48
f 48 39 29
f 29 21 3
f 3 374 361
f 361 350 338
f 338 326 313
f 313 302 290
f 290 2674 2675
f 290 2675 2676
f 338 313 290
f 3 361 338
f 48 29 3
f 2624 64 48
f 2623 2624 48
f 48 3 338
f 338 290 2676
f 338 2676 2677
f 2622 2623 48
f 2621 2622 48
f 338 2677 2678
f 338 2678 2679
f 2620 2621 48
f 2619 2620 48
f 338 2679 2680
f 338 2680 2681
f 2618 2619 48
f 2617 2618 48
f 338 2681 2682
f 338 2682 2683
f 2616 2617 48
f 2615 2616 48
f 338 2683 2684
f 338 2684 2685
f 2614 2615 48
f 2613 2614 48
f 338 2685 2686
f 338 2686 2687
f 2612 2613 48
f 2611 2612 48
f 338 2687 2688
f 338 2688 2689
f 2610 2611 48
f 2705 2610 48
f 338 2689 2690
f 338 2690 2691
f 2705 48 338
f 2704 2705 338
f 338 2691 2692
f 338 2692 2693
f 2703 2704 338
f 2702 2703 338
f 338 2693 2694
f 338 2694 2695
f 2701 2702 338
f 2700 2701 338
f 338 2695 2696
f 338 2696 2697
f 2699 2700 338
f 338 2697 2698
f 338 2698 2699
f 2901 2801 2757
f 2901 2757 2902
f 2902 2757 2755
f 2902 2755 2903
f 2903 2755 2763
f 2903 2763 2904
f 2904 2763 2761
f 2904 2761 2905
f 2905 2761 2759
f 2905 2759 2906
f 2906 2759 2775
f 2906 2775 2907
f 2907 2775 2767
f 2907 2767 2908
f 2908 2767 2765
f 2908 2765 2909
f 2765 2773 2910
f 2765 2910 2909
f 2910 2773 2771
f 2910 2771 2911
f 2911 2771 2769
f 2911 2769 2912
f 2912 2769 2799
f 2912 2799 2913
f 2799 2776 2914
f 2799 2914 2913
f 2776 2779 2915
f 2776 2915 2914
f 2779 2785 2916
f 2779 2916 2915
f 2785 2780 2917
f 2785 2917 2916
f 2780 2783 2918
f 2780 2918 2917
f 2783 2797 2919
f 2783 2919 2918
f 2797 2786 2920
f 2797 2920 2919
f 2786 2789 2921
f 2786 2921 2920
f 2789 2795 2922
f 2789 2922 2921
f 2795 2790 2923
f 2795 2923 2922
f 2790 2793 2924
f 2790 2924 2923
f 2793 2791 2925
f 2793 2925 2924
f 2791 2792 2926
f 2791 2926 2925
f 2792 2794 2927
f 2792 2927 2926
f 2794 2796 2928
f 2794 2928 2927
f 2796 2787 2929
f 2796 2929 2928
f 2787 2788 2930
f 2787 2930 2929
f 2788 2798 2931
f 2788 2931 2930
f 2798 2781 2932
f 2798 2932 2931
f 2781 2782 2933
f 2781 2933 2932
f 2782 2784 2934
f 2782 2934 2933
f 2784 2777 2935
f 2784 2935 2934
f 2777 2778 2936
f 2777 2936 2935
f 2778 2800 2937
f 2778 2937 2936
f 2937 2800 2768
f 2937 2768 2938
f 2938 2768 2770
f 2938 2770 2939
f 2939 2770 2772
f 2939 2772 2940
f 2940 2772 2764
f 2940 2764 2941
f 2941 2764 2766
f 2941 2766 2942
f 2942 2766 2774
f 2942 2774 2943
f 2943 2774 2758
f 2943 2758 2944
f 2944 2758 2760
f 2944 2760 2945
f 2945 2760 2762
f 2945 2762 2946
f 2946 2762 2754
f 2946 2754 2947
f 2947 2754 2756
f 2947 2756 2948
f 2948 2756 2802
f 2948 2802 2949
f 2746 2745 2950
f 2950 2949 2802
f 2746 2950 2802
f 2950 2745 2743
f 2950 2743 2951
f 2951 2743 2744
f 2951 2744 2952
f 2952 2744 2739
f 2952 2739 2953
f 2953 2739 2741
f 2953 2741 2954
f 2954 2741 2749
f 2954 2749 2955
f 2955 2749 2733
f 2955 2733 2956
f 2956 2733 2735
f 2956 2735 2957
f 2957 2735 2737
f 2957 2737 2958
f 2958 2737 2729
f 2958 2729 2959
f 2959 2729 2731
f 2959 2731 2960
f 2960 2731 2751
f 2960 2751 2961
f 2961 2751 2721
f 2961 2721 2962
f 2962 2721 2723
f 2962 2723 2963
f 2963 2723 2725
f 2963 2725 2964
f 2964 2725 2717
f 2964 2717 2965
f 2965 2717 2719
f 2965 2719 2966
f 2966 2719 2727
f 2966 2727 2967
f 2967 2727 2711
f 2967 2711 2968
f 2968 2711 2713
f 2968 2713 2969
f 2969 2713 2715
f 2969 2715 2970
f 2970 2715 2709
f 2970 2709 2971
f 2971 2709 2707
f 2971 2707 2972
f 2972 2707 2706
f 2972 2706 2973
f 2706 2708 2974
f 2706 2974 2973
f 2974 2708 2710
f 2974 2710 2975
f 2975 2710 2716
f 2975 2716 2976
f 2976 2716 2714
f 2976 2714 2977
f 2977 2714 2712
f 2977 2712 2978
f 2978 2712 2728
f 2978 2728 2979
f 2979 2728 2720
f 2979 2720 2980
f 2980 2720 2718
f 2980 2718 2981
f 2981 2718 2726
f 2981 2726 2982
f 2982 2726 2724
f 2982 2724 2983
f 2983 2724 2722
f 2983 2722 2984
f 2984 2722 2753
f 2984 2753 2985
f 2985 2753 2732
f 2985 2732 2986
f 2732 2730 2987
f 2732 2987 2986
f 2987 2730 2738
f 2987 2738 2988
f 2988 2738 2736
f 2988 2736 2989
f 2989 2736 2734
f 2989 2734 2990
f 2990 2734 2752
f 2990 2752 2991
f 2991 2752 2742
f 2991 2742 2992
f 2992 2742 2740
f 2992 2740 2993
f 2993 2740 2750
f 2993 2750 2994
f 2994 2750 2748
f 2994 2748 2995
f 2995 2748 2747
f 2995 2747 2996
f 2996 2747 2801
f 2996 2801 2901
f 2806 2 4
f 2806 4 2809
f 2809 4 8
f 2809 8 2812
f 2812 8 11
f 2812 11 2811
f 2811 11 14
f 2811 14 2810
f 2810 14 17
f 2810 17 2821
f 2821 17 19
f 2821 19 2813
f 2813 19 22
f 2813 22 2815
f 2815 22 25
f 2815 25 2814
f 2814 25 28
f 2814 28 2820
f 2820 28 31
f 2820 31 2817
f 2817 31 35
f 2817 35 2816
f 2816 35 38
f 2816 38 2819
f 2819 38 41
f 2819 41 2818
f 2818 41 43
f 2818 43 2832
f 2832 43 46
f 2832 46 2831
f 2831 46 49
f 2831 49 2834
f 2834 49 52
f 2834 52 2833
f 2833 52 56
f 2833 56 2824
f 2824 56 59
f 2824 59 2823
f 59 61 2822
f 59 2822 2823
f 61 65 2805
f 61 2805 2822
f 65 68 2803
f 65 2803 2805
f 2804 2803 68
f 68 71 2877
f 2804 68 2877
f 2877 71 74
f 2877 74 2880
f 2880 74 76
f 2880 76 2879
f 2879 76 79
f 2879 79 2878
f 79 83 2881
f 79 2881 2878
f 83 85 2882
f 83 2882 2881
f 85 88 2883
f 85 2883 2882
f 2883 88 91
f 2883 91 2890
f 2890 91 95
f 2890 95 2889
f 2889 95 97
f 2889 97 2893
f 2893 97 100
f 2893 100 2892
f 2892 100 104
f 2892 104 2891
f 2891 104 106
f 2891 106 2888
f 2888 106 110
f 2888 110 2887
f 2887 110 113
f 2887 113 2886
f 2886 113 115
f 2886 115 2885
f 2885 115 119
f 2885 119 2895
f 2895 119 122
f 2895 122 2896
f 2896 122 125
f 2896 125 2899
f 2899 125 127
f 2899 127 2900
f 2900 127 130
f 2900 130 2898
f 2898 130 134
f 2898 134 2897
f 2897 134 136
f 2897 136 2894
f 2894 136 139
f 2894 139 2884
f 2861 2884 139
f 139 142 2862
f 2861 139 2862
f 2862 142 145
f 2862 145 2870
f 2870 145 149
f 2870 149 2868
f 2868 149 151
f 2868 151 2869
f 2869 151 155
f 2869 155 2874
f 2874 155 158
f 2874 158 2873
f 2873 158 161
f 2873 161 2872
f 2872 161 163
f 2872 163 2871
f 2871 163 167
f 2871 167 2876
f 2876 167 169
f 2876 169 2875
f 2875 169 172
f 2875 172 2866
f 2866 172 175
f 2866 175 2867
f 2867 175 178
f 2867 178 2864
f 2864 178 181
f 2864 181 2865
f 2865 181 184
f 2865 184 2863
f 2863 184 188
f 2863 188 2860
f 2860 188 191
f 2860 191 2859
f 191 193 2858
f 191 2858 2859
f 2858 193 197
f 2858 197 2857
f 197 199 2856
f 197 2856 2857
f 2856 199 202
f 2856 202 2855
f 202 206 2854
f 202 2854 2855
f 2854 206 208
f 2854 208 2853
f 2853 208 212
f 2853 212 2852
f 2852 212 215
f 2852 215 2851
f 2851 215 218
f 2851 218 2850
f 2850 218 221
f 2850 221 2849
f 2849 221 224
f 2849 224 2848
f 2848 224 227
f 2848 227 2847
f 2847 227 230
f 2847 230 2846
f 2846 230 233
f 2846 233 2845
f 2845 233 235
f 2845 235 2844
f 2844 235 239
f 2844 239 2843
f 2843 239 242
f 2843 242 2836
f 2836 242 244
f 2836 244 2837
f 2837 244 247
f 2837 247 2838
f 2838 247 251
f 2838 251 2841
f 2841 251 254
f 2841 254 2842
f 2842 254 257
f 2842 257 2840
f 2840 257 260
f 2840 260 2839
f 260 262 2835
f 260 2835 2839
f 262 265 2825
f 262 2825 2835
f 2825 265 268
f 2825 268 2826
f 2826 268 271
f 2826 271 2827
f 2827 271 274
f 2827 274 2828
f 2828 274 278
f 2828 278 2829
f 2829 278 280
f 2829 280 2830
f 280 284 2808
f 280 2808 2830
f 2808 284 287
f 2808 287 2807
f 2807 287 2
f 2807 2 2806
f 28 25 22
f 22 19 17
f 17 14 11
f 11 8 4
f 4 2 287
f 287 284 280
f 280 278 274
f 274 271 268
f 268 265 262
f 262 260 257
f 257 254 251
f 251 247 244
f 244 242 239
f 239 235 233
f 233 230 227
f 227 224 221
f 221 218 215
f 215 212 208
f 208 206 202
f 202 199 197
f 197 193 191
f 191 2964 2965
f 191 2965 2966
f 202 197 191
f 215 208 202
f 227 221 215
f 239 233 227
f 251 244 239
f 262 257 251
f 274 268 262
f 287 280 274
f 11 4 287
f 22 17 11
f 31 28 22
f 38 35 31
f 43 41 38
f 2916 46 43
f 2915 2916 43
f 43 38 31
f 31 22 11
f 11 287 274
f 274 262 251
f 251 239 227
f 227 215 202
f 202 191 2966
f 202 2966 2967
f 251 227 202
f 11 274 251
f 43 31 11
f 2914 2915 43
f 2913 2914 43
f 43 11 251
f 202 2967 2968
f 202 2968 2969
f 2912 2913 43
f 2911 2912 43
f 251 202 2969
f 251 2969 2970
f 2910 2911 43
f 2909 2910 43
f 251 2970 2971
f 251 2971 2972
f 2908 2909 43
f 2907 2908 43
f 251 2972 2973
f 251 2973 2974
f 2906 2907 43
f 2905 2906 43
f 251 2974 2975
f 251 2975 2976
f 2904 2905 43
f 2903 2904 43
f 251 2976 2977
f 251 2977 2978
f 2903 43 251
f 2902 2903 251
f 251 2978 2979
f 251 2979 2980
f 2901 2902 251
f 2996 2901 251
f 251 2980 2981
f 251 2981 2982
f 2995 2996 251
f 2994 2995 251
f 251 2982 2983
f 251 2983 2984
f 2993 2994 251
f 2992 2993 251
f 251 2984 2985
f 251 2985 2986
f 2991 2992 251
f 2990 2991 251
f 251 2986 2987
f 251 2987 2988
f 2989 2990 251
f 251 2988 2989
f 130 127 125
f 125 122 119
f 119 115 113
f 113 110 106
f 106 104 100
f 100 97 95
f 95 91 88
f 88 85 83
f 83 79 76
f 76 74 71
f 71 68 65
f 65 61 59
f 59 56 52
f 52 49 46
f 46 2916 2917
f 46 2917 2918
f 59 52 46
f 71 65 59
f 83 76 71
f 95 88 83
f 106 100 95
f 119 113 106
f 130 125 119
f 136 134 130
f 142 139 136
f 149 145 142
f 155 151 149
f 161 158 155
f 167 163 161
f 172 169 167
f 178 175 172
f 184 181 178
f 191 188 184
f 2963 2964 191
f 2962 2963 191
f 191 184 178
f 178 172 167
f 167 161 155
f 155 149 142
f 142 136 130
f 130 119 106
f 106 95 83
f 83 71 59
f 59 46 2918
f 59 2918 2919
f 106 83 59
f 142 130 106
f 167 155 142
f 191 178 167
f 2961 2962 191
f 2960 2961 191
f 191 167 142
f 142 106 59
f 59 2919 2920
f 59 2920 2921
f 2960 191 142
f 2959 2960 142
f 59 2921 2922
f 59 2922 2923
f 2958 2959 142
f 2957 2958 142
f 59 2923 2924
f 59 2924 2925
f 2956 2957 142
f 2955 2956 142
f 59 2925 2926
f 59 2926 2927
f 2954 2955 142
f 2953 2954 142
f 59 2927 2928
f 59 2928 2929
f 2952 2953 142
f 2951 2952 142
f 59 2929 2930
f 59 2930 2931
f 2950 2951 142
f 2949 2950 142
f 59 2931 2932
f 59 2932 2933
f 2948 2949 142
f 2947 2948 142
f 142 59 2933
f 142 2933 2934
f 2946 2947 142
f 2945 2946 142
f 142 2934 2935
f 142 2935 2936
f 2944 2945 142
f 2943 2944 142
f 142 2936 2937
f 142 2937 2938
f 2942 2943 142
f 2941 2942 142
f 142 2938 2939
f 2940 2941 142
f 2939 2940 142
f 3005 3004 3154
f 3005 3154 3155
f 3008 3005 3155
f 3008 3155 3158
f 3009 3008 3158
f 3009 3158 3156
f 3011 3009 3156
f 3011 3156 3157
f 3013 3011 3157
f 3013 3157 3165
f 3014 3013 3165
f 3014 3165 3159
f 3015 3014 3159
f 3015 3159 3160
f 3017 3015 3160
f 3017 3160 3164
f 3018 3017 3164
f 3018 3164 3161
f 3019 3018 3161
f 3019 3161 3163
f 3021 3019 3163
f 3021 3163 3162
f 3022 3021 3162
f 3022 3162 3189
f 3022 3189 3169
f 3022 3169 3023
f 3023 3169 3167
f 3023 3167 3025
f 3025 3167 3175
f 3025 3175 3030
f 3030 3175 3173
f 3030 3173 3033
f 3033 3173 3171
f 3033 3171 3032
f 3032 3171 3187
f 3032 3187 3031
f 3031 3187 3176
f 3031 3176 3043
f 3043 3176 3179
f 3043 3179 3037
f 3037 3179 3186
f 3037 3186 3035
f 3035 3186 3181
f 3035 3181 3042
f 3042 3181 3184
f 3042 3184 3039
f 3039 3184 3182
f 3039 3182 3038
f 3038 3182 3183
f 3038 3183 3041
f 3041 3183 3180
f 3041 3180 3040
f 3040 3180 3185
f 3040 3185 3034
f 3034 3185 3177
f 3034 3177 3036
f 3036 3177 3178
f 3036 3178 3044
f 3044 3178 3188
f 3044 3188 3046
f 3046 3188 3170
f 3046 3170 3047
f 3047 3170 3172
f 3047 3172 3049
f 3049 3172 3174
f 3049 3174 3050
f 3050 3174 3166
f 3050 3166 3051
f 3051 3166 3168
f 3051 3168 3053
f 3054 3053 3168
f 3054 3168 3136
f 3136 3138 3056
f 3055 3054 3136
f 3056 3055 3136
f 3137 3058 3056
f 3137 3056 3138
f 3134 3059 3058
f 3134 3058 3137
f 3135 3061 3059
f 3135 3059 3134
f 3139 3062 3061
f 3139 3061 3135
f 3131 3064 3062
f 3131 3062 3139
f 3132 3065 3064
f 3132 3064 3131
f 3130 3067 3065
f 3130 3065 3132
f 3133 3068 3067
f 3133 3067 3130
f 3129 3070 3068
f 3129 3068 3133
f 3128 3071 3070
f 3128 3070 3129
f 3140 3073 3071
f 3140 3071 3128
f 3124 3074 3073
f 3124 3073 3140
f 3125 3076 3074
f 3125 3074 3124
f 3126 3078 3076
f 3126 3076 3125
f 3122 3079 3078
f 3122 3078 3126
f 3123 3081 3079
f 3123 3079 3122
f 3127 3082 3081
f 3127 3081 3123
f 3119 3084 3082
f 3119 3082 3127
f 3120 3086 3084
f 3120 3084 3119
f 3121 3088 3086
f 3121 3086 3120
f 3117 3092 3088
f 3117 3088 3121
f 3118 3091 3092
f 3118 3092 3117
f 3141 3093 3091
f 3141 3091 3118
f 3089 3093 3141
f 3089 3141 3109
f 3090 3089 3109
f 3090 3109 3111
f 3087 3090 3111
f 3087 3111 3113
f 3085 3087 3113
f 3085 3113 3105
f 3083 3085 3105
f 3083 3105 3107
f 3080 3083 3107
f 3080 3107 3115
f 3077 3080 3115
f 3077 3115 3100
f 3075 3077 3100
f 3075 3100 3102
f 3072 3075 3102
f 3072 3102 3099
f 3069 3072 3099
f 3069 3099 3097
f 3066 3069 3097
f 3066 3097 3095
f 3063 3066 3095
f 3063 3095 3094
f 3060 3063 3094
f 3060 3094 3098
f 3057 3060 3098
f 3057 3098 3096
f 3052 3057 3096
f 3052 3096 3104
f 3048 3052 3104
f 3048 3104 3103
f 3045 3048 3103
f 3045 3103 3101
f 3026 3045 3101
f 3026 3101 3116
f 3028 3026 3116
f 3028 3116 3108
f 3027 3028 3108
f 3027 3108 3106
f 3029 3027 3106
f 3029 3106 3114
f 3024 3029 3114
f 3024 3114 3112
f 3020 3024 3112
f 3020 3112 3110
f 3142 3016 3020
f 3142 3020 3110
f 3012 3016 3142
f 3012 3142 3143
f 3010 3012 3143
f 3010 3143 3146
f 3007 3010 3146
f 3007 3146 3145
f 3003 3007 3145
f 3003 3145 3144
f 2997 3003 3144
f 2997 3144 3152
f 2998 2997 3152
f 2998 3152 3148
f 2999 2998 3148
f 2999 3148 3147
f 3000 2999 3147
f 3000 3147 3151
f 3002 3000 3151
f 3002 3151 3150
f 3001 3002 3150
f 3001 3150 3149
f 3006 3001 3149
f 3006 3149 3153
f 3004 3006 3153
f 3004 3153 3154