v 0.0231000003815 0.0672999267578 0.0399900169373
v -0.0168999996185 0.0672999343872 0.0399900169373
v 0.0230933628082 0.0675026702881 0.0399900169373
v -0.025 0.0602999267578 0.0371900138855
v 0.0230734786987 0.0677045516968 0.0399900169373
v 0.015 0.0602999267578 0.0371900138855
v -0.0169066371918 0.0675026779175 0.0399900169373
v 0.0230404338837 0.0679047012329 0.0399900169373
v 0.025 0.0602999267578 0.0371900138855
v 0.0229943695068 0.0681022644043 0.0399900169373
v -0.0169265213013 0.0677045593262 0.0399900169373
v 0.0229354839325 0.0682963867188 0.0399900169373
v 0.0820999984741 0.0512999267578 0.0399900169373
v 0.0228640270233 0.0684862442017 0.0399900169373
v -0.0169595661163 0.0679047088623 0.0399900169373
v 0.0227803058624 0.0686710205078 0.0399900169373
v 0.0226846790314 0.0688499221802 0.0399900169373
v 0.025 0.0732999267578 0.0371900138855
v -0.0170056304932 0.0681022720337 0.0399900169373
v 0.0225775566101 0.0690221939087 0.0399900169373
v -0.0251000003815 0.0602989273071 0.0431900138855
v 0.022459394455 0.0691870803833 0.0399900169373
v -0.0170645160675 0.0682963943481 0.0399900169373
v 0.0223307037354 0.0693438949585 0.0399900169373
v 0.0221920318604 0.0694919509888 0.0399900169373
v -0.015 0.0602999267578 0.0371900138855
v -0.0171359729767 0.0684862518311 0.0399900169373
v 0.0220439720154 0.0696306304932 0.0399900169373
v 0.0218871612549 0.0697593154907 0.0399900169373
v 0.015 0.0732999267578 0.0371900138855
v 0.0217222671509 0.0698774795532 0.0399900169373
v -0.0172196941376 0.0686710281372 0.0399900169373
v -0.0173153209686 0.0688499298096 0.0399900169373
v 0.0215499992371 0.0699846038818 0.0399900169373
v -0.015 0.0732999343872 0.0371900138855
v 0.0213710956573 0.0700802307129 0.0399900169373
v 0.0211863193512 0.0701639480591 0.0399900169373
v -0.0174224433899 0.0690222015381 0.0399900169373
v 0.0251000003815 0.0602989273071 0.0431900138855
v 0.0209964618683 0.0702354049683 0.0399900169373
v 0.0208023395538 0.0702942962646 0.0399900169373
v -0.017540605545 0.0691870880127 0.0399900169373
v 0.025 0.0732999267578 0.0392900161743
v 0.0206047801971 0.0703403549194 0.0399900169373
v 0.020404630661 0.0703734054565 0.0399900169373
v -0.025 0.0732999343872 0.0371900138855
v 0.0202027492523 0.0703932876587 0.0399900169373
v -0.0176692962646 0.0693439025879 0.0399900169373
v 0.025 0.0732999267578 0.0391900138855
v 0.02 0.0703999252319 0.0399900169373
v -0.0178079681396 0.0694919586182 0.0399900169373
v 0.0197972507477 0.0703932876587 0.0399900169373
v 0.015 0.0732999267578 0.0392900161743
v 0.019595369339 0.0703734054565 0.0399900169373
v 0.0193952198029 0.0703403549194 0.0399900169373
v -0.0179560279846 0.0696306381226 0.0399900169373
v 0.0191976604462 0.0702942962646 0.0399900169373
v -0.025 0.0732999343872 0.0391900138855
v 0.0190035381317 0.0702354049683 0.0399900169373
v -0.0181128387451 0.0697593231201 0.0399900169373
v -0.0182777328491 0.0698774871826 0.0399900169373
v 0.0188136806488 0.0701639480591 0.0399900169373
v 0.0186289043427 0.0700802307129 0.0399900169373
v -0.025 0.0602999267578 0.0391900138855
v 0.0820999984741 0.0112999267578 0.0399900169373
v 0.0184500007629 0.0699846038818 0.0399900169373
v -0.0184500007629 0.0699846115112 0.0399900169373
v 0.0182777328491 0.0698774795532 0.0399900169373
v -0.0186289043427 0.0700802383423 0.0399900169373
v 0.0181128387451 0.0697593154907 0.0399900169373
v -0.015 0.0732999343872 0.0392900161743
v 0.0179560279846 0.0696306304932 0.0399900169373
v -0.025 0.0732999343872 0.0392900161743
v 0.0178079681396 0.0694919509888 0.0399900169373
v 0.0176692962646 0.0693438949585 0.0399900169373
v -0.0188136806488 0.0701639556885 0.0399900169373
v 0.017540605545 0.0691870803833 0.0399900169373
v -0.0190035381317 0.0702354125977 0.0399900169373
v 0.0174224433899 0.0690221939087 0.0399900169373
v 0.025 0.0602999267578 0.0391900138855
v 0.0173153209686 0.0688499221802 0.0399900169373
v -0.0191976604462 0.070294303894 0.0399900169373
v -0.0759000015259 0.0512999267578 0.0399900169373
v 0.0172196941376 0.0686710205078 0.0399900169373
v 0.0171359729767 0.0684862442017 0.0399900169373
v -0.0193952198029 0.0703403625488 0.0399900169373
v 0.025 0.0732999267578 0.0431900138855
v 0.0170645160675 0.0682963867188 0.0399900169373
v 0.0820933609009 0.0515026779175 0.0399900169373
v 0.0170056304932 0.0681022644043 0.0399900169373
v 0.0169595661163 0.0679047012329 0.0399900169373
v -0.019595369339 0.0703734130859 0.0399900169373
v 0.0169265213013 0.0677045516968 0.0399900169373
v -0.0197972507477 0.0703932952881 0.0399900169373
v 0.0169066371918 0.0675026702881 0.0399900169373
v -0.025 0.0732999343872 0.0431900138855
v -0.0735 0.00129992675781 0.0431900138855
v 0.0168999996185 0.0672999267578 0.0399900169373
v 0.0169066371918 0.0670971755981 0.0399900169373
v -0.02 0.0703999328613 0.0399900169373
v 0.0820734786987 0.0517045593262 0.0399900169373
v 0.0169265213013 0.0668952941895 0.0399900169373
v -0.0202027492523 0.0703932952881 0.0399900169373
v 0.0169595661163 0.0666951446533 0.0399900169373
v 0.0820933609009 0.0115026779175 0.0399900169373
v 0.0170056304932 0.0664975814819 0.0399900169373
v -0.020404630661 0.0703734130859 0.0399900169373
v 0.0170645160675 0.0663034591675 0.0399900169373
v 0.082040435791 0.0519047088623 0.0399900169373
v 0.0171359729767 0.0661136016846 0.0399900169373
v -0.0206047801971 0.0703403625488 0.0399900169373
v 0.0172196941376 0.0659288253784 0.0399900169373
v 0.0820734786987 0.0117045593262 0.0399900169373
v 0.0173153209686 0.0657499237061 0.0399900169373
v -0.0208023395538 0.070294303894 0.0399900169373
v 0.0174224433899 0.0655776596069 0.0399900169373
v 0.0819943695068 0.052102268219 0.0399900169373
v 0.017540605545 0.0654127655029 0.0399900169373
v -0.0209964618683 0.0702354125977 0.0399900169373
v 0.0176692962646 0.0652559509277 0.0399900169373
v -0.0759066390991 0.0515026779175 0.0399900169373
v 0.0178079681396 0.0651078948975 0.0399900169373
v 0.0179560279846 0.0649692230225 0.0399900169373
v -0.0211863193512 0.0701639556885 0.0399900169373
v 0.0181128387451 0.0648405303955 0.0399900169373
v -0.0213710956573 0.0700802383423 0.0399900169373
v 0.0819354858398 0.0522963905334 0.0399900169373
v 0.0182777328491 0.064722366333 0.0399900169373
v 0.0184500007629 0.0646152420044 0.0399900169373
v 0.082040435791 0.0119047088623 0.0399900169373
v 0.0186289043427 0.0645196151733 0.0399900169373
v -0.0215499992371 0.0699846115112 0.0399900169373
v 0.0818640289307 0.0524862480164 0.0399900169373
v 0.0188136806488 0.0644358978271 0.0399900169373
v 0.0190035381317 0.064364440918 0.0399900169373
v -0.0217222671509 0.0698774871826 0.0399900169373
v 0.0191976604462 0.064305557251 0.0399900169373
v -0.0759000015259 0.0112999267578 0.0399900169373
v 0.0193952198029 0.0642594909668 0.0399900169373
v -0.0218871612549 0.0697593231201 0.0399900169373
v 0.019595369339 0.0642264480591 0.0399900169373
v -0.0220439720154 0.0696306381226 0.0399900169373
v 0.0197972507477 0.0642065582275 0.0399900169373
v 0.0817803039551 0.0526710243225 0.0399900169373
v -0.0221920318604 0.0694919586182 0.0399900169373
v 0.02 0.0641999206543 0.0399900169373
v 0.081684677124 0.0528499259949 0.0399900169373
v 0.0202027492523 0.0642065582275 0.0399900169373
v -0.0223307037354 0.0693439025879 0.0399900169373
v 0.020404630661 0.0642264480591 0.0399900169373
v 0.0206047801971 0.0642594909668 0.0399900169373
v 0.0819943695068 0.0121022663116 0.0399900169373
v 0.0208023395538 0.064305557251 0.0399900169373
v -0.0759265213013 0.0517045593262 0.0399900169373
v -0.022459394455 0.0691870880127 0.0399900169373
v 0.0209964618683 0.064364440918 0.0399900169373
v -0.0225775566101 0.0690222015381 0.0399900169373
v 0.0211863193512 0.0644358978271 0.0399900169373
v 0.0815775527954 0.0530221939087 0.0399900169373
v 0.0213710956573 0.0645196151733 0.0399900169373
v 0.0215499992371 0.0646152420044 0.0399900169373
v -0.0226846790314 0.0688499298096 0.0399900169373
v 0.0814593963623 0.0531870880127 0.0399900169373
v 0.0217222671509 0.064722366333 0.0399900169373
v -0.0227803058624 0.0686710281372 0.0399900169373
v 0.0218871612549 0.0648405303955 0.0399900169373
v 0.0819354858398 0.0122963905334 0.0399900169373
v 0.0220439720154 0.0649692230225 0.0399900169373
v 0.0715 0.0452999267578 0.0371900138855
v 0.0221920318604 0.0651078948975 0.0399900169373
v 0.0223307037354 0.0652559509277 0.0399900169373
v -0.0228640270233 0.0684862518311 0.0399900169373
v 0.0813307037354 0.0533438987732 0.0399900169373
v 0.022459394455 0.0654127655029 0.0399900169373
v -0.0229354839325 0.0682963943481 0.0399900169373
v 0.0225775566101 0.0655776596069 0.0399900169373
v 0.0818640289307 0.012486246109 0.0399900169373
v 0.0226846790314 0.0657499237061 0.0399900169373
v 0.0227803058624 0.0659288253784 0.0399900169373
v -0.0229943695068 0.0681022720337 0.0399900169373
v 0.0228640270233 0.0661136016846 0.0399900169373
v 0.0811920318604 0.0534919586182 0.0399900169373
v -0.0230404338837 0.0679047088623 0.0399900169373
v 0.0229354839325 0.0663034591675 0.0399900169373
v 0.0810439758301 0.0536306304932 0.0399900169373
v 0.0229943695068 0.0664975814819 0.0399900169373
v 0.0230404338837 0.0666951446533 0.0399900169373
v -0.0230734786987 0.0677045593262 0.0399900169373
v 0.0230734786987 0.0668952941895 0.0399900169373
v -0.075959564209 0.0519047088623 0.0399900169373
v 0.0230933628082 0.0670971755981 0.0399900169373
v -0.0230933628082 0.0675026779175 0.0399900169373
v -0.0231000003815 0.0672999343872 0.0399900169373
v 0.0817803039551 0.0126710224152 0.0399900169373
v -0.0230933628082 0.0670971832275 0.0399900169373
v 0.0808871612549 0.0537593231201 0.0399900169373
v -0.0230734786987 0.0668953018188 0.0399900169373
v 0.0807222671509 0.0538774833679 0.0399900169373
v -0.0230404338837 0.0666951522827 0.0399900169373
v -0.0759066390991 0.0115026779175 0.0399900169373
v -0.0229943695068 0.0664975891113 0.0399900169373
v 0.0805500030518 0.0539846076965 0.0399900169373
v 0.081684677124 0.0128499279022 0.0399900169373
v -0.0229354839325 0.0663034667969 0.0399900169373
v -0.0228640270233 0.066113609314 0.0399900169373
v 0.08037109375 0.0540802345276 0.0399900169373
v -0.0760056304932 0.052102268219 0.0399900169373
v -0.0227803058624 0.0659288330078 0.0399900169373
v 0.0815775527954 0.0130221939087 0.0399900169373
v -0.0226846790314 0.0657499313354 0.0399900169373
v 0.0801863174438 0.0541639556885 0.0399900169373
v -0.0225775566101 0.0655776672363 0.0399900169373
v -0.022459394455 0.0654127731323 0.0399900169373
v -0.0759265213013 0.0117045593262 0.0399900169373
v -0.0223307037354 0.0652559585571 0.0399900169373
v 0.0799964599609 0.0542354125977 0.0399900169373
v 0.0798023376465 0.0542942962646 0.0399900169373
v -0.0221920318604 0.0651079025269 0.0399900169373
v 0.0814593963623 0.0131870880127 0.0399900169373
v -0.0220439720154 0.0649692306519 0.0399900169373
v 0.0796047821045 0.0543403625488 0.0399900169373
v -0.0218871612549 0.0648405380249 0.0399900169373
v -0.0760645141602 0.0522963905334 0.0399900169373
v -0.0217222671509 0.0647223739624 0.0399900169373
v 0.0794046325684 0.0543734054565 0.0399900169373
v -0.0215499992371 0.0646152496338 0.0399900169373
v 0.0813307037354 0.0133438987732 0.0399900169373
v -0.0213710956573 0.0645196228027 0.0399900169373
v 0.085 0.0452999267578 0.0371900138855
v -0.0211863193512 0.0644359054565 0.0399900169373
v 0.0792027511597 0.0543932914734 0.0399900169373
v -0.0209964618683 0.0643644485474 0.0399900169373
v 0.079 0.0543999290466 0.0399900169373
v -0.0208023395538 0.0643055648804 0.0399900169373
v -0.0206047801971 0.0642594985962 0.0399900169373
v 0.0715 0.00529992675781 0.0371900138855
v -0.020404630661 0.0642264556885 0.0399900169373
v 0.0787972488403 0.0543932914734 0.0399900169373
v -0.0202027492523 0.0642065658569 0.0399900169373
v 0.0811920318604 0.0134919586182 0.0399900169373
v -0.0761359710693 0.0524862480164 0.0399900169373
v -0.02 0.0641999282837 0.0399900169373
v -0.0197972507477 0.0642065658569 0.0399900169373
v 0.0785953674316 0.0543734054565 0.0399900169373
v -0.019595369339 0.0642264556885 0.0399900169373
v 0.0783952178955 0.0543403625488 0.0399900169373
v 0.0810439758301 0.0136306304932 0.0399900169373
v -0.0193952198029 0.0642594985962 0.0399900169373
v -0.0191976604462 0.0643055648804 0.0399900169373
v -0.0762196960449 0.0526710243225 0.0399900169373
v -0.0190035381317 0.0643644485474 0.0399900169373
v 0.0781976623535 0.0542942962646 0.0399900169373
v -0.0188136806488 0.0644359054565 0.0399900169373
v 0.0780035400391 0.0542354125977 0.0399900169373
v 0.0808871612549 0.0137593231201 0.0399900169373
v -0.0186289043427 0.0645196228027 0.0399900169373
v 0.0807222671509 0.0138774833679 0.0399900169373
v -0.0184500007629 0.0646152496338 0.0399900169373
v -0.0182777328491 0.0647223739624 0.0399900169373
v 0.0778136825562 0.0541639556885 0.0399900169373
v 0.07762890625 0.0540802345276 0.0399900169373
v -0.0181128387451 0.0648405380249 0.0399900169373
v -0.075959564209 0.0119047088623 0.0399900169373
v -0.0179560279846 0.0649692306519 0.0399900169373
v 0.0805500030518 0.0139846076965 0.0399900169373
v -0.0178079681396 0.0651079025269 0.0399900169373
v -0.0176692962646 0.0652559585571 0.0399900169373
v 0.0774499969482 0.0539846076965 0.0399900169373
v -0.017540605545 0.0654127731323 0.0399900169373
v 0.0772777328491 0.0538774833679 0.0399900169373
v -0.0174224433899 0.0655776672363 0.0399900169373
v -0.0760056304932 0.0121022663116 0.0399900169373
v -0.076315322876 0.0528499259949 0.0399900169373
v -0.0173153209686 0.0657499313354 0.0399900169373
v -0.0172196941376 0.0659288330078 0.0399900169373
v 0.0771128387451 0.0537593231201 0.0399900169373
v 0.08037109375 0.0140802326202 0.0399900169373
v -0.0171359729767 0.066113609314 0.0399900169373
v 0.0769560241699 0.0536306304932 0.0399900169373
v -0.0170645160675 0.0663034667969 0.0399900169373
v -0.0170056304932 0.0664975891113 0.0399900169373
v 0.0768079681396 0.0534919586182 0.0399900169373
v -0.0169595661163 0.0666951522827 0.0399900169373
v 0.0801863174438 0.0141639537811 0.0399900169373
v -0.0169265213013 0.0668953018188 0.0399900169373
v -0.0764224472046 0.0530221939087 0.0399900169373
v -0.0169066371918 0.0670971832275 0.0399900169373
v 0.0766692962646 0.0533438987732 0.0399900169373
v 0.0715 0.0572999267578 0.0371900138855
v 0.0765406036377 0.0531870880127 0.0399900169373
v 0.0799964599609 0.0142354106903 0.0399900169373
v 0.0764224472046 0.0530221939087 0.0399900169373
v 0.076315322876 0.0528499259949 0.0399900169373
v 0.0798023376465 0.0142942962646 0.0399900169373
v -0.0765406036377 0.0531870880127 0.0399900169373
v 0.0762196960449 0.0526710243225 0.0399900169373
v -0.085 0.0452999267578 0.0371900138855
v 0.0761359710693 0.0524862480164 0.0399900169373
v 0.0796047821045 0.0143403625488 0.0399900169373
v 0.0760645141602 0.0522963905334 0.0399900169373
v 0.0760056304932 0.052102268219 0.0399900169373
v -0.0760645141602 0.0122963905334 0.0399900169373
v 0.075959564209 0.0519047088623 0.0399900169373
v 0.0794046325684 0.0143734054565 0.0399900169373
v -0.0766692962646 0.0533438987732 0.0399900169373
v 0.0759265213013 0.0517045593262 0.0399900169373
v 0.0792027511597 0.0143932914734 0.0399900169373
v 0.0759066390991 0.0515026779175 0.0399900169373
v 0.0759000015259 0.0512999267578 0.0399900169373
v -0.0761359710693 0.012486246109 0.0399900169373
v 0.079 0.0143999271393 0.0399900169373
v 0.0759066390991 0.0510971794128 0.0399900169373
v 0.0759265213013 0.0508952980042 0.0399900169373
v -0.0768079681396 0.0534919586182 0.0399900169373
v 0.0787972488403 0.0143932914734 0.0399900169373
v 0.075959564209 0.050695148468 0.0399900169373
v 0.0785953674316 0.0143734054565 0.0399900169373
v 0.0760056304932 0.0504975891113 0.0399900169373
v 0.0760645141602 0.0503034667969 0.0399900169373
v -0.0769560241699 0.0536306304932 0.0399900169373
v 0.0783952178955 0.0143403625488 0.0399900169373
v 0.0761359710693 0.050113609314 0.0399900169373
v 0.085 0.0572999267578 0.0371900138855
v 0.0762196960449 0.0499288330078 0.0399900169373
v -0.0762196960449 0.0126710224152 0.0399900169373
v 0.076315322876 0.0497499275208 0.0399900169373
v 0.0781976623535 0.0142942962646 0.0399900169373
v 0.0764224472046 0.0495776596069 0.0399900169373
v 0.0780035400391 0.0142354106903 0.0399900169373
v 0.0765406036377 0.0494127655029 0.0399900169373
v -0.0771128387451 0.0537593231201 0.0399900169373
v 0.0766692962646 0.0492559547424 0.0399900169373
v 0.0768079681396 0.0491078948975 0.0399900169373
v 0.0778136825562 0.0141639537811 0.0399900169373
v 0.0769560241699 0.0489692230225 0.0399900169373
v -0.0772777328491 0.0538774833679 0.0399900169373
v 0.0771128387451 0.0488405303955 0.0399900169373
v 0.07762890625 0.0140802326202 0.0399900169373
v 0.0772777328491 0.0487223701477 0.0399900169373
v 0.085 0.00529992675781 0.0371900138855
v 0.0774499969482 0.0139846076965 0.0399900169373
v 0.0774499969482 0.0486152496338 0.0399900169373
v -0.076315322876 0.0128499279022 0.0399900169373
v 0.07762890625 0.0485196228027 0.0399900169373
v -0.0774499969482 0.0539846076965 0.0399900169373
v 0.0778136825562 0.0484359016418 0.0399900169373
v 0.0772777328491 0.0138774833679 0.0399900169373
v 0.0780035400391 0.0483644447327 0.0399900169373
v 0.0771128387451 0.0137593231201 0.0399900169373
v 0.0781976623535 0.048305557251 0.0399900169373
v 0.0715 0.0452999267578 0.0431900138855
v 0.0783952178955 0.0482594947815 0.0399900169373
v -0.07762890625 0.0540802345276 0.0399900169373
v 0.0785953674316 0.0482264480591 0.0399900169373
v 0.0769560241699 0.0136306304932 0.0399900169373
v 0.0787972488403 0.0482065658569 0.0399900169373
v 0.0768079681396 0.0134919586182 0.0399900169373
v 0.079 0.0481999282837 0.0399900169373
v 0.0715 0.0172999267578 0.0371900138855
v 0.0792027511597 0.0482065658569 0.0399900169373
v 0.0766692962646 0.0133438987732 0.0399900169373
v 0.0794046325684 0.0482264480591 0.0399900169373
v 0.0796047821045 0.0482594947815 0.0399900169373
v -0.0778136825562 0.0541639556885 0.0399900169373
v 0.0765406036377 0.0131870880127 0.0399900169373
v 0.0798023376465 0.048305557251 0.0399900169373
v -0.0764224472046 0.0130221939087 0.0399900169373
v 0.0799964599609 0.0483644447327 0.0399900169373
v 0.0764224472046 0.0130221939087 0.0399900169373
v 0.0801863174438 0.0484359016418 0.0399900169373
v -0.0780035400391 0.0542354125977 0.0399900169373
v 0.08037109375 0.0485196228027 0.0399900169373
v 0.076315322876 0.0128499279022 0.0399900169373
v 0.0805500030518 0.0486152496338 0.0399900169373
v 0.0807222671509 0.0487223701477 0.0399900169373
v -0.0781976623535 0.0542942962646 0.0399900169373
v -0.0765406036377 0.0131870880127 0.0399900169373
v 0.0808871612549 0.0488405303955 0.0399900169373
v 0.0762196960449 0.0126710224152 0.0399900169373
v 0.0810439758301 0.0489692230225 0.0399900169373
v 0.0811920318604 0.0491078948975 0.0399900169373
v -0.0783952178955 0.0543403625488 0.0399900169373
v 0.0813307037354 0.0492559547424 0.0399900169373
v 0.0761359710693 0.012486246109 0.0399900169373
v 0.0814593963623 0.0494127655029 0.0399900169373
v 0.0760645141602 0.0122963905334 0.0399900169373
v 0.0815775527954 0.0495776596069 0.0399900169373
v 0.085 0.0452999267578 0.0431900138855
v 0.081684677124 0.0497499275208 0.0399900169373
v 0.0760056304932 0.0121022663116 0.0399900169373
v -0.0785953674316 0.0543734054565 0.0399900169373
v 0.0817803039551 0.0499288330078 0.0399900169373
v 0.0818640289307 0.050113609314 0.0399900169373
v 0.075959564209 0.0119047088623 0.0399900169373
v 0.0819354858398 0.0503034667969 0.0399900169373
v -0.0766692962646 0.0133438987732 0.0399900169373
v 0.0819943695068 0.0504975891113 0.0399900169373
v -0.0787972488403 0.0543932914734 0.0399900169373
v 0.0759265213013 0.0117045593262 0.0399900169373
v 0.082040435791 0.050695148468 0.0399900169373
v 0.0759066390991 0.0115026779175 0.0399900169373
v 0.0820734786987 0.0508952980042 0.0399900169373
v 0.0820933609009 0.0510971794128 0.0399900169373
v -0.085 0.00529992675781 0.0371900138855
v 0.0759000015259 0.0112999267578 0.0399900169373
v 0.0715 0.0572999267578 0.0431900138855
v -0.079 0.0543999290466 0.0399900169373
v 0.0759066390991 0.0110971775055 0.0399900169373
v -0.0792027511597 0.0543932914734 0.0399900169373
v 0.0759265213013 0.0108952960968 0.0399900169373
v -0.0768079681396 0.0134919586182 0.0399900169373
v 0.075959564209 0.010695148468 0.0399900169373
v 0.0760056304932 0.0104975891113 0.0399900169373
v 0.085 0.0172999267578 0.0371900138855
v 0.0760645141602 0.0103034648895 0.0399900169373
v -0.0794046325684 0.0543734054565 0.0399900169373
v 0.0761359710693 0.010113609314 0.0399900169373
v -0.0796047821045 0.0543403625488 0.0399900169373
v 0.0762196960449 0.00992883300781 0.0399900169373
v -0.0769560241699 0.0136306304932 0.0399900169373
v 0.076315322876 0.00974992752075 0.0399900169373
v -0.0798023376465 0.0542942962646 0.0399900169373
v 0.0764224472046 0.00957765960693 0.0399900169373
v -0.0771128387451 0.0137593231201 0.0399900169373
v 0.0765406036377 0.00941276741028 0.0399900169373
v -0.0799964599609 0.0542354125977 0.0399900169373
v 0.0766692962646 0.00925595474243 0.0399900169373
v 0.085 0.0572999267578 0.0431900138855
v 0.0768079681396 0.00910789680481 0.0399900169373
v -0.0772777328491 0.0138774833679 0.0399900169373
v -0.0801863174438 0.0541639556885 0.0399900169373
v 0.0769560241699 0.00896922302246 0.0399900169373
v -0.0715 0.0452999267578 0.0371900138855
v 0.0771128387451 0.00884053230286 0.0399900169373
v 0.0772777328491 0.00872237205505 0.0399900169373
v -0.08037109375 0.0540802345276 0.0399900169373
v 0.0774499969482 0.00861524963379 0.0399900169373
v -0.0805500030518 0.0539846076965 0.0399900169373
v -0.0774499969482 0.0139846076965 0.0399900169373
v 0.07762890625 0.00851962280273 0.0399900169373
v 0.0778136825562 0.00843590164185 0.0399900169373
v -0.0735 0.0612999267578 0.0431900138855
v -0.0807222671509 0.0538774833679 0.0399900169373
v 0.0780035400391 0.00836444473267 0.0399900169373
v -0.0808871612549 0.0537593231201 0.0399900169373
v 0.0781976623535 0.00830555725098 0.0399900169373
v 0.0715 0.00529992675781 0.0431900138855
v 0.0783952178955 0.00825949287415 0.0399900169373
v -0.07762890625 0.0140802326202 0.0399900169373
v 0.0785953674316 0.00822644805908 0.0399900169373
v -0.0810439758301 0.0536306304932 0.0399900169373
v 0.0787972488403 0.00820656585693 0.0399900169373
v 0.079 0.00819992828369 0.0399900169373
v -0.0778136825562 0.0141639537811 0.0399900169373
v -0.0811920318604 0.0534919586182 0.0399900169373
v 0.0792027511597 0.00820656585693 0.0399900169373
v 0.085 0.00529992675781 0.0431900138855
v 0.0794046325684 0.00822644805908 0.0399900169373
v 0.0796047821045 0.00825949287415 0.0399900169373
v -0.0813307037354 0.0533438987732 0.0399900169373
v -0.0780035400391 0.0142354106903 0.0399900169373
v 0.0798023376465 0.00830555725098 0.0399900169373
v 0.0799964599609 0.00836444473267 0.0399900169373
v -0.0814593963623 0.0531870880127 0.0399900169373
v 0.0801863174438 0.00843590164185 0.0399900169373
v -0.085 0.0572999267578 0.0371900138855
v 0.08037109375 0.00851962280273 0.0399900169373
v -0.0815775527954 0.0530221939087 0.0399900169373
v 0.0805500030518 0.00861524963379 0.0399900169373
v 0.0715 0.0172999267578 0.0431900138855
v 0.0807222671509 0.00872237205505 0.0399900169373
v -0.081684677124 0.0528499259949 0.0399900169373
v 0.0808871612549 0.00884053230286 0.0399900169373
v -0.0817803039551 0.0526710243225 0.0399900169373
v 0.0810439758301 0.00896922302246 0.0399900169373
v -0.0781976623535 0.0142942962646 0.0399900169373
v -0.0715 0.00529992675781 0.0371900138855
v 0.0811920318604 0.00910789680481 0.0399900169373
v -0.0818640289307 0.0524862480164 0.0399900169373
v 0.0813307037354 0.00925595474243 0.0399900169373
v -0.0783952178955 0.0143403625488 0.0399900169373
v 0.0814593963623 0.00941276741028 0.0399900169373
v -0.0819354858398 0.0522963905334 0.0399900169373
v 0.0815775527954 0.00957765960693 0.0399900169373
v -0.0819943695068 0.052102268219 0.0399900169373
v 0.081684677124 0.00974992752075 0.0399900169373
v 0.0817803039551 0.00992883300781 0.0399900169373
v 0.085 0.0172999267578 0.0431900138855
v 0.0818640289307 0.010113609314 0.0399900169373
v -0.0785953674316 0.0143734054565 0.0399900169373
v -0.082040435791 0.0519047088623 0.0399900169373
v 0.0819354858398 0.0103034648895 0.0399900169373
v 0.0819943695068 0.0104975891113 0.0399900169373
v -0.0787972488403 0.0143932914734 0.0399900169373
v 0.082040435791 0.010695148468 0.0399900169373
v -0.0820734786987 0.0517045593262 0.0399900169373
v 0.0820734786987 0.0108952960968 0.0399900169373
v -0.0715 0.0572999267578 0.0371900138855
v 0.0820933609009 0.0110971775055 0.0399900169373
v -0.0820933609009 0.0515026779175 0.0399900169373
v -0.0735 0.0612999267578 0.0391900138855
v -0.0820999984741 0.0512999267578 0.0399900169373
v -0.079 0.0143999271393 0.0399900169373
v -0.0820933609009 0.0510971794128 0.0399900169373
v -0.0820734786987 0.0508952980042 0.0399900169373
v -0.085 0.0452999267578 0.0431900138855
v -0.0792027511597 0.0143932914734 0.0399900169373
v -0.082040435791 0.050695148468 0.0399900169373
v -0.0794046325684 0.0143734054565 0.0399900169373
v -0.0819943695068 0.0504975891113 0.0399900169373
v -0.0819354858398 0.0503034667969 0.0399900169373
v -0.085 0.0172999267578 0.0371900138855
v -0.0715 0.0452999267578 0.0431900138855
v -0.0818640289307 0.050113609314 0.0399900169373
v -0.0796047821045 0.0143403625488 0.0399900169373
v -0.0817803039551 0.0499288330078 0.0399900169373
v -0.081684677124 0.0497499275208 0.0399900169373
v -0.085 0.0572999267578 0.0431900138855
v -0.0815775527954 0.0495776596069 0.0399900169373
v -0.0798023376465 0.0142942962646 0.0399900169373
v -0.0715 0.0172999267578 0.0371900138855
v -0.0814593963623 0.0494127655029 0.0399900169373
v -0.0799964599609 0.0142354106903 0.0399900169373
v -0.0813307037354 0.0492559547424 0.0399900169373
v -0.0811920318604 0.0491078948975 0.0399900169373
v -0.0715 0.0572999267578 0.0431900138855
v -0.0810439758301 0.0489692230225 0.0399900169373
v -0.0801863174438 0.0141639537811 0.0399900169373
v -0.0808871612549 0.0488405303955 0.0399900169373
v -0.08037109375 0.0140802326202 0.0399900169373
v -0.0807222671509 0.0487223701477 0.0399900169373
v -0.085 0.00529992675781 0.0431900138855
v -0.0805500030518 0.0139846076965 0.0399900169373
v -0.0805500030518 0.0486152496338 0.0399900169373
v -0.0715 0.00529992675781 0.0431900138855
v -0.08037109375 0.0485196228027 0.0399900169373
v -0.0807222671509 0.0138774833679 0.0399900169373
v -0.0801863174438 0.0484359016418 0.0399900169373
v -0.085 0.0172999267578 0.0431900138855
v -0.0799964599609 0.0483644447327 0.0399900169373
v -0.0715 0.0172999267578 0.0431900138855
v -0.0798023376465 0.048305557251 0.0399900169373
v -0.0796047821045 0.0482594947815 0.0399900169373
v -0.0808871612549 0.0137593231201 0.0399900169373
v -0.0794046325684 0.0482264480591 0.0399900169373
v -0.0810439758301 0.0136306304932 0.0399900169373
v -0.0735 0.00129992675781 0.0391900138855
v -0.0792027511597 0.0482065658569 0.0399900169373
v -0.0811920318604 0.0134919586182 0.0399900169373
v -0.079 0.0481999282837 0.0399900169373
v 0.0735 0.00129992675781 0.0431900138855
v -0.0787972488403 0.0482065658569 0.0399900169373
v -0.0813307037354 0.0133438987732 0.0399900169373
v -0.0785953674316 0.0482264480591 0.0399900169373
v -0.0783952178955 0.0482594947815 0.0399900169373
v 0.0735 0.0612999267578 0.0431900138855
v -0.0814593963623 0.0131870880127 0.0399900169373
v -0.0781976623535 0.048305557251 0.0399900169373
v 0.0735 0.0612999267578 0.0391900138855
v -0.0780035400391 0.0483644447327 0.0399900169373
v 0.0735 0.00129992675781 0.0391900138855
v -0.0778136825562 0.0484359016418 0.0399900169373
v -0.07762890625 0.0485196228027 0.0399900169373
v -0.0815775527954 0.0130221939087 0.0399900169373
v -0.0774499969482 0.0486152496338 0.0399900169373
v -0.0735 0.00529992675781 0.0391900138855
v -0.0772777328491 0.0487223701477 0.0399900169373
v -0.081684677124 0.0128499279022 0.0399900169373
v -0.0735 0.00529992675781 0.0431900138855
v -0.0771128387451 0.0488405303955 0.0399900169373
v -0.0817803039551 0.0126710224152 0.0399900169373
v -0.0769560241699 0.0489692230225 0.0399900169373
v -0.0818640289307 0.012486246109 0.0399900169373
v -0.0768079681396 0.0491078948975 0.0399900169373
v -0.0766692962646 0.0492559547424 0.0399900169373
v -0.0735 0.0172999267578 0.0431900138855
v -0.0765406036377 0.0494127655029 0.0399900169373
v -0.0735 0.0172999267578 0.0391900138855
v -0.0819354858398 0.0122963905334 0.0399900169373
v -0.0764224472046 0.0495776596069 0.0399900169373
v -0.0715 0.00877492713928 0.0391900138855
v -0.076315322876 0.0497499275208 0.0399900169373
v -0.0762196960449 0.0499288330078 0.0399900169373
v -0.0819943695068 0.0121022663116 0.0399900169373
v -0.0761359710693 0.050113609314 0.0399900169373
v -0.0715 0.0172999267578 0.0391900138855
v -0.0760645141602 0.0503034667969 0.0399900169373
v -0.082040435791 0.0119047088623 0.0399900169373
v -0.0820734786987 0.0117045593262 0.0399900169373
v -0.0760056304932 0.0504975891113 0.0399900169373
v -0.075959564209 0.050695148468 0.0399900169373
v -0.0715 0.00877492713928 0.0381900138855
v -0.0820933609009 0.0115026779175 0.0399900169373
v -0.0759265213013 0.0508952980042 0.0399900169373
v -0.0759066390991 0.0510971794128 0.0399900169373
v -0.0715 0.00617492675781 0.0381900138855
v -0.0715 0.00617492675781 0.0391900138855
v -0.0820999984741 0.0112999267578 0.0399900169373
v -0.0715 0.00529992675781 0.0391900138855
v -0.0820933609009 0.0110971775055 0.0399900169373
v -0.0735 0.0452999267578 0.0431900138855
v -0.0820734786987 0.0108952960968 0.0399900169373
v -0.0735 0.0572999267578 0.0431900138855
v -0.082040435791 0.010695148468 0.0399900169373
v -0.0735 0.0572999267578 0.0391900138855
v -0.0819943695068 0.0104975891113 0.0399900169373
v -0.0735 0.0452999267578 0.0391900138855
v -0.0819354858398 0.0103034648895 0.0399900169373
v -0.0715 0.0572999267578 0.0391900138855
v -0.0818640289307 0.010113609314 0.0399900169373
v -0.0715 0.0564249267578 0.0391900138855
v -0.0817803039551 0.00992883300781 0.0399900169373
v -0.081684677124 0.00974992752075 0.0399900169373
v -0.0715 0.0564249267578 0.0381900138855
v -0.0815775527954 0.00957765960693 0.0399900169373
v -0.0715 0.0538249282837 0.0381900138855
v -0.0814593963623 0.00941276741028 0.0399900169373
v -0.0715 0.0538249282837 0.0391900138855
v -0.0813307037354 0.00925595474243 0.0399900169373
v -0.0715 0.0452999267578 0.0391900138855
v 0.0735 0.0172999267578 0.0391900138855
v -0.0811920318604 0.00910789680481 0.0399900169373
v -0.0810439758301 0.00896922302246 0.0399900169373
v 0.0735 0.00529992675781 0.0431900138855
v 0.0735 0.0172999267578 0.0431900138855
v -0.0808871612549 0.00884053230286 0.0399900169373
v -0.0807222671509 0.00872237205505 0.0399900169373
v 0.0735 0.00529992675781 0.0391900138855
v -0.0805500030518 0.00861524963379 0.0399900169373
v 0.0715 0.0172999267578 0.0391900138855
v 0.0715 0.00877492713928 0.0391900138855
v -0.08037109375 0.00851962280273 0.0399900169373
v -0.0801863174438 0.00843590164185 0.0399900169373
v 0.0715 0.00877492713928 0.0381900138855
v -0.0799964599609 0.00836444473267 0.0399900169373
v 0.0715 0.00617492675781 0.0381900138855
v -0.0798023376465 0.00830555725098 0.0399900169373
v 0.0715 0.00617492675781 0.0391900138855
v -0.0796047821045 0.00825949287415 0.0399900169373
v 0.0715 0.00529992675781 0.0391900138855
v -0.0794046325684 0.00822644805908 0.0399900169373
v 0.0735 0.0572999267578 0.0391900138855
v -0.0792027511597 0.00820656585693 0.0399900169373
v 0.0735 0.0452999267578 0.0391900138855
v 0.0735 0.0457443733215 0.0431900138855
v -0.079 0.00819992828369 0.0399900169373
v 0.0735 0.0452999267578 0.0431900138855
v -0.0787972488403 0.00820656585693 0.0399900169373
v -0.0785953674316 0.00822644805908 0.0399900169373
v 0.0735 0.0572999267578 0.0431900138855
v -0.0783952178955 0.00825949287415 0.0399900169373
v 0.0715 0.0572999267578 0.0391900138855
v -0.0781976623535 0.00830555725098 0.0399900169373
v 0.0715 0.0564249267578 0.0391900138855
v 0.0715 0.0564249267578 0.0381900138855
v -0.0780035400391 0.00836444473267 0.0399900169373
v 0.0715 0.0538249282837 0.0381900138855
v -0.0778136825562 0.00843590164185 0.0399900169373
v -0.07762890625 0.00851962280273 0.0399900169373
v 0.0715 0.0538249282837 0.0391900138855
v -0.0774499969482 0.00861524963379 0.0399900169373
v 0.0715 0.0452999267578 0.0391900138855
v -0.0772777328491 0.00872237205505 0.0399900169373
v 0.0718181838989 0.0452999267578 0.0431900138855
v 0.0718214263916 0.0455856399536 0.0431900138855
v -0.0771128387451 0.00884053230286 0.0399900169373
v -0.0806999969482 0.0112999267578 0.0371900138855
v -0.0769560241699 0.00896922302246 0.0399900169373
v -0.0806963577271 0.0111887435913 0.0371900138855
v -0.0768079681396 0.00910789680481 0.0399900169373
v -0.0806963577271 0.011411113739 0.0371900138855
v -0.0766692962646 0.00925595474243 0.0399900169373
v -0.0806854553223 0.0110780334473 0.0371900138855
v -0.0765406036377 0.00941276741028 0.0399900169373
v -0.0806854553223 0.0115218219757 0.0371900138855
v -0.0764224472046 0.00957765960693 0.0399900169373
v -0.076315322876 0.00974992752075 0.0399900169373
v -0.0806673355103 0.0109682731628 0.0371900138855
v -0.0762196960449 0.00992883300781 0.0399900169373
v -0.080642074585 0.0108599357605 0.0371900138855
v -0.080642074585 0.0117399196625 0.0371900138855
v -0.0761359710693 0.010113609314 0.0399900169373
v -0.0805705947876 0.0106493644714 0.0371900138855
v -0.0760645141602 0.0103034648895 0.0399900169373
v -0.0805705947876 0.0119504890442 0.0371900138855
v -0.0760056304932 0.0104975891113 0.0399900169373
v -0.0806097793579 0.0107534790039 0.0371900138855
v -0.075959564209 0.010695148468 0.0399900169373
v -0.0806097793579 0.0118463745117 0.0371900138855
v -0.0759265213013 0.0108952960968 0.0399900169373
v -0.0806673355103 0.0116315803528 0.0371900138855
v -0.0759066390991 0.0110971775055 0.0399900169373
v -0.0804722442627 0.0104499282837 0.0371900138855
v -0.0803487014771 0.0102650337219 0.0371900138855
v -0.0804134979248 0.0122443962097 0.0371900138855
v -0.0804134979248 0.0103554573059 0.0371900138855
v -0.0804722442627 0.0121499271393 0.0371900138855
v -0.0802781295776 0.0124208145142 0.0371900138855
v -0.0801208877563 0.0100218009949 0.0371900138855
v -0.0801208877563 0.0125780563354 0.0371900138855
v -0.0802020797729 0.0100978469849 0.0371900138855
v -0.0802020797729 0.0125020103455 0.0371900138855
v -0.0802781295776 0.0101790390015 0.0371900138855
v -0.0803487014771 0.012334821701 0.0371900138855
v -0.0800348968506 0.00995122718811 0.0371900138855
v -0.0805246810913 0.0105480365753 0.0371900138855
v -0.0805246810913 0.0120518188477 0.0371900138855
v -0.0800348968506 0.0126486282349 0.0371900138855
v -0.0799444656372 0.00988642883301 0.0371900138855
v -0.0799444656372 0.0127134246826 0.0371900138855
v -0.0797518920898 0.0128246116638 0.0371900138855
v -0.0795464477539 0.0129097099304 0.0371900138855
v -0.0796505584717 0.0128705215454 0.0371900138855
v -0.0798499984741 0.0127721710205 0.0371900138855
v -0.0792218933105 0.0129853839874 0.0371900138855
v -0.0793316497803 0.0129672622681 0.0371900138855
v -0.079 0.0129999275208 0.0371900138855
v -0.0787781066895 0.0129853839874 0.0371900138855
v -0.0788888168335 0.0129962882996 0.0371900138855
v -0.0791111831665 0.0129962882996 0.0371900138855
v -0.079439994812 0.0129420013428 0.0371900138855
v -0.078560005188 0.0129420013428 0.0371900138855
v -0.0783494415283 0.0128705215454 0.0371900138855
v -0.0784535522461 0.0129097099304 0.0371900138855
v -0.0781500015259 0.0127721710205 0.0371900138855
v -0.0779651031494 0.0126486282349 0.0371900138855
v -0.0780555343628 0.0127134246826 0.0371900138855
v -0.0782481079102 0.0128246116638 0.0371900138855
v -0.0777218704224 0.0124208145142 0.0371900138855
v -0.0777979202271 0.0125020103455 0.0371900138855
v -0.0775865020752 0.0122443962097 0.0371900138855
v -0.0774753189087 0.0120518188477 0.0371900138855
v -0.0775277557373 0.0121499271393 0.0371900138855
v -0.0776512985229 0.012334821701 0.0371900138855
v -0.0778791122437 0.0125780563354 0.0371900138855
v -0.0786683502197 0.0129672622681 0.0371900138855
v -0.0797518920898 0.00977524375916 0.0371900138855
v -0.0798499984741 0.00982768440247 0.0371900138855
v -0.0795464477539 0.0096901473999 0.0371900138855
v -0.0796505584717 0.00972933197021 0.0371900138855
v -0.0793316497803 0.00963259124756 0.0371900138855
v -0.079 0.00959992790222 0.0371900138855
v -0.0791111831665 0.00960356712341 0.0371900138855
v -0.0792218933105 0.00961447143555 0.0371900138855
v -0.079439994812 0.0096578540802 0.0371900138855
v -0.0787781066895 0.00961447143555 0.0371900138855
v -0.0784535522461 0.0096901473999 0.0371900138855
v -0.078560005188 0.0096578540802 0.0371900138855
v -0.0786683502197 0.00963259124756 0.0371900138855
v -0.0782481079102 0.00977524375916 0.0371900138855
v -0.0780555343628 0.00988642883301 0.0371900138855
v -0.0779651031494 0.00995122718811 0.0371900138855
v -0.0781500015259 0.00982768440247 0.0371900138855
v -0.0783494415283 0.00972933197021 0.0371900138855
v -0.0788888168335 0.00960356712341 0.0371900138855
v -0.0777218704224 0.0101790390015 0.0371900138855
v -0.0777979202271 0.0100978469849 0.0371900138855
v -0.0775865020752 0.0103554573059 0.0371900138855
v -0.0776512985229 0.0102650337219 0.0371900138855
v -0.0774753189087 0.0105480365753 0.0371900138855
v -0.0774294052124 0.0106493644714 0.0371900138855
v -0.0774294052124 0.0119504890442 0.0371900138855
v -0.0775277557373 0.0104499282837 0.0371900138855
v -0.077357925415 0.0108599357605 0.0371900138855
v -0.0773326644897 0.0116315803528 0.0371900138855
v -0.0773326644897 0.0109682731628 0.0371900138855
v -0.077357925415 0.0117399196625 0.0371900138855
v -0.0773000030518 0.0112999267578 0.0371900138855
v -0.0773036422729 0.011411113739 0.0371900138855
v -0.0773145446777 0.0110780334473 0.0371900138855
v -0.0773036422729 0.0111887435913 0.0371900138855
v -0.0773145446777 0.0115218219757 0.0371900138855
v -0.0773902206421 0.0107534790039 0.0371900138855
v -0.0773902206421 0.0118463745117 0.0371900138855
v -0.0778791122437 0.0100218009949 0.0371900138855
v -0.0811920318604 0.00910789680481 0.0431900138855
v -0.0810439758301 0.00896922302246 0.0431900138855
v -0.0810439758301 0.0136306304932 0.0431900138855
v -0.0808871612549 0.00884053230286 0.0431900138855
v -0.0808871612549 0.0137593231201 0.0431900138855
v -0.0807222671509 0.0138774833679 0.0431900138855
v -0.0805500030518 0.0139846076965 0.0431900138855
v -0.08037109375 0.0140802326202 0.0431900138855
v -0.0799964599609 0.0142354106903 0.0431900138855
v -0.0801863174438 0.0141639537811 0.0431900138855
v -0.0794046325684 0.0143734054565 0.0431900138855
v -0.0796047821045 0.0143403625488 0.0431900138855
v -0.0798023376465 0.0142942962646 0.0431900138855
v -0.07762890625 0.0140802326202 0.0431900138855
v -0.0778136825562 0.0141639537811 0.0431900138855
v -0.0780035400391 0.0142354106903 0.0431900138855
v -0.0781976623535 0.0142942962646 0.0431900138855
v -0.0783952178955 0.0143403625488 0.0431900138855
v -0.0785953674316 0.0143734054565 0.0431900138855
v -0.0787972488403 0.0143932914734 0.0431900138855
v -0.079 0.0143999271393 0.0431900138855
v -0.0792027511597 0.0143932914734 0.0431900138855
v -0.0807222671509 0.00872237205505 0.0431900138855
v -0.08037109375 0.00851962280273 0.0431900138855
v -0.0805500030518 0.00861524963379 0.0431900138855
v -0.0796047821045 0.00825949287415 0.0431900138855
v -0.0794046325684 0.00822644805908 0.0431900138855
v -0.0798023376465 0.00830555725098 0.0431900138855
v -0.0799964599609 0.00836444473267 0.0431900138855
v -0.0801863174438 0.00843590164185 0.0431900138855
v -0.07762890625 0.00851962280273 0.0431900138855
v -0.0778136825562 0.00843590164185 0.0431900138855
v -0.0781976623535 0.00830555725098 0.0431900138855
v -0.0780035400391 0.00836444473267 0.0431900138855
v -0.0787972488403 0.00820656585693 0.0431900138855
v -0.0785953674316 0.00822644805908 0.0431900138855
v -0.0783952178955 0.00825949287415 0.0431900138855
v -0.079 0.00819992828369 0.0431900138855
v -0.0792027511597 0.00820656585693 0.0431900138855
v -0.0774499969482 0.00861524963379 0.0431900138855
v -0.0774499969482 0.0139846076965 0.0431900138855
v -0.0772777328491 0.0138774833679 0.0431900138855
v -0.0772777328491 0.00872237205505 0.0431900138855
v -0.0771128387451 0.00884053230286 0.0431900138855
v -0.0771128387451 0.0137593231201 0.0431900138855
v -0.0769560241699 0.0136306304932 0.0431900138855
v -0.0769560241699 0.00896922302246 0.0431900138855
v -0.0768079681396 0.0134919586182 0.0431900138855
v -0.0768079681396 0.00910789680481 0.0431900138855
v -0.0766692962646 0.0133438987732 0.0431900138855
v -0.0766692962646 0.00925595474243 0.0431900138855
v -0.0765406036377 0.00941276741028 0.0431900138855
v -0.0764224472046 0.00957765960693 0.0431900138855
v -0.076315322876 0.00974992752075 0.0431900138855
v -0.0762196960449 0.00992883300781 0.0431900138855
v -0.0761359710693 0.010113609314 0.0431900138855
v -0.0760645141602 0.0103034648895 0.0431900138855
v -0.0760056304932 0.0104975891113 0.0431900138855
v -0.0759000015259 0.0112999267578 0.0431900138855
v -0.0759066390991 0.0110971775055 0.0431900138855
v -0.0759066390991 0.0115026779175 0.0431900138855
v -0.075959564209 0.010695148468 0.0431900138855
v -0.0759265213013 0.0108952960968 0.0431900138855
v -0.0759265213013 0.0117045593262 0.0431900138855
v -0.075959564209 0.0119047088623 0.0431900138855
v -0.0760056304932 0.0121022663116 0.0431900138855
v -0.0765406036377 0.0131870880127 0.0431900138855
v -0.0764224472046 0.0130221939087 0.0431900138855
v -0.0760645141602 0.0122963905334 0.0431900138855
v -0.076315322876 0.0128499279022 0.0431900138855
v -0.0762196960449 0.0126710224152 0.0431900138855
v -0.0761359710693 0.012486246109 0.0431900138855
v -0.0811920318604 0.0134919586182 0.0431900138855
v -0.0813307037354 0.0133438987732 0.0431900138855
v -0.0813307037354 0.00925595474243 0.0431900138855
v -0.0820999984741 0.0112999267578 0.0431900138855
v -0.0820933609009 0.0110971775055 0.0431900138855
v -0.0820933609009 0.0115026779175 0.0431900138855
v -0.0819943695068 0.0104975891113 0.0431900138855
v -0.082040435791 0.010695148468 0.0431900138855
v -0.0820734786987 0.0108952960968 0.0431900138855
v -0.0820734786987 0.0117045593262 0.0431900138855
v -0.082040435791 0.0119047088623 0.0431900138855
v -0.0819943695068 0.0121022663116 0.0431900138855
v -0.0818640289307 0.010113609314 0.0431900138855
v -0.0814593963623 0.0131870880127 0.0431900138855
v -0.0817803039551 0.0126710224152 0.0431900138855
v -0.081684677124 0.0128499279022 0.0431900138855
v -0.0815775527954 0.0130221939087 0.0431900138855
v -0.0819354858398 0.0103034648895 0.0431900138855
v -0.0819354858398 0.0122963905334 0.0431900138855
v -0.0818640289307 0.012486246109 0.0431900138855
v -0.0814593963623 0.00941276741028 0.0431900138855
v -0.0815775527954 0.00957765960693 0.0431900138855
v -0.081684677124 0.00974992752075 0.0431900138855
v -0.0817803039551 0.00992883300781 0.0431900138855
v -0.0773000030518 0.0112999267578 0.0399900169373
v -0.0773036422729 0.011411113739 0.0399900169373
v -0.0773145446777 0.0115218219757 0.0399900169373
v -0.0773326644897 0.0116315803528 0.0399900169373
v -0.077357925415 0.0117399196625 0.0399900169373
v -0.0773902206421 0.0118463745117 0.0399900169373
v -0.0774294052124 0.0119504890442 0.0399900169373
v -0.0774753189087 0.0120518188477 0.0399900169373
v -0.0775277557373 0.0121499271393 0.0399900169373
v -0.0775865020752 0.0122443962097 0.0399900169373
v -0.0776512985229 0.012334821701 0.0399900169373
v -0.0777218704224 0.0124208145142 0.0399900169373
v -0.0777979202271 0.0125020103455 0.0399900169373
v -0.0778791122437 0.0125780563354 0.0399900169373
v -0.0779651031494 0.0126486282349 0.0399900169373
v -0.0780555343628 0.0127134246826 0.0399900169373
v -0.0781500015259 0.0127721710205 0.0399900169373
v -0.0782481079102 0.0128246116638 0.0399900169373
v -0.0783494415283 0.0128705215454 0.0399900169373
v -0.0784535522461 0.0129097099304 0.0399900169373
v -0.078560005188 0.0129420013428 0.0399900169373
v -0.0786683502197 0.0129672622681 0.0399900169373
v -0.0787781066895 0.0129853839874 0.0399900169373
v -0.0788888168335 0.0129962882996 0.0399900169373
v -0.079 0.0129999275208 0.0399900169373
v -0.0791111831665 0.0129962882996 0.0399900169373
v -0.0792218933105 0.0129853839874 0.0399900169373
v -0.0793316497803 0.0129672622681 0.0399900169373
v -0.079439994812 0.0129420013428 0.0399900169373
v -0.0795464477539 0.0129097099304 0.0399900169373
v -0.0796505584717 0.0128705215454 0.0399900169373
v -0.0797518920898 0.0128246116638 0.0399900169373
v -0.0798499984741 0.0127721710205 0.0399900169373
v -0.0799444656372 0.0127134246826 0.0399900169373
v -0.0800348968506 0.0126486282349 0.0399900169373
v -0.0801208877563 0.0125780563354 0.0399900169373
v -0.0802020797729 0.0125020103455 0.0399900169373
v -0.0802781295776 0.0124208145142 0.0399900169373
v -0.0803487014771 0.012334821701 0.0399900169373
v -0.0804134979248 0.0122443962097 0.0399900169373
v -0.0804722442627 0.0121499271393 0.0399900169373
v -0.0805246810913 0.0120518188477 0.0399900169373
v -0.0805705947876 0.0119504890442 0.0399900169373
v -0.0806097793579 0.0118463745117 0.0399900169373
v -0.080642074585 0.0117399196625 0.0399900169373
v -0.0806673355103 0.0116315803528 0.0399900169373
v -0.0806854553223 0.0115218219757 0.0399900169373
v -0.0806963577271 0.011411113739 0.0399900169373
v -0.0806999969482 0.0112999267578 0.0399900169373
v -0.0806963577271 0.0111887435913 0.0399900169373
v -0.0806854553223 0.0110780334473 0.0399900169373
v -0.0806673355103 0.0109682731628 0.0399900169373
v -0.080642074585 0.0108599357605 0.0399900169373
v -0.0806097793579 0.0107534790039 0.0399900169373
v -0.0805705947876 0.0106493644714 0.0399900169373
v -0.0805246810913 0.0105480365753 0.0399900169373
v -0.0804722442627 0.0104499282837 0.0399900169373
v -0.0804134979248 0.0103554573059 0.0399900169373
v -0.0803487014771 0.0102650337219 0.0399900169373
v -0.0802781295776 0.0101790390015 0.0399900169373
v -0.0802020797729 0.0100978469849 0.0399900169373
v -0.0801208877563 0.0100218009949 0.0399900169373
v -0.0800348968506 0.00995122718811 0.0399900169373
v -0.0799444656372 0.00988642883301 0.0399900169373
v -0.0798499984741 0.00982768440247 0.0399900169373
v -0.0797518920898 0.00977524375916 0.0399900169373
v -0.0796505584717 0.00972933197021 0.0399900169373
v -0.0795464477539 0.0096901473999 0.0399900169373
v -0.079439994812 0.0096578540802 0.0399900169373
v -0.0793316497803 0.00963259124756 0.0399900169373
v -0.0792218933105 0.00961447143555 0.0399900169373
v -0.0791111831665 0.00960356712341 0.0399900169373
v -0.079 0.00959992790222 0.0399900169373
v -0.0788888168335 0.00960356712341 0.0399900169373
v -0.0787781066895 0.00961447143555 0.0399900169373
v -0.0786683502197 0.00963259124756 0.0399900169373
v -0.078560005188 0.0096578540802 0.0399900169373
v -0.0784535522461 0.0096901473999 0.0399900169373
v -0.0783494415283 0.00972933197021 0.0399900169373
v -0.0782481079102 0.00977524375916 0.0399900169373
v -0.0781500015259 0.00982768440247 0.0399900169373
v -0.0780555343628 0.00988642883301 0.0399900169373
v -0.0779651031494 0.00995122718811 0.0399900169373
v -0.0778791122437 0.0100218009949 0.0399900169373
v -0.0777979202271 0.0100978469849 0.0399900169373
v -0.0777218704224 0.0101790390015 0.0399900169373
v -0.0776512985229 0.0102650337219 0.0399900169373
v -0.0775865020752 0.0103554573059 0.0399900169373
v -0.0775277557373 0.0104499282837 0.0399900169373
v -0.0774753189087 0.0105480365753 0.0399900169373
v -0.0774294052124 0.0106493644714 0.0399900169373
v -0.0773902206421 0.0107534790039 0.0399900169373
v -0.077357925415 0.0108599357605 0.0399900169373
v -0.0773326644897 0.0109682731628 0.0399900169373
v -0.0773145446777 0.0110780334473 0.0399900169373
v -0.0773036422729 0.0111887435913 0.0399900169373
v -0.0806999969482 0.0512999267578 0.0371900138855
v -0.0806963577271 0.0511887435913 0.0371900138855
v -0.0806963577271 0.051411113739 0.0371900138855
v -0.0806854553223 0.0510780334473 0.0371900138855
v -0.0806854553223 0.0515218238831 0.0371900138855
v -0.0806673355103 0.0509682731628 0.0371900138855
v -0.080642074585 0.0508599357605 0.0371900138855
v -0.080642074585 0.0517399215698 0.0371900138855
v -0.0805705947876 0.0506493644714 0.0371900138855
v -0.0805705947876 0.0519504890442 0.0371900138855
v -0.0806097793579 0.0507534790039 0.0371900138855
v -0.0806097793579 0.0518463745117 0.0371900138855
v -0.0806673355103 0.0516315803528 0.0371900138855
v -0.0804722442627 0.0504499282837 0.0371900138855
v -0.0803487014771 0.0502650337219 0.0371900138855
v -0.0804134979248 0.0522443962097 0.0371900138855
v -0.0804134979248 0.0503554573059 0.0371900138855
v -0.0804722442627 0.0521499290466 0.0371900138855
v -0.0802781295776 0.0524208145142 0.0371900138855
v -0.0801208877563 0.0500218009949 0.0371900138855
v -0.0801208877563 0.0525780563354 0.0371900138855
v -0.0802020797729 0.0500978469849 0.0371900138855
v -0.0802020797729 0.0525020103455 0.0371900138855
v -0.0802781295776 0.0501790390015 0.0371900138855
v -0.0803487014771 0.0523348236084 0.0371900138855
v -0.0800348968506 0.0499512252808 0.0371900138855
v -0.0805246810913 0.0505480384827 0.0371900138855
v -0.0805246810913 0.0520518188477 0.0371900138855
v -0.0800348968506 0.0526486282349 0.0371900138855
v -0.0799444656372 0.049886428833 0.0371900138855
v -0.0799444656372 0.0527134246826 0.0371900138855
v -0.0797518920898 0.0528246116638 0.0371900138855
v -0.0795464477539 0.0529097099304 0.0371900138855
v -0.0796505584717 0.0528705215454 0.0371900138855
v -0.0798499984741 0.0527721710205 0.0371900138855
v -0.0792218933105 0.0529853820801 0.0371900138855
v -0.0793316497803 0.0529672622681 0.0371900138855
v -0.079 0.0529999275208 0.0371900138855
v -0.0787781066895 0.0529853820801 0.0371900138855
v -0.0788888168335 0.0529962882996 0.0371900138855
v -0.0791111831665 0.0529962882996 0.0371900138855
v -0.079439994812 0.0529420013428 0.0371900138855
v -0.078560005188 0.0529420013428 0.0371900138855
v -0.0783494415283 0.0528705215454 0.0371900138855
v -0.0784535522461 0.0529097099304 0.0371900138855
v -0.0781500015259 0.0527721710205 0.0371900138855
v -0.0779651031494 0.0526486282349 0.0371900138855
v -0.0780555343628 0.0527134246826 0.0371900138855
v -0.0782481079102 0.0528246116638 0.0371900138855
v -0.0777218704224 0.0524208145142 0.0371900138855
v -0.0777979202271 0.0525020103455 0.0371900138855
v -0.0775865020752 0.0522443962097 0.0371900138855
v -0.0774753189087 0.0520518188477 0.0371900138855
v -0.0775277557373 0.0521499290466 0.0371900138855
v -0.0776512985229 0.0523348236084 0.0371900138855
v -0.0778791122437 0.0525780563354 0.0371900138855
v -0.0786683502197 0.0529672622681 0.0371900138855
v -0.0797518920898 0.0497752456665 0.0371900138855
v -0.0798499984741 0.0498276824951 0.0371900138855
v -0.0795464477539 0.0496901473999 0.0371900138855
v -0.0796505584717 0.0497293319702 0.0371900138855
v -0.0793316497803 0.0496325912476 0.0371900138855
v -0.079 0.0495999259949 0.0371900138855
v -0.0791111831665 0.0496035690308 0.0371900138855
v -0.0792218933105 0.0496144714355 0.0371900138855
v -0.079439994812 0.0496578521729 0.0371900138855
v -0.0787781066895 0.0496144714355 0.0371900138855
v -0.0784535522461 0.0496901473999 0.0371900138855
v -0.078560005188 0.0496578521729 0.0371900138855
v -0.0786683502197 0.0496325912476 0.0371900138855
v -0.0782481079102 0.0497752456665 0.0371900138855
v -0.0780555343628 0.049886428833 0.0371900138855
v -0.0779651031494 0.0499512252808 0.0371900138855
v -0.0781500015259 0.0498276824951 0.0371900138855
v -0.0783494415283 0.0497293319702 0.0371900138855
v -0.0788888168335 0.0496035690308 0.0371900138855
v -0.0777218704224 0.0501790390015 0.0371900138855
v -0.0777979202271 0.0500978469849 0.0371900138855
v -0.0775865020752 0.0503554573059 0.0371900138855
v -0.0776512985229 0.0502650337219 0.0371900138855
v -0.0774753189087 0.0505480384827 0.0371900138855
v -0.0774294052124 0.0506493644714 0.0371900138855
v -0.0774294052124 0.0519504890442 0.0371900138855
v -0.0775277557373 0.0504499282837 0.0371900138855
v -0.077357925415 0.0508599357605 0.0371900138855
v -0.0773326644897 0.0516315803528 0.0371900138855
v -0.0773326644897 0.0509682731628 0.0371900138855
v -0.077357925415 0.0517399215698 0.0371900138855
v -0.0773000030518 0.0512999267578 0.0371900138855
v -0.0773036422729 0.051411113739 0.0371900138855
v -0.0773145446777 0.0510780334473 0.0371900138855
v -0.0773036422729 0.0511887435913 0.0371900138855
v -0.0773145446777 0.0515218238831 0.0371900138855
v -0.0773902206421 0.0507534790039 0.0371900138855
v -0.0773902206421 0.0518463745117 0.0371900138855
v -0.0778791122437 0.0500218009949 0.0371900138855
v -0.0811920318604 0.0534919586182 0.0431900138855
v -0.0811920318604 0.0491078948975 0.0431900138855
v -0.0813307037354 0.0533438987732 0.0431900138855
v -0.0813307037354 0.0492559547424 0.0431900138855
v -0.0820999984741 0.0512999267578 0.0431900138855
v -0.0820933609009 0.0510971794128 0.0431900138855
v -0.0820933609009 0.0515026779175 0.0431900138855
v -0.0819943695068 0.0504975891113 0.0431900138855
v -0.082040435791 0.050695148468 0.0431900138855
v -0.0820734786987 0.0508952980042 0.0431900138855
v -0.0820734786987 0.0517045593262 0.0431900138855
v -0.082040435791 0.0519047088623 0.0431900138855
v -0.0819943695068 0.052102268219 0.0431900138855
v -0.0818640289307 0.050113609314 0.0431900138855
v -0.0814593963623 0.0531870880127 0.0431900138855
v -0.0817803039551 0.0526710243225 0.0431900138855
v -0.081684677124 0.0528499259949 0.0431900138855
v -0.0815775527954 0.0530221939087 0.0431900138855
v -0.0819354858398 0.0503034667969 0.0431900138855
v -0.0819354858398 0.0522963905334 0.0431900138855
v -0.0818640289307 0.0524862480164 0.0431900138855
v -0.0814593963623 0.0494127655029 0.0431900138855
v -0.0815775527954 0.0495776596069 0.0431900138855
v -0.081684677124 0.0497499275208 0.0431900138855
v -0.0817803039551 0.0499288330078 0.0431900138855
v -0.0810439758301 0.0489692230225 0.0431900138855
v -0.0810439758301 0.0536306304932 0.0431900138855
v -0.0808871612549 0.0488405303955 0.0431900138855
v -0.0808871612549 0.0537593231201 0.0431900138855
v -0.0807222671509 0.0538774833679 0.0431900138855
v -0.0805500030518 0.0539846076965 0.0431900138855
v -0.08037109375 0.0540802345276 0.0431900138855
v -0.0799964599609 0.0542354125977 0.0431900138855
v -0.0801863174438 0.0541639556885 0.0431900138855
v -0.0794046325684 0.0543734054565 0.0431900138855
v -0.0796047821045 0.0543403625488 0.0431900138855
v -0.0798023376465 0.0542942962646 0.0431900138855
v -0.07762890625 0.0540802345276 0.0431900138855
v -0.0778136825562 0.0541639556885 0.0431900138855
v -0.0780035400391 0.0542354125977 0.0431900138855
v -0.0781976623535 0.0542942962646 0.0431900138855
v -0.0783952178955 0.0543403625488 0.0431900138855
v -0.0785953674316 0.0543734054565 0.0431900138855
v -0.0787972488403 0.0543932914734 0.0431900138855
v -0.079 0.0543999290466 0.0431900138855
v -0.0792027511597 0.0543932914734 0.0431900138855
v -0.0807222671509 0.0487223701477 0.0431900138855
v -0.08037109375 0.0485196228027 0.0431900138855
v -0.0805500030518 0.0486152496338 0.0431900138855
v -0.0796047821045 0.0482594947815 0.0431900138855
v -0.0794046325684 0.0482264480591 0.0431900138855
v -0.0798023376465 0.048305557251 0.0431900138855
v -0.0799964599609 0.0483644447327 0.0431900138855
v -0.0801863174438 0.0484359016418 0.0431900138855
v -0.07762890625 0.0485196228027 0.0431900138855
v -0.0778136825562 0.0484359016418 0.0431900138855
v -0.0781976623535 0.048305557251 0.0431900138855
v -0.0780035400391 0.0483644447327 0.0431900138855
v -0.0787972488403 0.0482065658569 0.0431900138855
v -0.0785953674316 0.0482264480591 0.0431900138855
v -0.0783952178955 0.0482594947815 0.0431900138855
v -0.079 0.0481999282837 0.0431900138855
v -0.0792027511597 0.0482065658569 0.0431900138855
v -0.0774499969482 0.0486152496338 0.0431900138855
v -0.0774499969482 0.0539846076965 0.0431900138855
v -0.0772777328491 0.0538774833679 0.0431900138855
v -0.0772777328491 0.0487223701477 0.0431900138855
v -0.0771128387451 0.0488405303955 0.0431900138855
v -0.0771128387451 0.0537593231201 0.0431900138855
v -0.0769560241699 0.0536306304932 0.0431900138855
v -0.0769560241699 0.0489692230225 0.0431900138855
v -0.0768079681396 0.0534919586182 0.0431900138855
v -0.0768079681396 0.0491078948975 0.0431900138855
v -0.0766692962646 0.0533438987732 0.0431900138855
v -0.0766692962646 0.0492559547424 0.0431900138855
v -0.0765406036377 0.0494127655029 0.0431900138855
v -0.0764224472046 0.0495776596069 0.0431900138855
v -0.076315322876 0.0497499275208 0.0431900138855
v -0.0762196960449 0.0499288330078 0.0431900138855
v -0.0761359710693 0.050113609314 0.0431900138855
v -0.0760645141602 0.0503034667969 0.0431900138855
v -0.0760056304932 0.0504975891113 0.0431900138855
v -0.0759000015259 0.0512999267578 0.0431900138855
v -0.0759066390991 0.0510971794128 0.0431900138855
v -0.0759066390991 0.0515026779175 0.0431900138855
v -0.075959564209 0.050695148468 0.0431900138855
v -0.0759265213013 0.0508952980042 0.0431900138855
v -0.0759265213013 0.0517045593262 0.0431900138855
v -0.075959564209 0.0519047088623 0.0431900138855
v -0.0760056304932 0.052102268219 0.0431900138855
v -0.0765406036377 0.0531870880127 0.0431900138855
v -0.0764224472046 0.0530221939087 0.0431900138855
v -0.0760645141602 0.0522963905334 0.0431900138855
v -0.076315322876 0.0528499259949 0.0431900138855
v -0.0762196960449 0.0526710243225 0.0431900138855
v -0.0761359710693 0.0524862480164 0.0431900138855
v -0.0773000030518 0.0512999267578 0.0399900169373
v -0.0773036422729 0.051411113739 0.0399900169373
v -0.0773145446777 0.0515218238831 0.0399900169373
v -0.0773326644897 0.0516315803528 0.0399900169373
v -0.077357925415 0.0517399215698 0.0399900169373
v -0.0773902206421 0.0518463745117 0.0399900169373
v -0.0774294052124 0.0519504890442 0.0399900169373
v -0.0774753189087 0.0520518188477 0.0399900169373
v -0.0775277557373 0.0521499290466 0.0399900169373
v -0.0775865020752 0.0522443962097 0.0399900169373
v -0.0776512985229 0.0523348236084 0.0399900169373
v -0.0777218704224 0.0524208145142 0.0399900169373
v -0.0777979202271 0.0525020103455 0.0399900169373
v -0.0778791122437 0.0525780563354 0.0399900169373
v -0.0779651031494 0.0526486282349 0.0399900169373
v -0.0780555343628 0.0527134246826 0.0399900169373
v -0.0781500015259 0.0527721710205 0.0399900169373
v -0.0782481079102 0.0528246116638 0.0399900169373
v -0.0783494415283 0.0528705215454 0.0399900169373
v -0.0784535522461 0.0529097099304 0.0399900169373
v -0.078560005188 0.0529420013428 0.0399900169373
v -0.0786683502197 0.0529672622681 0.0399900169373
v -0.0787781066895 0.0529853820801 0.0399900169373
v -0.0788888168335 0.0529962882996 0.0399900169373
v -0.079 0.0529999275208 0.0399900169373
v -0.0791111831665 0.0529962882996 0.0399900169373
v -0.0792218933105 0.0529853820801 0.0399900169373
v -0.0793316497803 0.0529672622681 0.0399900169373
v -0.079439994812 0.0529420013428 0.0399900169373
v -0.0795464477539 0.0529097099304 0.0399900169373
v -0.0796505584717 0.0528705215454 0.0399900169373
v -0.0797518920898 0.0528246116638 0.0399900169373
v -0.0798499984741 0.0527721710205 0.0399900169373
v -0.0799444656372 0.0527134246826 0.0399900169373
v -0.0800348968506 0.0526486282349 0.0399900169373
v -0.0801208877563 0.0525780563354 0.0399900169373
v -0.0802020797729 0.0525020103455 0.0399900169373
v -0.0802781295776 0.0524208145142 0.0399900169373
v -0.0803487014771 0.0523348236084 0.0399900169373
v -0.0804134979248 0.0522443962097 0.0399900169373
v -0.0804722442627 0.0521499290466 0.0399900169373
v -0.0805246810913 0.0520518188477 0.0399900169373
v -0.0805705947876 0.0519504890442 0.0399900169373
v -0.0806097793579 0.0518463745117 0.0399900169373
v -0.080642074585 0.0517399215698 0.0399900169373
v -0.0806673355103 0.0516315803528 0.0399900169373
v -0.0806854553223 0.0515218238831 0.0399900169373
v -0.0806963577271 0.051411113739 0.0399900169373
v -0.0806999969482 0.0512999267578 0.0399900169373
v -0.0806963577271 0.0511887435913 0.0399900169373
v -0.0806854553223 0.0510780334473 0.0399900169373
v -0.0806673355103 0.0509682731628 0.0399900169373
v -0.080642074585 0.0508599357605 0.0399900169373
v -0.0806097793579 0.0507534790039 0.0399900169373
v -0.0805705947876 0.0506493644714 0.0399900169373
v -0.0805246810913 0.0505480384827 0.0399900169373
v -0.0804722442627 0.0504499282837 0.0399900169373
v -0.0804134979248 0.0503554573059 0.0399900169373
v -0.0803487014771 0.0502650337219 0.0399900169373
v -0.0802781295776 0.0501790390015 0.0399900169373
v -0.0802020797729 0.0500978469849 0.0399900169373
v -0.0801208877563 0.0500218009949 0.0399900169373
v -0.0800348968506 0.0499512252808 0.0399900169373
v -0.0799444656372 0.049886428833 0.0399900169373
v -0.0798499984741 0.0498276824951 0.0399900169373
v -0.0797518920898 0.0497752456665 0.0399900169373
v -0.0796505584717 0.0497293319702 0.0399900169373
v -0.0795464477539 0.0496901473999 0.0399900169373
v -0.079439994812 0.0496578521729 0.0399900169373
v -0.0793316497803 0.0496325912476 0.0399900169373
v -0.0792218933105 0.0496144714355 0.0399900169373
v -0.0791111831665 0.0496035690308 0.0399900169373
v -0.079 0.0495999259949 0.0399900169373
v -0.0788888168335 0.0496035690308 0.0399900169373
v -0.0787781066895 0.0496144714355 0.0399900169373
v -0.0786683502197 0.0496325912476 0.0399900169373
v -0.078560005188 0.0496578521729 0.0399900169373
v -0.0784535522461 0.0496901473999 0.0399900169373
v -0.0783494415283 0.0497293319702 0.0399900169373
v -0.0782481079102 0.0497752456665 0.0399900169373
v -0.0781500015259 0.0498276824951 0.0399900169373
v -0.0780555343628 0.049886428833 0.0399900169373
v -0.0779651031494 0.0499512252808 0.0399900169373
v -0.0778791122437 0.0500218009949 0.0399900169373
v -0.0777979202271 0.0500978469849 0.0399900169373
v -0.0777218704224 0.0501790390015 0.0399900169373
v -0.0776512985229 0.0502650337219 0.0399900169373
v -0.0775865020752 0.0503554573059 0.0399900169373
v -0.0775277557373 0.0504499282837 0.0399900169373
v -0.0774753189087 0.0505480384827 0.0399900169373
v -0.0774294052124 0.0506493644714 0.0399900169373
v -0.0773902206421 0.0507534790039 0.0399900169373
v -0.077357925415 0.0508599357605 0.0399900169373
v -0.0773326644897 0.0509682731628 0.0399900169373
v -0.0773145446777 0.0510780334473 0.0399900169373
v -0.0773036422729 0.0511887435913 0.0399900169373
v 0.0773000030518 0.0112999267578 0.0371900138855
v 0.0773145446777 0.0110780334473 0.0371900138855
v 0.0773036422729 0.0111887435913 0.0371900138855
v 0.0773036422729 0.011411113739 0.0371900138855
v 0.077357925415 0.0108599357605 0.0371900138855
v 0.0773326644897 0.0109682731628 0.0371900138855
v 0.0773326644897 0.0116315803528 0.0371900138855
v 0.0773145446777 0.0115218219757 0.0371900138855
v 0.077357925415 0.0117399196625 0.0371900138855
v 0.0773902206421 0.0118463745117 0.0371900138855
v 0.0774294052124 0.0106493644714 0.0371900138855
v 0.0774294052124 0.0119504890442 0.0371900138855
v 0.0775277557373 0.0121499271393 0.0371900138855
v 0.0776512985229 0.012334821701 0.0371900138855
v 0.0777218704224 0.0124208145142 0.0371900138855
v 0.0775865020752 0.0122443962097 0.0371900138855
v 0.0774753189087 0.0120518188477 0.0371900138855
v 0.0773902206421 0.0107534790039 0.0371900138855
v 0.0777979202271 0.0125020103455 0.0371900138855
v 0.0779651031494 0.0126486282349 0.0371900138855
v 0.0778791122437 0.0125780563354 0.0371900138855
v 0.0781500015259 0.0127721710205 0.0371900138855
v 0.0780555343628 0.0127134246826 0.0371900138855
v 0.0784535522461 0.0129097099304 0.0371900138855
v 0.0783494415283 0.0128705215454 0.0371900138855
v 0.0787781066895 0.0129853839874 0.0371900138855
v 0.0786683502197 0.0129672622681 0.0371900138855
v 0.078560005188 0.0129420013428 0.0371900138855
v 0.0782481079102 0.0128246116638 0.0371900138855
v 0.079 0.0129999275208 0.0371900138855
v 0.0793316497803 0.0129672622681 0.0371900138855
v 0.0792218933105 0.0129853839874 0.0371900138855
v 0.0791111831665 0.0129962882996 0.0371900138855
v 0.0795464477539 0.0129097099304 0.0371900138855
v 0.0797518920898 0.0128246116638 0.0371900138855
v 0.0798499984741 0.0127721710205 0.0371900138855
v 0.0796505584717 0.0128705215454 0.0371900138855
v 0.079439994812 0.0129420013428 0.0371900138855
v 0.0788888168335 0.0129962882996 0.0371900138855
v 0.0774753189087 0.0105480365753 0.0371900138855
v 0.0775277557373 0.0104499282837 0.0371900138855
v 0.0775865020752 0.0103554573059 0.0371900138855
v 0.0776512985229 0.0102650337219 0.0371900138855
v 0.0777979202271 0.0100978469849 0.0371900138855
v 0.0777218704224 0.0101790390015 0.0371900138855
v 0.0780555343628 0.00988642883301 0.0371900138855
v 0.0779651031494 0.00995122718811 0.0371900138855
v 0.0782481079102 0.00977524375916 0.0371900138855
v 0.0784535522461 0.0096901473999 0.0371900138855
v 0.0783494415283 0.00972933197021 0.0371900138855
v 0.0781500015259 0.00982768440247 0.0371900138855
v 0.078560005188 0.0096578540802 0.0371900138855
v 0.0778791122437 0.0100218009949 0.0371900138855
v 0.0786683502197 0.00963259124756 0.0371900138855
v 0.0788888168335 0.00960356712341 0.0371900138855
v 0.0787781066895 0.00961447143555 0.0371900138855
v 0.0791111831665 0.00960356712341 0.0371900138855
v 0.0793316497803 0.00963259124756 0.0371900138855
v 0.0792218933105 0.00961447143555 0.0371900138855
v 0.079 0.00959992790222 0.0371900138855
v 0.0796505584717 0.00972933197021 0.0371900138855
v 0.0795464477539 0.0096901473999 0.0371900138855
v 0.0798499984741 0.00982768440247 0.0371900138855
v 0.0799444656372 0.00988642883301 0.0371900138855
v 0.0797518920898 0.00977524375916 0.0371900138855
v 0.079439994812 0.0096578540802 0.0371900138855
v 0.0800348968506 0.0126486282349 0.0371900138855
v 0.0802020797729 0.0100978469849 0.0371900138855
v 0.0802020797729 0.0125020103455 0.0371900138855
v 0.0801208877563 0.0100218009949 0.0371900138855
v 0.0801208877563 0.0125780563354 0.0371900138855
v 0.0803487014771 0.0102650337219 0.0371900138855
v 0.0803487014771 0.012334821701 0.0371900138855
v 0.0804722442627 0.0104499282837 0.0371900138855
v 0.0804722442627 0.0121499271393 0.0371900138855
v 0.0804134979248 0.0103554573059 0.0371900138855
v 0.0804134979248 0.0122443962097 0.0371900138855
v 0.0802781295776 0.0101790390015 0.0371900138855
v 0.0802781295776 0.0124208145142 0.0371900138855
v 0.0805705947876 0.0106493644714 0.0371900138855
v 0.0805705947876 0.0119504890442 0.0371900138855
v 0.080642074585 0.0108599357605 0.0371900138855
v 0.080642074585 0.0117399196625 0.0371900138855
v 0.0806097793579 0.0107534790039 0.0371900138855
v 0.0806097793579 0.0118463745117 0.0371900138855
v 0.0806854553223 0.0110780334473 0.0371900138855
v 0.0806999969482 0.0112999267578 0.0371900138855
v 0.0806963577271 0.0111887435913 0.0371900138855
v 0.0806963577271 0.011411113739 0.0371900138855
v 0.0806673355103 0.0109682731628 0.0371900138855
v 0.0806854553223 0.0115218219757 0.0371900138855
v 0.0806673355103 0.0116315803528 0.0371900138855
v 0.0805246810913 0.0120518188477 0.0371900138855
v 0.0800348968506 0.00995122718811 0.0371900138855
v 0.0805246810913 0.0105480365753 0.0371900138855
v 0.0799444656372 0.0127134246826 0.0371900138855
v 0.0811920318604 0.00910789680481 0.0431900138855
v 0.0811920318604 0.0134919586182 0.0431900138855
v 0.0813307037354 0.00925595474243 0.0431900138855
v 0.0813307037354 0.0133438987732 0.0431900138855
v 0.0814593963623 0.00941276741028 0.0431900138855
v 0.0815775527954 0.00957765960693 0.0431900138855
v 0.081684677124 0.00974992752075 0.0431900138855
v 0.0818640289307 0.012486246109 0.0431900138855
v 0.0817803039551 0.00992883300781 0.0431900138855
v 0.0818640289307 0.010113609314 0.0431900138855
v 0.0819354858398 0.0103034648895 0.0431900138855
v 0.0819354858398 0.0122963905334 0.0431900138855
v 0.0820999984741 0.0112999267578 0.0431900138855
v 0.0820933609009 0.0110971775055 0.0431900138855
v 0.0820933609009 0.0115026779175 0.0431900138855
v 0.0820734786987 0.0117045593262 0.0431900138855
v 0.0819943695068 0.0104975891113 0.0431900138855
v 0.082040435791 0.010695148468 0.0431900138855
v 0.0820734786987 0.0108952960968 0.0431900138855
v 0.082040435791 0.0119047088623 0.0431900138855
v 0.0819943695068 0.0121022663116 0.0431900138855
v 0.0814593963623 0.0131870880127 0.0431900138855
v 0.0815775527954 0.0130221939087 0.0431900138855
v 0.081684677124 0.0128499279022 0.0431900138855
v 0.0817803039551 0.0126710224152 0.0431900138855
v 0.0810439758301 0.0136306304932 0.0431900138855
v 0.0810439758301 0.00896922302246 0.0431900138855
v 0.0808871612549 0.0137593231201 0.0431900138855
v 0.0778136825562 0.00843590164185 0.0431900138855
v 0.07762890625 0.00851962280273 0.0431900138855
v 0.0781976623535 0.00830555725098 0.0431900138855
v 0.0780035400391 0.00836444473267 0.0431900138855
v 0.0787972488403 0.00820656585693 0.0431900138855
v 0.0785953674316 0.00822644805908 0.0431900138855
v 0.0783952178955 0.00825949287415 0.0431900138855
v 0.0799964599609 0.00836444473267 0.0431900138855
v 0.0801863174438 0.00843590164185 0.0431900138855
v 0.0798023376465 0.00830555725098 0.0431900138855
v 0.0796047821045 0.00825949287415 0.0431900138855
v 0.0794046325684 0.00822644805908 0.0431900138855
v 0.0808871612549 0.00884053230286 0.0431900138855
v 0.0807222671509 0.00872237205505 0.0431900138855
v 0.08037109375 0.00851962280273 0.0431900138855
v 0.0805500030518 0.00861524963379 0.0431900138855
v 0.079 0.00819992828369 0.0431900138855
v 0.0792027511597 0.00820656585693 0.0431900138855
v 0.07762890625 0.0140802326202 0.0431900138855
v 0.0778136825562 0.0141639537811 0.0431900138855
v 0.0780035400391 0.0142354106903 0.0431900138855
v 0.0781976623535 0.0142942962646 0.0431900138855
v 0.0783952178955 0.0143403625488 0.0431900138855
v 0.0785953674316 0.0143734054565 0.0431900138855
v 0.0787972488403 0.0143932914734 0.0431900138855
v 0.0799964599609 0.0142354106903 0.0431900138855
v 0.0798023376465 0.0142942962646 0.0431900138855
v 0.0794046325684 0.0143734054565 0.0431900138855
v 0.0796047821045 0.0143403625488 0.0431900138855
v 0.0807222671509 0.0138774833679 0.0431900138855
v 0.0805500030518 0.0139846076965 0.0431900138855
v 0.08037109375 0.0140802326202 0.0431900138855
v 0.0801863174438 0.0141639537811 0.0431900138855
v 0.079 0.0143999271393 0.0431900138855
v 0.0792027511597 0.0143932914734 0.0431900138855
v 0.0774499969482 0.0139846076965 0.0431900138855
v 0.0774499969482 0.00861524963379 0.0431900138855
v 0.0772777328491 0.00872237205505 0.0431900138855
v 0.0772777328491 0.0138774833679 0.0431900138855
v 0.0771128387451 0.0137593231201 0.0431900138855
v 0.0771128387451 0.00884053230286 0.0431900138855
v 0.0769560241699 0.00896922302246 0.0431900138855
v 0.0769560241699 0.0136306304932 0.0431900138855
v 0.0768079681396 0.00910789680481 0.0431900138855
v 0.0768079681396 0.0134919586182 0.0431900138855
v 0.0766692962646 0.00925595474243 0.0431900138855
v 0.0766692962646 0.0133438987732 0.0431900138855
v 0.0759000015259 0.0112999267578 0.0431900138855
v 0.0759066390991 0.0110971775055 0.0431900138855
v 0.0759066390991 0.0115026779175 0.0431900138855
v 0.0760056304932 0.0104975891113 0.0431900138855
v 0.075959564209 0.010695148468 0.0431900138855
v 0.0759265213013 0.0108952960968 0.0431900138855
v 0.0759265213013 0.0117045593262 0.0431900138855
v 0.075959564209 0.0119047088623 0.0431900138855
v 0.0765406036377 0.0131870880127 0.0431900138855
v 0.076315322876 0.0128499279022 0.0431900138855
v 0.0764224472046 0.0130221939087 0.0431900138855
v 0.0760056304932 0.0121022663116 0.0431900138855
v 0.0760645141602 0.0122963905334 0.0431900138855
v 0.0761359710693 0.012486246109 0.0431900138855
v 0.0762196960449 0.0126710224152 0.0431900138855
v 0.0765406036377 0.00941276741028 0.0431900138855
v 0.0764224472046 0.00957765960693 0.0431900138855
v 0.0760645141602 0.0103034648895 0.0431900138855
v 0.076315322876 0.00974992752075 0.0431900138855
v 0.0762196960449 0.00992883300781 0.0431900138855
v 0.0761359710693 0.010113609314 0.0431900138855
v 0.0806999969482 0.0112999267578 0.0399900169373
v 0.0806963577271 0.011411113739 0.0399900169373
v 0.0806854553223 0.0115218219757 0.0399900169373
v 0.0806673355103 0.0116315803528 0.0399900169373
v 0.080642074585 0.0117399196625 0.0399900169373
v 0.0806097793579 0.0118463745117 0.0399900169373
v 0.0805705947876 0.0119504890442 0.0399900169373
v 0.0805246810913 0.0120518188477 0.0399900169373
v 0.0804722442627 0.0121499271393 0.0399900169373
v 0.0804134979248 0.0122443962097 0.0399900169373
v 0.0803487014771 0.012334821701 0.0399900169373
v 0.0802781295776 0.0124208145142 0.0399900169373
v 0.0802020797729 0.0125020103455 0.0399900169373
v 0.0801208877563 0.0125780563354 0.0399900169373
v 0.0800348968506 0.0126486282349 0.0399900169373
v 0.0799444656372 0.0127134246826 0.0399900169373
v 0.0798499984741 0.0127721710205 0.0399900169373
v 0.0797518920898 0.0128246116638 0.0399900169373
v 0.0796505584717 0.0128705215454 0.0399900169373
v 0.0795464477539 0.0129097099304 0.0399900169373
v 0.079439994812 0.0129420013428 0.0399900169373
v 0.0793316497803 0.0129672622681 0.0399900169373
v 0.0792218933105 0.0129853839874 0.0399900169373
v 0.0791111831665 0.0129962882996 0.0399900169373
v 0.079 0.0129999275208 0.0399900169373
v 0.0788888168335 0.0129962882996 0.0399900169373
v 0.0787781066895 0.0129853839874 0.0399900169373
v 0.0786683502197 0.0129672622681 0.0399900169373
v 0.078560005188 0.0129420013428 0.0399900169373
v 0.0784535522461 0.0129097099304 0.0399900169373
v 0.0783494415283 0.0128705215454 0.0399900169373
v 0.0782481079102 0.0128246116638 0.0399900169373
v 0.0781500015259 0.0127721710205 0.0399900169373
v 0.0780555343628 0.0127134246826 0.0399900169373
v 0.0779651031494 0.0126486282349 0.0399900169373
v 0.0778791122437 0.0125780563354 0.0399900169373
v 0.0777979202271 0.0125020103455 0.0399900169373
v 0.0777218704224 0.0124208145142 0.0399900169373
v 0.0776512985229 0.012334821701 0.0399900169373
v 0.0775865020752 0.0122443962097 0.0399900169373
v 0.0775277557373 0.0121499271393 0.0399900169373
v 0.0774753189087 0.0120518188477 0.0399900169373
v 0.0774294052124 0.0119504890442 0.0399900169373
v 0.0773902206421 0.0118463745117 0.0399900169373
v 0.077357925415 0.0117399196625 0.0399900169373
v 0.0773326644897 0.0116315803528 0.0399900169373
v 0.0773145446777 0.0115218219757 0.0399900169373
v 0.0773036422729 0.011411113739 0.0399900169373
v 0.0773000030518 0.0112999267578 0.0399900169373
v 0.0773036422729 0.0111887435913 0.0399900169373
v 0.0773145446777 0.0110780334473 0.0399900169373
v 0.0773326644897 0.0109682731628 0.0399900169373
v 0.077357925415 0.0108599357605 0.0399900169373
v 0.0773902206421 0.0107534790039 0.0399900169373
v 0.0774294052124 0.0106493644714 0.0399900169373
v 0.0774753189087 0.0105480365753 0.0399900169373
v 0.0775277557373 0.0104499282837 0.0399900169373
v 0.0775865020752 0.0103554573059 0.0399900169373
v 0.0776512985229 0.0102650337219 0.0399900169373
v 0.0777218704224 0.0101790390015 0.0399900169373
v 0.0777979202271 0.0100978469849 0.0399900169373
v 0.0778791122437 0.0100218009949 0.0399900169373
v 0.0779651031494 0.00995122718811 0.0399900169373
v 0.0780555343628 0.00988642883301 0.0399900169373
v 0.0781500015259 0.00982768440247 0.0399900169373
v 0.0782481079102 0.00977524375916 0.0399900169373
v 0.0783494415283 0.00972933197021 0.0399900169373
v 0.0784535522461 0.0096901473999 0.0399900169373
v 0.078560005188 0.0096578540802 0.0399900169373
v 0.0786683502197 0.00963259124756 0.0399900169373
v 0.0787781066895 0.00961447143555 0.0399900169373
v 0.0788888168335 0.00960356712341 0.0399900169373
v 0.079 0.00959992790222 0.0399900169373
v 0.0791111831665 0.00960356712341 0.0399900169373
v 0.0792218933105 0.00961447143555 0.0399900169373
v 0.0793316497803 0.00963259124756 0.0399900169373
v 0.079439994812 0.0096578540802 0.0399900169373
v 0.0795464477539 0.0096901473999 0.0399900169373
v 0.0796505584717 0.00972933197021 0.0399900169373
v 0.0797518920898 0.00977524375916 0.0399900169373
v 0.0798499984741 0.00982768440247 0.0399900169373
v 0.0799444656372 0.00988642883301 0.0399900169373
v 0.0800348968506 0.00995122718811 0.0399900169373
v 0.0801208877563 0.0100218009949 0.0399900169373
v 0.0802020797729 0.0100978469849 0.0399900169373
v 0.0802781295776 0.0101790390015 0.0399900169373
v 0.0803487014771 0.0102650337219 0.0399900169373
v 0.0804134979248 0.0103554573059 0.0399900169373
v 0.0804722442627 0.0104499282837 0.0399900169373
v 0.0805246810913 0.0105480365753 0.0399900169373
v 0.0805705947876 0.0106493644714 0.0399900169373
v 0.0806097793579 0.0107534790039 0.0399900169373
v 0.080642074585 0.0108599357605 0.0399900169373
v 0.0806673355103 0.0109682731628 0.0399900169373
v 0.0806854553223 0.0110780334473 0.0399900169373
v 0.0806963577271 0.0111887435913 0.0399900169373
v 0.0773000030518 0.0512999267578 0.0371900138855
v 0.0773145446777 0.0510780334473 0.0371900138855
v 0.0773036422729 0.0511887435913 0.0371900138855
v 0.0773036422729 0.051411113739 0.0371900138855
v 0.077357925415 0.0508599357605 0.0371900138855
v 0.0773326644897 0.0509682731628 0.0371900138855
v 0.0773326644897 0.0516315803528 0.0371900138855
v 0.0773145446777 0.0515218238831 0.0371900138855
v 0.077357925415 0.0517399215698 0.0371900138855
v 0.0773902206421 0.0518463745117 0.0371900138855
v 0.0774294052124 0.0506493644714 0.0371900138855
v 0.0774294052124 0.0519504890442 0.0371900138855
v 0.0775277557373 0.0521499290466 0.0371900138855
v 0.0776512985229 0.0523348236084 0.0371900138855
v 0.0777218704224 0.0524208145142 0.0371900138855
v 0.0775865020752 0.0522443962097 0.0371900138855
v 0.0774753189087 0.0520518188477 0.0371900138855
v 0.0773902206421 0.0507534790039 0.0371900138855
v 0.0777979202271 0.0525020103455 0.0371900138855
v 0.0779651031494 0.0526486282349 0.0371900138855
v 0.0778791122437 0.0525780563354 0.0371900138855
v 0.0781500015259 0.0527721710205 0.0371900138855
v 0.0780555343628 0.0527134246826 0.0371900138855
v 0.0784535522461 0.0529097099304 0.0371900138855
v 0.0783494415283 0.0528705215454 0.0371900138855
v 0.0787781066895 0.0529853820801 0.0371900138855
v 0.0786683502197 0.0529672622681 0.0371900138855
v 0.078560005188 0.0529420013428 0.0371900138855
v 0.0782481079102 0.0528246116638 0.0371900138855
v 0.079 0.0529999275208 0.0371900138855
v 0.0793316497803 0.0529672622681 0.0371900138855
v 0.0792218933105 0.0529853820801 0.0371900138855
v 0.0791111831665 0.0529962882996 0.0371900138855
v 0.0795464477539 0.0529097099304 0.0371900138855
v 0.0797518920898 0.0528246116638 0.0371900138855
v 0.0798499984741 0.0527721710205 0.0371900138855
v 0.0796505584717 0.0528705215454 0.0371900138855
v 0.079439994812 0.0529420013428 0.0371900138855
v 0.0788888168335 0.0529962882996 0.0371900138855
v 0.0774753189087 0.0505480384827 0.0371900138855
v 0.0775277557373 0.0504499282837 0.0371900138855
v 0.0775865020752 0.0503554573059 0.0371900138855
v 0.0776512985229 0.0502650337219 0.0371900138855
v 0.0777979202271 0.0500978469849 0.0371900138855
v 0.0777218704224 0.0501790390015 0.0371900138855
v 0.0780555343628 0.049886428833 0.0371900138855
v 0.0779651031494 0.0499512252808 0.0371900138855
v 0.0782481079102 0.0497752456665 0.0371900138855
v 0.0784535522461 0.0496901473999 0.0371900138855
v 0.0783494415283 0.0497293319702 0.0371900138855
v 0.0781500015259 0.0498276824951 0.0371900138855
v 0.078560005188 0.0496578521729 0.0371900138855
v 0.0778791122437 0.0500218009949 0.0371900138855
v 0.0786683502197 0.0496325912476 0.0371900138855
v 0.0788888168335 0.0496035690308 0.0371900138855
v 0.0787781066895 0.0496144714355 0.0371900138855
v 0.0791111831665 0.0496035690308 0.0371900138855
v 0.0793316497803 0.0496325912476 0.0371900138855
v 0.0792218933105 0.0496144714355 0.0371900138855
v 0.079 0.0495999259949 0.0371900138855
v 0.0796505584717 0.0497293319702 0.0371900138855
v 0.0795464477539 0.0496901473999 0.0371900138855
v 0.0798499984741 0.0498276824951 0.0371900138855
v 0.0799444656372 0.049886428833 0.0371900138855
v 0.0797518920898 0.0497752456665 0.0371900138855
v 0.079439994812 0.0496578521729 0.0371900138855
v 0.0800348968506 0.0526486282349 0.0371900138855
v 0.0802020797729 0.0500978469849 0.0371900138855
v 0.0802020797729 0.0525020103455 0.0371900138855
v 0.0801208877563 0.0500218009949 0.0371900138855
v 0.0801208877563 0.0525780563354 0.0371900138855
v 0.0803487014771 0.0502650337219 0.0371900138855
v 0.0803487014771 0.0523348236084 0.0371900138855
v 0.0804722442627 0.0504499282837 0.0371900138855
v 0.0804722442627 0.0521499290466 0.0371900138855
v 0.0804134979248 0.0503554573059 0.0371900138855
v 0.0804134979248 0.0522443962097 0.0371900138855
v 0.0802781295776 0.0501790390015 0.0371900138855
v 0.0802781295776 0.0524208145142 0.0371900138855
v 0.0805705947876 0.0506493644714 0.0371900138855
v 0.0805705947876 0.0519504890442 0.0371900138855
v 0.080642074585 0.0508599357605 0.0371900138855
v 0.080642074585 0.0517399215698 0.0371900138855
v 0.0806097793579 0.0507534790039 0.0371900138855
v 0.0806097793579 0.0518463745117 0.0371900138855
v 0.0806854553223 0.0510780334473 0.0371900138855
v 0.0806999969482 0.0512999267578 0.0371900138855
v 0.0806963577271 0.0511887435913 0.0371900138855
v 0.0806963577271 0.051411113739 0.0371900138855
v 0.0806673355103 0.0509682731628 0.0371900138855
v 0.0806854553223 0.0515218238831 0.0371900138855
v 0.0806673355103 0.0516315803528 0.0371900138855
v 0.0805246810913 0.0520518188477 0.0371900138855
v 0.0800348968506 0.0499512252808 0.0371900138855
v 0.0805246810913 0.0505480384827 0.0371900138855
v 0.0799444656372 0.0527134246826 0.0371900138855
v 0.0811920318604 0.0491078948975 0.0431900138855
v 0.0810439758301 0.0536306304932 0.0431900138855
v 0.0810439758301 0.0489692230225 0.0431900138855
v 0.0808871612549 0.0537593231201 0.0431900138855
v 0.0808871612549 0.0488405303955 0.0431900138855
v 0.07762890625 0.0540802345276 0.0431900138855
v 0.0778136825562 0.0541639556885 0.0431900138855
v 0.0780035400391 0.0542354125977 0.0431900138855
v 0.0781976623535 0.0542942962646 0.0431900138855
v 0.0783952178955 0.0543403625488 0.0431900138855
v 0.0785953674316 0.0543734054565 0.0431900138855
v 0.0787972488403 0.0543932914734 0.0431900138855
v 0.0799964599609 0.0542354125977 0.0431900138855
v 0.0798023376465 0.0542942962646 0.0431900138855
v 0.0794046325684 0.0543734054565 0.0431900138855
v 0.0796047821045 0.0543403625488 0.0431900138855
v 0.0807222671509 0.0538774833679 0.0431900138855
v 0.0805500030518 0.0539846076965 0.0431900138855
v 0.08037109375 0.0540802345276 0.0431900138855
v 0.0801863174438 0.0541639556885 0.0431900138855
v 0.079 0.0543999290466 0.0431900138855
v 0.0792027511597 0.0543932914734 0.0431900138855
v 0.07762890625 0.0485196228027 0.0431900138855
v 0.0780035400391 0.0483644447327 0.0431900138855
v 0.0778136825562 0.0484359016418 0.0431900138855
v 0.0787972488403 0.0482065658569 0.0431900138855
v 0.0785953674316 0.0482264480591 0.0431900138855
v 0.0783952178955 0.0482594947815 0.0431900138855
v 0.0781976623535 0.048305557251 0.0431900138855
v 0.0798023376465 0.048305557251 0.0431900138855
v 0.0799964599609 0.0483644447327 0.0431900138855
v 0.0796047821045 0.0482594947815 0.0431900138855
v 0.0794046325684 0.0482264480591 0.0431900138855
v 0.0792027511597 0.0482065658569 0.0431900138855
v 0.0807222671509 0.0487223701477 0.0431900138855
v 0.0805500030518 0.0486152496338 0.0431900138855
v 0.0801863174438 0.0484359016418 0.0431900138855
v 0.08037109375 0.0485196228027 0.0431900138855
v 0.079 0.0481999282837 0.0431900138855
v 0.0774499969482 0.0486152496338 0.0431900138855
v 0.0774499969482 0.0539846076965 0.0431900138855
v 0.0772777328491 0.0487223701477 0.0431900138855
v 0.0772777328491 0.0538774833679 0.0431900138855
v 0.0771128387451 0.0488405303955 0.0431900138855
v 0.0771128387451 0.0537593231201 0.0431900138855
v 0.0769560241699 0.0489692230225 0.0431900138855
v 0.0769560241699 0.0536306304932 0.0431900138855
v 0.0768079681396 0.0491078948975 0.0431900138855
v 0.0768079681396 0.0534919586182 0.0431900138855
v 0.0766692962646 0.0492559547424 0.0431900138855
v 0.0766692962646 0.0533438987732 0.0431900138855
v 0.0765406036377 0.0494127655029 0.0431900138855
v 0.0759000015259 0.0512999267578 0.0431900138855
v 0.0759066390991 0.0510971794128 0.0431900138855
v 0.0759066390991 0.0515026779175 0.0431900138855
v 0.075959564209 0.050695148468 0.0431900138855
v 0.0759265213013 0.0508952980042 0.0431900138855
v 0.0759265213013 0.0517045593262 0.0431900138855
v 0.075959564209 0.0519047088623 0.0431900138855
v 0.0765406036377 0.0531870880127 0.0431900138855
v 0.076315322876 0.0528499259949 0.0431900138855
v 0.0764224472046 0.0530221939087 0.0431900138855
v 0.0760056304932 0.052102268219 0.0431900138855
v 0.0760645141602 0.0522963905334 0.0431900138855
v 0.0761359710693 0.0524862480164 0.0431900138855
v 0.0762196960449 0.0526710243225 0.0431900138855
v 0.0760056304932 0.0504975891113 0.0431900138855
v 0.0764224472046 0.0495776596069 0.0431900138855
v 0.076315322876 0.0497499275208 0.0431900138855
v 0.0760645141602 0.0503034667969 0.0431900138855
v 0.0762196960449 0.0499288330078 0.0431900138855
v 0.0761359710693 0.050113609314 0.0431900138855
v 0.0811920318604 0.0534919586182 0.0431900138855
v 0.0813307037354 0.0492559547424 0.0431900138855
v 0.0813307037354 0.0533438987732 0.0431900138855
v 0.0814593963623 0.0494127655029 0.0431900138855
v 0.0815775527954 0.0495776596069 0.0431900138855
v 0.081684677124 0.0497499275208 0.0431900138855
v 0.0818640289307 0.0524862480164 0.0431900138855
v 0.0817803039551 0.0499288330078 0.0431900138855
v 0.0818640289307 0.050113609314 0.0431900138855
v 0.0819354858398 0.0503034667969 0.0431900138855
v 0.0819354858398 0.0522963905334 0.0431900138855
v 0.0820999984741 0.0512999267578 0.0431900138855
v 0.0820933609009 0.0510971794128 0.0431900138855
v 0.0820933609009 0.0515026779175 0.0431900138855
v 0.0820734786987 0.0517045593262 0.0431900138855
v 0.0819943695068 0.0504975891113 0.0431900138855
v 0.082040435791 0.050695148468 0.0431900138855
v 0.0820734786987 0.0508952980042 0.0431900138855
v 0.082040435791 0.0519047088623 0.0431900138855
v 0.0819943695068 0.052102268219 0.0431900138855
v 0.0814593963623 0.0531870880127 0.0431900138855
v 0.0815775527954 0.0530221939087 0.0431900138855
v 0.081684677124 0.0528499259949 0.0431900138855
v 0.0817803039551 0.0526710243225 0.0431900138855
v 0.0806999969482 0.0512999267578 0.0399900169373
v 0.0806963577271 0.051411113739 0.0399900169373
v 0.0806854553223 0.0515218238831 0.0399900169373
v 0.0806673355103 0.0516315803528 0.0399900169373
v 0.080642074585 0.0517399215698 0.0399900169373
v 0.0806097793579 0.0518463745117 0.0399900169373
v 0.0805705947876 0.0519504890442 0.0399900169373
v 0.0805246810913 0.0520518188477 0.0399900169373
v 0.0804722442627 0.0521499290466 0.0399900169373
v 0.0804134979248 0.0522443962097 0.0399900169373
v 0.0803487014771 0.0523348236084 0.0399900169373
v 0.0802781295776 0.0524208145142 0.0399900169373
v 0.0802020797729 0.0525020103455 0.0399900169373
v 0.0801208877563 0.0525780563354 0.0399900169373
v 0.0800348968506 0.0526486282349 0.0399900169373
v 0.0799444656372 0.0527134246826 0.0399900169373
v 0.0798499984741 0.0527721710205 0.0399900169373
v 0.0797518920898 0.0528246116638 0.0399900169373
v 0.0796505584717 0.0528705215454 0.0399900169373
v 0.0795464477539 0.0529097099304 0.0399900169373
v 0.079439994812 0.0529420013428 0.0399900169373
v 0.0793316497803 0.0529672622681 0.0399900169373
v 0.0792218933105 0.0529853820801 0.0399900169373
v 0.0791111831665 0.0529962882996 0.0399900169373
v 0.079 0.0529999275208 0.0399900169373
v 0.0788888168335 0.0529962882996 0.0399900169373
v 0.0787781066895 0.0529853820801 0.0399900169373
v 0.0786683502197 0.0529672622681 0.0399900169373
v 0.078560005188 0.0529420013428 0.0399900169373
v 0.0784535522461 0.0529097099304 0.0399900169373
v 0.0783494415283 0.0528705215454 0.0399900169373
v 0.0782481079102 0.0528246116638 0.0399900169373
v 0.0781500015259 0.0527721710205 0.0399900169373
v 0.0780555343628 0.0527134246826 0.0399900169373
v 0.0779651031494 0.0526486282349 0.0399900169373
v 0.0778791122437 0.0525780563354 0.0399900169373
v 0.0777979202271 0.0525020103455 0.0399900169373
v 0.0777218704224 0.0524208145142 0.0399900169373
v 0.0776512985229 0.0523348236084 0.0399900169373
v 0.0775865020752 0.0522443962097 0.0399900169373
v 0.0775277557373 0.0521499290466 0.0399900169373
v 0.0774753189087 0.0520518188477 0.0399900169373
v 0.0774294052124 0.0519504890442 0.0399900169373
v 0.0773902206421 0.0518463745117 0.0399900169373
v 0.077357925415 0.0517399215698 0.0399900169373
v 0.0773326644897 0.0516315803528 0.0399900169373
v 0.0773145446777 0.0515218238831 0.0399900169373
v 0.0773036422729 0.051411113739 0.0399900169373
v 0.0773000030518 0.0512999267578 0.0399900169373
v 0.0773036422729 0.0511887435913 0.0399900169373
v 0.0773145446777 0.0510780334473 0.0399900169373
v 0.0773326644897 0.0509682731628 0.0399900169373
v 0.077357925415 0.0508599357605 0.0399900169373
v 0.0773902206421 0.0507534790039 0.0399900169373
v 0.0774294052124 0.0506493644714 0.0399900169373
v 0.0774753189087 0.0505480384827 0.0399900169373
v 0.0775277557373 0.0504499282837 0.0399900169373
v 0.0775865020752 0.0503554573059 0.0399900169373
v 0.0776512985229 0.0502650337219 0.0399900169373
v 0.0777218704224 0.0501790390015 0.0399900169373
v 0.0777979202271 0.0500978469849 0.0399900169373
v 0.0778791122437 0.0500218009949 0.0399900169373
v 0.0779651031494 0.0499512252808 0.0399900169373
v 0.0780555343628 0.049886428833 0.0399900169373
v 0.0781500015259 0.0498276824951 0.0399900169373
v 0.0782481079102 0.0497752456665 0.0399900169373
v 0.0783494415283 0.0497293319702 0.0399900169373
v 0.0784535522461 0.0496901473999 0.0399900169373
v 0.078560005188 0.0496578521729 0.0399900169373
v 0.0786683502197 0.0496325912476 0.0399900169373
v 0.0787781066895 0.0496144714355 0.0399900169373
v 0.0788888168335 0.0496035690308 0.0399900169373
v 0.079 0.0495999259949 0.0399900169373
v 0.0791111831665 0.0496035690308 0.0399900169373
v 0.0792218933105 0.0496144714355 0.0399900169373
v 0.0793316497803 0.0496325912476 0.0399900169373
v 0.079439994812 0.0496578521729 0.0399900169373
v 0.0795464477539 0.0496901473999 0.0399900169373
v 0.0796505584717 0.0497293319702 0.0399900169373
v 0.0797518920898 0.0497752456665 0.0399900169373
v 0.0798499984741 0.0498276824951 0.0399900169373
v 0.0799444656372 0.049886428833 0.0399900169373
v 0.0800348968506 0.0499512252808 0.0399900169373
v 0.0801208877563 0.0500218009949 0.0399900169373
v 0.0802020797729 0.0500978469849 0.0399900169373
v 0.0802781295776 0.0501790390015 0.0399900169373
v 0.0803487014771 0.0502650337219 0.0399900169373
v 0.0804134979248 0.0503554573059 0.0399900169373
v 0.0804722442627 0.0504499282837 0.0399900169373
v 0.0805246810913 0.0505480384827 0.0399900169373
v 0.0805705947876 0.0506493644714 0.0399900169373
v 0.0806097793579 0.0507534790039 0.0399900169373
v 0.080642074585 0.0508599357605 0.0399900169373
v 0.0806673355103 0.0509682731628 0.0399900169373
v 0.0806854553223 0.0510780334473 0.0399900169373
v 0.0806963577271 0.0511887435913 0.0399900169373
v -0.025 0.0612999267578 0.0431900138855
v -0.025 0.0602999267578 0.0431900138855
v 0.025 0.0612999267578 0.0431900138855
v 0.025 0.0602999267578 0.0431900138855
v -0.025 0.0612999267578 0.0391900138855
v 0.025 0.0612999267578 0.0391900138855
v -0.0251000003815 0.0612999267578 0.0431900138855
v 0.0251000003815 0.0612999267578 0.0431900138855
v -0.0251000003815 0.0612999267578 0.0391900138855
v 0.0251000003815 0.0612999267578 0.0391900138855
v -0.025 0.0603250274658 0.0431900138855
v -0.0251000003815 0.060301990509 0.0431900138855
v -0.0250024452209 0.0603243865967 0.0431900138855
v -0.0250891284943 0.0603017654419 0.0431900138855
v -0.0248956394196 0.0603270606995 0.0431900138855
v -0.025 0.0612999267578 0.0392900161743
v -0.015 0.0602999267578 0.0391900138855
v -0.015 0.0612999267578 0.0391900138855
v -0.015 0.0732999343872 0.0391900138855
v 0.025 0.0612999267578 0.0392900161743
v 0.015 0.0602999267578 0.0391900138855
v 0.015 0.0612999267578 0.0391900138855
v 0.015 0.0732999267578 0.0391900138855
v 0.025 0.0729999237061 0.0392900161743
v 0.025 0.0730978546143 0.0392573738098
v -0.0216963596344 0.0671887435913 0.0371900138855
v -0.0217000007629 0.0672999343872 0.0371900138855
v -0.0216854553223 0.0670780334473 0.0371900138855
v -0.0216854553223 0.0675218276978 0.0371900138855
v -0.0216963596344 0.0674111175537 0.0371900138855
v -0.021642074585 0.0677399215698 0.0371900138855
v -0.0216097812653 0.0667534866333 0.0371900138855
v -0.021642074585 0.0668599395752 0.0371900138855
v -0.0216097812653 0.0678463821411 0.0371900138855
v -0.0215705947876 0.0666493682861 0.0371900138855
v -0.0216673355103 0.0669682769775 0.0371900138855
v -0.0216673355103 0.0676315841675 0.0371900138855
v -0.0215705947876 0.0679504928589 0.0371900138855
v -0.0215246829987 0.0665480422974 0.0371900138855
v -0.0215246829987 0.0680518188477 0.0371900138855
v -0.0214134979248 0.0663554611206 0.0371900138855
v -0.0214134979248 0.0682444000244 0.0371900138855
v -0.0214722423553 0.0664499282837 0.0371900138855
v -0.0214722423553 0.0681499328613 0.0371900138855
v -0.0212781276703 0.0684208221436 0.0371900138855
v -0.0212020816803 0.0660978469849 0.0371900138855
v -0.0212781276703 0.0661790466309 0.0371900138855
v -0.0212020816803 0.0685020141602 0.0371900138855
v -0.0213487014771 0.0662650375366 0.0371900138855
v -0.0213487014771 0.0683348236084 0.0371900138855
v -0.0211208877563 0.0660218048096 0.0371900138855
v -0.0211208877563 0.0685780563354 0.0371900138855
v -0.0210348949432 0.0659512329102 0.0371900138855
v -0.0210348949432 0.0686486282349 0.0371900138855
v -0.0208500003815 0.0658276901245 0.0371900138855
v -0.0208500003815 0.0687721710205 0.0371900138855
v -0.0209444694519 0.0658864364624 0.0371900138855
v -0.0209444694519 0.068713432312 0.0371900138855
v -0.0205464477539 0.0689097137451 0.0371900138855
v -0.0206505622864 0.0688705291748 0.0371900138855
v -0.020331653595 0.0689672698975 0.0371900138855
v -0.0201111850739 0.0689962921143 0.0371900138855
v -0.0202218952179 0.0689853897095 0.0371900138855
v -0.0204399929047 0.0689420089722 0.0371900138855
v -0.0207518901825 0.0688246154785 0.0371900138855
v -0.0197781047821 0.0689853897095 0.0371900138855
v -0.0198888149261 0.0689962921143 0.0371900138855
v -0.0195600070953 0.0689420089722 0.0371900138855
v -0.0193494377136 0.0688705291748 0.0371900138855
v -0.0194535522461 0.0689097137451 0.0371900138855
v -0.019668346405 0.0689672698975 0.0371900138855
v -0.0190555305481 0.068713432312 0.0371900138855
v -0.0191499996185 0.0687721710205 0.0371900138855
v -0.0188791122437 0.0685780563354 0.0371900138855
v -0.0187979183197 0.0685020141602 0.0371900138855
v -0.0189651050568 0.0686486282349 0.0371900138855
v -0.0192481098175 0.0688246154785 0.0371900138855
v -0.02 0.0689999313354 0.0371900138855
v -0.0207518901825 0.0657752456665 0.0371900138855
v -0.0204399929047 0.0656578598022 0.0371900138855
v -0.0205464477539 0.0656901473999 0.0371900138855
v -0.0206505622864 0.0657293395996 0.0371900138855
v -0.0202218952179 0.0656144714355 0.0371900138855
v -0.02 0.0655999298096 0.0371900138855
v -0.0198888149261 0.0656035690308 0.0371900138855
v -0.0201111850739 0.0656035690308 0.0371900138855
v -0.020331653595 0.065632598877 0.0371900138855
v -0.0195600070953 0.0656578598022 0.0371900138855
v -0.019668346405 0.065632598877 0.0371900138855
v -0.0192481098175 0.0657752456665 0.0371900138855
v -0.0193494377136 0.0657293395996 0.0371900138855
v -0.0194535522461 0.0656901473999 0.0371900138855
v -0.0189651050568 0.0659512329102 0.0371900138855
v -0.0190555305481 0.0658864364624 0.0371900138855
v -0.0187979183197 0.0660978469849 0.0371900138855
v -0.0188791122437 0.0660218048096 0.0371900138855
v -0.0191499996185 0.0658276901245 0.0371900138855
v -0.0197781047821 0.0656144714355 0.0371900138855
v -0.0185865020752 0.0663554611206 0.0371900138855
v -0.0185865020752 0.0682444000244 0.0371900138855
v -0.0186512985229 0.0662650375366 0.0371900138855
v -0.0186512985229 0.0683348236084 0.0371900138855
v -0.0184294052124 0.0666493682861 0.0371900138855
v -0.0184294052124 0.0679504928589 0.0371900138855
v -0.0184753170013 0.0665480422974 0.0371900138855
v -0.0184753170013 0.0680518188477 0.0371900138855
v -0.0185277576447 0.0664499282837 0.0371900138855
v -0.0185277576447 0.0681499328613 0.0371900138855
v -0.0183326644897 0.0676315841675 0.0371900138855
v -0.018357925415 0.0668599395752 0.0371900138855
v -0.018357925415 0.0677399215698 0.0371900138855
v -0.0183145446777 0.0670780334473 0.0371900138855
v -0.0182999992371 0.0672999343872 0.0371900138855
v -0.0183036403656 0.0674111175537 0.0371900138855
v -0.0183036403656 0.0671887435913 0.0371900138855
v -0.0183145446777 0.0675218276978 0.0371900138855
v -0.0183902187347 0.0667534866333 0.0371900138855
v -0.0183326644897 0.0669682769775 0.0371900138855
v -0.0183902187347 0.0678463821411 0.0371900138855
v -0.0187218723297 0.0684208221436 0.0371900138855
v -0.0187218723297 0.0661790466309 0.0371900138855
v -0.0220091056824 0.064940612793 0.0431900138855
v -0.0220091075897 0.0696592483521 0.0431900138855
v -0.0218871612549 0.0697593231201 0.0431900138855
v -0.0218871612549 0.0648405380249 0.0431900138855
v -0.0217222671509 0.0647223739624 0.0431900138855
v -0.0217222671509 0.0698774871826 0.0431900138855
v -0.0215499992371 0.0646152496338 0.0431900138855
v -0.0215499992371 0.0699846115112 0.0431900138855
v -0.0213710956573 0.0700802383423 0.0431900138855
v -0.0213710956573 0.0645196228027 0.0431900138855
v -0.0211863193512 0.0701639556885 0.0431900138855
v -0.0209964618683 0.0702354125977 0.0431900138855
v -0.0208023395538 0.070294303894 0.0431900138855
v -0.0206047801971 0.0703403625488 0.0431900138855
v -0.020404630661 0.0703734130859 0.0431900138855
v -0.02 0.0703999328613 0.0431900138855
v -0.0202027492523 0.0703932952881 0.0431900138855
v -0.0193952198029 0.0703403625488 0.0431900138855
v -0.019595369339 0.0703734130859 0.0431900138855
v -0.0197972507477 0.0703932952881 0.0431900138855
v -0.0176692962646 0.0693439025879 0.0431900138855
v -0.0178079681396 0.0694919586182 0.0431900138855
v -0.0179560279846 0.0696306381226 0.0431900138855
v -0.0181128387451 0.0697593231201 0.0431900138855
v -0.0182777328491 0.0698774871826 0.0431900138855
v -0.0184500007629 0.0699846115112 0.0431900138855
v -0.0186289043427 0.0700802383423 0.0431900138855
v -0.0188136806488 0.0701639556885 0.0431900138855
v -0.0190035381317 0.0702354125977 0.0431900138855
v -0.0191976604462 0.070294303894 0.0431900138855
v -0.0211863193512 0.0644359054565 0.0431900138855
v -0.017540605545 0.0691870880127 0.0431900138855
v -0.0208023395538 0.0643055648804 0.0431900138855
v -0.0209964618683 0.0643644485474 0.0431900138855
v -0.0202027492523 0.0642065658569 0.0431900138855
v -0.020404630661 0.0642264556885 0.0431900138855
v -0.0206047801971 0.0642594985962 0.0431900138855
v -0.0193952198029 0.0642594985962 0.0431900138855
v -0.0191976604462 0.0643055648804 0.0431900138855
v -0.0190035381317 0.0643644485474 0.0431900138855
v -0.019595369339 0.0642264556885 0.0431900138855
v -0.0197972507477 0.0642065658569 0.0431900138855
v -0.02 0.0641999282837 0.0431900138855
v -0.0172196941376 0.0659288330078 0.0431900138855
v -0.0174224433899 0.0655776672363 0.0431900138855
v -0.0173153209686 0.0657499313354 0.0431900138855
v -0.0178079681396 0.0651079025269 0.0431900138855
v -0.0176692962646 0.0652559585571 0.0431900138855
v -0.017540605545 0.0654127731323 0.0431900138855
v -0.0186289043427 0.0645196228027 0.0431900138855
v -0.0184500007629 0.0646152496338 0.0431900138855
v -0.0182777328491 0.0647223739624 0.0431900138855
v -0.0181128387451 0.0648405380249 0.0431900138855
v -0.0179560279846 0.0649692306519 0.0431900138855
v -0.0188136806488 0.0644359054565 0.0431900138855
v -0.0171359729767 0.066113609314 0.0431900138855
v -0.0174224433899 0.0690222015381 0.0431900138855
v -0.0173153209686 0.0688499298096 0.0431900138855
v -0.0170645160675 0.0663034667969 0.0431900138855
v -0.0172196941376 0.0686710281372 0.0431900138855
v -0.0170056304932 0.0664975891113 0.0431900138855
v -0.0171359729767 0.0684862518311 0.0431900138855
v -0.0169595661163 0.0666951522827 0.0431900138855
v -0.0170645160675 0.0682963943481 0.0431900138855
v -0.0169265213013 0.0668953018188 0.0431900138855
v -0.0170056304932 0.0681022720337 0.0431900138855
v -0.0169066371918 0.0670971832275 0.0431900138855
v -0.0169595661163 0.0679047088623 0.0431900138855
v -0.0168999996185 0.0672999343872 0.0431900138855
v -0.0169265213013 0.0677045593262 0.0431900138855
v -0.0169066371918 0.0675026779175 0.0431900138855
v -0.0220439720154 0.0696306381226 0.0431900138855
v -0.0220439720154 0.0649692306519 0.0431900138855
v -0.0221920318604 0.0694919586182 0.0431900138855
v -0.0221920318604 0.0651079025269 0.0431900138855
v -0.0223307037354 0.0652559585571 0.0431900138855
v -0.0223307037354 0.0693439025879 0.0431900138855
v -0.0231000003815 0.0672999343872 0.0431900138855
v -0.0230734786987 0.0668953018188 0.0431900138855
v -0.0230933628082 0.0670971832275 0.0431900138855
v -0.0230933628082 0.0675026779175 0.0431900138855
v -0.0229943695068 0.0664975891113 0.0431900138855
v -0.0230404338837 0.0666951522827 0.0431900138855
v -0.0230734786987 0.0677045593262 0.0431900138855
v -0.0230404338837 0.0679047088623 0.0431900138855
v -0.0229943695068 0.0681022720337 0.0431900138855
v -0.022459394455 0.0654127731323 0.0431900138855
v -0.0225775566101 0.0655776672363 0.0431900138855
v -0.0226846790314 0.0657499313354 0.0431900138855
v -0.0227803058624 0.0686710281372 0.0431900138855
v -0.0227803058624 0.0659288330078 0.0431900138855
v -0.0228640270233 0.066113609314 0.0431900138855
v -0.0229354839325 0.0663034667969 0.0431900138855
v -0.0229354839325 0.0682963943481 0.0431900138855
v -0.0228640270233 0.0684862518311 0.0431900138855
v -0.022459394455 0.0691870880127 0.0431900138855
v -0.0226846790314 0.0688499298096 0.0431900138855
v -0.0225775566101 0.0690222015381 0.0431900138855
v -0.0183036403656 0.0674111175537 0.0399900169373
v -0.0182999992371 0.0672999343872 0.0399900169373
v -0.0183145446777 0.0675218276978 0.0399900169373
v -0.0183326644897 0.0676315841675 0.0399900169373
v -0.018357925415 0.0677399215698 0.0399900169373
v -0.0183902187347 0.0678463821411 0.0399900169373
v -0.0184294052124 0.0679504928589 0.0399900169373
v -0.0184753170013 0.0680518188477 0.0399900169373
v -0.0185277576447 0.0681499328613 0.0399900169373
v -0.0185865020752 0.0682444000244 0.0399900169373
v -0.0186512985229 0.0683348236084 0.0399900169373
v -0.0187218723297 0.0684208221436 0.0399900169373
v -0.0187979183197 0.0685020141602 0.0399900169373
v -0.0188791122437 0.0685780563354 0.0399900169373
v -0.0189651050568 0.0686486282349 0.0399900169373
v -0.0190555305481 0.068713432312 0.0399900169373
v -0.0191499996185 0.0687721710205 0.0399900169373
v -0.0192481098175 0.0688246154785 0.0399900169373
v -0.0193494377136 0.0688705291748 0.0399900169373
v -0.0194535522461 0.0689097137451 0.0399900169373
v -0.0195600070953 0.0689420089722 0.0399900169373
v -0.019668346405 0.0689672698975 0.0399900169373
v -0.0197781047821 0.0689853897095 0.0399900169373
v -0.0198888149261 0.0689962921143 0.0399900169373
v -0.02 0.0689999313354 0.0399900169373
v -0.0201111850739 0.0689962921143 0.0399900169373
v -0.0202218952179 0.0689853897095 0.0399900169373
v -0.020331653595 0.0689672698975 0.0399900169373
v -0.0204399929047 0.0689420089722 0.0399900169373
v -0.0205464477539 0.0689097137451 0.0399900169373
v -0.0206505622864 0.0688705291748 0.0399900169373
v -0.0207518901825 0.0688246154785 0.0399900169373
v -0.0208500003815 0.0687721710205 0.0399900169373
v -0.0209444694519 0.068713432312 0.0399900169373
v -0.0210348949432 0.0686486282349 0.0399900169373
v -0.0211208877563 0.0685780563354 0.0399900169373
v -0.0212020816803 0.0685020141602 0.0399900169373
v -0.0212781276703 0.0684208221436 0.0399900169373
v -0.0213487014771 0.0683348236084 0.0399900169373
v -0.0214134979248 0.0682444000244 0.0399900169373
v -0.0214722423553 0.0681499328613 0.0399900169373
v -0.0215246829987 0.0680518188477 0.0399900169373
v -0.0215705947876 0.0679504928589 0.0399900169373
v -0.0216097812653 0.0678463821411 0.0399900169373
v -0.021642074585 0.0677399215698 0.0399900169373
v -0.0216673355103 0.0676315841675 0.0399900169373
v -0.0216854553223 0.0675218276978 0.0399900169373
v -0.0216963596344 0.0674111175537 0.0399900169373
v -0.0217000007629 0.0672999343872 0.0399900169373
v -0.0216963596344 0.0671887435913 0.0399900169373
v -0.0216854553223 0.0670780334473 0.0399900169373
v -0.0216673355103 0.0669682769775 0.0399900169373
v -0.021642074585 0.0668599395752 0.0399900169373
v -0.0216097812653 0.0667534866333 0.0399900169373
v -0.0215705947876 0.0666493682861 0.0399900169373
v -0.0215246829987 0.0665480422974 0.0399900169373
v -0.0214722423553 0.0664499282837 0.0399900169373
v -0.0214134979248 0.0663554611206 0.0399900169373
v -0.0213487014771 0.0662650375366 0.0399900169373
v -0.0212781276703 0.0661790466309 0.0399900169373
v -0.0212020816803 0.0660978469849 0.0399900169373
v -0.0211208877563 0.0660218048096 0.0399900169373
v -0.0210348949432 0.0659512329102 0.0399900169373
v -0.0209444694519 0.0658864364624 0.0399900169373
v -0.0208500003815 0.0658276901245 0.0399900169373
v -0.0207518901825 0.0657752456665 0.0399900169373
v -0.0206505622864 0.0657293395996 0.0399900169373
v -0.0205464477539 0.0656901473999 0.0399900169373
v -0.0204399929047 0.0656578598022 0.0399900169373
v -0.020331653595 0.065632598877 0.0399900169373
v -0.0202218952179 0.0656144714355 0.0399900169373
v -0.0201111850739 0.0656035690308 0.0399900169373
v -0.02 0.0655999298096 0.0399900169373
v -0.0198888149261 0.0656035690308 0.0399900169373
v -0.0197781047821 0.0656144714355 0.0399900169373
v -0.019668346405 0.065632598877 0.0399900169373
v -0.0195600070953 0.0656578598022 0.0399900169373
v -0.0194535522461 0.0656901473999 0.0399900169373
v -0.0193494377136 0.0657293395996 0.0399900169373
v -0.0192481098175 0.0657752456665 0.0399900169373
v -0.0191499996185 0.0658276901245 0.0399900169373
v -0.0190555305481 0.0658864364624 0.0399900169373
v -0.0189651050568 0.0659512329102 0.0399900169373
v -0.0188791122437 0.0660218048096 0.0399900169373
v -0.0187979183197 0.0660978469849 0.0399900169373
v -0.0187218723297 0.0661790466309 0.0399900169373
v -0.0186512985229 0.0662650375366 0.0399900169373
v -0.0185865020752 0.0663554611206 0.0399900169373
v -0.0185277576447 0.0664499282837 0.0399900169373
v -0.0184753170013 0.0665480422974 0.0399900169373
v -0.0184294052124 0.0666493682861 0.0399900169373
v -0.0183902187347 0.0667534866333 0.0399900169373
v -0.018357925415 0.0668599395752 0.0399900169373
v -0.0183326644897 0.0669682769775 0.0399900169373
v -0.0183145446777 0.0670780334473 0.0399900169373
v -0.0183036403656 0.0671887435913 0.0399900169373
v 0.0183036403656 0.0671887359619 0.0371900138855
v 0.0182999992371 0.0672999267578 0.0371900138855
v 0.0183145446777 0.0670780258179 0.0371900138855
v 0.0183145446777 0.0675218200684 0.0371900138855
v 0.0183036403656 0.0674111099243 0.0371900138855
v 0.018357925415 0.0677399139404 0.0371900138855
v 0.0183902187347 0.0667534790039 0.0371900138855
v 0.018357925415 0.0668599319458 0.0371900138855
v 0.0183902187347 0.0678463745117 0.0371900138855
v 0.0184294052124 0.0666493606567 0.0371900138855
v 0.0183326644897 0.0669682693481 0.0371900138855
v 0.0183326644897 0.0676315765381 0.0371900138855
v 0.0184294052124 0.0679504852295 0.0371900138855
v 0.0184753170013 0.066548034668 0.0371900138855
v 0.0184753170013 0.0680518112183 0.0371900138855
v 0.0185865020752 0.0663554534912 0.0371900138855
v 0.0185865020752 0.068244392395 0.0371900138855
v 0.0185277576447 0.0664499206543 0.0371900138855
v 0.0185277576447 0.0681499252319 0.0371900138855
v 0.0187218723297 0.0684208145142 0.0371900138855
v 0.0187979183197 0.0660978393555 0.0371900138855
v 0.0187218723297 0.0661790390015 0.0371900138855
v 0.0187979183197 0.0685020065308 0.0371900138855
v 0.0186512985229 0.0662650299072 0.0371900138855
v 0.0186512985229 0.068334815979 0.0371900138855
v 0.0188791122437 0.0660217971802 0.0371900138855
v 0.0188791122437 0.0685780487061 0.0371900138855
v 0.0189651050568 0.0659512252808 0.0371900138855
v 0.0189651050568 0.0686486206055 0.0371900138855
v 0.0191499996185 0.0658276824951 0.0371900138855
v 0.0191499996185 0.0687721633911 0.0371900138855
v 0.0190555305481 0.065886428833 0.0371900138855
v 0.0190555305481 0.0687134246826 0.0371900138855
v 0.0194535522461 0.0689097061157 0.0371900138855
v 0.0193494377136 0.0688705215454 0.0371900138855
v 0.019668346405 0.0689672622681 0.0371900138855
v 0.0198888149261 0.0689962844849 0.0371900138855
v 0.0197781047821 0.0689853820801 0.0371900138855
v 0.0195600070953 0.0689420013428 0.0371900138855
v 0.0192481098175 0.0688246078491 0.0371900138855
v 0.0202218952179 0.0689853820801 0.0371900138855
v 0.0201111850739 0.0689962844849 0.0371900138855
v 0.0204399929047 0.0689420013428 0.0371900138855
v 0.0206505622864 0.0688705215454 0.0371900138855
v 0.0205464477539 0.0689097061157 0.0371900138855
v 0.020331653595 0.0689672622681 0.0371900138855
v 0.0209444694519 0.0687134246826 0.0371900138855
v 0.0208500003815 0.0687721633911 0.0371900138855
v 0.0211208877563 0.0685780487061 0.0371900138855
v 0.0212020816803 0.0685020065308 0.0371900138855
v 0.0210348949432 0.0686486206055 0.0371900138855
v 0.0207518901825 0.0688246078491 0.0371900138855
v 0.02 0.0689999237061 0.0371900138855
v 0.0192481098175 0.0657752380371 0.0371900138855
v 0.0195600070953 0.0656578521729 0.0371900138855
v 0.0194535522461 0.0656901397705 0.0371900138855
v 0.0193494377136 0.0657293319702 0.0371900138855
v 0.0197781047821 0.0656144638062 0.0371900138855
v 0.02 0.0655999221802 0.0371900138855
v 0.0201111850739 0.0656035614014 0.0371900138855
v 0.0198888149261 0.0656035614014 0.0371900138855
v 0.019668346405 0.0656325912476 0.0371900138855
v 0.0204399929047 0.0656578521729 0.0371900138855
v 0.020331653595 0.0656325912476 0.0371900138855
v 0.0207518901825 0.0657752380371 0.0371900138855
v 0.0206505622864 0.0657293319702 0.0371900138855
v 0.0205464477539 0.0656901397705 0.0371900138855
v 0.0210348949432 0.0659512252808 0.0371900138855
v 0.0209444694519 0.065886428833 0.0371900138855
v 0.0212020816803 0.0660978393555 0.0371900138855
v 0.0211208877563 0.0660217971802 0.0371900138855
v 0.0208500003815 0.0658276824951 0.0371900138855
v 0.0202218952179 0.0656144638062 0.0371900138855
v 0.0214134979248 0.0663554534912 0.0371900138855
v 0.0214134979248 0.068244392395 0.0371900138855
v 0.0213487014771 0.0662650299072 0.0371900138855
v 0.0213487014771 0.068334815979 0.0371900138855
v 0.0215705947876 0.0666493606567 0.0371900138855
v 0.0215705947876 0.0679504852295 0.0371900138855
v 0.0215246829987 0.066548034668 0.0371900138855
v 0.0215246829987 0.0680518112183 0.0371900138855
v 0.0214722423553 0.0664499206543 0.0371900138855
v 0.0214722423553 0.0681499252319 0.0371900138855
v 0.0216673355103 0.0676315765381 0.0371900138855
v 0.021642074585 0.0668599319458 0.0371900138855
v 0.021642074585 0.0677399139404 0.0371900138855
v 0.0216854553223 0.0670780258179 0.0371900138855
v 0.0217000007629 0.0672999267578 0.0371900138855
v 0.0216963596344 0.0674111099243 0.0371900138855
v 0.0216963596344 0.0671887359619 0.0371900138855
v 0.0216854553223 0.0675218200684 0.0371900138855
v 0.0216097812653 0.0667534790039 0.0371900138855
v 0.0216673355103 0.0669682693481 0.0371900138855
v 0.0216097812653 0.0678463745117 0.0371900138855
v 0.0212781276703 0.0684208145142 0.0371900138855
v 0.0212781276703 0.0661790390015 0.0371900138855
v 0.0220091056824 0.064940612793 0.0431900138855
v 0.0218871612549 0.0648405303955 0.0431900138855
v 0.0217222671509 0.064722366333 0.0431900138855
v 0.0215499992371 0.0646152420044 0.0431900138855
v 0.0213710956573 0.0645196151733 0.0431900138855
v 0.0176692962646 0.0652559509277 0.0431900138855
v 0.0181128387451 0.0648405303955 0.0431900138855
v 0.0179560279846 0.0649692230225 0.0431900138855
v 0.0178079681396 0.0651078948975 0.0431900138855
v 0.0188136806488 0.0644358978271 0.0431900138855
v 0.0186289043427 0.0645196151733 0.0431900138855
v 0.0184500007629 0.0646152420044 0.0431900138855
v 0.0182777328491 0.064722366333 0.0431900138855
v 0.0202027492523 0.0642065582275 0.0431900138855
v 0.02 0.0641999206543 0.0431900138855
v 0.0197972507477 0.0642065582275 0.0431900138855
v 0.019595369339 0.0642264480591 0.0431900138855
v 0.0193952198029 0.0642594909668 0.0431900138855
v 0.0211863193512 0.0644358978271 0.0431900138855
v 0.0209964618683 0.064364440918 0.0431900138855
v 0.020404630661 0.0642264480591 0.0431900138855
v 0.0206047801971 0.0642594909668 0.0431900138855
v 0.0208023395538 0.064305557251 0.0431900138855
v 0.0190035381317 0.064364440918 0.0431900138855
v 0.0191976604462 0.064305557251 0.0431900138855
v 0.017540605545 0.0654127655029 0.0431900138855
v 0.0174224433899 0.0655776596069 0.0431900138855
v 0.0173153209686 0.0657499237061 0.0431900138855
v 0.0172196941376 0.0659288253784 0.0431900138855
v 0.0171359729767 0.0661136016846 0.0431900138855
v 0.0170645160675 0.0663034591675 0.0431900138855
v 0.0170056304932 0.0664975814819 0.0431900138855
v 0.0169595661163 0.0666951446533 0.0431900138855
v 0.0169265213013 0.0668952941895 0.0431900138855
v 0.0169066371918 0.0670971755981 0.0431900138855
v 0.0168999996185 0.0672999267578 0.0431900138855
v 0.0169066371918 0.0675026702881 0.0431900138855
v 0.0169265213013 0.0677045516968 0.0431900138855
v 0.0169595661163 0.0679047012329 0.0431900138855
v 0.0170056304932 0.0681022644043 0.0431900138855
v 0.0170645160675 0.0682963867188 0.0431900138855
v 0.0171359729767 0.0684862442017 0.0431900138855
v 0.0172196941376 0.0686710205078 0.0431900138855
v 0.0173153209686 0.0688499221802 0.0431900138855
v 0.0174224433899 0.0690221939087 0.0431900138855
v 0.0220091075897 0.0696592407227 0.0431900138855
v 0.0218871612549 0.0697593154907 0.0431900138855
v 0.0217222671509 0.0698774795532 0.0431900138855
v 0.0215499992371 0.0699846038818 0.0431900138855
v 0.0213710956573 0.0700802307129 0.0431900138855
v 0.017540605545 0.0691870803833 0.0431900138855
v 0.0176692962646 0.0693438949585 0.0431900138855
v 0.0178079681396 0.0694919509888 0.0431900138855
v 0.0179560279846 0.0696306304932 0.0431900138855
v 0.0181128387451 0.0697593154907 0.0431900138855
v 0.0182777328491 0.0698774795532 0.0431900138855
v 0.0184500007629 0.0699846038818 0.0431900138855
v 0.0186289043427 0.0700802307129 0.0431900138855
v 0.0188136806488 0.0701639480591 0.0431900138855
v 0.0202027492523 0.0703932876587 0.0431900138855
v 0.02 0.0703999252319 0.0431900138855
v 0.0193952198029 0.0703403549194 0.0431900138855
v 0.019595369339 0.0703734054565 0.0431900138855
v 0.0197972507477 0.0703932876587 0.0431900138855
v 0.0211863193512 0.0701639480591 0.0431900138855
v 0.0209964618683 0.0702354049683 0.0431900138855
v 0.0208023395538 0.0702942962646 0.0431900138855
v 0.0206047801971 0.0703403549194 0.0431900138855
v 0.020404630661 0.0703734054565 0.0431900138855
v 0.0190035381317 0.0702354049683 0.0431900138855
v 0.0191976604462 0.0702942962646 0.0431900138855
v 0.0220439720154 0.0649692230225 0.0431900138855
v 0.0220439720154 0.0696306304932 0.0431900138855
v 0.0221920318604 0.0651078948975 0.0431900138855
v 0.0221920318604 0.0694919509888 0.0431900138855
v 0.0223307037354 0.0693438949585 0.0431900138855
v 0.0223307037354 0.0652559509277 0.0431900138855
v 0.0225775566101 0.0690221939087 0.0431900138855
v 0.022459394455 0.0691870803833 0.0431900138855
v 0.0226846790314 0.0688499221802 0.0431900138855
v 0.0227803058624 0.0659288253784 0.0431900138855
v 0.0228640270233 0.0661136016846 0.0431900138855
v 0.0229354839325 0.0663034591675 0.0431900138855
v 0.0229354839325 0.0682963867188 0.0431900138855
v 0.0228640270233 0.0684862442017 0.0431900138855
v 0.0227803058624 0.0686710205078 0.0431900138855
v 0.0231000003815 0.0672999267578 0.0431900138855
v 0.0230933628082 0.0675026702881 0.0431900138855
v 0.0230734786987 0.0668952941895 0.0431900138855
v 0.0230933628082 0.0670971755981 0.0431900138855
v 0.0230734786987 0.0677045516968 0.0431900138855
v 0.0229943695068 0.0664975814819 0.0431900138855
v 0.0230404338837 0.0666951446533 0.0431900138855
v 0.0230404338837 0.0679047012329 0.0431900138855
v 0.0229943695068 0.0681022644043 0.0431900138855
v 0.022459394455 0.0654127655029 0.0431900138855
v 0.0226846790314 0.0657499237061 0.0431900138855
v 0.0225775566101 0.0655776596069 0.0431900138855
v 0.0216963596344 0.0674111099243 0.0399900169373
v 0.0217000007629 0.0672999267578 0.0399900169373
v 0.0216854553223 0.0675218200684 0.0399900169373
v 0.0216673355103 0.0676315765381 0.0399900169373
v 0.021642074585 0.0677399139404 0.0399900169373
v 0.0216097812653 0.0678463745117 0.0399900169373
v 0.0215705947876 0.0679504852295 0.0399900169373
v 0.0215246829987 0.0680518112183 0.0399900169373
v 0.0214722423553 0.0681499252319 0.0399900169373
v 0.0214134979248 0.068244392395 0.0399900169373
v 0.0213487014771 0.068334815979 0.0399900169373
v 0.0212781276703 0.0684208145142 0.0399900169373
v 0.0212020816803 0.0685020065308 0.0399900169373
v 0.0211208877563 0.0685780487061 0.0399900169373
v 0.0210348949432 0.0686486206055 0.0399900169373
v 0.0209444694519 0.0687134246826 0.0399900169373
v 0.0208500003815 0.0687721633911 0.0399900169373
v 0.0207518901825 0.0688246078491 0.0399900169373
v 0.0206505622864 0.0688705215454 0.0399900169373
v 0.0205464477539 0.0689097061157 0.0399900169373
v 0.0204399929047 0.0689420013428 0.0399900169373
v 0.020331653595 0.0689672622681 0.0399900169373
v 0.0202218952179 0.0689853820801 0.0399900169373
v 0.0201111850739 0.0689962844849 0.0399900169373
v 0.02 0.0689999237061 0.0399900169373
v 0.0198888149261 0.0689962844849 0.0399900169373
v 0.0197781047821 0.0689853820801 0.0399900169373
v 0.019668346405 0.0689672622681 0.0399900169373
v 0.0195600070953 0.0689420013428 0.0399900169373
v 0.0194535522461 0.0689097061157 0.0399900169373
v 0.0193494377136 0.0688705215454 0.0399900169373
v 0.0192481098175 0.0688246078491 0.0399900169373
v 0.0191499996185 0.0687721633911 0.0399900169373
v 0.0190555305481 0.0687134246826 0.0399900169373
v 0.0189651050568 0.0686486206055 0.0399900169373
v 0.0188791122437 0.0685780487061 0.0399900169373
v 0.0187979183197 0.0685020065308 0.0399900169373
v 0.0187218723297 0.0684208145142 0.0399900169373
v 0.0186512985229 0.068334815979 0.0399900169373
v 0.0185865020752 0.068244392395 0.0399900169373
v 0.0185277576447 0.0681499252319 0.0399900169373
v 0.0184753170013 0.0680518112183 0.0399900169373
v 0.0184294052124 0.0679504852295 0.0399900169373
v 0.0183902187347 0.0678463745117 0.0399900169373
v 0.018357925415 0.0677399139404 0.0399900169373
v 0.0183326644897 0.0676315765381 0.0399900169373
v 0.0183145446777 0.0675218200684 0.0399900169373
v 0.0183036403656 0.0674111099243 0.0399900169373
v 0.0182999992371 0.0672999267578 0.0399900169373
v 0.0183036403656 0.0671887359619 0.0399900169373
v 0.0183145446777 0.0670780258179 0.0399900169373
v 0.0183326644897 0.0669682693481 0.0399900169373
v 0.018357925415 0.0668599319458 0.0399900169373
v 0.0183902187347 0.0667534790039 0.0399900169373
v 0.0184294052124 0.0666493606567 0.0399900169373
v 0.0184753170013 0.066548034668 0.0399900169373
v 0.0185277576447 0.0664499206543 0.0399900169373
v 0.0185865020752 0.0663554534912 0.0399900169373
v 0.0186512985229 0.0662650299072 0.0399900169373
v 0.0187218723297 0.0661790390015 0.0399900169373
v 0.0187979183197 0.0660978393555 0.0399900169373
v 0.0188791122437 0.0660217971802 0.0399900169373
v 0.0189651050568 0.0659512252808 0.0399900169373
v 0.0190555305481 0.065886428833 0.0399900169373
v 0.0191499996185 0.0658276824951 0.0399900169373
v 0.0192481098175 0.0657752380371 0.0399900169373
v 0.0193494377136 0.0657293319702 0.0399900169373
v 0.0194535522461 0.0656901397705 0.0399900169373
v 0.0195600070953 0.0656578521729 0.0399900169373
v 0.019668346405 0.0656325912476 0.0399900169373
v 0.0197781047821 0.0656144638062 0.0399900169373
v 0.0198888149261 0.0656035614014 0.0399900169373
v 0.02 0.0655999221802 0.0399900169373
v 0.0201111850739 0.0656035614014 0.0399900169373
v 0.0202218952179 0.0656144638062 0.0399900169373
v 0.020331653595 0.0656325912476 0.0399900169373
v 0.0204399929047 0.0656578521729 0.0399900169373
v 0.0205464477539 0.0656901397705 0.0399900169373
v 0.0206505622864 0.0657293319702 0.0399900169373
v 0.0207518901825 0.0657752380371 0.0399900169373
v 0.0208500003815 0.0658276824951 0.0399900169373
v 0.0209444694519 0.065886428833 0.0399900169373
v 0.0210348949432 0.0659512252808 0.0399900169373
v 0.0211208877563 0.0660217971802 0.0399900169373
v 0.0212020816803 0.0660978393555 0.0399900169373
v 0.0212781276703 0.0661790390015 0.0399900169373
v 0.0213487014771 0.0662650299072 0.0399900169373
v 0.0214134979248 0.0663554534912 0.0399900169373
v 0.0214722423553 0.0664499206543 0.0399900169373
v 0.0215246829987 0.066548034668 0.0399900169373
v 0.0215705947876 0.0666493606567 0.0399900169373
v 0.0216097812653 0.0667534790039 0.0399900169373
v 0.021642074585 0.0668599319458 0.0399900169373
v 0.0216673355103 0.0669682693481 0.0399900169373
v 0.0216854553223 0.0670780258179 0.0399900169373
v 0.0216963596344 0.0671887359619 0.0399900169373
f 566 547 97
f 566 97 569
f 442 501 605
f 442 605 603
f 607 578 576
f 607 576 601
f 559 556 650
f 559 650 642
f 625 621 644
f 625 644 647
f 624 551 561
f 624 561 628
f 97 551 624
f 97 624 447
f 535 569 97
f 601 576 541
f 535 97 447
f 513 601 541
f 541 535 447
f 470 625 647
f 541 447 470
f 513 541 470
f 470 647 664
f 470 664 351
f 526 513 470
f 442 603 526
f 1843 1838 442
f 21 1843 442
f 442 526 470
f 442 470 351
f 21 442 351
f 406 650 556
f 21 351 406
f 556 1839 39
f 39 21 406
f 406 556 39
f 1844 1842 1832
f 1832 1838 1843
f 1832 1843 1845
f 1844 1832 1845
f 39 1839 1834
f 39 1834 1835
f 1833 1844 1845
f 39 1835 1833
f 1833 1845 21
f 1833 21 39
f 1844 1833 1842
f 1843 21 1845
f 647 645 665
f 647 665 664
f 665 645 650
f 650 406 351
f 351 664 665
f 665 650 351
f 625 470 447
f 625 447 624
f 601 513 526
f 601 526 603
f 569 535 541
f 569 541 576
f 1839 556 559
f 1839 559 1841
f 1851 1834 1839
f 1839 1841 1837
f 1851 1839 1837
f 1840 501 442
f 1840 442 1838
f 1847 1836 1840
f 1840 1838 1832
f 1847 1840 1832
f 1840 1836 64
f 501 1840 64
f 609 605 501
f 654 611 609
f 559 642 652
f 652 654 609
f 609 501 64
f 609 64 1848
f 559 652 609
f 80 1837 1841
f 609 1848 1852
f 80 1841 559
f 609 1852 80
f 80 559 609
f 1848 1849 1853
f 1848 1853 1852
f 614 611 654
f 614 654 655
f 616 614 655
f 616 655 657
f 618 616 657
f 618 657 660
f 662 644 621
f 630 631 581
f 662 621 630
f 618 660 662
f 578 607 620
f 620 618 662
f 662 630 581
f 586 578 620
f 662 581 586
f 662 586 620
f 592 581 631
f 592 631 634
f 596 592 634
f 596 634 636
f 597 596 636
f 597 636 638
f 640 628 561
f 561 547 566
f 599 597 638
f 561 566 599
f 599 638 640
f 640 561 599
f 547 561 551
f 547 551 97
f 703 701 404
f 512 702 698
f 512 698 704
f 694 703 404
f 696 694 404
f 512 704 695
f 512 695 697
f 696 404 512
f 693 696 512
f 512 697 707
f 512 707 685
f 706 693 512
f 683 706 512
f 512 685 689
f 512 689 681
f 687 683 512
f 680 687 512
f 512 681 691
f 512 691 675
f 678 680 512
f 673 678 512
f 512 675 671
f 512 671 667
f 669 673 512
f 512 667 669
f 700 702 512
f 404 701 699
f 404 699 705
f 708 700 512
f 710 708 512
f 404 705 709
f 404 709 738
f 714 710 512
f 711 714 512
f 477 404 738
f 477 738 737
f 711 512 521
f 713 711 521
f 477 737 740
f 477 740 739
f 712 713 521
f 721 712 521
f 477 739 745
f 477 745 741
f 716 721 521
f 715 716 521
f 477 741 744
f 477 744 743
f 720 715 521
f 717 720 521
f 477 743 742
f 477 742 755
f 719 717 521
f 718 719 521
f 477 755 746
f 477 746 749
f 736 718 521
f 722 736 521
f 477 749 748
f 477 748 747
f 724 722 521
f 723 724 521
f 477 747 754
f 477 754 750
f 728 723 521
f 725 728 521
f 477 750 753
f 477 753 751
f 727 725 521
f 726 727 521
f 477 751 752
f 477 752 775
f 735 726 521
f 730 735 521
f 477 775 757
f 477 757 756
f 729 730 521
f 734 729 521
f 521 477 756
f 521 756 759
f 731 734 521
f 733 731 521
f 521 759 758
f 521 758 763
f 732 733 521
f 762 732 521
f 521 763 760
f 521 760 761
f 774 762 521
f 767 774 521
f 521 761 773
f 521 773 764
f 765 767 521
f 772 765 521
f 521 764 766
f 521 766 770
f 769 772 521
f 768 769 521
f 521 770 771
f 521 771 768
f 777 776 532
f 539 848 778
f 539 778 780
f 779 777 532
f 798 779 532
f 539 780 781
f 539 781 782
f 800 798 532
f 799 800 532
f 539 782 783
f 539 783 785
f 799 532 569
f 805 799 569
f 576 539 785
f 576 785 784
f 804 805 569
f 803 804 569
f 576 784 788
f 576 788 787
f 801 803 569
f 802 801 569
f 576 787 786
f 576 786 797
f 814 802 569
f 813 814 569
f 576 797 796
f 576 796 795
f 810 813 569
f 811 810 569
f 576 795 794
f 576 794 793
f 812 811 569
f 808 812 569
f 576 793 792
f 576 792 791
f 809 808 569
f 807 809 569
f 576 791 790
f 576 790 789
f 806 807 569
f 815 806 569
f 576 789 816
f 576 816 817
f 818 815 569
f 819 818 569
f 576 817 820
f 576 820 821
f 822 819 569
f 824 822 569
f 576 821 823
f 576 823 825
f 826 824 569
f 827 826 569
f 576 825 842
f 576 842 843
f 828 827 569
f 829 828 569
f 576 843 845
f 576 845 846
f 830 829 569
f 831 830 569
f 576 846 847
f 576 847 844
f 832 831 569
f 833 832 569
f 569 576 844
f 569 844 841
f 837 833 569
f 838 837 569
f 569 841 840
f 569 840 839
f 835 838 569
f 834 835 569
f 569 839 836
f 569 836 834
f 849 848 539
f 532 776 850
f 532 850 868
f 861 849 539
f 864 861 539
f 532 868 869
f 532 869 870
f 863 864 539
f 862 863 539
f 532 870 871
f 532 871 860
f 867 862 539
f 866 867 539
f 539 532 860
f 539 860 865
f 859 866 539
f 858 859 539
f 539 865 854
f 539 854 855
f 857 858 539
f 853 857 539
f 539 855 856
f 539 856 852
f 851 853 539
f 539 852 851
f 566 569 532
f 532 404 477
f 477 599 566
f 566 532 477
f 578 586 521
f 521 512 539
f 539 576 578
f 578 521 539
f 404 532 539
f 404 539 512
f 596 597 599
f 477 521 586
f 586 581 592
f 596 599 477
f 477 586 592
f 596 477 592
f 991 989 297
f 466 990 986
f 466 986 992
f 982 991 297
f 984 982 297
f 466 992 983
f 466 983 985
f 984 297 466
f 981 984 466
f 466 985 995
f 466 995 977
f 994 981 466
f 976 994 466
f 466 977 979
f 466 979 975
f 978 976 466
f 974 978 466
f 466 975 980
f 466 980 972
f 973 974 466
f 971 973 466
f 466 972 970
f 466 970 968
f 969 971 466
f 466 968 969
f 988 990 466
f 297 989 987
f 297 987 993
f 996 988 466
f 998 996 466
f 297 993 997
f 297 997 1026
f 1002 998 466
f 999 1002 466
f 433 297 1026
f 433 1026 1025
f 999 466 498
f 1001 999 498
f 433 1025 1028
f 433 1028 1027
f 1000 1001 498
f 1009 1000 498
f 433 1027 1033
f 433 1033 1029
f 1004 1009 498
f 1003 1004 498
f 433 1029 1032
f 433 1032 1031
f 1008 1003 498
f 1005 1008 498
f 433 1031 1030
f 433 1030 1043
f 1007 1005 498
f 1006 1007 498
f 433 1043 1034
f 433 1034 1037
f 1024 1006 498
f 1010 1024 498
f 433 1037 1036
f 433 1036 1035
f 1012 1010 498
f 1011 1012 498
f 433 1035 1042
f 433 1042 1038
f 1016 1011 498
f 1013 1016 498
f 433 1038 1041
f 433 1041 1039
f 1015 1013 498
f 1014 1015 498
f 433 1039 1040
f 433 1040 1063
f 1023 1014 498
f 1018 1023 498
f 433 1063 1045
f 433 1045 1044
f 1017 1018 498
f 1022 1017 498
f 498 433 1044
f 498 1044 1047
f 1019 1022 498
f 1021 1019 498
f 498 1047 1046
f 498 1046 1051
f 1020 1021 498
f 1050 1020 498
f 498 1051 1048
f 498 1048 1049
f 1062 1050 498
f 1055 1062 498
f 498 1049 1061
f 498 1061 1052
f 1053 1055 498
f 1060 1053 498
f 498 1052 1054
f 498 1054 1058
f 1057 1060 498
f 1056 1057 498
f 498 1058 1059
f 498 1059 1056
f 1066 1064 518
f 506 1065 1067
f 506 1067 1085
f 1078 1066 518
f 1081 1078 518
f 506 1085 1086
f 506 1086 1087
f 1080 1081 518
f 1079 1080 518
f 506 1087 1088
f 506 1088 1077
f 1084 1079 518
f 1083 1084 518
f 518 506 1077
f 518 1077 1082
f 1076 1083 518
f 1075 1076 518
f 518 1082 1071
f 518 1071 1072
f 1074 1075 518
f 1070 1074 518
f 518 1072 1073
f 518 1073 1069
f 1068 1070 518
f 518 1069 1068
f 1089 1065 506
f 518 1064 1090
f 518 1090 1092
f 1091 1089 506
f 1110 1091 506
f 518 1092 1093
f 518 1093 1094
f 1112 1110 506
f 1111 1112 506
f 518 1094 1095
f 518 1095 1097
f 1111 506 601
f 1117 1111 601
f 603 518 1097
f 603 1097 1096
f 1116 1117 601
f 1115 1116 601
f 603 1096 1100
f 603 1100 1099
f 1113 1115 601
f 1114 1113 601
f 603 1099 1098
f 603 1098 1109
f 1126 1114 601
f 1125 1126 601
f 603 1109 1108
f 603 1108 1107
f 1122 1125 601
f 1123 1122 601
f 603 1107 1106
f 603 1106 1105
f 1124 1123 601
f 1120 1124 601
f 603 1105 1104
f 603 1104 1103
f 1121 1120 601
f 1119 1121 601
f 603 1103 1102
f 603 1102 1101
f 1118 1119 601
f 1127 1118 601
f 603 1101 1128
f 603 1128 1129
f 1130 1127 601
f 1131 1130 601
f 603 1129 1132
f 603 1132 1133
f 1134 1131 601
f 1136 1134 601
f 603 1133 1135
f 603 1135 1137
f 1138 1136 601
f 1139 1138 601
f 603 1137 1154
f 603 1154 1155
f 1140 1139 601
f 1141 1140 601
f 603 1155 1157
f 603 1157 1158
f 1142 1141 601
f 1143 1142 601
f 603 1158 1159
f 603 1159 1156
f 1144 1143 601
f 1145 1144 601
f 601 603 1156
f 601 1156 1153
f 1149 1145 601
f 1150 1149 601
f 601 1153 1152
f 601 1152 1151
f 1147 1150 601
f 1146 1147 601
f 601 1151 1148
f 601 1148 1146
f 607 601 506
f 506 297 433
f 433 620 607
f 607 506 433
f 605 609 498
f 498 466 518
f 518 603 605
f 605 498 518
f 297 506 518
f 297 518 466
f 618 620 433
f 498 609 611
f 498 611 614
f 616 618 433
f 498 614 616
f 433 498 616
f 1334 1324 414
f 340 1323 1333
f 340 1333 1327
f 1328 1334 414
f 1332 1328 414
f 340 1327 1331
f 340 1331 1329
f 1332 414 340
f 1330 1332 340
f 340 1329 1350
f 340 1350 1335
f 1348 1330 340
f 1336 1348 340
f 340 1335 1339
f 340 1339 1337
f 1340 1336 340
f 1338 1340 340
f 340 1337 1345
f 340 1345 1341
f 1347 1338 340
f 1346 1347 340
f 340 1341 1343
f 340 1343 1342
f 1344 1346 340
f 340 1342 1344
f 1325 1323 340
f 414 1324 1326
f 414 1326 1322
f 1349 1325 340
f 1319 1349 340
f 414 1322 1351
f 414 1351 1291
f 1318 1319 340
f 1320 1318 340
f 359 414 1291
f 359 1291 1290
f 1320 340 236
f 1316 1320 236
f 359 1290 1292
f 359 1292 1289
f 1317 1316 236
f 1321 1317 236
f 359 1289 1293
f 359 1293 1286
f 1313 1321 236
f 1314 1313 236
f 359 1286 1287
f 359 1287 1288
f 1312 1314 236
f 1315 1312 236
f 359 1288 1285
f 359 1285 1294
f 1310 1315 236
f 1311 1310 236
f 359 1294 1281
f 359 1281 1282
f 1309 1311 236
f 1307 1309 236
f 359 1282 1283
f 359 1283 1279
f 1304 1307 236
f 1305 1304 236
f 359 1279 1280
f 359 1280 1284
f 1303 1305 236
f 1306 1303 236
f 359 1284 1277
f 359 1277 1278
f 1301 1306 236
f 1302 1301 236
f 359 1278 1275
f 359 1275 1276
f 1308 1302 236
f 1299 1308 236
f 359 1276 1274
f 359 1274 1270
f 1300 1299 236
f 1298 1300 236
f 236 359 1270
f 236 1270 1269
f 1297 1298 236
f 1296 1297 236
f 236 1269 1271
f 236 1271 1268
f 1295 1296 236
f 1266 1295 236
f 236 1268 1272
f 236 1272 1267
f 1273 1266 236
f 1260 1273 236
f 236 1267 1265
f 236 1265 1264
f 1261 1260 236
f 1257 1261 236
f 236 1264 1262
f 236 1262 1263
f 1258 1257 236
f 1256 1258 236
f 236 1263 1259
f 236 1259 1256
f 1354 1352 457
f 488 1353 1355
f 488 1355 1373
f 1356 1354 457
f 1357 1356 457
f 488 1373 1374
f 488 1374 1375
f 1358 1357 457
f 1360 1358 457
f 488 1375 1376
f 488 1376 1359
f 1361 1360 457
f 1362 1361 457
f 457 488 1359
f 457 1359 1363
f 1368 1362 457
f 1369 1368 457
f 457 1363 1372
f 457 1372 1371
f 1370 1369 457
f 1365 1370 457
f 457 1371 1367
f 457 1367 1366
f 1364 1365 457
f 457 1366 1364
f 1377 1353 488
f 457 1352 1378
f 457 1378 1392
f 1379 1377 488
f 1409 1379 488
f 457 1392 1393
f 457 1393 1395
f 1410 1409 488
f 1411 1410 488
f 457 1395 1394
f 457 1394 1388
f 1411 488 625
f 1412 1411 625
f 624 457 1388
f 624 1388 1387
f 1405 1412 625
f 1406 1405 625
f 624 1387 1389
f 624 1389 1390
f 1408 1406 625
f 1407 1408 625
f 624 1390 1391
f 624 1391 1397
f 1414 1407 625
f 1413 1414 625
f 624 1397 1396
f 624 1396 1384
f 1404 1413 625
f 1403 1404 625
f 624 1384 1385
f 624 1385 1386
f 1402 1403 625
f 1401 1402 625
f 624 1386 1382
f 624 1382 1383
f 1400 1401 625
f 1399 1400 625
f 624 1383 1380
f 624 1380 1381
f 1398 1399 625
f 1415 1398 625
f 624 1381 1416
f 624 1416 1417
f 1418 1415 625
f 1419 1418 625
f 624 1417 1420
f 624 1420 1421
f 1422 1419 625
f 1424 1422 625
f 624 1421 1423
f 624 1423 1425
f 1426 1424 625
f 1435 1426 625
f 624 1425 1442
f 624 1442 1443
f 1437 1435 625
f 1436 1437 625
f 624 1443 1445
f 624 1445 1446
f 1441 1436 625
f 1440 1441 625
f 624 1446 1447
f 624 1447 1444
f 1439 1440 625
f 1438 1439 625
f 625 624 1444
f 625 1444 1430
f 1434 1438 625
f 1433 1434 625
f 625 1430 1431
f 625 1431 1432
f 1429 1433 625
f 1427 1429 625
f 625 1432 1428
f 625 1428 1427
f 628 640 236
f 236 340 457
f 457 624 628
f 628 236 457
f 621 625 488
f 488 414 359
f 359 630 621
f 621 488 359
f 634 631 630
f 630 359 236
f 236 640 638
f 236 638 636
f 634 630 236
f 634 236 636
f 340 414 488
f 340 488 457
f 1622 1612 323
f 229 1611 1621
f 229 1621 1615
f 1616 1622 323
f 1620 1616 323
f 229 1615 1619
f 229 1619 1617
f 1620 323 229
f 1618 1620 229
f 229 1617 1638
f 229 1638 1623
f 1636 1618 229
f 1624 1636 229
f 229 1623 1627
f 229 1627 1625
f 1628 1624 229
f 1626 1628 229
f 229 1625 1633
f 229 1633 1629
f 1635 1626 229
f 1634 1635 229
f 229 1629 1631
f 229 1631 1630
f 1632 1634 229
f 229 1630 1632
f 1613 1611 229
f 323 1612 1614
f 323 1614 1610
f 1637 1613 229
f 1607 1637 229
f 323 1610 1639
f 323 1639 1579
f 1606 1607 229
f 1608 1606 229
f 289 323 1579
f 289 1579 1578
f 1608 229 169
f 1604 1608 169
f 289 1578 1580
f 289 1580 1577
f 1605 1604 169
f 1609 1605 169
f 289 1577 1581
f 289 1581 1574
f 1601 1609 169
f 1602 1601 169
f 289 1574 1575
f 289 1575 1576
f 1600 1602 169
f 1603 1600 169
f 289 1576 1573
f 289 1573 1582
f 1598 1603 169
f 1599 1598 169
f 289 1582 1569
f 289 1569 1570
f 1597 1599 169
f 1595 1597 169
f 289 1570 1571
f 289 1571 1567
f 1592 1595 169
f 1593 1592 169
f 289 1567 1568
f 289 1568 1572
f 1591 1593 169
f 1594 1591 169
f 289 1572 1565
f 289 1565 1566
f 1589 1594 169
f 1590 1589 169
f 289 1566 1563
f 289 1563 1564
f 1596 1590 169
f 1587 1596 169
f 289 1564 1562
f 289 1562 1558
f 1588 1587 169
f 1586 1588 169
f 169 289 1558
f 169 1558 1557
f 1585 1586 169
f 1584 1585 169
f 169 1557 1559
f 169 1559 1556
f 1583 1584 169
f 1554 1583 169
f 169 1556 1560
f 169 1560 1555
f 1561 1554 169
f 1548 1561 169
f 169 1555 1553
f 169 1553 1552
f 1549 1548 169
f 1545 1549 169
f 169 1552 1550
f 169 1550 1551
f 1546 1545 169
f 1544 1546 169
f 169 1551 1547
f 169 1547 1544
f 1641 1712 428
f 645 647 388
f 388 1640 1642
f 388 1642 1644
f 1643 1641 428
f 1656 1643 428
f 388 1644 1674
f 388 1674 1675
f 1657 1656 428
f 1658 1657 428
f 388 1675 1677
f 388 1677 1676
f 1658 428 650
f 1659 1658 650
f 645 388 1676
f 645 1676 1670
f 1652 1659 650
f 1653 1652 650
f 645 1670 1669
f 645 1669 1671
f 1655 1653 650
f 1654 1655 650
f 645 1671 1672
f 645 1672 1673
f 1661 1654 650
f 1660 1661 650
f 645 1673 1678
f 645 1678 1665
f 1651 1660 650
f 1650 1651 650
f 645 1665 1666
f 645 1666 1667
f 1649 1650 650
f 1648 1649 650
f 645 1667 1668
f 645 1668 1663
f 1647 1648 650
f 1646 1647 650
f 645 1663 1664
f 645 1664 1662
f 1645 1646 650
f 1680 1645 650
f 645 1662 1679
f 645 1679 1681
f 1682 1680 650
f 1684 1682 650
f 645 1681 1683
f 645 1683 1685
f 1686 1684 650
f 1688 1686 650
f 645 1685 1687
f 645 1687 1689
f 1690 1688 650
f 1699 1690 650
f 645 1689 1691
f 645 1691 1707
f 1701 1699 650
f 1700 1701 650
f 645 1707 1708
f 645 1708 1710
f 1705 1700 650
f 1704 1705 650
f 645 1710 1711
f 645 1711 1709
f 1704 650 645
f 1703 1704 645
f 645 1709 1706
f 645 1706 1695
f 1702 1703 645
f 1698 1702 645
f 645 1695 1696
f 645 1696 1693
f 1697 1698 645
f 1694 1697 645
f 645 1693 1692
f 645 1692 1694
f 1713 1640 388
f 428 1712 1714
f 428 1714 1732
f 1715 1713 388
f 1716 1715 388
f 428 1732 1733
f 428 1733 1734
f 1717 1716 388
f 1719 1717 388
f 428 1734 1735
f 428 1735 1718
f 1720 1719 388
f 1721 1720 388
f 388 428 1718
f 388 1718 1722
f 1727 1721 388
f 1728 1727 388
f 388 1722 1731
f 388 1731 1730
f 1729 1728 388
f 1724 1729 388
f 388 1730 1726
f 388 1726 1725
f 1723 1724 388
f 388 1725 1723
f 644 662 169
f 169 229 388
f 388 647 644
f 644 169 388
f 642 650 428
f 428 323 289
f 289 652 642
f 642 428 289
f 655 654 652
f 289 169 662
f 662 660 657
f 655 652 289
f 289 662 657
f 655 289 657
f 229 323 428
f 229 428 388
f 769 768 872
f 769 872 873
f 772 769 873
f 772 873 874
f 765 772 874
f 765 874 875
f 767 765 875
f 767 875 876
f 774 767 876
f 774 876 877
f 762 774 877
f 762 877 878
f 732 762 878
f 732 878 879
f 733 732 879
f 733 879 880
f 731 733 880
f 731 880 881
f 734 731 881
f 734 881 882
f 729 734 882
f 729 882 883
f 730 729 883
f 730 883 884
f 885 735 730
f 885 730 884
f 886 726 735
f 886 735 885
f 887 727 726
f 887 726 886
f 888 725 727
f 888 727 887
f 889 728 725
f 889 725 888
f 890 723 728
f 890 728 889
f 891 724 723
f 891 723 890
f 892 722 724
f 892 724 891
f 893 736 722
f 893 722 892
f 894 718 736
f 894 736 893
f 895 719 718
f 895 718 894
f 896 717 719
f 896 719 895
f 897 720 717
f 897 717 896
f 898 715 720
f 898 720 897
f 899 716 715
f 899 715 898
f 900 721 716
f 900 716 899
f 901 712 721
f 901 721 900
f 902 713 712
f 902 712 901
f 903 711 713
f 903 713 902
f 904 714 711
f 904 711 903
f 905 710 714
f 905 714 904
f 906 708 710
f 906 710 905
f 907 700 708
f 907 708 906
f 908 702 700
f 908 700 907
f 909 698 702
f 909 702 908
f 910 704 698
f 910 698 909
f 911 695 704
f 911 704 910
f 912 697 695
f 912 695 911
f 913 707 697
f 913 697 912
f 914 685 707
f 914 707 913
f 915 689 685
f 915 685 914
f 916 681 689
f 916 689 915
f 917 691 681
f 917 681 916
f 918 675 691
f 918 691 917
f 919 671 675
f 919 675 918
f 920 667 671
f 920 671 919
f 921 669 667
f 921 667 920
f 922 673 669
f 922 669 921
f 923 678 673
f 923 673 922
f 924 680 678
f 924 678 923
f 925 687 680
f 925 680 924
f 926 683 687
f 926 687 925
f 927 706 683
f 927 683 926
f 928 693 706
f 928 706 927
f 929 696 693
f 929 693 928
f 930 694 696
f 930 696 929
f 931 703 694
f 931 694 930
f 932 701 703
f 932 703 931
f 699 701 932
f 699 932 933
f 705 699 933
f 705 933 934
f 709 705 934
f 709 934 935
f 738 709 935
f 738 935 936
f 737 738 936
f 737 936 937
f 740 737 937
f 740 937 938
f 739 740 938
f 739 938 939
f 745 739 939
f 745 939 940
f 741 745 940
f 741 940 941
f 744 741 941
f 744 941 942
f 743 744 942
f 743 942 943
f 742 743 943
f 742 943 944
f 755 742 944
f 755 944 945
f 746 755 945
f 746 945 946
f 749 746 946
f 749 946 947
f 748 749 947
f 748 947 948
f 747 748 948
f 747 948 949
f 754 747 949
f 754 949 950
f 750 754 950
f 750 950 951
f 753 750 951
f 753 951 952
f 751 753 952
f 751 952 953
f 752 751 953
f 752 953 954
f 775 752 954
f 775 954 955
f 757 775 955
f 757 955 956
f 756 757 956
f 756 956 957
f 759 756 957
f 759 957 958
f 758 759 958
f 758 958 959
f 763 758 959
f 763 959 960
f 760 763 960
f 760 960 961
f 761 760 961
f 761 961 962
f 773 761 962
f 773 962 963
f 764 773 963
f 764 963 964
f 766 764 964
f 766 964 965
f 770 766 965
f 770 965 966
f 771 770 966
f 771 966 967
f 768 771 967
f 768 967 872
f 688 690 692
f 692 138 872
f 692 872 967
f 686 688 692
f 682 684 686
f 677 679 682
f 674 676 677
f 670 672 674
f 666 668 670
f 661 663 666
f 658 659 661
f 653 656 658
f 649 651 653
f 646 648 649
f 641 643 646
f 637 639 641
f 633 635 637
f 629 632 633
f 626 627 629
f 622 623 626
f 617 619 622
f 613 615 617
f 610 612 613
f 606 608 610
f 602 604 606
f 598 600 602
f 921 920 598
f 922 921 598
f 598 602 606
f 606 610 613
f 613 617 622
f 622 626 629
f 629 633 637
f 637 641 646
f 646 649 653
f 653 658 661
f 661 666 670
f 670 674 677
f 677 682 686
f 686 692 967
f 686 967 966
f 670 677 686
f 653 661 670
f 637 646 653
f 622 629 637
f 606 613 622
f 922 598 606
f 923 922 606
f 606 622 637
f 637 653 670
f 670 686 966
f 670 966 965
f 924 923 606
f 925 924 606
f 670 965 964
f 670 964 963
f 925 606 637
f 926 925 637
f 670 963 962
f 670 962 961
f 927 926 637
f 928 927 637
f 670 961 960
f 670 960 959
f 929 928 637
f 930 929 637
f 670 959 958
f 670 958 957
f 931 930 637
f 932 931 637
f 670 957 956
f 670 956 955
f 933 932 637
f 934 933 637
f 637 670 955
f 637 955 954
f 935 934 637
f 936 935 637
f 637 954 953
f 637 953 952
f 937 936 637
f 938 937 637
f 637 952 951
f 637 951 950
f 939 938 637
f 940 939 637
f 637 950 949
f 637 949 948
f 941 940 637
f 942 941 637
f 637 948 947
f 637 947 946
f 943 942 637
f 944 943 637
f 637 946 945
f 945 944 637
f 873 872 138
f 138 200 214
f 214 263 272
f 272 302 310
f 310 325 343
f 343 367 377
f 377 396 411
f 411 420 424
f 424 430 439
f 439 449 454
f 454 461 476
f 476 481 490
f 490 494 503
f 503 507 509
f 509 515 520
f 520 523 528
f 528 530 533
f 533 537 544
f 544 546 549
f 549 553 557
f 557 564 568
f 568 571 573
f 573 579 584
f 584 588 589
f 589 593 598
f 598 920 919
f 598 919 918
f 584 589 598
f 568 573 584
f 549 557 568
f 533 544 549
f 520 528 533
f 503 509 520
f 476 490 503
f 439 454 476
f 411 424 439
f 343 377 411
f 272 310 343
f 138 214 272
f 874 873 138
f 875 874 138
f 138 272 343
f 343 411 439
f 439 476 503
f 503 520 533
f 533 549 568
f 568 584 598
f 598 918 917
f 598 917 916
f 533 568 598
f 439 503 533
f 138 343 439
f 876 875 138
f 877 876 138
f 533 598 916
f 533 916 915
f 877 138 439
f 878 877 439
f 533 915 914
f 533 914 913
f 879 878 439
f 880 879 439
f 533 913 912
f 533 912 911
f 881 880 439
f 882 881 439
f 533 911 910
f 533 910 909
f 883 882 439
f 884 883 439
f 533 909 908
f 533 908 907
f 885 884 439
f 886 885 439
f 533 907 906
f 533 906 905
f 887 886 439
f 888 887 439
f 533 905 904
f 533 904 903
f 889 888 439
f 890 889 439
f 439 533 903
f 439 903 902
f 891 890 439
f 892 891 439
f 439 902 901
f 439 901 900
f 893 892 439
f 894 893 439
f 439 900 899
f 439 899 898
f 895 894 439
f 896 895 439
f 439 898 897
f 439 897 896
f 200 138 834
f 200 834 836
f 214 200 836
f 214 836 839
f 263 214 839
f 263 839 840
f 272 263 840
f 272 840 841
f 302 272 841
f 302 841 844
f 310 302 844
f 310 844 847
f 325 310 847
f 325 847 846
f 343 325 846
f 343 846 845
f 367 343 845
f 367 845 843
f 377 367 843
f 377 843 842
f 396 377 842
f 396 842 825
f 411 396 825
f 411 825 823
f 821 420 411
f 821 411 823
f 820 424 420
f 820 420 821
f 817 430 424
f 817 424 820
f 816 439 430
f 816 430 817
f 789 449 439
f 789 439 816
f 790 454 449
f 790 449 789
f 791 461 454
f 791 454 790
f 792 476 461
f 792 461 791
f 793 481 476
f 793 476 792
f 794 490 481
f 794 481 793
f 795 494 490
f 795 490 794
f 796 503 494
f 796 494 795
f 797 507 503
f 797 503 796
f 786 509 507
f 786 507 797
f 787 515 509
f 787 509 786
f 788 520 515
f 788 515 787
f 784 523 520
f 784 520 788
f 785 528 523
f 785 523 784
f 783 530 528
f 783 528 785
f 782 533 530
f 782 530 783
f 781 537 533
f 781 533 782
f 780 544 537
f 780 537 781
f 778 546 544
f 778 544 780
f 848 549 546
f 848 546 778
f 849 553 549
f 849 549 848
f 861 557 553
f 861 553 849
f 864 564 557
f 864 557 861
f 863 568 564
f 863 564 864
f 862 571 568
f 862 568 863
f 867 573 571
f 867 571 862
f 866 579 573
f 866 573 867
f 859 584 579
f 859 579 866
f 858 588 584
f 858 584 859
f 857 589 588
f 857 588 858
f 853 593 589
f 853 589 857
f 851 598 593
f 851 593 853
f 852 600 598
f 852 598 851
f 856 602 600
f 856 600 852
f 855 604 602
f 855 602 856
f 854 606 604
f 854 604 855
f 865 608 606
f 865 606 854
f 860 610 608
f 860 608 865
f 871 612 610
f 871 610 860
f 870 613 612
f 870 612 871
f 869 615 613
f 869 613 870
f 868 617 615
f 868 615 869
f 850 619 617
f 850 617 868
f 776 622 619
f 776 619 850
f 623 622 776
f 623 776 777
f 626 623 777
f 626 777 779
f 627 626 779
f 627 779 798
f 629 627 798
f 629 798 800
f 632 629 800
f 632 800 799
f 633 632 799
f 633 799 805
f 635 633 805
f 635 805 804
f 637 635 804
f 637 804 803
f 639 637 803
f 639 803 801
f 641 639 801
f 641 801 802
f 643 641 802
f 643 802 814
f 646 643 814
f 646 814 813
f 648 646 813
f 648 813 810
f 649 648 810
f 649 810 811
f 651 649 811
f 651 811 812
f 653 651 812
f 653 812 808
f 656 653 808
f 656 808 809
f 658 656 809
f 658 809 807
f 659 658 807
f 659 807 806
f 661 659 806
f 661 806 815
f 663 661 815
f 663 815 818
f 666 663 818
f 666 818 819
f 668 666 819
f 668 819 822
f 670 668 822
f 670 822 824
f 672 670 824
f 672 824 826
f 674 672 826
f 674 826 827
f 676 674 827
f 676 827 828
f 677 676 828
f 677 828 829
f 679 677 829
f 679 829 830
f 682 679 830
f 682 830 831
f 684 682 831
f 684 831 832
f 686 684 832
f 686 832 833
f 688 686 833
f 688 833 837
f 690 688 837
f 690 837 838
f 692 690 838
f 692 838 835
f 138 692 835
f 138 835 834
f 1057 1056 1160
f 1057 1160 1161
f 1060 1057 1161
f 1060 1161 1162
f 1053 1060 1162
f 1053 1162 1163
f 1055 1053 1163
f 1055 1163 1164
f 1062 1055 1164
f 1062 1164 1165
f 1050 1062 1165
f 1050 1165 1166
f 1020 1050 1166
f 1020 1166 1167
f 1021 1020 1167
f 1021 1167 1168
f 1019 1021 1168
f 1019 1168 1169
f 1022 1019 1169
f 1022 1169 1170
f 1017 1022 1170
f 1017 1170 1171
f 1018 1017 1171
f 1018 1171 1172
f 1173 1023 1018
f 1173 1018 1172
f 1174 1014 1023
f 1174 1023 1173
f 1175 1015 1014
f 1175 1014 1174
f 1176 1013 1015
f 1176 1015 1175
f 1177 1016 1013
f 1177 1013 1176
f 1178 1011 1016
f 1178 1016 1177
f 1179 1012 1011
f 1179 1011 1178
f 1180 1010 1012
f 1180 1012 1179
f 1181 1024 1010
f 1181 1010 1180
f 1182 1006 1024
f 1182 1024 1181
f 1183 1007 1006
f 1183 1006 1182
f 1184 1005 1007
f 1184 1007 1183
f 1185 1008 1005
f 1185 1005 1184
f 1186 1003 1008
f 1186 1008 1185
f 1187 1004 1003
f 1187 1003 1186
f 1188 1009 1004
f 1188 1004 1187
f 1189 1000 1009
f 1189 1009 1188
f 1190 1001 1000
f 1190 1000 1189
f 1191 999 1001
f 1191 1001 1190
f 1192 1002 999
f 1192 999 1191
f 1193 998 1002
f 1193 1002 1192
f 1194 996 998
f 1194 998 1193
f 1195 988 996
f 1195 996 1194
f 1196 990 988
f 1196 988 1195
f 1197 986 990
f 1197 990 1196
f 1198 992 986
f 1198 986 1197
f 1199 983 992
f 1199 992 1198
f 1200 985 983
f 1200 983 1199
f 1201 995 985
f 1201 985 1200
f 1202 977 995
f 1202 995 1201
f 1203 979 977
f 1203 977 1202
f 1204 975 979
f 1204 979 1203
f 1205 980 975
f 1205 975 1204
f 1206 972 980
f 1206 980 1205
f 1207 970 972
f 1207 972 1206
f 1208 968 970
f 1208 970 1207
f 1209 969 968
f 1209 968 1208
f 1210 971 969
f 1210 969 1209
f 1211 973 971
f 1211 971 1210
f 1212 974 973
f 1212 973 1211
f 1213 978 974
f 1213 974 1212
f 1214 976 978
f 1214 978 1213
f 1215 994 976
f 1215 976 1214
f 1216 981 994
f 1216 994 1215
f 1217 984 981
f 1217 981 1216
f 1218 982 984
f 1218 984 1217
f 1219 991 982
f 1219 982 1218
f 1220 989 991
f 1220 991 1219
f 987 989 1220
f 987 1220 1221
f 993 987 1221
f 993 1221 1222
f 997 993 1222
f 997 1222 1223
f 1026 997 1223
f 1026 1223 1224
f 1025 1026 1224
f 1025 1224 1225
f 1028 1025 1225
f 1028 1225 1226
f 1027 1028 1226
f 1027 1226 1227
f 1033 1027 1227
f 1033 1227 1228
f 1029 1033 1228
f 1029 1228 1229
f 1032 1029 1229
f 1032 1229 1230
f 1031 1032 1230
f 1031 1230 1231
f 1030 1031 1231
f 1030 1231 1232
f 1043 1030 1232
f 1043 1232 1233
f 1034 1043 1233
f 1034 1233 1234
f 1037 1034 1234
f 1037 1234 1235
f 1036 1037 1235
f 1036 1235 1236
f 1035 1036 1236
f 1035 1236 1237
f 1042 1035 1237
f 1042 1237 1238
f 1038 1042 1238
f 1038 1238 1239
f 1041 1038 1239
f 1041 1239 1240
f 1039 1041 1240
f 1039 1240 1241
f 1040 1039 1241
f 1040 1241 1242
f 1063 1040 1242
f 1063 1242 1243
f 1045 1063 1243
f 1045 1243 1244
f 1044 1045 1244
f 1044 1244 1245
f 1047 1044 1245
f 1047 1245 1246
f 1046 1047 1246
f 1046 1246 1247
f 1051 1046 1247
f 1051 1247 1248
f 1048 1051 1248
f 1048 1248 1249
f 1049 1048 1249
f 1049 1249 1250
f 1061 1049 1250
f 1061 1250 1251
f 1052 1061 1251
f 1052 1251 1252
f 1054 1052 1252
f 1054 1252 1253
f 1058 1054 1253
f 1058 1253 1254
f 1059 1058 1254
f 1059 1254 1255
f 1056 1059 1255
f 1056 1255 1160
f 591 594 595
f 595 83 121
f 121 154 190
f 190 207 223
f 223 241 250
f 250 273 286
f 286 295 305
f 305 314 320
f 320 331 336
f 336 345 353
f 353 364 371
f 371 376 382
f 382 391 398
f 398 407 409
f 409 416 418
f 418 422 426
f 426 431 436
f 436 438 443
f 443 445 451
f 451 455 460
f 460 464 468
f 468 472 474
f 474 479 483
f 483 485 491
f 491 496 500
f 500 502 504
f 504 505 508
f 508 510 511
f 511 514 516
f 516 517 519
f 519 522 524
f 524 525 527
f 527 529 531
f 531 534 1224
f 531 1224 1223
f 524 527 531
f 516 519 524
f 508 511 516
f 500 504 508
f 483 491 500
f 468 474 483
f 451 460 468
f 436 443 451
f 418 426 436
f 398 409 418
f 371 382 398
f 336 353 371
f 305 320 336
f 250 286 305
f 190 223 250
f 595 121 190
f 590 591 595
f 585 587 590
f 582 583 585
f 577 580 582
f 574 575 577
f 570 572 574
f 565 567 570
f 1241 1240 565
f 1242 1241 565
f 565 570 574
f 574 577 582
f 582 585 590
f 590 595 190
f 190 250 305
f 305 336 371
f 371 398 418
f 418 436 451
f 451 468 483
f 483 500 508
f 508 516 524
f 524 531 1223
f 524 1223 1222
f 483 508 524
f 418 451 483
f 305 371 418
f 590 190 305
f 574 582 590
f 1242 565 574
f 1243 1242 574
f 574 590 305
f 524 1222 1221
f 524 1221 1220
f 1244 1243 574
f 1245 1244 574
f 524 1220 1219
f 524 1219 1218
f 1246 1245 574
f 1247 1246 574
f 483 524 1218
f 483 1218 1217
f 1248 1247 574
f 1249 1248 574
f 483 1217 1216
f 483 1216 1215
f 1250 1249 574
f 1251 1250 574
f 483 1215 1214
f 483 1214 1213
f 1252 1251 574
f 1253 1252 574
f 483 1213 1212
f 483 1212 1211
f 1253 574 305
f 1254 1253 305
f 483 1211 1210
f 483 1210 1209
f 1255 1254 305
f 1160 1255 305
f 483 1209 1208
f 483 1208 1207
f 1161 1160 305
f 1162 1161 305
f 483 1207 1206
f 483 1206 1205
f 1163 1162 305
f 1164 1163 305
f 483 1205 1204
f 483 1204 1203
f 1165 1164 305
f 1166 1165 305
f 483 1203 1202
f 483 1202 1201
f 1167 1166 305
f 1168 1167 305
f 418 483 1201
f 418 1201 1200
f 1169 1168 305
f 1170 1169 305
f 418 1200 1199
f 418 1199 1198
f 1171 1170 305
f 1172 1171 305
f 418 1198 1197
f 418 1197 1196
f 1172 305 418
f 1173 1172 418
f 418 1196 1195
f 418 1195 1194
f 1174 1173 418
f 1175 1174 418
f 418 1194 1193
f 418 1193 1192
f 1176 1175 418
f 1177 1176 418
f 418 1192 1191
f 418 1191 1190
f 1178 1177 418
f 1179 1178 418
f 418 1190 1189
f 418 1189 1188
f 1180 1179 418
f 1181 1180 418
f 418 1188 1187
f 418 1187 1186
f 1182 1181 418
f 1183 1182 418
f 418 1186 1185
f 1184 1183 418
f 418 1185 1184
f 1225 1224 534
f 534 536 538
f 538 540 542
f 542 543 545
f 545 548 550
f 550 552 554
f 554 555 558
f 558 560 562
f 562 563 565
f 565 1240 1239
f 565 1239 1238
f 558 562 565
f 550 554 558
f 542 545 550
f 534 538 542
f 1226 1225 534
f 1227 1226 534
f 534 542 550
f 550 558 565
f 565 1238 1237
f 565 1237 1236
f 534 550 565
f 1228 1227 534
f 1229 1228 534
f 534 565 1236
f 534 1236 1235
f 1230 1229 534
f 1231 1230 534
f 534 1235 1234
f 534 1234 1233
f 1232 1231 534
f 534 1233 1232
f 121 83 1146
f 121 1146 1148
f 154 121 1148
f 154 1148 1151
f 190 154 1151
f 190 1151 1152
f 207 190 1152
f 207 1152 1153
f 223 207 1153
f 223 1153 1156
f 241 223 1156
f 241 1156 1159
f 250 241 1159
f 250 1159 1158
f 273 250 1158
f 273 1158 1157
f 286 273 1157
f 286 1157 1155
f 295 286 1155
f 295 1155 1154
f 305 295 1154
f 305 1154 1137
f 314 305 1137
f 314 1137 1135
f 1133 320 314
f 1133 314 1135
f 1132 331 320
f 1132 320 1133
f 1129 336 331
f 1129 331 1132
f 1128 345 336
f 1128 336 1129
f 1101 353 345
f 1101 345 1128
f 1102 364 353
f 1102 353 1101
f 1103 371 364
f 1103 364 1102
f 1104 376 371
f 1104 371 1103
f 1105 382 376
f 1105 376 1104
f 1106 391 382
f 1106 382 1105
f 1107 398 391
f 1107 391 1106
f 1108 407 398
f 1108 398 1107
f 1109 409 407
f 1109 407 1108
f 1098 416 409
f 1098 409 1109
f 1099 418 416
f 1099 416 1098
f 1100 422 418
f 1100 418 1099
f 1096 426 422
f 1096 422 1100
f 1097 431 426
f 1097 426 1096
f 1095 436 431
f 1095 431 1097
f 1094 438 436
f 1094 436 1095
f 1093 443 438
f 1093 438 1094
f 1092 445 443
f 1092 443 1093
f 1090 451 445
f 1090 445 1092
f 1064 455 451
f 1064 451 1090
f 1066 460 455
f 1066 455 1064
f 1078 464 460
f 1078 460 1066
f 1081 468 464
f 1081 464 1078
f 1080 472 468
f 1080 468 1081
f 1079 474 472
f 1079 472 1080
f 1084 479 474
f 1084 474 1079
f 1083 483 479
f 1083 479 1084
f 1076 485 483
f 1076 483 1083
f 1075 491 485
f 1075 485 1076
f 1074 496 491
f 1074 491 1075
f 1070 500 496
f 1070 496 1074
f 1068 502 500
f 1068 500 1070
f 1069 504 502
f 1069 502 1068
f 1073 505 504
f 1073 504 1069
f 1072 508 505
f 1072 505 1073
f 1071 510 508
f 1071 508 1072
f 1082 511 510
f 1082 510 1071
f 1077 514 511
f 1077 511 1082
f 1088 516 514
f 1088 514 1077
f 1087 517 516
f 1087 516 1088
f 1086 519 517
f 1086 517 1087
f 1085 522 519
f 1085 519 1086
f 1067 524 522
f 1067 522 1085
f 1065 525 524
f 1065 524 1067
f 527 525 1065
f 527 1065 1089
f 529 527 1089
f 529 1089 1091
f 531 529 1091
f 531 1091 1110
f 534 531 1110
f 534 1110 1112
f 536 534 1112
f 536 1112 1111
f 538 536 1111
f 538 1111 1117
f 540 538 1117
f 540 1117 1116
f 542 540 1116
f 542 1116 1115
f 543 542 1115
f 543 1115 1113
f 545 543 1113
f 545 1113 1114
f 548 545 1114
f 548 1114 1126
f 550 548 1126
f 550 1126 1125
f 552 550 1125
f 552 1125 1122
f 554 552 1122
f 554 1122 1123
f 555 554 1123
f 555 1123 1124
f 558 555 1124
f 558 1124 1120
f 560 558 1120
f 560 1120 1121
f 562 560 1121
f 562 1121 1119
f 563 562 1119
f 563 1119 1118
f 565 563 1118
f 565 1118 1127
f 567 565 1127
f 567 1127 1130
f 570 567 1130
f 570 1130 1131
f 572 570 1131
f 572 1131 1134
f 574 572 1134
f 574 1134 1136
f 575 574 1136
f 575 1136 1138
f 577 575 1138
f 577 1138 1139
f 580 577 1139
f 580 1139 1140
f 582 580 1140
f 582 1140 1141
f 583 582 1141
f 583 1141 1142
f 585 583 1142
f 585 1142 1143
f 587 585 1143
f 587 1143 1144
f 590 587 1144
f 590 1144 1145
f 591 590 1145
f 591 1145 1149
f 594 591 1149
f 594 1149 1150
f 595 594 1150
f 595 1150 1147
f 83 595 1147
f 83 1147 1146
f 1344 1342 1448
f 1344 1448 1449
f 1346 1344 1449
f 1346 1449 1450
f 1347 1346 1450
f 1347 1450 1451
f 1338 1347 1451
f 1338 1451 1452
f 1340 1338 1452
f 1340 1452 1453
f 1336 1340 1453
f 1336 1453 1454
f 1348 1336 1454
f 1348 1454 1455
f 1330 1348 1455
f 1330 1455 1456
f 1332 1330 1456
f 1332 1456 1457
f 1328 1332 1457
f 1328 1457 1458
f 1334 1328 1458
f 1334 1458 1459
f 1324 1334 1459
f 1324 1459 1460
f 1461 1326 1324
f 1461 1324 1460
f 1462 1322 1326
f 1462 1326 1461
f 1463 1351 1322
f 1463 1322 1462
f 1464 1291 1351
f 1464 1351 1463
f 1465 1290 1291
f 1465 1291 1464
f 1466 1292 1290
f 1466 1290 1465
f 1467 1289 1292
f 1467 1292 1466
f 1468 1293 1289
f 1468 1289 1467
f 1469 1286 1293
f 1469 1293 1468
f 1470 1287 1286
f 1470 1286 1469
f 1471 1288 1287
f 1471 1287 1470
f 1472 1285 1288
f 1472 1288 1471
f 1473 1294 1285
f 1473 1285 1472
f 1474 1281 1294
f 1474 1294 1473
f 1475 1282 1281
f 1475 1281 1474
f 1476 1283 1282
f 1476 1282 1475
f 1477 1279 1283
f 1477 1283 1476
f 1478 1280 1279
f 1478 1279 1477
f 1479 1284 1280
f 1479 1280 1478
f 1480 1277 1284
f 1480 1284 1479
f 1481 1278 1277
f 1481 1277 1480
f 1482 1275 1278
f 1482 1278 1481
f 1483 1276 1275
f 1483 1275 1482
f 1484 1274 1276
f 1484 1276 1483
f 1485 1270 1274
f 1485 1274 1484
f 1486 1269 1270
f 1486 1270 1485
f 1487 1271 1269
f 1487 1269 1486
f 1488 1268 1271
f 1488 1271 1487
f 1489 1272 1268
f 1489 1268 1488
f 1490 1267 1272
f 1490 1272 1489
f 1491 1265 1267
f 1491 1267 1490
f 1492 1264 1265
f 1492 1265 1491
f 1493 1262 1264
f 1493 1264 1492
f 1494 1263 1262
f 1494 1262 1493
f 1495 1259 1263
f 1495 1263 1494
f 1496 1256 1259
f 1496 1259 1495
f 1497 1258 1256
f 1497 1256 1496
f 1498 1257 1258
f 1498 1258 1497
f 1499 1261 1257
f 1499 1257 1498
f 1500 1260 1261
f 1500 1261 1499
f 1501 1273 1260
f 1501 1260 1500
f 1502 1266 1273
f 1502 1273 1501
f 1503 1295 1266
f 1503 1266 1502
f 1504 1296 1295
f 1504 1295 1503
f 1505 1297 1296
f 1505 1296 1504
f 1506 1298 1297
f 1506 1297 1505
f 1507 1300 1298
f 1507 1298 1506
f 1508 1299 1300
f 1508 1300 1507
f 1308 1299 1508
f 1308 1508 1509
f 1302 1308 1509
f 1302 1509 1510
f 1301 1302 1510
f 1301 1510 1511
f 1306 1301 1511
f 1306 1511 1512
f 1303 1306 1512
f 1303 1512 1513
f 1305 1303 1513
f 1305 1513 1514
f 1304 1305 1514
f 1304 1514 1515
f 1307 1304 1515
f 1307 1515 1516
f 1309 1307 1516
f 1309 1516 1517
f 1311 1309 1517
f 1311 1517 1518
f 1310 1311 1518
f 1310 1518 1519
f 1315 1310 1519
f 1315 1519 1520
f 1312 1315 1520
f 1312 1520 1521
f 1314 1312 1521
f 1314 1521 1522
f 1313 1314 1522
f 1313 1522 1523
f 1321 1313 1523
f 1321 1523 1524
f 1317 1321 1524
f 1317 1524 1525
f 1316 1317 1525
f 1316 1525 1526
f 1320 1316 1526
f 1320 1526 1527
f 1318 1320 1527
f 1318 1527 1528
f 1319 1318 1528
f 1319 1528 1529
f 1349 1319 1529
f 1349 1529 1530
f 1325 1349 1530
f 1325 1530 1531
f 1323 1325 1531
f 1323 1531 1532
f 1333 1323 1532
f 1333 1532 1533
f 1327 1333 1533
f 1327 1533 1534
f 1331 1327 1534
f 1331 1534 1535
f 1329 1331 1535
f 1329 1535 1536
f 1350 1329 1536
f 1350 1536 1537
f 1335 1350 1537
f 1335 1537 1538
f 1339 1335 1538
f 1339 1538 1539
f 1337 1339 1539
f 1337 1539 1540
f 1345 1337 1540
f 1345 1540 1541
f 1341 1345 1541
f 1341 1541 1542
f 1343 1341 1542
f 1343 1542 1543
f 1342 1343 1543
f 1342 1543 1448
f 495 497 499
f 499 65 1448
f 499 1448 1543
f 493 495 499
f 489 492 493
f 486 487 489
f 482 484 486
f 478 480 482
f 473 475 478
f 469 471 473
f 465 467 469
f 462 463 465
f 458 459 462
f 453 456 458
f 450 452 453
f 446 448 450
f 441 444 446
f 437 440 441
f 434 435 437
f 429 432 434
f 425 427 429
f 421 423 425
f 417 419 421
f 413 415 417
f 410 412 413
f 405 408 410
f 1497 1496 405
f 1498 1497 405
f 405 410 413
f 413 417 421
f 421 425 429
f 429 434 437
f 437 441 446
f 446 450 453
f 453 458 462
f 462 465 469
f 469 473 478
f 478 482 486
f 486 489 493
f 493 499 1543
f 493 1543 1542
f 478 486 493
f 462 469 478
f 446 453 462
f 429 437 446
f 413 421 429
f 1498 405 413
f 1499 1498 413
f 413 429 446
f 446 462 478
f 478 493 1542
f 478 1542 1541
f 1500 1499 413
f 1501 1500 413
f 478 1541 1540
f 478 1540 1539
f 1501 413 446
f 1502 1501 446
f 478 1539 1538
f 478 1538 1537
f 1503 1502 446
f 1504 1503 446
f 478 1537 1536
f 478 1536 1535
f 1505 1504 446
f 1506 1505 446
f 478 1535 1534
f 478 1534 1533
f 1507 1506 446
f 1508 1507 446
f 478 1533 1532
f 478 1532 1531
f 1509 1508 446
f 1510 1509 446
f 446 478 1531
f 446 1531 1530
f 1511 1510 446
f 1512 1511 446
f 446 1530 1529
f 446 1529 1528
f 1513 1512 446
f 1514 1513 446
f 446 1528 1527
f 446 1527 1526
f 1515 1514 446
f 1516 1515 446
f 446 1526 1525
f 446 1525 1524
f 1517 1516 446
f 1518 1517 446
f 446 1524 1523
f 446 1523 1522
f 1519 1518 446
f 1520 1519 446
f 446 1522 1521
f 1521 1520 446
f 1449 1448 65
f 65 105 113
f 113 130 152
f 152 167 177
f 177 194 203
f 203 209 219
f 219 227 240
f 240 247 255
f 255 257 265
f 265 277 284
f 284 291 294
f 294 299 304
f 304 307 311
f 311 315 317
f 317 321 327
f 327 329 334
f 334 338 341
f 341 347 349
f 349 355 357
f 357 361 365
f 365 369 373
f 373 379 384
f 384 386 390
f 390 394 399
f 399 401 405
f 405 1496 1495
f 405 1495 1494
f 390 399 405
f 373 384 390
f 357 365 373
f 341 349 357
f 327 334 341
f 311 317 327
f 294 304 311
f 265 284 294
f 240 255 265
f 203 219 240
f 152 177 203
f 65 113 152
f 1450 1449 65
f 1451 1450 65
f 65 152 203
f 203 240 265
f 265 294 311
f 311 327 341
f 341 357 373
f 373 390 405
f 405 1494 1493
f 405 1493 1492
f 341 373 405
f 265 311 341
f 65 203 265
f 1452 1451 65
f 1453 1452 65
f 341 405 1492
f 341 1492 1491
f 1453 65 265
f 1454 1453 265
f 341 1491 1490
f 341 1490 1489
f 1455 1454 265
f 1456 1455 265
f 341 1489 1488
f 341 1488 1487
f 1457 1456 265
f 1458 1457 265
f 341 1487 1486
f 341 1486 1485
f 1459 1458 265
f 1460 1459 265
f 341 1485 1484
f 341 1484 1483
f 1461 1460 265
f 1462 1461 265
f 341 1483 1482
f 341 1482 1481
f 1463 1462 265
f 1464 1463 265
f 341 1481 1480
f 341 1480 1479
f 1465 1464 265
f 1466 1465 265
f 265 341 1479
f 265 1479 1478
f 1467 1466 265
f 1468 1467 265
f 265 1478 1477
f 265 1477 1476
f 1469 1468 265
f 1470 1469 265
f 265 1476 1475
f 265 1475 1474
f 1471 1470 265
f 1472 1471 265
f 265 1474 1473
f 265 1473 1472
f 105 65 1364
f 105 1364 1366
f 113 105 1366
f 113 1366 1367
f 130 113 1367
f 130 1367 1371
f 152 130 1371
f 152 1371 1372
f 167 152 1372
f 167 1372 1363
f 177 167 1363
f 177 1363 1359
f 1376 194 177
f 1376 177 1359
f 203 194 1376
f 203 1376 1375
f 209 203 1375
f 209 1375 1374
f 219 209 1374
f 219 1374 1373
f 227 219 1373
f 227 1373 1355
f 240 227 1355
f 240 1355 1353
f 1353 1377 247
f 1353 247 240
f 1379 255 247
f 1379 247 1377
f 1409 257 255
f 1409 255 1379
f 1410 265 257
f 1410 257 1409
f 1411 277 265
f 1411 265 1410
f 1412 284 277
f 1412 277 1411
f 1405 291 284
f 1405 284 1412
f 1406 294 291
f 1406 291 1405
f 1408 299 294
f 1408 294 1406
f 1407 304 299
f 1407 299 1408
f 1414 307 304
f 1414 304 1407
f 1413 311 307
f 1413 307 1414
f 1404 315 311
f 1404 311 1413
f 1403 317 315
f 1403 315 1404
f 1402 321 317
f 1402 317 1403
f 1401 327 321
f 1401 321 1402
f 1400 329 327
f 1400 327 1401
f 1399 334 329
f 1399 329 1400
f 1398 338 334
f 1398 334 1399
f 1415 341 338
f 1415 338 1398
f 1418 347 341
f 1418 341 1415
f 1419 349 347
f 1419 347 1418
f 1422 355 349
f 1422 349 1419
f 1424 357 355
f 1424 355 1422
f 1426 361 357
f 1426 357 1424
f 1435 365 361
f 1435 361 1426
f 1437 369 365
f 1437 365 1435
f 1436 373 369
f 1436 369 1437
f 1441 379 373
f 1441 373 1436
f 1440 384 379
f 1440 379 1441
f 1439 386 384
f 1439 384 1440
f 1438 390 386
f 1438 386 1439
f 1434 394 390
f 1434 390 1438
f 1433 399 394
f 1433 394 1434
f 1429 401 399
f 1429 399 1433
f 1427 405 401
f 1427 401 1429
f 1428 408 405
f 1428 405 1427
f 1432 410 408
f 1432 408 1428
f 1431 412 410
f 1431 410 1432
f 1430 413 412
f 1430 412 1431
f 1444 415 413
f 1444 413 1430
f 1447 417 415
f 1447 415 1444
f 1446 419 417
f 1446 417 1447
f 1445 421 419
f 1445 419 1446
f 1443 423 421
f 1443 421 1445
f 1442 425 423
f 1442 423 1443
f 1425 427 425
f 1425 425 1442
f 1423 429 427
f 1423 427 1425
f 432 429 1423
f 432 1423 1421
f 434 432 1421
f 434 1421 1420
f 435 434 1420
f 435 1420 1417
f 437 435 1417
f 437 1417 1416
f 440 437 1416
f 440 1416 1381
f 441 440 1381
f 441 1381 1380
f 444 441 1380
f 444 1380 1383
f 446 444 1383
f 446 1383 1382
f 448 446 1382
f 448 1382 1386
f 450 448 1386
f 450 1386 1385
f 452 450 1385
f 452 1385 1384
f 453 452 1384
f 453 1384 1396
f 456 453 1396
f 456 1396 1397
f 458 456 1397
f 458 1397 1391
f 459 458 1391
f 459 1391 1390
f 462 459 1390
f 462 1390 1389
f 463 462 1389
f 463 1389 1387
f 465 463 1387
f 465 1387 1388
f 467 465 1388
f 467 1388 1394
f 469 467 1394
f 469 1394 1395
f 471 469 1395
f 471 1395 1393
f 473 471 1393
f 473 1393 1392
f 475 473 1392
f 475 1392 1378
f 478 475 1378
f 478 1378 1352
f 480 478 1352
f 480 1352 1354
f 482 480 1354
f 482 1354 1356
f 484 482 1356
f 484 1356 1357
f 486 484 1357
f 486 1357 1358
f 487 486 1358
f 487 1358 1360
f 489 487 1360
f 489 1360 1361
f 492 489 1361
f 492 1361 1362
f 493 492 1362
f 493 1362 1368
f 495 493 1368
f 495 1368 1369
f 497 495 1369
f 497 1369 1370
f 499 497 1370
f 499 1370 1365
f 65 499 1365
f 65 1365 1364
f 1632 1630 1736
f 1632 1736 1737
f 1634 1632 1737
f 1634 1737 1738
f 1635 1634 1738
f 1635 1738 1739
f 1626 1635 1739
f 1626 1739 1740
f 1628 1626 1740
f 1628 1740 1741
f 1624 1628 1741
f 1624 1741 1742
f 1636 1624 1742
f 1636 1742 1743
f 1618 1636 1743
f 1618 1743 1744
f 1620 1618 1744
f 1620 1744 1745
f 1616 1620 1745
f 1616 1745 1746
f 1622 1616 1746
f 1622 1746 1747
f 1612 1622 1747
f 1612 1747 1748
f 1749 1614 1612
f 1749 1612 1748
f 1750 1610 1614
f 1750 1614 1749
f 1751 1639 1610
f 1751 1610 1750
f 1752 1579 1639
f 1752 1639 1751
f 1753 1578 1579
f 1753 1579 1752
f 1754 1580 1578
f 1754 1578 1753
f 1755 1577 1580
f 1755 1580 1754
f 1756 1581 1577
f 1756 1577 1755
f 1757 1574 1581
f 1757 1581 1756
f 1758 1575 1574
f 1758 1574 1757
f 1759 1576 1575
f 1759 1575 1758
f 1760 1573 1576
f 1760 1576 1759
f 1761 1582 1573
f 1761 1573 1760
f 1762 1569 1582
f 1762 1582 1761
f 1763 1570 1569
f 1763 1569 1762
f 1764 1571 1570
f 1764 1570 1763
f 1765 1567 1571
f 1765 1571 1764
f 1766 1568 1567
f 1766 1567 1765
f 1767 1572 1568
f 1767 1568 1766
f 1768 1565 1572
f 1768 1572 1767
f 1769 1566 1565
f 1769 1565 1768
f 1770 1563 1566
f 1770 1566 1769
f 1771 1564 1563
f 1771 1563 1770
f 1772 1562 1564
f 1772 1564 1771
f 1773 1558 1562
f 1773 1562 1772
f 1774 1557 1558
f 1774 1558 1773
f 1775 1559 1557
f 1775 1557 1774
f 1776 1556 1559
f 1776 1559 1775
f 1777 1560 1556
f 1777 1556 1776
f 1778 1555 1560
f 1778 1560 1777
f 1779 1553 1555
f 1779 1555 1778
f 1780 1552 1553
f 1780 1553 1779
f 1781 1550 1552
f 1781 1552 1780
f 1782 1551 1550
f 1782 1550 1781
f 1783 1547 1551
f 1783 1551 1782
f 1784 1544 1547
f 1784 1547 1783
f 1785 1546 1544
f 1785 1544 1784
f 1786 1545 1546
f 1786 1546 1785
f 1787 1549 1545
f 1787 1545 1786
f 1788 1548 1549
f 1788 1549 1787
f 1789 1561 1548
f 1789 1548 1788
f 1790 1554 1561
f 1790 1561 1789
f 1791 1583 1554
f 1791 1554 1790
f 1792 1584 1583
f 1792 1583 1791
f 1793 1585 1584
f 1793 1584 1792
f 1794 1586 1585
f 1794 1585 1793
f 1795 1588 1586
f 1795 1586 1794
f 1796 1587 1588
f 1796 1588 1795
f 1596 1587 1796
f 1596 1796 1797
f 1590 1596 1797
f 1590 1797 1798
f 1589 1590 1798
f 1589 1798 1799
f 1594 1589 1799
f 1594 1799 1800
f 1591 1594 1800
f 1591 1800 1801
f 1593 1591 1801
f 1593 1801 1802
f 1592 1593 1802
f 1592 1802 1803
f 1595 1592 1803
f 1595 1803 1804
f 1597 1595 1804
f 1597 1804 1805
f 1599 1597 1805
f 1599 1805 1806
f 1598 1599 1806
f 1598 1806 1807
f 1603 1598 1807
f 1603 1807 1808
f 1600 1603 1808
f 1600 1808 1809
f 1602 1600 1809
f 1602 1809 1810
f 1601 1602 1810
f 1601 1810 1811
f 1609 1601 1811
f 1609 1811 1812
f 1605 1609 1812
f 1605 1812 1813
f 1604 1605 1813
f 1604 1813 1814
f 1608 1604 1814
f 1608 1814 1815
f 1606 1608 1815
f 1606 1815 1816
f 1607 1606 1816
f 1607 1816 1817
f 1637 1607 1817
f 1637 1817 1818
f 1613 1637 1818
f 1613 1818 1819
f 1611 1613 1819
f 1611 1819 1820
f 1621 1611 1820
f 1621 1820 1821
f 1615 1621 1821
f 1615 1821 1822
f 1619 1615 1822
f 1619 1822 1823
f 1617 1619 1823
f 1617 1823 1824
f 1638 1617 1824
f 1638 1824 1825
f 1623 1638 1825
f 1623 1825 1826
f 1627 1623 1826
f 1627 1826 1827
f 1625 1627 1827
f 1625 1827 1828
f 1633 1625 1828
f 1633 1828 1829
f 1629 1633 1829
f 1629 1829 1830
f 1631 1629 1830
f 1631 1830 1831
f 1630 1631 1831
f 1630 1831 1736
f 400 402 403
f 403 13 89
f 89 101 109
f 109 117 127
f 127 133 144
f 144 147 159
f 159 163 173
f 173 182 185
f 185 196 198
f 198 202 206
f 206 211 216
f 216 217 221
f 221 225 231
f 231 233 238
f 238 244 246
f 246 252 254
f 254 260 261
f 261 268 270
f 270 276 279
f 279 282 288
f 288 290 292
f 292 293 296
f 296 298 300
f 300 301 303
f 303 306 308
f 308 309 312
f 312 313 316
f 316 318 319
f 319 322 324
f 324 326 328
f 328 330 332
f 332 333 335
f 335 337 339
f 339 342 1800
f 339 1800 1799
f 332 335 339
f 324 328 332
f 316 319 324
f 308 312 316
f 300 303 308
f 292 296 300
f 279 288 292
f 261 270 279
f 246 254 261
f 231 238 246
f 216 221 231
f 198 206 216
f 173 185 198
f 144 159 173
f 109 127 144
f 403 89 109
f 397 400 403
f 393 395 397
f 389 392 393
f 385 387 389
f 381 383 385
f 378 380 381
f 374 375 378
f 1817 1816 374
f 1818 1817 374
f 374 378 381
f 381 385 389
f 389 393 397
f 397 403 109
f 109 144 173
f 173 198 216
f 216 231 246
f 246 261 279
f 279 292 300
f 300 308 316
f 316 324 332
f 332 339 1799
f 332 1799 1798
f 300 316 332
f 246 279 300
f 173 216 246
f 397 109 173
f 381 389 397
f 1818 374 381
f 1819 1818 381
f 381 397 173
f 332 1798 1797
f 332 1797 1796
f 1820 1819 381
f 1821 1820 381
f 332 1796 1795
f 332 1795 1794
f 1822 1821 381
f 1823 1822 381
f 300 332 1794
f 300 1794 1793
f 1824 1823 381
f 1825 1824 381
f 300 1793 1792
f 300 1792 1791
f 1826 1825 381
f 1827 1826 381
f 300 1791 1790
f 300 1790 1789
f 1828 1827 381
f 1829 1828 381
f 300 1789 1788
f 300 1788 1787
f 1829 381 173
f 1830 1829 173
f 300 1787 1786
f 300 1786 1785
f 1831 1830 173
f 1736 1831 173
f 300 1785 1784
f 300 1784 1783
f 1737 1736 173
f 1738 1737 173
f 300 1783 1782
f 300 1782 1781
f 1739 1738 173
f 1740 1739 173
f 300 1781 1780
f 300 1780 1779
f 1741 1740 173
f 1742 1741 173
f 300 1779 1778
f 300 1778 1777
f 1743 1742 173
f 1744 1743 173
f 246 300 1777
f 246 1777 1776
f 1745 1744 173
f 1746 1745 173
f 246 1776 1775
f 246 1775 1774
f 1747 1746 173
f 1748 1747 173
f 246 1774 1773
f 246 1773 1772
f 1748 173 246
f 1749 1748 246
f 246 1772 1771
f 246 1771 1770
f 1750 1749 246
f 1751 1750 246
f 246 1770 1769
f 246 1769 1768
f 1752 1751 246
f 1753 1752 246
f 246 1768 1767
f 246 1767 1766
f 1754 1753 246
f 1755 1754 246
f 246 1766 1765
f 246 1765 1764
f 1756 1755 246
f 1757 1756 246
f 246 1764 1763
f 246 1763 1762
f 1758 1757 246
f 1759 1758 246
f 246 1762 1761
f 1760 1759 246
f 246 1761 1760
f 1801 1800 342
f 342 344 346
f 346 348 350
f 350 352 354
f 354 356 358
f 358 360 362
f 362 363 366
f 366 368 370
f 370 372 374
f 374 1816 1815
f 374 1815 1814
f 366 370 374
f 358 362 366
f 350 354 358
f 342 346 350
f 1802 1801 342
f 1803 1802 342
f 342 350 358
f 358 366 374
f 374 1814 1813
f 374 1813 1812
f 342 358 374
f 1804 1803 342
f 1805 1804 342
f 342 374 1812
f 342 1812 1811
f 1806 1805 342
f 1807 1806 342
f 342 1811 1810
f 342 1810 1809
f 1808 1807 342
f 342 1809 1808
f 89 13 1723
f 89 1723 1725
f 101 89 1725
f 101 1725 1726
f 109 101 1726
f 109 1726 1730
f 117 109 1730
f 117 1730 1731
f 127 117 1731
f 127 1731 1722
f 133 127 1722
f 133 1722 1718
f 1735 144 133
f 1735 133 1718
f 147 144 1735
f 147 1735 1734
f 159 147 1734
f 159 1734 1733
f 163 159 1733
f 163 1733 1732
f 173 163 1732
f 173 1732 1714
f 182 173 1714
f 182 1714 1712
f 1641 185 182
f 1641 182 1712
f 1643 196 185
f 1643 185 1641
f 1656 198 196
f 1656 196 1643
f 1657 202 198
f 1657 198 1656
f 1658 206 202
f 1658 202 1657
f 1659 211 206
f 1659 206 1658
f 1652 216 211
f 1652 211 1659
f 1653 217 216
f 1653 216 1652
f 1655 221 217
f 1655 217 1653
f 1654 225 221
f 1654 221 1655
f 1661 231 225
f 1661 225 1654
f 1660 233 231
f 1660 231 1661
f 1651 238 233
f 1651 233 1660
f 1650 244 238
f 1650 238 1651
f 1649 246 244
f 1649 244 1650
f 1648 252 246
f 1648 246 1649
f 1647 254 252
f 1647 252 1648
f 1646 260 254
f 1646 254 1647
f 1645 261 260
f 1645 260 1646
f 1680 268 261
f 1680 261 1645
f 1682 270 268
f 1682 268 1680
f 1684 276 270
f 1684 270 1682
f 1686 279 276
f 1686 276 1684
f 1688 282 279
f 1688 279 1686
f 1690 288 282
f 1690 282 1688
f 1699 290 288
f 1699 288 1690
f 1701 292 290
f 1701 290 1699
f 1700 293 292
f 1700 292 1701
f 1705 296 293
f 1705 293 1700
f 1704 298 296
f 1704 296 1705
f 1703 300 298
f 1703 298 1704
f 1702 301 300
f 1702 300 1703
f 1698 303 301
f 1698 301 1702
f 1697 306 303
f 1697 303 1698
f 1694 308 306
f 1694 306 1697
f 1692 309 308
f 1692 308 1694
f 1693 312 309
f 1693 309 1692
f 1696 313 312
f 1696 312 1693
f 1695 316 313
f 1695 313 1696
f 1706 318 316
f 1706 316 1695
f 1709 319 318
f 1709 318 1706
f 1711 322 319
f 1711 319 1709
f 1710 324 322
f 1710 322 1711
f 1708 326 324
f 1708 324 1710
f 1707 328 326
f 1707 326 1708
f 1691 330 328
f 1691 328 1707
f 1689 332 330
f 1689 330 1691
f 1687 333 332
f 1687 332 1689
f 335 333 1687
f 335 1687 1685
f 337 335 1685
f 337 1685 1683
f 339 337 1683
f 339 1683 1681
f 1679 342 339
f 1679 339 1681
f 344 342 1679
f 344 1679 1662
f 346 344 1662
f 346 1662 1664
f 348 346 1664
f 348 1664 1663
f 350 348 1663
f 350 1663 1668
f 352 350 1668
f 352 1668 1667
f 354 352 1667
f 354 1667 1666
f 356 354 1666
f 356 1666 1665
f 358 356 1665
f 358 1665 1678
f 360 358 1678
f 360 1678 1673
f 362 360 1673
f 362 1673 1672
f 363 362 1672
f 363 1672 1671
f 366 363 1671
f 366 1671 1669
f 368 366 1669
f 368 1669 1670
f 370 368 1670
f 370 1670 1676
f 372 370 1676
f 372 1676 1677
f 374 372 1677
f 374 1677 1675
f 375 374 1675
f 375 1675 1674
f 378 375 1674
f 378 1674 1644
f 380 378 1644
f 380 1644 1642
f 381 380 1642
f 381 1642 1640
f 383 381 1640
f 383 1640 1713
f 385 383 1713
f 385 1713 1715
f 387 385 1715
f 387 1715 1716
f 389 387 1716
f 389 1716 1717
f 392 389 1717
f 392 1717 1719
f 393 392 1719
f 393 1719 1720
f 395 393 1720
f 395 1720 1721
f 397 395 1721
f 397 1721 1727
f 400 397 1727
f 400 1727 1728
f 402 400 1728
f 402 1728 1729
f 403 402 1729
f 403 1729 1724
f 13 403 1724
f 13 1724 1723
f 1846 1833 1835
f 1835 1834 1832
f 1832 1842 1846
f 1846 1835 1832
f 1842 1833 1846
f 1853 1849 1850
f 1853 1850 1854
f 2289 2288 87
f 96 1954 1955
f 96 1955 1958
f 2290 2289 87
f 2291 2290 87
f 96 1958 1960
f 96 1960 1961
f 2292 2291 87
f 2307 2292 87
f 96 1961 1963
f 96 1963 1964
f 2308 2307 87
f 2309 2308 87
f 96 1964 1965
f 96 1965 1966
f 2310 2309 87
f 2311 2310 87
f 96 1966 1967
f 96 1967 1969
f 2302 2311 87
f 2303 2302 87
f 87 96 1969
f 87 1969 1968
f 2306 2303 87
f 2305 2306 87
f 87 1968 1972
f 87 1972 1971
f 2304 2305 87
f 2313 2304 87
f 87 1971 1970
f 87 1970 1982
f 2312 2313 87
f 2301 2312 87
f 87 1982 1981
f 87 1981 1980
f 2300 2301 87
f 2300 87 1980
f 2300 1980 1979
f 2299 2300 1979
f 2299 1979 1978
f 2298 2299 1978
f 2298 1978 1977
f 2297 2298 1977
f 2297 1977 1976
f 2296 2297 1976
f 2296 1976 1975
f 2295 2296 1975
f 2295 1975 1974
f 2294 2295 1974
f 2294 1974 1973
f 2293 2294 1973
f 2293 1973 1984
f 2287 2293 1984
f 2287 1984 2009
f 2286 2287 2009
f 2286 2009 2010
f 2285 2286 2010
f 2285 2010 2012
f 2284 2285 2012
f 2284 2012 2014
f 2283 2284 2014
f 2283 2014 2016
f 2282 2283 2016
f 2282 2016 2018
f 2281 2282 2018
f 2281 2018 2020
f 2280 2281 2020
f 2280 2020 2022
f 2279 2280 2022
f 2279 2022 2023
f 2278 2279 2023
f 2278 2023 2021
f 2277 2278 2021
f 2277 2021 2019
f 2276 2277 2019
f 2276 2019 2017
f 2275 2276 2017
f 2275 2017 2015
f 2274 2275 2015
f 2274 2015 2013
f 2273 2274 2013
f 2273 2013 2011
f 2272 2273 2011
f 2272 2011 2008
f 2271 2272 2008
f 2271 2008 1996
f 2270 2271 1996
f 2270 1996 1998
f 2269 2270 1998
f 2269 1998 1997
f 2268 2269 1997
f 2268 1997 2001
f 2248 2268 2001
f 2248 2001 2000
f 2251 2248 2000
f 2251 2000 1999
f 2250 2251 1999
f 2250 1999 2006
f 2249 2250 2006
f 2249 2006 2005
f 2255 2249 2005
f 2255 2005 2004
f 2254 2255 2004
f 2254 2004 2003
f 2253 2254 2003
f 2253 2003 2002
f 2252 2253 2002
f 2252 2002 2007
f 2266 2252 2007
f 2266 2007 1992
f 2267 2266 1992
f 2267 1992 1991
f 2260 2267 1991
f 2260 1991 1990
f 2259 2260 1990
f 2259 1990 1993
f 2258 2259 1993
f 2258 1993 1994
f 2257 2258 1994
f 2257 1994 1995
f 1956 1953 1832
f 1834 2243 2244
f 1834 2244 2245
f 1957 1956 1832
f 1959 1957 1832
f 1834 2245 2246
f 1834 2246 2247
f 1962 1959 1832
f 1983 1962 1832
f 1834 2247 2261
f 1834 2261 2262
f 1986 1983 1832
f 1985 1986 1832
f 1834 2262 2265
f 1834 2265 2264
f 1989 1985 1832
f 1988 1989 1832
f 1834 2264 2263
f 1834 2263 2256
f 1987 1988 1832
f 1995 1987 1832
f 1832 1834 2256
f 2257 1995 1832
f 1832 2256 2257
f 87 2288 2315
f 87 2315 2317
f 2314 2243 1834
f 2316 2314 1834
f 87 2317 2318
f 87 2318 2321
f 2319 2316 1834
f 2338 2319 1834
f 87 2321 2320
f 87 2320 2322
f 2340 2338 1834
f 2339 2340 1834
f 87 2322 2328
f 87 2328 2327
f 2323 2339 1834
f 2324 2323 1834
f 87 2327 2326
f 87 2326 2337
f 2325 2324 1834
f 2334 2325 1834
f 1834 87 2337
f 1834 2337 2336
f 2335 2334 1834
f 2331 2335 1834
f 1834 2336 2333
f 1834 2333 2330
f 2332 2331 1834
f 1834 2330 2329
f 1834 2329 2332
f 2024 1954 96
f 1832 1953 2025
f 1832 2025 2027
f 2026 2024 96
f 2029 2026 96
f 1832 2027 2028
f 1832 2028 2039
f 2048 2029 96
f 2050 2048 96
f 1832 2039 2040
f 1832 2040 2041
f 2049 2050 96
f 2042 2049 96
f 1832 2041 2043
f 1832 2043 2044
f 2047 2042 96
f 2046 2047 96
f 1832 2044 2045
f 1832 2045 2034
f 2038 2046 96
f 2037 2038 96
f 96 1832 2034
f 96 2034 2035
f 2036 2037 96
f 2033 2036 96
f 96 2035 2031
f 96 2031 2032
f 2030 2033 96
f 96 2032 2030
f 1855 43 87
f 87 1834 1851
f 1855 87 1851
f 43 1855 1856
f 1856 1855 1851
f 1851 1837 49
f 49 43 1856
f 1856 1851 49
f 96 87 43
f 53 1854 1850
f 96 43 53
f 71 73 96
f 53 1850 71
f 53 71 96
f 1854 53 43
f 1854 43 49
f 58 73 71
f 58 71 1850
f 1847 1832 96
f 1847 96 73
f 58 1836 1847
f 58 1847 73
f 1906 1905 35
f 46 1883 1879
f 46 1879 1876
f 1951 1906 35
f 1933 1951 35
f 46 1876 1881
f 46 1881 1873
f 1931 1933 35
f 1939 1931 35
f 46 1873 1875
f 46 1875 1871
f 1937 1939 35
f 1935 1937 35
f 46 1871 1869
f 46 1869 1865
f 1935 35 26
f 1950 1935 26
f 4 46 1865
f 4 1865 1862
f 1942 1950 26
f 1940 1942 26
f 4 1862 1868
f 4 1868 1860
f 1947 1940 26
f 1945 1947 26
f 4 1860 1861
f 4 1861 1858
f 1944 1945 26
f 1946 1944 26
f 4 1858 1857
f 4 1857 1859
f 1943 1946 26
f 1949 1943 26
f 4 1859 1867
f 4 1867 1864
f 1941 1949 26
f 1948 1941 26
f 4 1864 1863
f 4 1863 1866
f 1934 1948 26
f 1936 1934 26
f 4 1866 1870
f 4 1870 1874
f 1938 1936 26
f 1930 1938 26
f 4 1874 1872
f 4 1872 1880
f 1932 1930 26
f 1952 1932 26
f 4 1880 1878
f 4 1878 1877
f 1926 1952 26
f 1927 1926 26
f 4 1877 1882
f 4 1882 1884
f 1927 26 4
f 1924 1927 4
f 4 1884 1888
f 4 1888 1886
f 1925 1924 4
f 1928 1925 4
f 4 1886 1910
f 4 1910 1913
f 1921 1928 4
f 1922 1921 4
f 4 1913 1912
f 4 1912 1911
f 1923 1922 4
f 1919 1923 4
f 4 1911 1918
f 4 1918 1914
f 1920 1919 4
f 1929 1920 4
f 4 1914 1917
f 4 1917 1915
f 1916 1929 4
f 4 1915 1916
f 1885 1883 46
f 35 1905 1907
f 35 1907 1903
f 1885 46 35
f 1889 1885 35
f 35 1903 1904
f 35 1904 1908
f 1887 1889 35
f 1896 1887 35
f 35 1908 1900
f 35 1900 1901
f 1891 1896 35
f 1890 1891 35
f 35 1901 1899
f 35 1899 1902
f 1895 1890 35
f 1892 1895 35
f 35 1902 1897
f 35 1897 1898
f 1894 1892 35
f 1893 1894 35
f 35 1898 1909
f 35 1909 1893
f 64 4 26
f 64 26 1848
f 1849 1848 26
f 26 35 1850
f 1849 26 1850
f 35 46 58
f 35 58 1850
f 1836 58 46
f 46 4 64
f 1836 46 64
f 2196 2195 18
f 30 2173 2169
f 30 2169 2166
f 2241 2196 18
f 2223 2241 18
f 30 2166 2171
f 30 2171 2163
f 2221 2223 18
f 2229 2221 18
f 30 2163 2165
f 30 2165 2161
f 2227 2229 18
f 2225 2227 18
f 30 2161 2159
f 30 2159 2155
f 2225 18 9
f 2240 2225 9
f 6 30 2155
f 6 2155 2152
f 2232 2240 9
f 2230 2232 9
f 6 2152 2158
f 6 2158 2150
f 2237 2230 9
f 2235 2237 9
f 6 2150 2151
f 6 2151 2148
f 2234 2235 9
f 2236 2234 9
f 6 2148 2147
f 6 2147 2149
f 2233 2236 9
f 2239 2233 9
f 6 2149 2157
f 6 2157 2154
f 2231 2239 9
f 2238 2231 9
f 6 2154 2153
f 6 2153 2156
f 2224 2238 9
f 2226 2224 9
f 6 2156 2160
f 6 2160 2164
f 2228 2226 9
f 2220 2228 9
f 6 2164 2162
f 6 2162 2170
f 2222 2220 9
f 2242 2222 9
f 6 2170 2168
f 6 2168 2167
f 2216 2242 9
f 2217 2216 9
f 6 2167 2172
f 6 2172 2174
f 2217 9 6
f 2214 2217 6
f 6 2174 2178
f 6 2178 2176
f 2215 2214 6
f 2218 2215 6
f 6 2176 2200
f 6 2200 2203
f 2211 2218 6
f 2212 2211 6
f 6 2203 2202
f 6 2202 2201
f 2213 2212 6
f 2209 2213 6
f 6 2201 2208
f 6 2208 2204
f 2210 2209 6
f 2219 2210 6
f 6 2204 2207
f 6 2207 2205
f 2206 2219 6
f 6 2205 2206
f 2175 2173 30
f 18 2195 2197
f 18 2197 2193
f 2175 30 18
f 2179 2175 18
f 18 2193 2194
f 18 2194 2198
f 2177 2179 18
f 2186 2177 18
f 18 2198 2190
f 18 2190 2191
f 2181 2186 18
f 2180 2181 18
f 18 2191 2189
f 18 2189 2192
f 2185 2180 18
f 2182 2185 18
f 18 2192 2187
f 18 2187 2188
f 2184 2182 18
f 2183 2184 18
f 18 2188 2199
f 18 2199 2183
f 1852 6 9
f 1852 9 80
f 1837 80 9
f 9 18 49
f 1837 9 49
f 49 18 30
f 49 30 1854
f 1853 1854 30
f 30 6 1852
f 1853 30 1852
f 1945 1944 2052
f 1945 2052 2051
f 1947 1945 2051
f 1947 2051 2053
f 1940 1947 2053
f 1940 2053 2054
f 1942 1940 2054
f 1942 2054 2055
f 1950 1942 2055
f 1950 2055 2056
f 1935 1950 2056
f 1935 2056 2057
f 1937 1935 2057
f 1937 2057 2058
f 1939 1937 2058
f 1939 2058 2059
f 1931 1939 2059
f 1931 2059 2060
f 1933 1931 2060
f 1933 2060 2061
f 1951 1933 2061
f 1951 2061 2062
f 1906 1951 2062
f 1906 2062 2063
f 2064 1905 1906
f 2064 1906 2063
f 2065 1907 1905
f 2065 1905 2064
f 2066 1903 1907
f 2066 1907 2065
f 2067 1904 1903
f 2067 1903 2066
f 2068 1908 1904
f 2068 1904 2067
f 2069 1900 1908
f 2069 1908 2068
f 2070 1901 1900
f 2070 1900 2069
f 2071 1899 1901
f 2071 1901 2070
f 2072 1902 1899
f 2072 1899 2071
f 2073 1897 1902
f 2073 1902 2072
f 2074 1898 1897
f 2074 1897 2073
f 2075 1909 1898
f 2075 1898 2074
f 2076 1893 1909
f 2076 1909 2075
f 2077 1894 1893
f 2077 1893 2076
f 2078 1892 1894
f 2078 1894 2077
f 2079 1895 1892
f 2079 1892 2078
f 2080 1890 1895
f 2080 1895 2079
f 2081 1891 1890
f 2081 1890 2080
f 2082 1896 1891
f 2082 1891 2081
f 2083 1887 1896
f 2083 1896 2082
f 2084 1889 1887
f 2084 1887 2083
f 2085 1885 1889
f 2085 1889 2084
f 2086 1883 1885
f 2086 1885 2085
f 2087 1879 1883
f 2087 1883 2086
f 2088 1876 1879
f 2088 1879 2087
f 2089 1881 1876
f 2089 1876 2088
f 2090 1873 1881
f 2090 1881 2089
f 2091 1875 1873
f 2091 1873 2090
f 2092 1871 1875
f 2092 1875 2091
f 2093 1869 1871
f 2093 1871 2092
f 2094 1865 1869
f 2094 1869 2093
f 2095 1862 1865
f 2095 1865 2094
f 2096 1868 1862
f 2096 1862 2095
f 2097 1860 1868
f 2097 1868 2096
f 2098 1861 1860
f 2098 1860 2097
f 2099 1858 1861
f 2099 1861 2098
f 2100 1857 1858
f 2100 1858 2099
f 2101 1859 1857
f 2101 1857 2100
f 2102 1867 1859
f 2102 1859 2101
f 2103 1864 1867
f 2103 1867 2102
f 2104 1863 1864
f 2104 1864 2103
f 2105 1866 1863
f 2105 1863 2104
f 2106 1870 1866
f 2106 1866 2105
f 2107 1874 1870
f 2107 1870 2106
f 2108 1872 1874
f 2108 1874 2107
f 2109 1880 1872
f 2109 1872 2108
f 2110 1878 1880
f 2110 1880 2109
f 2111 1877 1878
f 2111 1878 2110
f 1882 1877 2111
f 1882 2111 2112
f 1884 1882 2112
f 1884 2112 2113
f 1888 1884 2113
f 1888 2113 2114
f 1886 1888 2114
f 1886 2114 2115
f 1910 1886 2115
f 1910 2115 2116
f 1913 1910 2116
f 1913 2116 2117
f 1912 1913 2117
f 1912 2117 2118
f 1911 1912 2118
f 1911 2118 2119
f 1918 1911 2119
f 1918 2119 2120
f 1914 1918 2120
f 1914 2120 2121
f 1917 1914 2121
f 1917 2121 2122
f 1915 1917 2122
f 1915 2122 2123
f 1916 1915 2123
f 1916 2123 2124
f 1929 1916 2124
f 1929 2124 2125
f 1920 1929 2125
f 1920 2125 2126
f 1919 1920 2126
f 1919 2126 2127
f 1923 1919 2127
f 1923 2127 2128
f 1922 1923 2128
f 1922 2128 2129
f 1921 1922 2129
f 1921 2129 2130
f 1928 1921 2130
f 1928 2130 2131
f 1925 1928 2131
f 1925 2131 2132
f 1924 1925 2132
f 1924 2132 2133
f 1927 1924 2133
f 1927 2133 2134
f 1926 1927 2134
f 1926 2134 2135
f 1952 1926 2135
f 1952 2135 2136
f 1932 1952 2136
f 1932 2136 2137
f 1930 1932 2137
f 1930 2137 2138
f 1938 1930 2138
f 1938 2138 2139
f 1936 1938 2139
f 1936 2139 2140
f 1934 1936 2140
f 1934 2140 2141
f 1948 1934 2141
f 1948 2141 2142
f 1941 1948 2142
f 1941 2142 2143
f 1949 1941 2143
f 1949 2143 2144
f 1943 1949 2144
f 1943 2144 2145
f 1946 1943 2145
f 1946 2145 2146
f 1944 1946 2146
f 1944 2146 2052
f 283 285 287
f 287 2 2052
f 287 2052 2146
f 281 283 287
f 278 280 281
f 274 275 278
f 269 271 274
f 266 267 269
f 262 264 266
f 258 259 262
f 253 256 258
f 249 251 253
f 245 248 249
f 242 243 245
f 237 239 242
f 234 235 237
f 230 232 234
f 226 228 230
f 222 224 226
f 218 220 222
f 213 215 218
f 210 212 213
f 205 208 210
f 201 204 205
f 197 199 201
f 193 195 197
f 2100 2099 193
f 2101 2100 193
f 193 197 201
f 201 205 210
f 210 213 218
f 218 222 226
f 226 230 234
f 234 237 242
f 242 245 249
f 249 253 258
f 258 262 266
f 266 269 274
f 274 278 281
f 281 287 2146
f 281 2146 2145
f 266 274 281
f 249 258 266
f 234 242 249
f 218 226 234
f 201 210 218
f 2101 193 201
f 2102 2101 201
f 201 218 234
f 234 249 266
f 266 281 2145
f 266 2145 2144
f 2103 2102 201
f 2104 2103 201
f 266 2144 2143
f 266 2143 2142
f 2104 201 234
f 2105 2104 234
f 266 2142 2141
f 266 2141 2140
f 2106 2105 234
f 2107 2106 234
f 266 2140 2139
f 266 2139 2138
f 2108 2107 234
f 2109 2108 234
f 266 2138 2137
f 266 2137 2136
f 2110 2109 234
f 2111 2110 234
f 266 2136 2135
f 266 2135 2134
f 2112 2111 234
f 2113 2112 234
f 234 266 2134
f 234 2134 2133
f 2114 2113 234
f 2115 2114 234
f 234 2133 2132
f 234 2132 2131
f 2116 2115 234
f 2117 2116 234
f 234 2131 2130
f 234 2130 2129
f 2118 2117 234
f 2119 2118 234
f 234 2129 2128
f 234 2128 2127
f 2120 2119 234
f 2121 2120 234
f 234 2127 2126
f 234 2126 2125
f 2122 2121 234
f 2123 2122 234
f 234 2125 2124
f 2124 2123 234
f 2051 2052 2
f 2 7 11
f 11 15 19
f 19 23 27
f 27 32 33
f 33 38 42
f 42 48 51
f 51 56 60
f 60 61 67
f 67 69 76
f 76 78 82
f 82 86 92
f 92 94 100
f 100 103 107
f 107 111 115
f 115 119 124
f 124 126 132
f 132 136 140
f 140 142 145
f 145 149 155
f 155 157 162
f 162 165 172
f 172 175 180
f 180 183 188
f 188 192 193
f 193 2099 2098
f 193 2098 2097
f 180 188 193
f 162 172 180
f 145 155 162
f 132 140 145
f 115 124 132
f 100 107 115
f 82 92 100
f 67 76 82
f 51 60 67
f 33 42 51
f 19 27 33
f 2 11 19
f 2053 2051 2
f 2054 2053 2
f 2 19 33
f 33 51 67
f 67 82 100
f 100 115 132
f 132 145 162
f 162 180 193
f 193 2097 2096
f 193 2096 2095
f 132 162 193
f 67 100 132
f 2 33 67
f 2055 2054 2
f 2056 2055 2
f 132 193 2095
f 132 2095 2094
f 2056 2 67
f 2057 2056 67
f 132 2094 2093
f 132 2093 2092
f 2058 2057 67
f 2059 2058 67
f 132 2092 2091
f 132 2091 2090
f 2060 2059 67
f 2061 2060 67
f 132 2090 2089
f 132 2089 2088
f 2062 2061 67
f 2063 2062 67
f 132 2088 2087
f 132 2087 2086
f 2064 2063 67
f 2065 2064 67
f 132 2086 2085
f 132 2085 2084
f 2066 2065 67
f 2067 2066 67
f 132 2084 2083
f 132 2083 2082
f 2068 2067 67
f 2069 2068 67
f 67 132 2082
f 67 2082 2081
f 2070 2069 67
f 2071 2070 67
f 67 2081 2080
f 67 2080 2079
f 2072 2071 67
f 2073 2072 67
f 67 2079 2078
f 67 2078 2077
f 2074 2073 67
f 2075 2074 67
f 67 2077 2076
f 67 2076 2075
f 7 2 2021
f 7 2021 2023
f 11 7 2023
f 11 2023 2022
f 15 11 2022
f 15 2022 2020
f 19 15 2020
f 19 2020 2018
f 23 19 2018
f 23 2018 2016
f 27 23 2016
f 27 2016 2014
f 32 27 2014
f 32 2014 2012
f 33 32 2012
f 33 2012 2010
f 38 33 2010
f 38 2010 2009
f 42 38 2009
f 42 2009 1984
f 48 42 1984
f 48 1984 1973
f 51 48 1973
f 51 1973 1974
f 1975 56 51
f 1975 51 1974
f 1976 60 56
f 1976 56 1975
f 1977 61 60
f 1977 60 1976
f 1978 67 61
f 1978 61 1977
f 1979 69 67
f 1979 67 1978
f 1980 76 69
f 1980 69 1979
f 1981 78 76
f 1981 76 1980
f 1982 82 78
f 1982 78 1981
f 1970 86 82
f 1970 82 1982
f 1971 92 86
f 1971 86 1970
f 1972 94 92
f 1972 92 1971
f 1968 100 94
f 1968 94 1972
f 1969 103 100
f 1969 100 1968
f 1967 107 103
f 1967 103 1969
f 1966 111 107
f 1966 107 1967
f 1965 115 111
f 1965 111 1966
f 1964 119 115
f 1964 115 1965
f 1963 124 119
f 1963 119 1964
f 1961 126 124
f 1961 124 1963
f 1960 132 126
f 1960 126 1961
f 1958 136 132
f 1958 132 1960
f 1955 140 136
f 1955 136 1958
f 1954 2024 142
f 142 140 1955
f 1954 142 1955
f 2026 145 142
f 2026 142 2024
f 2029 149 145
f 2029 145 2026
f 2048 155 149
f 2048 149 2029
f 2050 157 155
f 2050 155 2048
f 2049 162 157
f 2049 157 2050
f 2042 165 162
f 2042 162 2049
f 2047 172 165
f 2047 165 2042
f 2046 175 172
f 2046 172 2047
f 2038 180 175
f 2038 175 2046
f 2037 183 180
f 2037 180 2038
f 2036 188 183
f 2036 183 2037
f 2033 192 188
f 2033 188 2036
f 2030 193 192
f 2030 192 2033
f 2032 195 193
f 2032 193 2030
f 2031 197 195
f 2031 195 2032
f 2035 199 197
f 2035 197 2031
f 2034 201 199
f 2034 199 2035
f 2045 204 201
f 2045 201 2034
f 2044 205 204
f 2044 204 2045
f 2043 208 205
f 2043 205 2044
f 2041 210 208
f 2041 208 2043
f 2040 212 210
f 2040 210 2041
f 2039 213 212
f 2039 212 2040
f 2028 215 213
f 2028 213 2039
f 2027 218 215
f 2027 215 2028
f 220 218 2027
f 220 2027 2025
f 1953 1956 222
f 222 220 2025
f 1953 222 2025
f 224 222 1956
f 224 1956 1957
f 226 224 1957
f 226 1957 1959
f 228 226 1959
f 228 1959 1962
f 230 228 1962
f 230 1962 1983
f 232 230 1983
f 232 1983 1986
f 234 232 1986
f 234 1986 1985
f 235 234 1985
f 235 1985 1989
f 237 235 1989
f 237 1989 1988
f 239 237 1988
f 239 1988 1987
f 242 239 1987
f 242 1987 1995
f 243 242 1995
f 243 1995 1994
f 245 243 1994
f 245 1994 1993
f 248 245 1993
f 248 1993 1990
f 249 248 1990
f 249 1990 1991
f 251 249 1991
f 251 1991 1992
f 253 251 1992
f 253 1992 2007
f 256 253 2007
f 256 2007 2002
f 258 256 2002
f 258 2002 2003
f 259 258 2003
f 259 2003 2004
f 262 259 2004
f 262 2004 2005
f 264 262 2005
f 264 2005 2006
f 266 264 2006
f 266 2006 1999
f 267 266 1999
f 267 1999 2000
f 269 267 2000
f 269 2000 2001
f 271 269 2001
f 271 2001 1997
f 274 271 1997
f 274 1997 1998
f 275 274 1998
f 275 1998 1996
f 278 275 1996
f 278 1996 2008
f 280 278 2008
f 280 2008 2011
f 281 280 2011
f 281 2011 2013
f 283 281 2013
f 283 2013 2015
f 285 283 2015
f 285 2015 2017
f 287 285 2017
f 287 2017 2019
f 2 287 2019
f 2 2019 2021
f 2235 2234 2342
f 2235 2342 2341
f 2237 2235 2341
f 2237 2341 2343
f 2230 2237 2343
f 2230 2343 2344
f 2232 2230 2344
f 2232 2344 2345
f 2240 2232 2345
f 2240 2345 2346
f 2225 2240 2346
f 2225 2346 2347
f 2227 2225 2347
f 2227 2347 2348
f 2229 2227 2348
f 2229 2348 2349
f 2221 2229 2349
f 2221 2349 2350
f 2223 2221 2350
f 2223 2350 2351
f 2241 2223 2351
f 2241 2351 2352
f 2196 2241 2352
f 2196 2352 2353
f 2354 2195 2196
f 2354 2196 2353
f 2355 2197 2195
f 2355 2195 2354
f 2356 2193 2197
f 2356 2197 2355
f 2357 2194 2193
f 2357 2193 2356
f 2358 2198 2194
f 2358 2194 2357
f 2359 2190 2198
f 2359 2198 2358
f 2360 2191 2190
f 2360 2190 2359
f 2361 2189 2191
f 2361 2191 2360
f 2362 2192 2189
f 2362 2189 2361
f 2363 2187 2192
f 2363 2192 2362
f 2364 2188 2187
f 2364 2187 2363
f 2365 2199 2188
f 2365 2188 2364
f 2366 2183 2199
f 2366 2199 2365
f 2367 2184 2183
f 2367 2183 2366
f 2368 2182 2184
f 2368 2184 2367
f 2369 2185 2182
f 2369 2182 2368
f 2370 2180 2185
f 2370 2185 2369
f 2371 2181 2180
f 2371 2180 2370
f 2372 2186 2181
f 2372 2181 2371
f 2373 2177 2186
f 2373 2186 2372
f 2374 2179 2177
f 2374 2177 2373
f 2375 2175 2179
f 2375 2179 2374
f 2376 2173 2175
f 2376 2175 2375
f 2377 2169 2173
f 2377 2173 2376
f 2378 2166 2169
f 2378 2169 2377
f 2379 2171 2166
f 2379 2166 2378
f 2380 2163 2171
f 2380 2171 2379
f 2381 2165 2163
f 2381 2163 2380
f 2382 2161 2165
f 2382 2165 2381
f 2383 2159 2161
f 2383 2161 2382
f 2384 2155 2159
f 2384 2159 2383
f 2385 2152 2155
f 2385 2155 2384
f 2386 2158 2152
f 2386 2152 2385
f 2387 2150 2158
f 2387 2158 2386
f 2388 2151 2150
f 2388 2150 2387
f 2389 2148 2151
f 2389 2151 2388
f 2390 2147 2148
f 2390 2148 2389
f 2391 2149 2147
f 2391 2147 2390
f 2392 2157 2149
f 2392 2149 2391
f 2393 2154 2157
f 2393 2157 2392
f 2394 2153 2154
f 2394 2154 2393
f 2395 2156 2153
f 2395 2153 2394
f 2396 2160 2156
f 2396 2156 2395
f 2397 2164 2160
f 2397 2160 2396
f 2398 2162 2164
f 2398 2164 2397
f 2399 2170 2162
f 2399 2162 2398
f 2400 2168 2170
f 2400 2170 2399
f 2401 2167 2168
f 2401 2168 2400
f 2172 2167 2401
f 2172 2401 2402
f 2174 2172 2402
f 2174 2402 2403
f 2178 2174 2403
f 2178 2403 2404
f 2176 2178 2404
f 2176 2404 2405
f 2200 2176 2405
f 2200 2405 2406
f 2203 2200 2406
f 2203 2406 2407
f 2202 2203 2407
f 2202 2407 2408
f 2201 2202 2408
f 2201 2408 2409
f 2208 2201 2409
f 2208 2409 2410
f 2204 2208 2410
f 2204 2410 2411
f 2207 2204 2411
f 2207 2411 2412
f 2205 2207 2412
f 2205 2412 2413
f 2206 2205 2413
f 2206 2413 2414
f 2219 2206 2414
f 2219 2414 2415
f 2210 2219 2415
f 2210 2415 2416
f 2209 2210 2416
f 2209 2416 2417
f 2213 2209 2417
f 2213 2417 2418
f 2212 2213 2418
f 2212 2418 2419
f 2211 2212 2419
f 2211 2419 2420
f 2218 2211 2420
f 2218 2420 2421
f 2215 2218 2421
f 2215 2421 2422
f 2214 2215 2422
f 2214 2422 2423
f 2217 2214 2423
f 2217 2423 2424
f 2216 2217 2424
f 2216 2424 2425
f 2242 2216 2425
f 2242 2425 2426
f 2222 2242 2426
f 2222 2426 2427
f 2220 2222 2427
f 2220 2427 2428
f 2228 2220 2428
f 2228 2428 2429
f 2226 2228 2429
f 2226 2429 2430
f 2224 2226 2430
f 2224 2430 2431
f 2238 2224 2431
f 2238 2431 2432
f 2231 2238 2432
f 2231 2432 2433
f 2239 2231 2433
f 2239 2433 2434
f 2233 2239 2434
f 2233 2434 2435
f 2236 2233 2435
f 2236 2435 2436
f 2234 2236 2436
f 2234 2436 2342
f 191 1 2342
f 191 2342 2436
f 187 189 191
f 184 186 187
f 179 181 184
f 176 178 179
f 171 174 176
f 168 170 171
f 164 166 168
f 160 161 164
f 156 158 160
f 151 153 156
f 148 150 151
f 143 146 148
f 139 141 143
f 135 137 139
f 131 134 135
f 128 129 131
f 123 125 128
f 120 122 123
f 116 118 120
f 112 114 116
f 108 110 112
f 104 106 108
f 99 102 104
f 2389 98 99
f 2390 2389 99
f 99 104 108
f 108 112 116
f 116 120 123
f 123 128 131
f 131 135 139
f 139 143 148
f 148 151 156
f 156 160 164
f 164 168 171
f 171 176 179
f 179 184 187
f 187 191 2436
f 187 2436 2435
f 171 179 187
f 156 164 171
f 139 148 156
f 123 131 139
f 108 116 123
f 2390 99 108
f 2391 2390 108
f 108 123 139
f 139 156 171
f 171 187 2435
f 171 2435 2434
f 2392 2391 108
f 2393 2392 108
f 171 2434 2433
f 171 2433 2432
f 2394 2393 108
f 2395 2394 108
f 171 2432 2431
f 171 2431 2430
f 2395 108 139
f 2396 2395 139
f 171 2430 2429
f 171 2429 2428
f 2397 2396 139
f 2398 2397 139
f 171 2428 2427
f 171 2427 2426
f 2399 2398 139
f 2400 2399 139
f 171 2426 2425
f 171 2425 2424
f 2401 2400 139
f 2402 2401 139
f 139 171 2424
f 139 2424 2423
f 2403 2402 139
f 2404 2403 139
f 139 2423 2422
f 139 2422 2421
f 2405 2404 139
f 2406 2405 139
f 139 2421 2420
f 139 2420 2419
f 2407 2406 139
f 2408 2407 139
f 139 2419 2418
f 139 2418 2417
f 2409 2408 139
f 2410 2409 139
f 139 2417 2416
f 139 2416 2415
f 2411 2410 139
f 2412 2411 139
f 139 2415 2414
f 2413 2412 139
f 2414 2413 139
f 2341 2342 1
f 1 3 5
f 5 8 10
f 10 12 14
f 14 16 17
f 17 20 22
f 22 24 25
f 25 28 29
f 29 31 34
f 34 36 37
f 37 40 41
f 41 44 45
f 45 47 50
f 50 52 54
f 54 55 57
f 57 59 62
f 62 63 66
f 66 68 70
f 70 72 74
f 74 75 77
f 77 79 81
f 81 84 85
f 85 88 90
f 90 91 93
f 93 95 98
f 98 2389 2388
f 98 2388 2387
f 90 93 98
f 81 85 90
f 74 77 81
f 66 70 74
f 57 62 66
f 50 54 57
f 41 45 50
f 34 37 41
f 25 29 34
f 17 22 25
f 10 14 17
f 1 5 10
f 2343 2341 1
f 2344 2343 1
f 1 10 17
f 17 25 34
f 34 41 50
f 50 57 66
f 66 74 81
f 81 90 98
f 98 2387 2386
f 98 2386 2385
f 66 81 98
f 34 50 66
f 1 17 34
f 2345 2344 1
f 2346 2345 1
f 66 98 2385
f 66 2385 2384
f 2346 1 34
f 2347 2346 34
f 66 2384 2383
f 66 2383 2382
f 2348 2347 34
f 2349 2348 34
f 66 2382 2381
f 66 2381 2380
f 2350 2349 34
f 2351 2350 34
f 66 2380 2379
f 66 2379 2378
f 2352 2351 34
f 2353 2352 34
f 66 2378 2377
f 66 2377 2376
f 2354 2353 34
f 2355 2354 34
f 66 2376 2375
f 66 2375 2374
f 2356 2355 34
f 2357 2356 34
f 66 2374 2373
f 66 2373 2372
f 2358 2357 34
f 2359 2358 34
f 34 66 2372
f 34 2372 2371
f 2360 2359 34
f 2361 2360 34
f 34 2371 2370
f 34 2370 2369
f 2362 2361 34
f 2363 2362 34
f 34 2369 2368
f 34 2368 2367
f 2364 2363 34
f 2365 2364 34
f 34 2367 2366
f 34 2366 2365
f 3 1 2329
f 3 2329 2330
f 5 3 2330
f 5 2330 2333
f 8 5 2333
f 8 2333 2336
f 10 8 2336
f 10 2336 2337
f 12 10 2337
f 12 2337 2326
f 14 12 2326
f 14 2326 2327
f 16 14 2327
f 16 2327 2328
f 17 16 2328
f 17 2328 2322
f 20 17 2322
f 20 2322 2320
f 22 20 2320
f 22 2320 2321
f 24 22 2321
f 24 2321 2318
f 25 24 2318
f 25 2318 2317
f 2315 28 25
f 2315 25 2317
f 2288 2289 29
f 29 28 2315
f 29 2315 2288
f 2290 31 29
f 2290 29 2289
f 2291 34 31
f 2291 31 2290
f 2292 36 34
f 2292 34 2291
f 2307 37 36
f 2307 36 2292
f 2308 40 37
f 2308 37 2307
f 2309 41 40
f 2309 40 2308
f 2310 44 41
f 2310 41 2309
f 2311 45 44
f 2311 44 2310
f 2302 47 45
f 2302 45 2311
f 2303 50 47
f 2303 47 2302
f 2306 52 50
f 2306 50 2303
f 2305 54 52
f 2305 52 2306
f 2304 55 54
f 2304 54 2305
f 2313 57 55
f 2313 55 2304
f 2312 59 57
f 2312 57 2313
f 2301 62 59
f 2301 59 2312
f 2300 63 62
f 2300 62 2301
f 2299 66 63
f 2299 63 2300
f 2298 68 66
f 2298 66 2299
f 2297 70 68
f 2297 68 2298
f 2296 72 70
f 2296 70 2297
f 2295 74 72
f 2295 72 2296
f 2294 75 74
f 2294 74 2295
f 2293 77 75
f 2293 75 2294
f 2287 79 77
f 2287 77 2293
f 2286 81 79
f 2286 79 2287
f 2285 84 81
f 2285 81 2286
f 2284 85 84
f 2284 84 2285
f 2283 88 85
f 2283 85 2284
f 2282 90 88
f 2282 88 2283
f 2281 91 90
f 2281 90 2282
f 2280 93 91
f 2280 91 2281
f 2279 95 93
f 2279 93 2280
f 2278 98 95
f 2278 95 2279
f 2277 99 98
f 2277 98 2278
f 2276 102 99
f 2276 99 2277
f 2275 104 102
f 2275 102 2276
f 2274 106 104
f 2274 104 2275
f 2273 108 106
f 2273 106 2274
f 2272 110 108
f 2272 108 2273
f 2271 112 110
f 2271 110 2272
f 2270 114 112
f 2270 112 2271
f 2269 116 114
f 2269 114 2270
f 2268 118 116
f 2268 116 2269
f 2248 120 118
f 2248 118 2268
f 2251 122 120
f 2251 120 2248
f 123 122 2251
f 123 2251 2250
f 125 123 2250
f 125 2250 2249
f 128 125 2249
f 128 2249 2255
f 129 128 2255
f 129 2255 2254
f 131 129 2254
f 131 2254 2253
f 134 131 2253
f 134 2253 2252
f 135 134 2252
f 135 2252 2266
f 137 135 2266
f 137 2266 2267
f 139 137 2267
f 139 2267 2260
f 141 139 2260
f 141 2260 2259
f 143 141 2259
f 143 2259 2258
f 146 143 2258
f 146 2258 2257
f 148 146 2257
f 148 2257 2256
f 150 148 2256
f 150 2256 2263
f 151 150 2263
f 151 2263 2264
f 153 151 2264
f 153 2264 2265
f 156 153 2265
f 156 2265 2262
f 158 156 2262
f 158 2262 2261
f 160 158 2261
f 160 2261 2247
f 161 160 2247
f 161 2247 2246
f 164 161 2246
f 164 2246 2245
f 166 164 2245
f 166 2245 2244
f 2314 168 166
f 166 2244 2243
f 166 2243 2314
f 170 168 2314
f 170 2314 2316
f 171 170 2316
f 171 2316 2319
f 174 171 2319
f 174 2319 2338
f 176 174 2338
f 176 2338 2340
f 178 176 2340
f 178 2340 2339
f 179 178 2339
f 179 2339 2323
f 181 179 2323
f 181 2323 2324
f 184 181 2324
f 184 2324 2325
f 186 184 2325
f 186 2325 2334
f 187 186 2334
f 187 2334 2335
f 189 187 2335
f 189 2335 2331
f 191 189 2331
f 191 2331 2332
f 1 191 2332
f 1 2332 2329