v -8.62039506444e-12 0.0462999267578 0.00891001033783
v -0.00615000152588 0.0415498771667 0.0107099962234
v -0.00615000152588 0.0210498771667 0.0107099962234
v -0.00615259170532 0.0416553726196 0.0107099962234
v -0.00615259170532 0.0211553726196 0.0107099962234
v -0.00616035461426 0.0417606163025 0.0107099962234
v -0.0268500022888 0.0415498771667 0.0107099962234
v -0.00617327213287 0.0418653488159 0.0107099962234
v -0.00619131374359 0.0419693222046 0.0107099962234
v -0.00616035461426 0.0212606143951 0.0107099962234
v -0.00621443462372 0.0420722846985 0.0107099962234
v -0.0268525905609 0.0416553726196 0.0107099962234
v -0.00624258041382 0.042173992157 0.0107099962234
v -0.0268500022888 0.0210498771667 0.0107099962234
v -0.00627568244934 0.0422741928101 0.0107099962234
v -0.00617327213287 0.0213653469086 0.0107099962234
v -0.085 0.0452999267578 0.0311900119781
v -0.00631366062164 0.0423726463318 0.0107099962234
v -0.00635642528534 0.0424691200256 0.0107099962234
v -0.00619131374359 0.0214693222046 0.0107099962234
v -0.0268603553772 0.0417606163025 0.0107099962234
v -0.00640387153625 0.0425633811951 0.0107099962234
v -0.00621443462372 0.0215722866058 0.0107099962234
v -0.00645588588715 0.0426551971436 0.0107099962234
v -0.00624258041382 0.0216739902496 0.0107099962234
v -0.006512342453 0.042744354248 0.0107099962234
v -0.0268525905609 0.0211553726196 0.0107099962234
v -0.00657310581207 0.0428306312561 0.0107099962234
v -0.00663803005219 0.0429138221741 0.0107099962234
v -0.00627568244934 0.0217741909027 0.0107099962234
v -0.00670695781708 0.0429937286377 0.0107099962234
v -0.0268732719421 0.0418653488159 0.0107099962234
v -0.00677972221375 0.0430701560974 0.0107099962234
v -0.0268913135529 0.0419693222046 0.0107099962234
v -0.00631366062164 0.0218726482391 0.0107099962234
v -0.00685615062714 0.0431429252625 0.0107099962234
v -0.00830000019073 0.0445499267578 0.00891001033783
v -0.00693605613708 0.0432118492126 0.0107099962234
v -0.00635642528534 0.021969121933 0.0107099962234
v -0.00701924800873 0.0432767753601 0.0107099962234
v -0.00710552597046 0.0433375358582 0.0107099962234
v -0.00640387153625 0.0220633792877 0.0107099962234
v -0.0071946811676 0.0433939933777 0.0107099962234
v -0.026914434433 0.0420722846985 0.0107099962234
v -0.00645588588715 0.0221551990509 0.0107099962234
v -0.00728649902344 0.0434460105896 0.0107099962234
v -0.0073807592392 0.0434934539795 0.0107099962234
v -0.0268603553772 0.0212606143951 0.0107099962234
v -0.00747723293304 0.0435362167358 0.0107099962234
v -0.0269425792694 0.042173992157 0.0107099962234
v -0.0075756893158 0.0435741958618 0.0107099962234
v -0.006512342453 0.022244354248 0.0107099962234
v -0.00767588996887 0.0436072998047 0.0107099962234
v -0.0268732719421 0.0213653469086 0.0107099962234
v -0.00777759456635 0.0436354446411 0.0107099962234
v -0.00657310581207 0.0223306312561 0.0107099962234
v -0.0269756813049 0.0422741928101 0.0107099962234
v -0.00788055801392 0.0436585655212 0.0107099962234
v -0.00798453140259 0.0436766052246 0.0107099962234
v -0.00663803005219 0.0224138221741 0.0107099962234
v 0.00073601514101 0.0462818565369 0.0089100112915
v -0.00808926486969 0.0436895256042 0.0107099962234
v -0.00670695781708 0.022493730545 0.0107099962234
v -0.00819450569153 0.0436972846985 0.0107099962234
v -0.00830000209808 0.0436998786926 0.0107099962234
v -0.0270136604309 0.0423726463318 0.0107099962234
v -0.00677972221375 0.0225701560974 0.0107099962234
v -0.00840549755096 0.0436972846985 0.0107099962234
v -0.00685615062714 0.0226429233551 0.0107099962234
v -0.0085107383728 0.0436895256042 0.0107099962234
v -0.029 0.0445499267578 0.00891001033783
v -0.00861547279358 0.0436766052246 0.0107099962234
v -0.00871944618225 0.0436585655212 0.0107099962234
v -0.0270564231873 0.0424691200256 0.0107099962234
v -0.00693605613708 0.02271185112 0.0107099962234
v -0.00882240867615 0.0436354446411 0.0107099962234
v -0.0268913135529 0.0214693222046 0.0107099962234
v -0.00892411327362 0.0436072998047 0.0107099962234
v -0.00902431488037 0.0435741958618 0.0107099962234
v -0.00701924800873 0.0227767753601 0.0107099962234
v -0.00710552597046 0.0228375358582 0.0107099962234
v -0.00912277126312 0.0435362167358 0.0107099962234
v -0.00921924495697 0.0434934539795 0.0107099962234
v -0.026914434433 0.0215722866058 0.0107099962234
v -0.0071946811676 0.022893995285 0.0107099962234
v -0.00931350517273 0.0434460105896 0.0107099962234
v -0.0271038703918 0.0425633811951 0.0107099962234
v -0.00940532302856 0.0433939933777 0.0107099962234
v -0.00728649902344 0.0229460086823 0.0107099962234
v -0.00949447822571 0.0433375358582 0.0107099962234
v -0.0271558856964 0.0426551971436 0.0107099962234
v -0.00958075523376 0.0432767753601 0.0107099962234
v -0.0073807592392 0.0229934558868 0.0107099962234
v -0.00966394710541 0.0432118492126 0.0107099962234
v -0.00974385356903 0.0431429252625 0.0107099962234
v 0.00147025716305 0.0462276954651 0.0089100112915
v -0.00982028198242 0.0430701560974 0.0107099962234
v -0.00747723293304 0.0230362186432 0.0107099962234
v -0.00810379123688 0.0445435028076 0.00891001033783
v -0.00989304637909 0.0429937286377 0.0107099962234
v -0.0075756893158 0.0230741977692 0.0107099962234
v -0.00996197414398 0.0429138221741 0.0107099962234
v -0.0272123432159 0.042744354248 0.0107099962234
v -0.0100268974304 0.0428306312561 0.0107099962234
v -0.0100876617432 0.042744354248 0.0107099962234
v -0.00767588996887 0.0231072998047 0.0107099962234
v -0.010144118309 0.0426551971436 0.0107099962234
v -0.0269425792694 0.0216739902496 0.0107099962234
v -0.0101961326599 0.0425633811951 0.0107099962234
v -0.00777759456635 0.0231354446411 0.0107099962234
v -0.0102435789108 0.0424691200256 0.0107099962234
v -0.0272731056213 0.0428306312561 0.0107099962234
v -0.0102863426208 0.0423726463318 0.0107099962234
v -0.00790842151642 0.0445242614746 0.00891001033783
v -0.00788055801392 0.0231585674286 0.0107099962234
v -0.0103243217468 0.0422741928101 0.0107099962234
v -0.00798453140259 0.023176607132 0.0107099962234
v -0.0103574237823 0.042173992157 0.0107099962234
v -0.0273380298615 0.0429138221741 0.0107099962234
v -0.0103855695724 0.0420722846985 0.0107099962234
v -0.0269756813049 0.0217741909027 0.0107099962234
v -0.0104086894989 0.0419693222046 0.0107099962234
v -0.00808926486969 0.0231895256042 0.0107099962234
v -0.0104267311096 0.0418653488159 0.0107099962234
v -0.0104396486282 0.0417606163025 0.0107099962234
v -0.027406955719 0.0429937286377 0.0107099962234
v -0.00819450569153 0.0231972885132 0.0107099962234
v -0.0104474124908 0.0416553726196 0.0107099962234
v -0.00830000209808 0.0231998767853 0.0107099962234
v -0.0104500017166 0.0415498771667 0.0107099962234
v 0.00220095705986 0.0461375732422 0.0089100112915
v -0.0104474124908 0.0414443817139 0.0107099962234
v -0.0104396486282 0.0413391418457 0.0107099962234
v -0.0274797229767 0.0430701560974 0.0107099962234
v -0.0104267311096 0.0412344093323 0.0107099962234
v -0.00840549755096 0.0231972885132 0.0107099962234
v -0.0085107383728 0.0231895256042 0.0107099962234
v -0.0104086894989 0.0411304359436 0.0107099962234
v -0.0103855695724 0.041027469635 0.0107099962234
v -0.0270136604309 0.0218726482391 0.0107099962234
v -0.0103574237823 0.0409257659912 0.0107099962234
v -0.0275561485291 0.0431429252625 0.0107099962234
v -0.00861547279358 0.023176607132 0.0107099962234
v -0.0103243217468 0.0408255653381 0.0107099962234
v -0.0270564231873 0.021969121933 0.0107099962234
v -0.0102863426208 0.0407271080017 0.0107099962234
v -0.00871944618225 0.0231585674286 0.0107099962234
v -0.0102435789108 0.0406306343079 0.0107099962234
v -0.0276360569 0.0432118492126 0.0107099962234
v -0.0101961326599 0.0405363731384 0.0107099962234
v -0.00882240867615 0.0231354446411 0.0107099962234
v -0.010144118309 0.0404445571899 0.0107099962234
v -0.0100876617432 0.0403554000854 0.0107099962234
v -0.027719247818 0.0432767753601 0.0107099962234
v -0.00892411327362 0.0231072998047 0.0107099962234
v -0.0100268974304 0.0402691230774 0.0107099962234
v -0.00996197414398 0.0401859321594 0.0107099962234
v -0.00902431488037 0.0230741977692 0.0107099962234
v -0.00989304637909 0.0401060256958 0.0107099962234
v 0.0029263548851 0.0460117034912 0.0089100112915
v -0.00912277126312 0.0230362186432 0.0107099962234
v -0.00982028198242 0.0400295982361 0.0107099962234
v -0.0278055267334 0.0433375358582 0.0107099962234
v -0.00974385356903 0.0399568328857 0.0107099962234
v -0.00921924495697 0.0229934558868 0.0107099962234
v -0.00966394710541 0.0398879051208 0.0107099962234
v -0.00958075523376 0.0398229827881 0.0107099962234
v -0.00810379123688 0.024043504715 0.00891001033783
v -0.00949447822571 0.0397622184753 0.0107099962234
v -0.0271038703918 0.0220633792877 0.0107099962234
v -0.00931350517273 0.0229460086823 0.0107099962234
v -0.00940532302856 0.0397057647705 0.0107099962234
v -0.00931350517273 0.0396537437439 0.0107099962234
v -0.0278946800232 0.0433939933777 0.0107099962234
v -0.00940532302856 0.022893995285 0.0107099962234
v -0.00921924495697 0.039606300354 0.0107099962234
v -0.00912277126312 0.0395635375977 0.0107099962234
v 0.0715 0.0452999267578 0.0371900100708
v -0.00949447822571 0.0228375358582 0.0107099962234
v -0.00902431488037 0.0395255584717 0.0107099962234
v -0.00892411327362 0.0394924545288 0.0107099962234
v -0.0279864997864 0.0434460105896 0.0107099962234
v -0.00882240867615 0.0394643135071 0.0107099962234
v -0.00958075523376 0.0227767753601 0.0107099962234
v -0.00871944618225 0.039441192627 0.0107099962234
v -0.0280807590485 0.0434934539795 0.0107099962234
v -0.00861547279358 0.0394231491089 0.0107099962234
v -0.00966394710541 0.02271185112 0.0107099962234
v -0.0085107383728 0.0394102325439 0.0107099962234
v -0.00974385356903 0.0226429233551 0.0107099962234
v -0.00840549755096 0.039402469635 0.0107099962234
v -0.0271558856964 0.0221551990509 0.0107099962234
v -0.00830000209808 0.0393998794556 0.0107099962234
v -0.00982028198242 0.0225701560974 0.0107099962234
v -0.0272123432159 0.022244354248 0.0107099962234
v -0.00819450569153 0.039402469635 0.0107099962234
v -0.00808926486969 0.0394102325439 0.0107099962234
v -0.0281772327423 0.0435362167358 0.0107099962234
v -0.00798453140259 0.0394231491089 0.0107099962234
v -0.00989304637909 0.022493730545 0.0107099962234
v -0.00788055801392 0.039441192627 0.0107099962234
v -0.0282756900787 0.0435741958618 0.0107099962234
v -0.00777759456635 0.0394643135071 0.0107099962234
v -0.00996197414398 0.0224138221741 0.0107099962234
v -0.0100268974304 0.0223306312561 0.0107099962234
v -0.00767588996887 0.0394924545288 0.0107099962234
v 0.00364470291138 0.0458503952026 0.0089100112915
v -0.0075756893158 0.0395255584717 0.0107099962234
v -0.0100876617432 0.022244354248 0.0107099962234
v -0.00747723293304 0.0395635375977 0.0107099962234
v -0.0283758888245 0.0436072998047 0.0107099962234
v -0.0073807592392 0.039606300354 0.0107099962234
v -0.010144118309 0.0221551990509 0.0107099962234
v -0.00728649902344 0.0396537437439 0.0107099962234
v -0.00771472930908 0.0444922828674 0.00891001033783
v -0.0071946811676 0.0397057647705 0.0107099962234
v -0.0101961326599 0.0220633792877 0.0107099962234
v -0.00710552597046 0.0397622184753 0.0107099962234
v -0.0272731056213 0.0223306312561 0.0107099962234
v -0.00701924800873 0.0398229827881 0.0107099962234
v -0.00693605613708 0.0398879051208 0.0107099962234
v -0.0102435789108 0.021969121933 0.0107099962234
v -0.0284775943756 0.0436354446411 0.0107099962234
v -0.00685615062714 0.0399568328857 0.0107099962234
v -0.00677972221375 0.0400295982361 0.0107099962234
v -0.0102863426208 0.0218726482391 0.0107099962234
v -0.00670695781708 0.0401060256958 0.0107099962234
v -0.00810379123688 0.024043504715 0.0118000097275
v -0.00663803005219 0.0401859321594 0.0107099962234
v -0.0103243217468 0.0217741909027 0.0107099962234
v -0.0285805587769 0.0436585655212 0.0107099962234
v -0.00657310581207 0.0402691230774 0.0107099962234
v -0.0273380298615 0.0224138221741 0.0107099962234
v -0.006512342453 0.0403554000854 0.0107099962234
v -0.00645588588715 0.0404445571899 0.0107099962234
v -0.0103574237823 0.0216739902496 0.0107099962234
v -0.00640387153625 0.0405363731384 0.0107099962234
v -0.0103855695724 0.0215722866058 0.0107099962234
v -0.0286845321655 0.0436766052246 0.0107099962234
v -0.00635642528534 0.0406306343079 0.0107099962234
v -0.027406955719 0.022493730545 0.0107099962234
v -0.00631366062164 0.0407271080017 0.0107099962234
v -0.00627568244934 0.0408255653381 0.0107099962234
v -0.0104086894989 0.0214693222046 0.0107099962234
v -0.00624258041382 0.0409257659912 0.0107099962234
v -0.0104267311096 0.0213653469086 0.0107099962234
v -0.0287892665863 0.0436895256042 0.0107099962234
v -0.00621443462372 0.041027469635 0.0107099962234
v -0.00619131374359 0.0411304359436 0.0107099962234
v -0.0104396486282 0.0212606143951 0.0107099962234
v -0.00617327213287 0.0412344093323 0.0107099962234
v -0.0288945064545 0.0436972846985 0.0107099962234
v -0.00616035461426 0.0413391418457 0.0107099962234
v -0.0104474124908 0.0211553726196 0.0107099962234
v -0.00615259170532 0.0414443817139 0.0107099962234
v 0.00435426998138 0.0456540298462 0.0089100112915
v -0.0290000019073 0.0436998786926 0.0107099962234
v -0.0104500017166 0.0210498771667 0.0107099962234
v -0.0104474124908 0.0209443836212 0.0107099962234
v -0.0274797229767 0.0225701560974 0.0107099962234
v -0.0104396486282 0.0208391418457 0.0107099962234
v -0.0288037910461 0.0445435028076 0.00891001033783
v -0.0104267311096 0.0207344074249 0.0107099962234
v -0.0291054973602 0.0436972846985 0.0107099962234
v -0.0104086894989 0.0206304340363 0.0107099962234
v -0.00752354288101 0.0444477043152 0.00891001033783
v -0.0103855695724 0.020527469635 0.0107099962234
v -0.0292107372284 0.0436895256042 0.0107099962234
v -0.0103574237823 0.0204257659912 0.0107099962234
v -0.0293154716492 0.0436766052246 0.0107099962234
v -0.0275561485291 0.0226429233551 0.0107099962234
v -0.0103243217468 0.0203255653381 0.0107099962234
v -0.0102863426208 0.0202271080017 0.0107099962234
v 0.00505334806442 0.0454230880737 0.0089100112915
v -0.0294194450378 0.0436585655212 0.0107099962234
v -0.0102435789108 0.0201306343079 0.0107099962234
v -0.0276360569 0.02271185112 0.0107099962234
v -0.0101961326599 0.0200363750458 0.0107099962234
v -0.010144118309 0.0199445571899 0.0107099962234
v -0.0295224094391 0.0436354446411 0.0107099962234
v -0.0100876617432 0.0198554019928 0.0107099962234
v -0.0296241149902 0.0436072998047 0.0107099962234
v -0.027719247818 0.0227767753601 0.0107099962234
v -0.0100268974304 0.0197691249847 0.0107099962234
v -0.029724313736 0.0435741958618 0.0107099962234
v -0.00996197414398 0.0196859321594 0.0107099962234
v -0.00989304637909 0.0196060256958 0.0107099962234
v -0.00790842151642 0.0240242614746 0.00891001033783
v -0.00982028198242 0.0195295982361 0.0107099962234
v -0.00733568191528 0.0443907165527 0.00891001033783
v -0.0298227710724 0.0435362167358 0.0107099962234
v -0.00974385356903 0.0194568328857 0.0107099962234
v -0.0278055267334 0.0228375358582 0.0107099962234
v -0.00966394710541 0.0193879051208 0.0107099962234
v -0.00958075523376 0.0193229808807 0.0107099962234
v -0.0299192447662 0.0434934539795 0.0107099962234
v -0.00949447822571 0.0192622184753 0.0107099962234
v -0.0278946800232 0.022893995285 0.0107099962234
v -0.0300135040283 0.0434460105896 0.0107099962234
v -0.00940532302856 0.0192057609558 0.0107099962234
v -0.00931350517273 0.0191537475586 0.0107099962234
v 0.00574025201797 0.0451581192017 0.0089100112915
v -0.00921924495697 0.019106300354 0.0107099962234
v -0.0301053237915 0.0433939933777 0.0107099962234
v -0.00912277126312 0.0190635375977 0.0107099962234
v -0.0301944770813 0.0433375358582 0.0107099962234
v -0.00902431488037 0.0190255584717 0.0107099962234
v -0.0279864997864 0.0229460086823 0.0107099962234
v -0.00892411327362 0.0189924545288 0.0107099962234
v -0.0302807559967 0.0432767753601 0.0107099962234
v -0.00882240867615 0.0189643096924 0.0107099962234
v -0.00790842151642 0.0240242614746 0.0118000097275
v -0.00871944618225 0.0189411888123 0.0107099962234
v -0.0303639469147 0.0432118492126 0.0107099962234
v -0.0286084213257 0.0445242614746 0.00891001033783
v -0.00861547279358 0.0189231472015 0.0107099962234
v -0.0085107383728 0.0189102306366 0.0107099962234
v -0.0280807590485 0.0229934558868 0.0107099962234
v -0.00840549755096 0.0189024677277 0.0107099962234
v -0.0304438552856 0.0431429252625 0.0107099962234
v -0.00830000209808 0.0188998794556 0.0107099962234
v -0.0281772327423 0.0230362186432 0.0107099962234
v -0.00819450569153 0.0189024677277 0.0107099962234
v -0.030520280838 0.0430701560974 0.0107099962234
v -0.00808926486969 0.0189102306366 0.0107099962234
v -0.0305930480957 0.0429937286377 0.0107099962234
v -0.00798453140259 0.0189231472015 0.0107099962234
v 0.00641332626343 0.0448597640991 0.0089100112915
v -0.00788055801392 0.0189411888123 0.0107099962234
v -0.0306619739532 0.0429138221741 0.0107099962234
v -0.00777759456635 0.0189643096924 0.0107099962234
v -0.0282756900787 0.0230741977692 0.0107099962234
v -0.00767588996887 0.0189924545288 0.0107099962234
v -0.0307268981934 0.0428306312561 0.0107099962234
v -0.00715194988251 0.0443215675354 0.00891001033783
v -0.0075756893158 0.0190255584717 0.0107099962234
v -0.0307876605988 0.042744354248 0.0107099962234
v -0.00747723293304 0.0190635375977 0.0107099962234
v -0.0073807592392 0.019106300354 0.0107099962234
v 0.00707095098495 0.0445287437439 0.0089100112915
v -0.00728649902344 0.0191537475586 0.0107099962234
v -0.0308441181183 0.0426551971436 0.0107099962234
v -0.0071946811676 0.0192057609558 0.0107099962234
v -0.0283758888245 0.0231072998047 0.0107099962234
v -0.0308961334229 0.0425633811951 0.0107099962234
v -0.00710552597046 0.0192622184753 0.0107099962234
v -0.00701924800873 0.0193229808807 0.0107099962234
v -0.0284775943756 0.0231354446411 0.0107099962234
v -0.00693605613708 0.0193879051208 0.0107099962234
v -0.0309435806274 0.0424691200256 0.0107099962234
v -0.00771472930908 0.0239922828674 0.00891001033783
v -0.00685615062714 0.0194568328857 0.0107099962234
v -0.00677972221375 0.0195295982361 0.0107099962234
v -0.00697313404083 0.0442405471802 0.00891001033783
v -0.00670695781708 0.0196060256958 0.0107099962234
v -0.0309863433838 0.0423726463318 0.0107099962234
v -0.00663803005219 0.0196859321594 0.0107099962234
v -0.0285805587769 0.0231585674286 0.0107099962234
v -0.00657310581207 0.0197691249847 0.0107099962234
v -0.0310243225098 0.0422741928101 0.0107099962234
v -0.0286845321655 0.023176607132 0.0107099962234
v -0.006512342453 0.0198554019928 0.0107099962234
v -0.00645588588715 0.0199445571899 0.0107099962234
v -0.0310574245453 0.042173992157 0.0107099962234
v -0.00640387153625 0.0200363750458 0.0107099962234
v -0.0310855693817 0.0420722846985 0.0107099962234
v -0.00635642528534 0.0201306343079 0.0107099962234
v 0.00771154117584 0.0441658554077 0.0089100112915
v -0.00631366062164 0.0202271080017 0.0107099962234
v -0.0287892665863 0.0231895256042 0.0107099962234
v -0.0311086902618 0.0419693222046 0.0107099962234
v -0.00627568244934 0.0203255653381 0.0107099962234
v 0.025 0.0732999267578 0.0147100105286
v -0.00624258041382 0.0204257659912 0.0107099962234
v -0.00621443462372 0.020527469635 0.0107099962234
v -0.0311267318726 0.0418653488159 0.0107099962234
v -0.00771472930908 0.0239922828674 0.0118000097275
v -0.00619131374359 0.0206304340363 0.0107099962234
v -0.00617327213287 0.0207344074249 0.0107099962234
v -0.0311396484375 0.0417606163025 0.0107099962234
v -0.00616035461426 0.0208391418457 0.0107099962234
v -0.0288945064545 0.0231972885132 0.0107099962234
v -0.00615259170532 0.0209443836212 0.0107099962234
v -0.0311474132538 0.0416553726196 0.0107099962234
v 0.00833355331421 0.0437719688416 0.0089100112915
v -0.0311500015259 0.0415498771667 0.0107099962234
v -0.0290000019073 0.0231998767853 0.0107099962234
v -0.0311474132538 0.0414443817139 0.0107099962234
v -0.00680000019073 0.0441480026245 0.00891001033783
v -0.0311396484375 0.0413391418457 0.0107099962234
v -0.0291054973602 0.0231972885132 0.0107099962234
v -0.0311267318726 0.0412344093323 0.0107099962234
v -0.0292107372284 0.0231895256042 0.0107099962234
v -0.0311086902618 0.0411304359436 0.0107099962234
v -0.00752354288101 0.0239477043152 0.00891001033783
v -0.0310855693817 0.041027469635 0.0107099962234
v -0.0293154716492 0.023176607132 0.0107099962234
v -0.0310574245453 0.0409257659912 0.0107099962234
v -0.015 0.0732999343872 0.0147100105286
v -0.0310243225098 0.0408255653381 0.0107099962234
v 0.00893548965454 0.0433480377197 0.0089100112915
v -0.0309863433838 0.0407271080017 0.0107099962234
v -0.0294194450378 0.0231585674286 0.0107099962234
v -0.0309435806274 0.0406306343079 0.0107099962234
v -0.0295224094391 0.0231354446411 0.0107099962234
v -0.0308961334229 0.0405363731384 0.0107099962234
v -0.00663328933716 0.0440443344116 0.00891001033783
v -0.0308441181183 0.0404445571899 0.0107099962234
v -0.0296241149902 0.0231072998047 0.0107099962234
v -0.0307876605988 0.0403554000854 0.0107099962234
v -0.0284147281647 0.0444922828674 0.00891001033783
v -0.0307268981934 0.0402691230774 0.0107099962234
v 0.0095158996582 0.0428950843811 0.0089100112915
v -0.0306619739532 0.0401859321594 0.0107099962234
v -0.0305930480957 0.0401060256958 0.0107099962234
v -0.029724313736 0.0230741977692 0.0107099962234
v -0.0298227710724 0.0230362186432 0.0107099962234
v -0.030520280838 0.0400295982361 0.0107099962234
v -0.0304438552856 0.0399568328857 0.0107099962234
v -0.00752354288101 0.0239477043152 0.0118000097275
v -0.0303639469147 0.0398879051208 0.0107099962234
v -0.0299192447662 0.0229934558868 0.0107099962234
v -0.00647371578217 0.0439299888611 0.00891001033783
v -0.0302807559967 0.0398229827881 0.0107099962234
v 0.010073384285 0.0424141921997 0.0089100112915
v -0.0301944770813 0.0397622184753 0.0107099962234
v -0.0301053237915 0.0397057647705 0.0107099962234
v -0.0300135040283 0.0229460086823 0.0107099962234
v -0.0300135040283 0.0396537437439 0.0107099962234
v -0.00733568191528 0.0238907165527 0.00891001033783
v -0.0299192447662 0.039606300354 0.0107099962234
v -0.0301053237915 0.022893995285 0.0107099962234
v -0.0298227710724 0.0395635375977 0.0107099962234
v 0.025 0.0732999267578 0.0089100112915
v -0.0301944770813 0.0228375358582 0.0107099962234
v -0.029724313736 0.0395255584717 0.0107099962234
v -0.0302807559967 0.0227767753601 0.0107099962234
v -0.0296241149902 0.0394924545288 0.0107099962234
v 0.0106066017151 0.0419065284729 0.0089100112915
v -0.0295224094391 0.0394643135071 0.0107099962234
v -0.0303639469147 0.02271185112 0.0107099962234
v -0.0294194450378 0.039441192627 0.0107099962234
v -0.00632196235657 0.0438054466248 0.00891001033783
v -0.0293154716492 0.0394231491089 0.0107099962234
v -0.0292107372284 0.0394102325439 0.0107099962234
v 0.0111142663956 0.0413733100891 0.0089100112915
v -0.0291054973602 0.039402469635 0.0107099962234
v -0.0304438552856 0.0226429233551 0.0107099962234
v -0.0290000019073 0.0393998794556 0.0107099962234
v -0.030520280838 0.0225701560974 0.0107099962234
v -0.00733568191528 0.0238907165527 0.0118000097275
v -0.0288945064545 0.039402469635 0.0107099962234
v -0.00617867994308 0.0436712493896 0.00891001033783
v -0.0287892665863 0.0394102325439 0.0107099962234
v -0.0305930480957 0.022493730545 0.0107099962234
v -0.0286845321655 0.0394231491089 0.0107099962234
v -0.0285805587769 0.039441192627 0.0107099962234
v 0.0115951566696 0.040815826416 0.0089100112915
v -0.0306619739532 0.0224138221741 0.0107099962234
v -0.0284775943756 0.0394643135071 0.0107099962234
v -0.0283758888245 0.0394924545288 0.0107099962234
v 0.015 0.0732999267578 0.0147100105286
v -0.0282756900787 0.0395255584717 0.0107099962234
v -0.0307268981934 0.0223306312561 0.0107099962234
v -0.0307876605988 0.022244354248 0.0107099962234
v -0.0281772327423 0.0395635375977 0.0107099962234
v -0.0280807590485 0.039606300354 0.0107099962234
v 0.0120481128693 0.0402354164124 0.0089100112915
v -0.0279864997864 0.0396537437439 0.0107099962234
v -0.0308441181183 0.0221551990509 0.0107099962234
v -0.0278946800232 0.0397057647705 0.0107099962234
v -0.00604448080063 0.0435279655457 0.00891001033783
v -0.0278055267334 0.0397622184753 0.0107099962234
v 0.0124720439911 0.039633480072 0.0089100112915
v -0.0308961334229 0.0220633792877 0.0107099962234
v -0.027719247818 0.0398229827881 0.0107099962234
v -0.0309435806274 0.021969121933 0.0107099962234
v -0.0276360569 0.0398879051208 0.0107099962234
v -0.0275561485291 0.0399568328857 0.0107099962234
v -0.0282235431671 0.0444477043152 0.00891001033783
v -0.0274797229767 0.0400295982361 0.0107099962234
v 0.0128659286499 0.03901146698 0.0089100112915
v -0.027406955719 0.0401060256958 0.0107099962234
v -0.0309863433838 0.0218726482391 0.0107099962234
v -0.0310243225098 0.0217741909027 0.0107099962234
v -0.0273380298615 0.0401859321594 0.0107099962234
v -0.0272731056213 0.0402691230774 0.0107099962234
v -0.00591993999481 0.0433762130737 0.00891001033783
v -0.0272123432159 0.0403554000854 0.0107099962234
v -0.0310574245453 0.0216739902496 0.0107099962234
v -0.0271558856964 0.0404445571899 0.0107099962234
v 0.015 0.0602999267578 0.01681001091
v -0.0271038703918 0.0405363731384 0.0107099962234
v 0.0132288188934 0.0383708763123 0.0089100112915
v -0.0270564231873 0.0406306343079 0.0107099962234
v -0.0310855693817 0.0215722866058 0.0107099962234
v -0.0311086902618 0.0214693222046 0.0107099962234
v -0.0270136604309 0.0407271080017 0.0107099962234
v -0.0269756813049 0.0408255653381 0.0107099962234
v -0.0280356807709 0.0443907165527 0.00891001033783
v -0.0269425792694 0.0409257659912 0.0107099962234
v -0.0311267318726 0.0213653469086 0.0107099962234
v -0.026914434433 0.041027469635 0.0107099962234
v 0.0135598392487 0.0377132530212 0.0089100112915
v -0.0268913135529 0.0411304359436 0.0107099962234
v -0.0311396484375 0.0212606143951 0.0107099962234
v -0.0268732719421 0.0412344093323 0.0107099962234
v -0.00580559158325 0.0432166366577 0.00891001033783
v -0.0268603553772 0.0413391418457 0.0107099962234
v 0.0138581924438 0.0370401802063 0.0089100112915
v -0.0268525905609 0.0414443817139 0.0107099962234
v -0.0311474132538 0.0211553726196 0.0107099962234
v -0.0311500015259 0.0210498771667 0.0107099962234
v -0.00570192432404 0.0430499267578 0.00891001033783
v -0.0311474132538 0.0209443836212 0.0107099962234
v 0.0141231613159 0.0363532752991 0.0089100112915
v -0.0311396484375 0.0208391418457 0.0107099962234
v 0.085 0.00529992675781 0.0311900119781
v -0.0311267318726 0.0207344074249 0.0107099962234
v -0.00560938167572 0.0428767929077 0.00891001033783
v -0.0311086902618 0.0206304340363 0.0107099962234
v 0.0143541049957 0.0356541976929 0.0089100112915
v 0.0145504684448 0.0349446296692 0.0089100112915
v -0.0310855693817 0.020527469635 0.0107099962234
v -0.00552836179733 0.0426979789734 0.00891001033783
v -0.0310574245453 0.0204257659912 0.0107099962234
v -0.0310243225098 0.0203255653381 0.0107099962234
v -0.0278519496918 0.0443215675354 0.00891001033783
v 0.0147117786407 0.0342262802124 0.0089100112915
v -0.0309863433838 0.0202271080017 0.0107099962234
v -0.00545920991898 0.0425142440796 0.00891001033783
v -0.0309435806274 0.0201306343079 0.0107099962234
v -0.0308961334229 0.0200363750458 0.0107099962234
v 0.014837647438 0.0335008850098 0.0089100112915
v -0.0308441181183 0.0199445571899 0.0107099962234
v 0.025 0.0602999267578 0.01681001091
v -0.0307876605988 0.0198554019928 0.0107099962234
v -0.00540222263336 0.042326385498 0.00891001033783
v -0.0307268981934 0.0197691249847 0.0107099962234
v 0.0149277706146 0.0327701835632 0.0089100112915
v -0.0282235431671 0.0239477043152 0.00891001033783
v -0.0306619739532 0.0196859321594 0.0107099962234
v -0.0305930480957 0.0196060256958 0.0107099962234
v -0.00540222263336 0.042326385498 0.0118000097275
v 0.0149819316864 0.0320359420776 0.0089100112915
v -0.030520280838 0.0195295982361 0.0107099962234
v -0.0304438552856 0.0194568328857 0.0107099962234
v 0.015 0.0312999267578 0.0089100112915
v -0.025 0.0732999343872 0.0147100105286
v -0.0303639469147 0.0193879051208 0.0107099962234
v -0.0302807559967 0.0193229808807 0.0107099962234
v -0.00535764455795 0.0421351966858 0.00891001033783
v -0.0301944770813 0.0192622184753 0.0107099962234
v -0.00535764455795 0.0421351966858 0.0118000097275
v -0.0301053237915 0.0192057609558 0.0107099962234
v 0.0149819316864 0.030563911438 0.0089100112915
v -0.0300135040283 0.0191537475586 0.0107099962234
v 0.0149277706146 0.0298296699524 0.0089100112915
v -0.0299192447662 0.019106300354 0.0107099962234
v -0.00532566547394 0.0419415054321 0.00891001033783
v 0.014837647438 0.0290989704132 0.0089100112915
v -0.0298227710724 0.0190635375977 0.0107099962234
v -0.029724313736 0.0190255584717 0.0107099962234
v -0.00532566547394 0.0419415054321 0.0118000097275
v -0.0276731338501 0.0442405471802 0.00891001033783
v -0.0296241149902 0.0189924545288 0.0107099962234
v 0.025 0.0732999267578 0.01681001091
v -0.0295224094391 0.0189643096924 0.0107099962234
v 0.0147117786407 0.0283735713959 0.0089100112915
v -0.0294194450378 0.0189411888123 0.0107099962234
v -0.00530642318726 0.0417461357117 0.00891001033783
v -0.0293154716492 0.0189231472015 0.0107099962234
v 0.0145504684448 0.0276552238464 0.0089100112915
v -0.0292107372284 0.0189102306366 0.0107099962234
v -0.0291054973602 0.0189024677277 0.0107099962234
v -0.00530642318726 0.0417461357117 0.0118000097275
v -0.0290000019073 0.0188998794556 0.0107099962234
v 0.0143541049957 0.0269456558228 0.0089100112915
v -0.0288945064545 0.0189024677277 0.0107099962234
v -0.00530000019073 0.0415499267578 0.00891001033783
v -0.0287892665863 0.0189102306366 0.0107099962234
v -0.00530000019073 0.0415499267578 0.0118000097275
v -0.0286845321655 0.0189231472015 0.0107099962234
v 0.0141231613159 0.0262465782166 0.0089100112915
v -0.0285805587769 0.0189411888123 0.0107099962234
v -0.0275 0.0441480026245 0.00891001033783
v -0.0284775943756 0.0189643096924 0.0107099962234
v 0.0138581924438 0.0255596752167 0.0089100112915
v -0.00530642318726 0.041353717804 0.00891001033783
v -0.0283758888245 0.0189924545288 0.0107099962234
v 0.0135598392487 0.0248866004944 0.0089100112915
v -0.0282756900787 0.0190255584717 0.0107099962234
v -0.0281772327423 0.0190635375977 0.0107099962234
v -0.00530642318726 0.041353717804 0.0118000097275
v -0.0280356807709 0.0238907165527 0.00891001033783
v -0.0280807590485 0.019106300354 0.0107099962234
v -0.0279864997864 0.0191537475586 0.0107099962234
v -0.025 0.0602999267578 0.0168100090027
v -0.0278946800232 0.0192057609558 0.0107099962234
v 0.0132288188934 0.024228975296 0.0089100112915
v -0.0278055267334 0.0192622184753 0.0107099962234
v -0.00532566547394 0.0411583480835 0.00891001033783
v -0.00532566547394 0.0411583480835 0.0118000097275
v -0.027719247818 0.0193229808807 0.0107099962234
v -0.0276360569 0.0193879051208 0.0107099962234
v 0.0128659286499 0.0235883846283 0.0089100112915
v -0.00535764455795 0.0409646568298 0.00891001033783
v -0.0275561485291 0.0194568328857 0.0107099962234
v -0.0274797229767 0.0195295982361 0.0107099962234
v 0.0124720439911 0.0229663734436 0.0089100112915
v -0.027406955719 0.0196060256958 0.0107099962234
v 0.0120481128693 0.0223644371033 0.0089100112915
v -0.00535764455795 0.0409646568298 0.0118000097275
v -0.0273380298615 0.0196859321594 0.0107099962234
v -0.0273332901001 0.0440443344116 0.00891001033783
v -0.0272731056213 0.0197691249847 0.0107099962234
v 0.0115951566696 0.0217840270996 0.0089100112915
v -0.0272123432159 0.0198554019928 0.0107099962234
v -0.00540222263336 0.0407734718323 0.00891001033783
v -0.0271558856964 0.0199445571899 0.0107099962234
v -0.0271038703918 0.0200363750458 0.0107099962234
v 0.015 0.0732999267578 0.01681001091
v -0.0270564231873 0.0201306343079 0.0107099962234
v 0.0111142663956 0.0212265415192 0.0089100112915
v -0.0270136604309 0.0202271080017 0.0107099962234
v -0.00540222263336 0.0407734718323 0.0118000097275
v -0.0269756813049 0.0203255653381 0.0107099962234
v -0.00545920991898 0.040585609436 0.00891001033783
v -0.0269425792694 0.0204257659912 0.0107099962234
v -0.026914434433 0.020527469635 0.0107099962234
v -0.0268913135529 0.0206304340363 0.0107099962234
v -0.0268732719421 0.0207344074249 0.0107099962234
v -0.0268603553772 0.0208391418457 0.0107099962234
v 0.0106066017151 0.0206933250427 0.0089100112915
v -0.0268525905609 0.0209443836212 0.0107099962234
v -0.00545920991898 0.040585609436 0.0118000097275
v 0.010073384285 0.0201856594086 0.0089100112915
v -0.0278519496918 0.0238215656281 0.00891001033783
v 0.0095158996582 0.0197047691345 0.0089100112915
v -0.00552836179733 0.0404018783569 0.00891001033783
v -0.00552836179733 0.0404018783569 0.0118000097275
v 0.00893548965454 0.0192518138885 0.0089100112915
v -0.0271737155914 0.0439299888611 0.00891001033783
v 0.00833355331421 0.0188278827667 0.0089100112915
v -0.00560938167572 0.0402230606079 0.00891001033783
v -0.0251000003815 0.0602989273071 0.00891001033783
v 0.00771154117584 0.0184339981079 0.0089100112915
v -0.00560938167572 0.0402230606079 0.0118000097275
v 0.00707095098495 0.0180711078644 0.0089100112915
v -0.00570192432404 0.0400499267578 0.00891001033783
v -0.015 0.0602999267578 0.0168100090027
v -0.00570192432404 0.0225499267578 0.00891001033783
v 0.00641332626343 0.0177400875092 0.0089100112915
v -0.00570192432404 0.0400499267578 0.0118000097275
v 0.00574025201797 0.017441734314 0.0089100112915
v -0.0270219631195 0.0438054466248 0.00891001033783
v 0.00505334806442 0.0171767654419 0.0089100112915
v -0.00570192432404 0.0225499267578 0.0118000097275
v 0.00435426998138 0.0169458217621 0.0089100112915
v -0.00560938167572 0.0223767929077 0.00891001033783
v -0.0276731338501 0.0237405452728 0.00891001033783
v 0.00364470291138 0.016749458313 0.0089100112915
v 0.0029263548851 0.0165881481171 0.0089100112915
v -0.025 0.0732999343872 0.00891001033783
v 0.00220095705986 0.0164622783661 0.0089100112915
v -0.00560938167572 0.0223767929077 0.0118000097275
v 0.00147025716305 0.0163721561432 0.0089100112915
v -0.00552836179733 0.022197977066 0.00891001033783
v -0.0275 0.0236480026245 0.00891001033783
v 0.00073601514101 0.0163179950714 0.0089100112915
v -8.60578008854e-12 0.0162999267578 0.0089100112915
v -0.00552836179733 0.022197977066 0.0118000097275
v -0.00073601514101 0.0163179950714 0.00891001033783
v -0.0268786792755 0.0436712493896 0.00891001033783
v -0.00147025716305 0.0163721561432 0.00891001033783
v -0.015 0.0732999343872 0.0168100090027
v -0.00220095705986 0.0164622802734 0.00891001033783
v -0.00545920991898 0.0220142459869 0.00891001033783
v -0.0029263548851 0.0165881481171 0.00891001033783
v 0.0251000003815 0.0602989273071 0.0089100112915
v -0.00364470291138 0.016749458313 0.00891001033783
v -0.00545920991898 0.0220142459869 0.0118000097275
v -0.00540222263336 0.0218263835907 0.00891001033783
v -0.00435426998138 0.0169458217621 0.00891001033783
v -0.00505334806442 0.0171767654419 0.00891001033783
v -0.0267444801331 0.0435279655457 0.00891001033783
v -0.00574025201797 0.017441734314 0.00891001033783
v -0.025 0.0732999343872 0.0168100090027
v -0.00540222263336 0.0218263835907 0.0118000097275
v -0.00641332626343 0.0177400875092 0.00891001033783
v -0.00707095098495 0.0180711078644 0.00891001033783
v -0.0266199398041 0.0433762130737 0.00891001033783
v -0.00535764455795 0.0216351985931 0.00891001033783
v -0.00535764455795 0.0216351985931 0.0118000097275
v -0.00733568191528 0.0387091369629 0.00891001033783
v -0.00733568191528 0.0387091369629 0.0118000097275
v -0.0273332901001 0.023544336319 0.00891001033783
v -0.00532566547394 0.0214415054321 0.00891001033783
v -0.00752354288101 0.0386521492004 0.00891001033783
v 0.085 0.0452999267578 0.0311900119781
v -0.00752354288101 0.0386521492004 0.0118000097275
v -0.00771472930908 0.0386075706482 0.00891001033783
v -0.0271737155914 0.0234299869537 0.00891001033783
v -0.00532566547394 0.0214415054321 0.0118000097275
v -0.00771472930908 0.0386075706482 0.0118000097275
v -0.0115951566696 0.0217840270996 0.00891001033783
v -0.00530642318726 0.0212461357117 0.00891001033783
v -0.00790842151642 0.038575592041 0.00891001033783
v -0.0120481128693 0.0223644371033 0.00891001033783
v -0.00790842151642 0.038575592041 0.0118000097275
v -0.0265055904388 0.0432166366577 0.00891001033783
v 0.0715 0.00529992675781 0.0371900100708
v -0.0124720439911 0.0229663734436 0.00891001033783
v -0.00810379123688 0.038556350708 0.00891001033783
v -0.00530642318726 0.0212461357117 0.0118000097275
v -0.0128659286499 0.0235883865356 0.00891001033783
v -0.00810379123688 0.038556350708 0.0118000097275
v -0.00530000019073 0.0210499267578 0.00891001033783
v 0.025 0.0732999267578 0.01481001091
v -0.00530000019073 0.0210499267578 0.0118000097275
v -0.0264019241333 0.0430499267578 0.00891001033783
v -0.00530642318726 0.020853717804 0.00891001033783
v -0.0270219631195 0.0233054466248 0.00891001033783
v -0.00530642318726 0.020853717804 0.0118000097275
v -0.025 0.0602999267578 0.01481001091
v -0.00907645702362 0.0386521492004 0.00891001033783
v -0.00532566547394 0.0206583480835 0.00891001033783
v -0.026309381485 0.0428767929077 0.00891001033783
v -0.00907645702362 0.0386521492004 0.0118000097275
v -0.00926431846619 0.0387091369629 0.00891001033783
v -0.025 0.0732999343872 0.01481001091
v -0.00532566547394 0.0206583480835 0.0118000097275
v -0.00926431846619 0.0387091369629 0.0118000097275
v -0.00535764455795 0.0204646568298 0.00891001033783
v -0.00944805049896 0.0387782897949 0.00891001033783
v -0.00944805049896 0.0387782897949 0.0118000097275
v -0.0268786792755 0.0231712474823 0.00891001033783
v -0.00962686634064 0.0388593101501 0.00891001033783
v -0.00535764455795 0.0204646568298 0.0118000097275
v -0.0262283611298 0.0426979789734 0.00891001033783
v -0.00962686634064 0.0388593101501 0.0118000097275
v -0.00980000019073 0.0389518508911 0.00891001033783
v 0.0695 0.00129992675781 0.0089100112915
v -0.00540222263336 0.0202734699249 0.00891001033783
v -0.0261592102051 0.0425142440796 0.00891001033783
v -0.00996671104431 0.039055519104 0.00891001033783
v -0.00540222263336 0.0202734699249 0.0118000097275
v 0.025 0.0602999267578 0.01481001091
v -0.0101262845993 0.0391698684692 0.00891001033783
v -0.00545920991898 0.020085609436 0.00891001033783
v 0.0823486328125 0.0512999267578 0.0337900123596
v -0.0102780380249 0.0392944068909 0.00891001033783
v -0.0128659286499 0.03901146698 0.00891001033783
v -0.0261022224426 0.042326385498 0.00891001033783
v -0.0124720439911 0.039633480072 0.00891001033783
v -0.00552836179733 0.0199018764496 0.00891001033783
v -0.0104213199615 0.0394286079407 0.00891001033783
v -0.0120481128693 0.0402354164124 0.00891001033783
v -0.0267444801331 0.0230279655457 0.00891001033783
v -0.00560938167572 0.0197230606079 0.00891001033783
v -0.010555519104 0.03957188797 0.00891001033783
v -0.0115951566696 0.040815826416 0.00891001033783
v 0.0823486328125 0.0112999267578 0.0337900123596
v -0.0260576438904 0.0421351966858 0.00891001033783
v -0.0106800603867 0.0397236442566 0.00891001033783
v -0.0266199398041 0.0228762111664 0.00891001033783
v -0.00570192432404 0.0195499267578 0.00891001033783
v -0.0107944087982 0.0398832168579 0.00891001033783
v 0.0806743164063 0.0541999282837 0.0337900123596
v -0.0108980760574 0.0400499267578 0.00891001033783
v -0.0756513671875 0.0112999267578 0.0337900085449
v -0.00580559158325 0.0193832168579 0.00891001033783
v -0.0109906187057 0.0402230606079 0.00891001033783
v -0.0260256652832 0.0419415054321 0.00891001033783
v 0.0773256835937 0.0541999282837 0.0337900123596
v -0.00591993999481 0.0192236423492 0.00891001033783
v -0.0110716381073 0.0404018783569 0.00891001033783
v -0.00707095098495 0.0445287475586 0.00891001033783
v -0.0260064239502 0.0417461357117 0.00891001033783
v -0.0111407909393 0.040585609436 0.00891001033783
v -0.0265055904388 0.0227166385651 0.00891001033783
v -0.00641332626343 0.0448597679138 0.00891001033783
v -0.00604448080063 0.0190718898773 0.00891001033783
v -0.00574025201797 0.0451581192017 0.00891001033783
v -0.0111977777481 0.0407734718323 0.00891001033783
v 0.0806743164063 0.0141999282837 0.0337900123596
v -0.0264019241333 0.0225499267578 0.00891001033783
v -0.00505334806442 0.0454230880737 0.00891001033783
v -0.00617867994308 0.0189286060333 0.00891001033783
v -0.0112423553467 0.0409646568298 0.00891001033783
v -0.00435426998138 0.0456540336609 0.00891001033783
v -0.026 0.0415499267578 0.00891001033783
v -0.0112743349075 0.0411583480835 0.00891001033783
v -0.00364470291138 0.0458503952026 0.00891001033783
v 0.0756513671875 0.0512999267578 0.0337900123596
v -0.00632196235657 0.0187944068909 0.00891001033783
v -0.0029263548851 0.0460117073059 0.00891001033783
v -0.0756513671875 0.0512999267578 0.0337900085449
v -0.0112935771942 0.041353717804 0.00891001033783
v -0.00220095705986 0.0461375732422 0.00891001033783
v -0.0260064239502 0.041353717804 0.00891001033783
v -0.00147025716305 0.0462276992798 0.00891001033783
v -0.0113000001907 0.0415499267578 0.00891001033783
v -0.00647371578217 0.0186698665619 0.00891001033783
v -0.026309381485 0.0223767929077 0.00891001033783
v -0.00073601514101 0.0462818603516 0.00891001033783
v -0.0112935771942 0.0417461357117 0.00891001033783
v -0.0260256652832 0.0411583480835 0.00891001033783
v -0.00663328933716 0.018555519104 0.00891001033783
v 0.0773256835937 0.0483999290466 0.0337900123596
v -0.0112743349075 0.0419415054321 0.00891001033783
v 0.0773256835937 0.0141999282837 0.0337900123596
v -0.0112423553467 0.0421351966858 0.00891001033783
v -0.00680000019073 0.0184518508911 0.00891001033783
v -0.0260576438904 0.0409646568298 0.00891001033783
v -0.0111977777481 0.042326385498 0.00891001033783
v 0.0806743164063 0.0483999290466 0.0337900123596
v -0.00697313404083 0.0183593082428 0.00891001033783
v -0.0111407909393 0.0425142440796 0.00891001033783
v -0.0262283611298 0.022197977066 0.00891001033783
v -0.0261022224426 0.0407734718323 0.00891001033783
v -0.00715194988251 0.0182782878876 0.00891001033783
v -0.0110716381073 0.0426979789734 0.00891001033783
v -0.0773256835937 0.0541999282837 0.0337900085449
v 0.0756513671875 0.0112999267578 0.0337900123596
v -0.0109906187057 0.0428767929077 0.00891001033783
v -0.00733568191528 0.0182091369629 0.00891001033783
v -0.0261592102051 0.040585609436 0.00891001033783
v -0.0108980760574 0.0430499267578 0.00891001033783
v -0.0261592102051 0.0220142459869 0.00891001033783
v -0.00752354288101 0.0181521492004 0.00891001033783
v -0.0107944087982 0.0432166366577 0.00891001033783
v 0.0715 0.0572999267578 0.0371900100708
v -0.0106800603867 0.0433762130737 0.00891001033783
v -0.0262283611298 0.0404018783569 0.00891001033783
v -0.00771472930908 0.0181075706482 0.00891001033783
v 0.0773256835937 0.00839992713928 0.0337900123596
v -0.010555519104 0.0435279655457 0.00891001033783
v -0.0261022224426 0.0218263835907 0.00891001033783
v -0.00790842151642 0.018075592041 0.00891001033783
v -0.0104213199615 0.0436712493896 0.00891001033783
v -0.026309381485 0.0402230606079 0.00891001033783
v -0.0102780380249 0.0438054466248 0.00891001033783
v -0.0773256835937 0.0141999282837 0.0337900085449
v -0.00810379123688 0.018056350708 0.00891001033783
v -0.0101262845993 0.0439299888611 0.00891001033783
v -0.0260576438904 0.0216351985931 0.00891001033783
v -0.00830000019073 0.0180499267578 0.00891001033783
v -0.00996671104431 0.0440443344116 0.00891001033783
v -0.0806743164063 0.0541999282837 0.0337900085449
v -0.0264019241333 0.0400499267578 0.00891001033783
v -0.00849620914459 0.018056350708 0.00891001033783
v -0.00980000019073 0.0441480026245 0.00891001033783
v 0.0806743164063 0.00839992713928 0.0337900123596
v -0.0265055904388 0.0398832168579 0.00891001033783
v -0.00962686634064 0.0442405471802 0.00891001033783
v -0.00869157886505 0.018075592041 0.00891001033783
v -0.00944805049896 0.0443215675354 0.00891001033783
v -0.0260256652832 0.0214415054321 0.00891001033783
v 0.085 0.0572999267578 0.0311900119781
v -0.00926431846619 0.0443907165527 0.00891001033783
v -0.00888527107239 0.0181075706482 0.00891001033783
v -0.0823486328125 0.0512999267578 0.0337900085449
v -0.0266199398041 0.0397236442566 0.00891001033783
v -0.00907645702362 0.0444477043152 0.00891001033783
v -0.00907645702362 0.0181521492004 0.00891001033783
v -0.00888527107239 0.0444922828674 0.00891001033783
v -0.0260064239502 0.0212461357117 0.00891001033783
v -0.0267444801331 0.03957188797 0.00891001033783
v -0.00869157886505 0.0445242614746 0.00891001033783
v -0.00926431846619 0.0182091369629 0.00891001033783
v -0.0806743164063 0.0141999282837 0.0337900085449
v -0.0806743164063 0.0483999290466 0.0337900085449
v -0.00849620914459 0.0445435028076 0.00891001033783
v -0.00944805049896 0.0182782878876 0.00891001033783
v -0.026 0.0210499267578 0.00891001033783
v -0.0268786792755 0.0394286079407 0.00891001033783
v -0.0773256835937 0.0483999290466 0.0337900085449
v -0.00962686634064 0.0183593082428 0.00891001033783
v -0.0270219631195 0.0392944068909 0.00891001033783
v -0.00980000019073 0.0184518508911 0.00891001033783
v 0.0735 0.00129992675781 0.0089100112915
v 0.085 0.0172999267578 0.0311900119781
v -0.00996671104431 0.018555519104 0.00891001033783
v -0.0271737155914 0.0391698684692 0.00891001033783
v -0.0260064239502 0.020853717804 0.00891001033783
v -0.0101262845993 0.0186698665619 0.00891001033783
v -0.0823486328125 0.0112999267578 0.0337900085449
v -0.0273332901001 0.039055519104 0.00891001033783
v -0.0806743164063 0.00839992713928 0.0337900085449
v -0.0102780380249 0.0187944068909 0.00891001033783
v -0.0260256652832 0.0206583480835 0.00891001033783
v -0.0275 0.0389518508911 0.00891001033783
v -0.0104213199615 0.0189286060333 0.00891001033783
v 0.085 0.0452999267578 0.0371900100708
v -0.0260576438904 0.0204646568298 0.00891001033783
v -0.010555519104 0.0190718898773 0.00891001033783
v -0.0276731338501 0.0388593101501 0.00891001033783
v -0.0773256835937 0.00839992713928 0.0337900085449
v -0.0106800603867 0.0192236423492 0.00891001033783
v 0.0715 0.0172999267578 0.0371900100708
v -0.0278519496918 0.0387782897949 0.00891001033783
v -0.0107944087982 0.0193832168579 0.00891001033783
v -0.085 0.00529992675781 0.0311900119781
v -0.0108980760574 0.0195499267578 0.00891001033783
v -0.0261022224426 0.0202734699249 0.00891001033783
v 0.085 0.0572999267578 0.0371900100708
v -0.0280356807709 0.0387091369629 0.00891001033783
v -0.0109906187057 0.0197230606079 0.00891001033783
v 0.085 0.00529992675781 0.0371900100708
v -0.0282235431671 0.0386521492004 0.00891001033783
v -0.0110716381073 0.0199018764496 0.00891001033783
v -0.0261592102051 0.020085609436 0.00891001033783
v 0.0695 0.0612999267578 0.0089100112915
v -0.0111407909393 0.020085609436 0.00891001033783
v -0.0262283611298 0.0199018764496 0.00891001033783
v -0.0111977777481 0.0202734699249 0.00891001033783
v 0.0735 0.0612999267578 0.0089100112915
v -0.0112423553467 0.0204646568298 0.00891001033783
v 0.085 0.0172999267578 0.0371900100708
v -0.0715 0.0452999267578 0.0371900062561
v -0.0112743349075 0.0206583480835 0.00891001033783
v -0.026309381485 0.0197230606079 0.00891001033783
v -0.0112935771942 0.020853717804 0.00891001033783
v -0.0735 0.00129992675781 0.00891001033783
v -0.085 0.0572999267578 0.0311900119781
v -0.0113000001907 0.0210499267578 0.00891001033783
v -0.0264019241333 0.0195499267578 0.00891001033783
v -0.0112935771942 0.0212461357117 0.00891001033783
v 0.0695 0.00129992675781 0.0391900100708
v -0.0112743349075 0.0214415054321 0.00891001033783
v 0.0735 0.00129992675781 0.0391900100708
v -0.0112423553467 0.0216351985931 0.00891001033783
v -0.0265055904388 0.0193832168579 0.00891001033783
v -0.085 0.0172999267578 0.0311900119781
v -0.0111977777481 0.0218263835907 0.00891001033783
v -0.0111407909393 0.0220142459869 0.00891001033783
v 0.0695 0.0612999267578 0.0391900100708
v -0.0266199398041 0.0192236423492 0.00891001033783
v -0.0715 0.00529992675781 0.0371900062561
v -0.0110716381073 0.022197977066 0.00891001033783
v -0.0297764568329 0.0386521492004 0.00891001033783
v 0.0735 0.0612999267578 0.0391900100708
v -0.0109906187057 0.0223767929077 0.00891001033783
v -0.0267444801331 0.0190718898773 0.00891001033783
v -0.0299643192291 0.0387091369629 0.00891001033783
v -0.0108980760574 0.0225499267578 0.00891001033783
v -0.0715 0.0572999267578 0.0371900062561
v -0.0301480503082 0.0387782897949 0.00891001033783
v -0.0107944087982 0.0227166385651 0.00891001033783
v -0.085 0.0452999267578 0.0371900062561
v -0.0268786792755 0.0189286060333 0.00891001033783
v -0.0106800603867 0.0228762111664 0.00891001033783
v -0.0303268661499 0.0388593101501 0.00891001033783
v -0.0695 0.00129992675781 0.00891001033783
v -0.010555519104 0.0230279655457 0.00891001033783
v -0.072 0.0612999267578 0.0391900062561
v -0.0270219631195 0.0187944068909 0.00891001033783
v -0.0104213199615 0.0231712474823 0.00891001033783
v -0.0305 0.0389518508911 0.00891001033783
v -0.0735 0.0612999267578 0.00891001033783
v -0.0102780380249 0.0233054466248 0.00891001033783
v -0.0306667098999 0.039055519104 0.00891001033783
v -0.0101262845993 0.0234299869537 0.00891001033783
v -0.085 0.0572999267578 0.0371900062561
v -0.0271737155914 0.0186698665619 0.00891001033783
v -0.0308262844086 0.0391698684692 0.00891001033783
v -0.00996671104431 0.023544336319 0.00891001033783
v -0.085 0.00529992675781 0.0371900062561
v -0.0273332901001 0.018555519104 0.00891001033783
v -0.00980000019073 0.0236480026245 0.00891001033783
v -0.072 0.00129992675781 0.00891001033783
v -0.0309780368805 0.0392944068909 0.00891001033783
v -0.00962686634064 0.0237405452728 0.00891001033783
v -0.0715 0.0172999267578 0.0371900062561
v -0.00962686634064 0.0237405452728 0.0118000097275
v -0.00944805049896 0.0238215656281 0.00891001033783
v -0.085 0.0172999267578 0.0371900062561
v -0.00944805049896 0.0238215656281 0.0118000097275
v -0.0311213207245 0.0394286079407 0.00891001033783
v -0.0275 0.0184518508911 0.00891001033783
v -0.00926431846619 0.0238907165527 0.00891001033783
v -0.00926431846619 0.0238907165527 0.0118000097275
v -0.0312555198669 0.03957188797 0.00891001033783
v -0.0695 0.0612999267578 0.00891001033783
v -0.00907645702362 0.0239477043152 0.00891001033783
v -0.00907645702362 0.0239477043152 0.0118000097275
v -0.0735 0.00129992675781 0.0391900062561
v -0.0313800601959 0.0397236442566 0.00891001033783
v -0.0276731338501 0.0183593082428 0.00891001033783
v -0.0695 0.00129992675781 0.0391900062561
v -0.0314944095612 0.0398832168579 0.00891001033783
v -0.072 0.00129992675781 0.0391900062561
v -0.0278519496918 0.0182782878876 0.00891001033783
v -0.0315980758667 0.0400499267578 0.00891001033783
v -0.0735 0.0612999267578 0.0391900062561
v 0.072 0.0612999267578 0.0391900100708
v -0.0280356807709 0.0182091369629 0.00891001033783
v -0.031690618515 0.0402230606079 0.00891001033783
v 0.072 0.00129992675781 0.0391900100708
v -0.0282235431671 0.0181521492004 0.00891001033783
v -0.0317716388702 0.0404018783569 0.00891001033783
v -0.0695 0.0612999267578 0.0391900062561
v 0.0231000003815 0.0672999267578 0.0140100107193
v -0.0318407897949 0.040585609436 0.00891001033783
v -0.0168999996185 0.0672999343872 0.0140100107193
v -0.0284147281647 0.0181075706482 0.00891001033783
v -0.0318977775574 0.0407734718323 0.00891001033783
v 0.0230933628082 0.0675026702881 0.0140100107193
v 0.0230734786987 0.0677045516968 0.0140100107193
v -0.0319423561096 0.0409646568298 0.00891001033783
v -0.0286084213257 0.018075592041 0.00891001033783
v -0.072 0.00529992675781 0.0391900062561
v -0.0319743347168 0.0411583480835 0.00891001033783
v -0.0169066371918 0.0675026779175 0.0140100107193
v -0.0319935760498 0.041353717804 0.00891001033783
v -0.0288037910461 0.018056350708 0.00891001033783
v 0.0230404338837 0.0679047012329 0.0140100107193
v 0.0229943695068 0.0681022644043 0.0140100107193
v -0.032 0.0415499267578 0.00891001033783
v -0.029 0.0180499267578 0.00891001033783
v -0.0319935760498 0.0417461357117 0.00891001033783
v 0.0229354839325 0.0682963867188 0.0140100107193
v -0.0169265213013 0.0677045593262 0.0140100107193
v -0.0319743347168 0.0419415054321 0.00891001033783
v -0.0291962089539 0.018056350708 0.00891001033783
v -0.0169595661163 0.0679047088623 0.0140100107193
v -0.0319423561096 0.0421351966858 0.00891001033783
v -0.0293915786743 0.018075592041 0.00891001033783
v 0.0228640270233 0.0684862442017 0.0140100107193
v -0.0318977775574 0.042326385498 0.00891001033783
v 0.0227803058624 0.0686710205078 0.0140100107193
v -0.0295852718353 0.0181075706482 0.00891001033783
v -0.0318407897949 0.0425142440796 0.00891001033783
v 0.0226846790314 0.0688499221802 0.0140100107193
v 0.0225775566101 0.0690221939087 0.0140100107193
v -0.0297764568329 0.0181521492004 0.00891001033783
v -0.0317716388702 0.0426979789734 0.00891001033783
v -0.0170056304932 0.0681022720337 0.0140100107193
v -0.031690618515 0.0428767929077 0.00891001033783
v -0.0170645160675 0.0682963943481 0.0140100107193
v 0.022459394455 0.0691870803833 0.0140100107193
v -0.0315980758667 0.0430499267578 0.00891001033783
v -0.0299643192291 0.0182091369629 0.00891001033783
v -0.072 0.0172999267578 0.0391900062561
v 0.0223307037354 0.0693438949585 0.0140100107193
v -0.0314944095612 0.0432166366577 0.00891001033783
v -0.0301480503082 0.0182782878876 0.00891001033783
v -0.0313800601959 0.0433762130737 0.00891001033783
v -0.0171359729767 0.0684862518311 0.0140100107193
v 0.0221920318604 0.0694919509888 0.0140100107193
v -0.0303268661499 0.0183593082428 0.00891001033783
v -0.0312555198669 0.0435279655457 0.00891001033783
v 0.0220439720154 0.0696306304932 0.0140100107193
v -0.0715 0.00877492713928 0.0391900062561
v -0.0311213207245 0.0436712493896 0.00891001033783
v -0.0305 0.0184518508911 0.00891001033783
v 0.0218871612549 0.0697593154907 0.0140100107193
v -0.0309780368805 0.0438054466248 0.00891001033783
v -0.0306667098999 0.018555519104 0.00891001033783
v -0.0308262844086 0.0439299888611 0.00891001033783
v -0.0172196941376 0.0686710281372 0.0140100107193
v 0.0217222671509 0.0698774795532 0.0140100107193
v 0.0215499992371 0.0699846038818 0.0140100107193
v -0.0306667098999 0.0440443344116 0.00891001033783
v -0.0308262844086 0.0186698665619 0.00891001033783
v -0.0305 0.0441480026245 0.00891001033783
v -0.0173153209686 0.0688499298096 0.0140100107193
v -0.0309780368805 0.0187944068909 0.00891001033783
v -0.0303268661499 0.0442405471802 0.00891001033783
v -0.0715 0.0172999267578 0.0391900062561
v 0.0213710956573 0.0700802307129 0.0140100107193
v -0.0311213207245 0.0189286060333 0.00891001033783
v -0.0301480503082 0.0443215675354 0.00891001033783
v 0.0211863193512 0.0701639480591 0.0140100107193
v -0.0299643192291 0.0443907165527 0.00891001033783
v -0.0174224433899 0.0690222015381 0.0140100107193
v -0.0312555198669 0.0190718898773 0.00891001033783
v -0.0297764568329 0.0444477043152 0.00891001033783
v 0.0209964618683 0.0702354049683 0.0140100107193
v 0.0208023395538 0.0702942962646 0.0140100107193
v -0.0295852718353 0.0444922828674 0.00891001033783
v -0.017540605545 0.0691870880127 0.0140100107193
v -0.0313800601959 0.0192236423492 0.00891001033783
v -0.0293915786743 0.0445242614746 0.00891001033783
v -0.0715 0.00877492713928 0.0381900062561
v -0.0314944095612 0.0193832168579 0.00891001033783
v -0.0291962089539 0.0445435028076 0.00891001033783
v 0.0206047801971 0.0703403549194 0.0140100107193
v 0.020404630661 0.0703734054565 0.0140100107193
v -0.0315980758667 0.0195499267578 0.00891001033783
v -0.0176692962646 0.0693439025879 0.0140100107193
v 0.0202027492523 0.0703932876587 0.0140100107193
v -0.0178079681396 0.0694919586182 0.0140100107193
v -0.031690618515 0.0197230606079 0.00891001033783
v 0.02 0.0703999252319 0.0140100107193
v -0.0317716388702 0.0199018764496 0.00891001033783
v 0.0197972507477 0.0703932876587 0.0140100107193
v 0.019595369339 0.0703734054565 0.0140100107193
v -0.0318407897949 0.020085609436 0.00891001033783
v -0.0715 0.00617492675781 0.0381900062561
v -0.0179560279846 0.0696306381226 0.0140100107193
v -0.0318977775574 0.0202734699249 0.00891001033783
v 0.0193952198029 0.0703403549194 0.0140100107193
v -0.0181128387451 0.0697593231201 0.0140100107193
v -0.0319423561096 0.0204646568298 0.00891001033783
v 0.0191976604462 0.0702942962646 0.0140100107193
v -0.0715 0.00617492675781 0.0391900062561
v -0.0319743347168 0.0206583480835 0.00891001033783
v 0.0190035381317 0.0702354049683 0.0140100107193
v -0.0182777328491 0.0698774871826 0.0140100107193
v 0.0188136806488 0.0701639480591 0.0140100107193
v -0.0319935760498 0.020853717804 0.00891001033783
v 0.0186289043427 0.0700802307129 0.0140100107193
v -0.0184500007629 0.0699846115112 0.0140100107193
v -0.032 0.0210499267578 0.00891001033783
v 0.0184500007629 0.0699846038818 0.0140100107193
v 0.0182777328491 0.0698774795532 0.0140100107193
v -0.0319935760498 0.0212461357117 0.00891001033783
v 0.0181128387451 0.0697593154907 0.0140100107193
v -0.0319743347168 0.0214415054321 0.00891001033783
v -0.0715 0.00529992675781 0.0391900062561
v -0.0186289043427 0.0700802383423 0.0140100107193
v -0.0319423561096 0.0216351985931 0.00891001033783
v 0.0179560279846 0.0696306304932 0.0140100107193
v -0.0188136806488 0.0701639556885 0.0140100107193
v -0.0318977775574 0.0218263835907 0.00891001033783
v 0.0178079681396 0.0694919509888 0.0140100107193
v 0.0176692962646 0.0693438949585 0.0140100107193
v -0.0190035381317 0.0702354125977 0.0140100107193
v -0.0318407897949 0.0220142459869 0.00891001033783
v 0.017540605545 0.0691870803833 0.0140100107193
v -0.0317716388702 0.022197977066 0.00891001033783
v 0.0174224433899 0.0690221939087 0.0140100107193
v -0.0191976604462 0.070294303894 0.0140100107193
v -0.031690618515 0.0223767929077 0.00891001033783
v 0.0173153209686 0.0688499221802 0.0140100107193
v 0.0172196941376 0.0686710205078 0.0140100107193
v -0.0315980758667 0.0225499267578 0.00891001033783
v -0.072 0.0572999267578 0.0391900062561
v -0.0193952198029 0.0703403625488 0.0140100107193
v -0.0314944095612 0.0227166385651 0.00891001033783
v 0.0171359729767 0.0684862442017 0.0140100107193
v 0.0170645160675 0.0682963867188 0.0140100107193
v -0.0313800601959 0.0228762111664 0.00891001033783
v -0.072 0.0452999267578 0.0391900062561
v 0.0170056304932 0.0681022644043 0.0140100107193
v -0.019595369339 0.0703734130859 0.0140100107193
v -0.0312555198669 0.0230279655457 0.00891001033783
v 0.0169595661163 0.0679047012329 0.0140100107193
v -0.0311213207245 0.0231712474823 0.00891001033783
v 0.0169265213013 0.0677045516968 0.0140100107193
v -0.0197972507477 0.0703932952881 0.0140100107193
v -0.0309780368805 0.0233054466248 0.00891001033783
v 0.0169066371918 0.0675026702881 0.0140100107193
v 0.0168999996185 0.0672999267578 0.0140100107193
v -0.02 0.0703999328613 0.0140100107193
v -0.0308262844086 0.0234299869537 0.00891001033783
v 0.0169066371918 0.0670971755981 0.0140100107193
v -0.072 0.0612999267578 0.00891001033783
v -0.0306667098999 0.023544336319 0.00891001033783
v -0.0715 0.0572999267578 0.0391900062561
v -0.0305 0.0236480026245 0.00891001033783
v 0.0169265213013 0.0668952941895 0.0140100107193
v -0.0202027492523 0.0703932952881 0.0140100107193
v 0.0169595661163 0.0666951446533 0.0140100107193
v -0.0303268661499 0.0237405452728 0.00891001033783
v -0.0715 0.0564249267578 0.0391900062561
v 0.0170056304932 0.0664975814819 0.0140100107193
v -0.0301480503082 0.0238215656281 0.00891001033783
v -0.020404630661 0.0703734130859 0.0140100107193
v 0.0170645160675 0.0663034591675 0.0140100107193
v -0.0299643192291 0.0238907165527 0.00891001033783
v 0.0171359729767 0.0661136016846 0.0140100107193
v -0.0206047801971 0.0703403625488 0.0140100107193
v -0.0297764568329 0.0239477043152 0.00891001033783
v 0.0172196941376 0.0659288253784 0.0140100107193
v 0.0173153209686 0.0657499237061 0.0140100107193
v -0.0208023395538 0.070294303894 0.0140100107193
v 0.0174224433899 0.0655776596069 0.0140100107193
v -0.0209964618683 0.0702354125977 0.0140100107193
v 0.017540605545 0.0654127655029 0.0140100107193
v -0.0715 0.0564249267578 0.0381900062561
v 0.0176692962646 0.0652559509277 0.0140100107193
v -0.0715 0.0538249282837 0.0381900062561
v 0.0178079681396 0.0651078948975 0.0140100107193
v -0.0211863193512 0.0701639556885 0.0140100107193
v 0.0179560279846 0.0649692230225 0.0140100107193
v 0.0181128387451 0.0648405303955 0.0140100107193
v -0.0213710956573 0.0700802383423 0.0140100107193
v 0.0182777328491 0.064722366333 0.0140100107193
v -0.0715 0.0538249282837 0.0391900062561
v 0.0184500007629 0.0646152420044 0.0140100107193
v -0.0215499992371 0.0699846115112 0.0140100107193
v 0.0186289043427 0.0645196151733 0.0140100107193
v -0.0217222671509 0.0698774871826 0.0140100107193
v 0.0188136806488 0.0644358978271 0.0140100107193
v 0.0190035381317 0.064364440918 0.0140100107193
v 0.0191976604462 0.064305557251 0.0140100107193
v -0.0715 0.0452999267578 0.0391900062561
v 0.0193952198029 0.0642594909668 0.0140100107193
v -0.0218871612549 0.0697593231201 0.0140100107193
v 0.019595369339 0.0642264480591 0.0140100107193
v 0.0197972507477 0.0642065582275 0.0140100107193
v -0.0220439720154 0.0696306381226 0.0140100107193
v -0.0221920318604 0.0694919586182 0.0140100107193
v 0.02 0.0641999206543 0.0140100107193
v 0.0202027492523 0.0642065582275 0.0140100107193
v 0.020404630661 0.0642264480591 0.0140100107193
v 0.072 0.0172999267578 0.0391900100708
v 0.0206047801971 0.0642594909668 0.0140100107193
v -0.0223307037354 0.0693439025879 0.0140100107193
v 0.0208023395538 0.064305557251 0.0140100107193
v -0.022459394455 0.0691870880127 0.0140100107193
v 0.0209964618683 0.064364440918 0.0140100107193
v 0.0211863193512 0.0644358978271 0.0140100107193
v -0.0225775566101 0.0690222015381 0.0140100107193
v 0.0213710956573 0.0645196151733 0.0140100107193
v -0.072 0.0612999267578 0.01481001091
v 0.0215499992371 0.0646152420044 0.0140100107193
v -0.0226846790314 0.0688499298096 0.0140100107193
v 0.0217222671509 0.064722366333 0.0140100107193
v 0.0218871612549 0.0648405303955 0.0140100107193
v -0.0227803058624 0.0686710281372 0.0140100107193
v 0.072 0.00529992675781 0.0391900100708
v 0.0220439720154 0.0649692230225 0.0140100107193
v 0.0715 0.0172999267578 0.0391900100708
v 0.0221920318604 0.0651078948975 0.0140100107193
v 0.0223307037354 0.0652559509277 0.0140100107193
v -0.0228640270233 0.0684862518311 0.0140100107193
v 0.022459394455 0.0654127655029 0.0140100107193
v -0.0229354839325 0.0682963943481 0.0140100107193
v 0.0225775566101 0.0655776596069 0.0140100107193
v -0.0229943695068 0.0681022720337 0.0140100107193
v 0.0226846790314 0.0657499237061 0.0140100107193
v 0.0227803058624 0.0659288253784 0.0140100107193
v -0.0230404338837 0.0679047088623 0.0140100107193
v 0.0228640270233 0.0661136016846 0.0140100107193
v 0.0715 0.00877492713928 0.0391900100708
v 0.0229354839325 0.0663034591675 0.0140100107193
v 0.0229943695068 0.0664975814819 0.0140100107193
v 0.0715 0.00877492713928 0.0381900100708
v 0.0230404338837 0.0666951446533 0.0140100107193
v -0.0230734786987 0.0677045593262 0.0140100107193
v 0.0230734786987 0.0668952941895 0.0140100107193
v -0.0230933628082 0.0675026779175 0.0140100107193
v 0.0230933628082 0.0670971755981 0.0140100107193
v -0.0231000003815 0.0672999343872 0.0140100107193
v -0.0230933628082 0.0670971832275 0.0140100107193
v 0.0715 0.00617492675781 0.0381900100708
v -0.0230734786987 0.0668953018188 0.0140100107193
v 0.0715 0.00617492675781 0.0391900100708
v -0.0230404338837 0.0666951522827 0.0140100107193
v -0.072 0.00129992675781 0.01481001091
v -0.0229943695068 0.0664975891113 0.0140100107193
v 0.0715 0.00529992675781 0.0391900100708
v -0.0229354839325 0.0663034667969 0.0140100107193
v 0.072 0.0572999267578 0.0391900100708
v -0.0228640270233 0.066113609314 0.0140100107193
v -0.0227803058624 0.0659288330078 0.0140100107193
v 0.072 0.00129992675781 0.0089100112915
v -0.0226846790314 0.0657499313354 0.0140100107193
v 0.072 0.0452999267578 0.0391900100708
v -0.0225775566101 0.0655776672363 0.0140100107193
v 0.072 0.0612999267578 0.0089100112915
v -0.022459394455 0.0654127731323 0.0140100107193
v 0.072 0.0612999267578 0.01481001091
v 0.072 0.00129992675781 0.01481001091
v -0.0223307037354 0.0652559585571 0.0140100107193
v -0.0221920318604 0.0651079025269 0.0140100107193
v 0.0715 0.0572999267578 0.0391900100708
v -0.0220439720154 0.0649692306519 0.0140100107193
v 0.0119313840866 0.0342885818481 0.01481001091
v -0.0218871612549 0.0648405380249 0.0140100107193
v -0.0217222671509 0.0647223739624 0.0140100107193
v 0.011770365715 0.0348704299927 0.01481001091
v -0.0215499992371 0.0646152496338 0.0140100107193
v 0.0715 0.0564249267578 0.0391900100708
v -0.0213710956573 0.0645196228027 0.0140100107193
v 0.0120636587143 0.0336995391846 0.01481001091
v 0.0715 0.0564249267578 0.0381900100708
v -0.0211863193512 0.0644359054565 0.0140100107193
v 0.0121668710709 0.0331047134399 0.01481001091
v -0.0209964618683 0.0643644485474 0.0140100107193
v 0.0715 0.0538249282837 0.0381900100708
v -0.0208023395538 0.0643055648804 0.0140100107193
v -0.0206047801971 0.0642594985962 0.0140100107193
v -0.020404630661 0.0642264556885 0.0140100107193
v 0.0715 0.0538249282837 0.0391900100708
v 0.0715 0.0452999267578 0.0391900100708
v -0.0202027492523 0.0642065658569 0.0140100107193
v -0.02 0.0641999282837 0.0140100107193
v -0.0197972507477 0.0642065658569 0.0140100107193
v -0.019595369339 0.0642264556885 0.0140100107193
v 0.0122407722473 0.0325055389404 0.01481001091
v -0.0193952198029 0.0642594985962 0.0140100107193
v -0.0191976604462 0.0643055648804 0.0140100107193
v 0.0122851839066 0.031903459549 0.01481001091
v -0.0190035381317 0.0643644485474 0.0140100107193
v -0.0188136806488 0.0644359054565 0.0140100107193
v 0.0123000001907 0.0312999267578 0.01481001091
v -0.0186289043427 0.0645196228027 0.0140100107193
v -0.0184500007629 0.0646152496338 0.0140100107193
v 0.0122851839066 0.030696395874 0.01481001091
v -0.0182777328491 0.0647223739624 0.0140100107193
v -0.0181128387451 0.0648405380249 0.0140100107193
v 0.0122407722473 0.0300943164825 0.01481001091
v -0.0179560279846 0.0649692306519 0.0140100107193
v 0.0121668710709 0.029495141983 0.01481001091
v -0.0178079681396 0.0651079025269 0.0140100107193
v -0.0176692962646 0.0652559585571 0.0140100107193
v -0.017540605545 0.0654127731323 0.0140100107193
v 0.0120636587143 0.0289003162384 0.01481001091
v -0.0174224433899 0.0655776672363 0.0140100107193
v 0.0119313840866 0.0283112716675 0.01481001091
v -0.0173153209686 0.0657499313354 0.0140100107193
v -0.0172196941376 0.0659288330078 0.0140100107193
v -0.0171359729767 0.066113609314 0.0140100107193
v 0.011770365715 0.0277294254303 0.01481001091
v -0.0170645160675 0.0663034667969 0.0140100107193
v -0.0170056304932 0.0664975891113 0.0140100107193
v 0.011580991745 0.0271561832428 0.01481001091
v -0.0169595661163 0.0666951522827 0.0140100107193
v -0.0169265213013 0.0668953018188 0.0140100107193
v 0.0113637180328 0.0265929222107 0.01481001091
v -0.0169066371918 0.0670971832275 0.0140100107193
v 0.0111190681458 0.0260410003662 0.01481001091
v 0.0108476314545 0.0255017471313 0.01481001091
v 0.0105500621796 0.0249764633179 0.01481001091
v 0.0102270765305 0.0244664134979 0.01481001091
v 0.00987945270538 0.023972826004 0.01481001091
v -0.00950802898407 0.0234968910217 0.01481001091
v 0.00950802898407 0.0234968910217 0.01481001091
v 0.00911369895935 0.0230397529602 0.01481001091
v 0.00869741344452 0.022602514267 0.01481001091
v 0.00826017475128 0.0221862277985 0.01481001091
v 0.0078030371666 0.0217918987274 0.01481001091
v 0.00732710123062 0.0214204750061 0.01481001091
v 0.00683351373672 0.021072851181 0.01481001091
v 0.00632346391678 0.0207498664856 0.01481001091
v 0.00579817962646 0.0204522953033 0.01481001091
v -0.00579817962646 0.0204522953033 0.01481001091
v -0.00470700645447 0.019936208725 0.01481001091
v -0.00298865628242 0.0193685436249 0.01481001091
v -0.00357050156593 0.0195295619965 0.01481001091
v -0.00414374542236 0.0197189350128 0.01481001091
v -8.60958770943e-12 0.0189999275208 0.01481001091
v -0.000603532373905 0.0190147438049 0.01481001091
v -0.00120561087132 0.0190591545105 0.01481001091
v -0.00180478489399 0.0191330566406 0.01481001091
v -0.00239961099625 0.0192362689972 0.01481001091
v 0.00120561087132 0.0190591545105 0.01481001091
v 0.000603532373905 0.0190147438049 0.01481001091
v 0.00180478489399 0.0191330566406 0.01481001091
v 0.00239961099625 0.0192362689972 0.01481001091
v 0.00525892782211 0.0201808586121 0.01481001091
v 0.00470700645447 0.019936208725 0.01481001091
v 0.00298865628242 0.0193685436249 0.01481001091
v 0.00357050156593 0.0195295619965 0.01481001091
v 0.00414374542236 0.0197189350128 0.01481001091
v -0.00525892782211 0.0201808586121 0.01481001091
v 0.011580991745 0.0354436721802 0.01481001091
v 0.0113637180328 0.0360069351196 0.01481001091
v 0.0111190681458 0.0365588569641 0.01481001091
v 0.0108476314545 0.0370981063843 0.01481001091
v 0.0105500621796 0.0376233901978 0.01481001091
v 0.0102270765305 0.038133441925 0.01481001091
v 0.00987945270538 0.0386270294189 0.01481001091
v -0.00950802898407 0.0391029663086 0.01481001091
v 0.00950802898407 0.0391029663086 0.01481001091
v 0.00911369895935 0.0395601043701 0.01481001091
v 0.00869741344452 0.039997341156 0.01481001091
v 0.00826017475128 0.0404136276245 0.01481001091
v 0.0078030371666 0.0408079566956 0.01481001091
v 0.00732710123062 0.0411793785095 0.01481001091
v 0.00683351373672 0.0415270042419 0.01481001091
v 0.00632346391678 0.0418499908447 0.01481001091
v 0.00579817962646 0.0421475601196 0.01481001091
v -0.00579817962646 0.0421475601196 0.01481001091
v -0.00470700645447 0.042663646698 0.01481001091
v -0.00414374542236 0.0428809204102 0.01481001091
v -0.00357050156593 0.0430702934265 0.01481001091
v -0.00298865628242 0.0432313117981 0.01481001091
v -0.00239961099625 0.0433635864258 0.01481001091
v -0.00180478489399 0.043466796875 0.01481001091
v -0.00120561087132 0.0435406990051 0.01481001091
v -0.000603532373905 0.0435851135254 0.01481001091
v -8.62156923631e-12 0.0435999259949 0.01481001091
v 0.00120561087132 0.0435406990051 0.01481001091
v 0.000603532373905 0.0435851135254 0.01481001091
v 0.00298865628242 0.0432313117981 0.01481001091
v 0.00239961099625 0.0433635864258 0.01481001091
v 0.00180478489399 0.043466796875 0.01481001091
v 0.00525892782211 0.0424189949036 0.01481001091
v 0.00470700645447 0.042663646698 0.01481001091
v 0.00414374542236 0.0428809204102 0.01481001091
v 0.00357050156593 0.0430702934265 0.01481001091
v -0.00525892782211 0.0424189949036 0.01481001091
v -0.0394500007629 0.0148745880127 0.00891001033783
v -0.0394500007629 0.0477252655029 0.00891001033783
v -0.0394500007629 0.0145999279022 0.00891001033783
v -0.0394500007629 0.0479999275208 0.00891001033783
v 0.0144499998093 0.0145999279022 0.0089100112915
v 0.0144499998093 0.0479999275208 0.0089100112915
v -0.0354500007629 0.0226499271393 0.00891001033783
v -0.0313999996185 0.0185999279022 0.00891001033783
v -0.0354500007629 0.0399499282837 0.00891001033783
v -0.0313999996185 0.0439999275208 0.00891001033783
v 0.0117640609741 0.0348895149231 0.01481001091
v 0.011797577858 0.0347720985413 0.01481001091
v 0.0119537382126 0.0341890335083 0.01481001091
v 0.0120811014175 0.0335990142822 0.01481001091
v 0.0121793603897 0.033003452301 0.01481001091
v 0.0122482776642 0.0324037857056 0.01481001091
v 0.0122876882553 0.0318014621735 0.01481001091
v 0.012297495842 0.0311979293823 0.01481001091
v 0.0122776784897 0.0305946445465 0.01481001091
v 0.0122282829285 0.0299930553436 0.01481001091
v 0.0121494283676 0.0293946170807 0.01481001091
v 0.0120413045883 0.0288007678986 0.01481001091
v 0.0119041719437 0.0282129402161 0.01481001091
v 0.0117383613586 0.0276325473785 0.01481001091
v 0.0115442724228 0.0270609912872 0.01481001091
v 0.0113223724365 0.0264996471405 0.01481001091
v 0.0110731954575 0.0259498672485 0.01481001091
v 0.0107973423004 0.0254129734039 0.01481001091
v 0.0104954776764 0.0248902645111 0.01481001091
v 0.0101683282852 0.0243829975128 0.01481001091
v 0.00981668186188 0.0238923931122 0.01481001091
v -0.00957079982758 0.0235773239136 0.01481001091
v -0.00918034076691 0.0231170101166 0.01481001091
v 0.00944138717651 0.0234196338654 0.01481001091
v 0.00862351989746 0.0225321617126 0.01481001091
v 0.00818291854858 0.0221195850372 0.01481001091
v 0.00772260379791 0.0217291278839 0.01481001091
v 0.00724368476868 0.0213617267609 0.01481001091
v 0.0062346906662 0.0206995773315 0.01481001091
v -0.00588695287704 0.0205025844574 0.01481001091
v -0.00535006141663 0.020226732254 0.01481001091
v 0.00570704603195 0.0204064216614 0.01481001091
v 0.00516565322876 0.0201395130157 0.01481001091
v -0.00480028104782 0.0199775543213 0.01481001091
v -0.00423893642426 0.0197556552887 0.01481001091
v 0.00461181545258 0.0198994884491 0.01481001091
v 0.00404686737061 0.0196869297028 0.01481001091
v -0.00366737985611 0.0195615673065 0.01481001091
v -0.00308698821068 0.0193957557678 0.01481001091
v 0.00347216963768 0.0195023498535 0.01481001091
v 0.00288910770416 0.0193461894989 0.01481001091
v -0.00249915957451 0.0192586231232 0.01481001091
v -0.00190531051159 0.0191504993439 0.01481001091
v 0.00229908537865 0.0192188262939 0.01481001091
v 0.00170352447033 0.0191205673218 0.01481001091
v -0.00130687129498 0.0190716438293 0.01481001091
v 0.00110385966301 0.0190516490936 0.01481001091
v 0.000501535415649 0.0190122394562 0.01481001091
v -0.000705283641815 0.0190222492218 0.01481001091
v -0.000101996950805 0.0190024318695 0.01481001091
v 0.011400437355 0.0359117431641 0.01481001091
v 0.0111604137421 0.0364655838013 0.01481001091
v 0.0108935041428 0.0370069732666 0.01481001091
v 0.0106003513336 0.0375346183777 0.01481001091
v 0.0102816610336 0.0380472412109 0.01481001091
v 0.00993820095062 0.0385436134338 0.01481001091
v -0.00981668186188 0.0387074623108 0.01481001091
v 0.00957079982758 0.0390225334167 0.01481001091
v 0.00918034076691 0.0394828491211 0.01481001091
v -0.00944138717651 0.0391802215576 0.01481001091
v 0.00833406829834 0.0403432731628 0.01481001091
v 0.00788029336929 0.0407413139343 0.01481001091
v 0.00691693019867 0.0414682540894 0.01481001091
v 0.00588695287704 0.0420972709656 0.01481001091
v 0.00535006141663 0.0423731231689 0.01481001091
v -0.00570704603195 0.0421934318542 0.01481001091
v -0.00516565322876 0.0424603424072 0.01481001091
v 0.00480028104782 0.0426222991943 0.01481001091
v 0.00423893642426 0.0428442001343 0.01481001091
v -0.00461181545258 0.0427003669739 0.01481001091
v -0.00404686737061 0.0429129257202 0.01481001091
v 0.00366737985611 0.0430382881165 0.01481001091
v 0.00308698821068 0.0432040977478 0.01481001091
v -0.00347216963768 0.0430975074768 0.01481001091
v -0.00288910770416 0.0432536659241 0.01481001091
v 0.00249915957451 0.0433412322998 0.01481001091
v 0.00190531051159 0.0434493522644 0.01481001091
v -0.00229908537865 0.0433810310364 0.01481001091
v -0.00170352447033 0.0434792861938 0.01481001091
v 0.00130687129498 0.0435282096863 0.01481001091
v -0.00110385966301 0.0435482063293 0.01481001091
v -0.000501535415649 0.0435876159668 0.01481001091
v 0.000705283641815 0.0435776062012 0.01481001091
v 0.000101996935904 0.0435974235535 0.01481001091
v 0.0111846961975 0.0364108009338 0.0138174715042
v 0.00164405405521 0.0191132316589 0.0138174715042
v 0.00837746620178 0.0403019561768 0.0138174715042
v 0.00196434938908 0.0434391098022 0.0138174715042
v 0.0069659204483 0.0414337501526 0.0138174715042
v -0.00104410099983 0.0435526123047 0.0138174715042
v -0.00921947956085 0.0231623821259 0.0138174715042
v -0.00511087274551 0.0424846229553 0.0138174715042
v 0.00921947956085 0.0394374732971 0.0138174715042
v 0.0117195653915 0.0275756511688 0.0138174715042
v 0.00593908929825 0.0420677337646 0.0138174715042
v -0.00255762481689 0.0192717533112 0.0138174715042
v -0.000441632449627 0.0435890884399 0.0138174715042
v 0.0109204454422 0.0369534492493 0.0138174715042
v 0.0122526855469 0.0323440284729 0.0138174715042
v 0.00960766506195 0.0389752960205 0.0138174715042
v -0.00593908929825 0.020532119751 0.0138174715042
v 0.0107678070068 0.0253608379364 0.0138174715042
v 0.012273270607 0.0305348854065 0.0138174715042
v 0.012028175354 0.0287423019409 0.0138174715042
v 0.00136634171009 0.0435208740234 0.0138174715042
v -0.00224004650116 0.0433912734985 0.0138174715042
v 0.0121866950989 0.0329439811707 0.0138174715042
v 0.00719469451904 0.0213272228241 0.0138174715042
v 0.00813754558563 0.0220804462433 0.0138174715042
v 0.000765042304993 0.0435732002258 0.0138174715042
v 0.00341441917419 0.0194863681793 0.0138174715042
v 0.00485506153107 0.0425980186462 0.0138174715042
v -0.00940224838257 0.0392255973816 0.0138174715042
v 0.00858012199402 0.0224908428192 0.0138174715042
v -0.006182554245 0.0419298171997 0.0138174715042
v 0.012091345787 0.0335399742126 0.0138174715042
v 0.007675365448 0.0216922626495 0.0138174715042
v 0.00283064246178 0.0193330593109 0.0138174715042
v 0.00565352344513 0.0203794803619 0.0138174715042
v 0.0121391839981 0.0293355770111 0.0138174715042
v 0.000161899924278 0.0435959510803 0.0138174715042
v -0.0097798166275 0.038754699707 0.0138174715042
v 0.006182554245 0.020670042038 0.0138174715042
v 0.011046254158 0.0258963432312 0.0138174715042
v -0.00372427654266 0.0195803623199 0.0138174715042
v 0.0106298866272 0.0374824790955 0.0138174715042
v 0.0104634199142 0.0248396396637 0.0138174715042
v 0.0118881902695 0.0281551895142 0.0138174715042
v 0.00224004650116 0.0192085819244 0.0138174715042
v -0.00314473867416 0.019411737442 0.0138174715042
v 0.000441632449627 0.0190107688904 0.0138174715042
v -0.00341441917419 0.0431134872437 0.0138174715042
v 0.00104410099983 0.0190472412109 0.0138174715042
v -0.00455590963364 0.0427219314575 0.0138174715042
v 0.00940224838257 0.0233742618561 0.0138174715042
v 0.0103137187958 0.0379966201782 0.0138174715042
v -0.00164405405521 0.0434866218567 0.0138174715042
v 0.00511087274551 0.0201152305603 0.0138174715042
v -0.00429484224319 0.0197772197723 0.0138174715042
v 0.0112980899811 0.0264448661804 0.0138174715042
v 0.0119668674469 0.034130569458 0.0138174715042
v 0.00540358400345 0.0423461799622 0.0138174715042
v -0.00540358400345 0.0202536735535 0.0138174715042
v 0.00255762481689 0.0433281021118 0.0138174715042
v -0.00398997044563 0.0429317207336 0.0138174715042
v 0.0097798166275 0.0238451538086 0.0138174715042
v 0.0122891588211 0.0317415599823 0.0138174715042
v 0.00429484224319 0.0428226356506 0.0138174715042
v 0.00398997044563 0.0196681346893 0.0138174715042
v 0.00792566633224 0.0407021751404 0.0138174715042
v -0.000161899954081 0.0190039024353 0.0138174715042
v -0.00196434938908 0.0191607437134 0.0138174715042
v -0.000765042304993 0.0190266571045 0.0138174715042
v -0.00485506153107 0.0200018367767 0.0138174715042
v 0.00455590963364 0.0198779239655 0.0138174715042
v -0.00136634171009 0.0190789794922 0.0138174715042
v 0.0101338253021 0.0243340072632 0.0138174715042
v 0.00997270393372 0.0384946212769 0.0138174715042
v -0.00565352344513 0.042220375061 0.0138174715042
v 0.0122209482193 0.0299335861206 0.0138174715042
v 0.0115227069855 0.0270050868988 0.0138174715042
v -0.00283064246178 0.0432667961121 0.0138174715042
v 0.00372427654266 0.043019493103 0.0138174715042
v 0.0118135595322 0.0347143478394 0.0138174715042
v -0.00960766506195 0.0236245632172 0.0138174715042
v 0.0122960252762 0.0311380271912 0.0138174715042
v 0.0114220027924 0.0358558387756 0.0138174715042
v 0.00314473867416 0.043188117981 0.0138174715042
v -0.0695 0.0564249267578 0.01481001091
v -0.0695 0.0612999267578 0.01481001091
v -0.0695 0.0564249267578 0.01581001091
v -0.0695 0.0538249282837 0.01581001091
v -0.0695 0.0538249282837 0.01481001091
v -0.0695 0.0530390434265 0.01481001091
v -0.0695 0.00877492713928 0.01481001091
v -0.0695 0.00877492713928 0.01581001091
v -0.0695 0.00617492675781 0.01581001091
v -0.0695 0.00617492675781 0.01481001091
v -0.0695 0.00129992675781 0.01481001091
v -0.0695 0.00234252738953 0.00891001033783
v -0.0695 0.0602784233093 0.00891001033783
v -0.0695 0.0602573280334 0.00891001033783
v -0.0695676269531 0.0602855300903 0.00891001033783
v -0.0695662918091 0.0603055114746 0.00891001033783
v -0.0735 0.00529992675781 0.0311900119781
v -0.0735 0.00529992675781 0.0371900062561
v -0.0735 0.0172999267578 0.0371900062561
v -0.0735 0.0172999267578 0.0311900119781
v -0.0735 0.0452999267578 0.0311900119781
v -0.0735 0.0572999267578 0.0311900119781
v -0.0735 0.0572999267578 0.0371900062561
v -0.0735 0.0452999267578 0.0371900062561
v 0.0695 0.0564249267578 0.01481001091
v 0.0695 0.0612999267578 0.01481001091
v 0.0695 0.0564249267578 0.01581001091
v 0.0695 0.0538249282837 0.01581001091
v 0.0695 0.0538249282837 0.01481001091
v 0.0695 0.0530390434265 0.01481001091
v 0.0695 0.00877492713928 0.01481001091
v 0.0695 0.00877492713928 0.01581001091
v 0.0695 0.00617492675781 0.01581001091
v 0.0695 0.00617492675781 0.01481001091
v 0.0695 0.00129992675781 0.01481001091
v 0.0695 0.00129992675781 0.0108806819916
v 0.0695 0.00187768554687 0.0089100112915
v 0.0695 0.00332859802246 0.0089100112915
v 0.0695 0.00131834793091 0.0089100112915
v 0.0695 0.0612999267578 0.0108806819916
v 0.0695099182129 0.0612999267578 0.0108804016113
v 0.0695099182129 0.00129992675781 0.0108804016113
v 0.0696283035278 0.00322448348999 0.0089100112915
v 0.0695012283325 0.00131833839417 0.0089100112915
v 0.0695379333496 0.00186891937256 0.0089100112915
v 0.0735 0.00529992675781 0.0311900119781
v 0.0735 0.00529992675781 0.0371900100708
v 0.0735 0.0172999267578 0.0371900100708
v 0.0735 0.0172999267578 0.0311900119781
v 0.0735 0.0452999267578 0.0311900119781
v 0.0735 0.0572999267578 0.0311900119781
v 0.0735 0.0572999267578 0.0371900100708
v 0.0735 0.0452999267578 0.0371900100708
v -0.0735 0.00529992675781 0.0391900062561
v -0.0735 0.0172999267578 0.0391900062561
v -0.0735 0.0572999267578 0.0391900062561
v -0.0735 0.0452999267578 0.0391900062561
v -0.0695 0.00617492675781 0.0381900062561
v -0.0695 0.00877492713928 0.0391900062561
v -0.0695 0.00877492713928 0.0381900062561
v -0.0695 0.00617492675781 0.0391900062561
v -0.0695 0.0538249282837 0.0381900062561
v -0.0695 0.0537056999207 0.0391900062561
v -0.0695 0.0452999267578 0.0391900062561
v -0.0695 0.0538249282837 0.0391900062561
v -0.0695 0.0612302398682 0.0391900062561
v -0.0695 0.0564249267578 0.0381900062561
v -0.0695 0.0572999267578 0.0391900062561
v -0.0695 0.057287689209 0.0391900062561
v -0.0695 0.0564249267578 0.0391900062561
v -0.0695 0.0176915359497 0.0391900062561
v 0.0695 0.00136961364746 0.0391900100708
v 0.0695 0.00617492675781 0.0381900100708
v 0.0695 0.00529992675781 0.0391900100708
v 0.0695 0.00531216430664 0.0391900100708
v 0.0695 0.00877492713928 0.0391900100708
v 0.0695 0.00877492713928 0.0381900100708
v 0.0695 0.00617492675781 0.0391900100708
v 0.0695 0.0172999267578 0.0391900100708
v 0.0695 0.0538249282837 0.0381900100708
v 0.0695 0.0538249282837 0.0391900100708
v 0.0695 0.0449083175659 0.0391900100708
v 0.0695 0.0564249267578 0.0381900100708
v 0.0695 0.0564249267578 0.0391900100708
v 0.0735 0.0470777053833 0.0371900100708
v 0.0735 0.00529992675781 0.0391900100708
v 0.0735 0.0172999267578 0.0391900100708
v 0.0735 0.0452999267578 0.0391900100708
v 0.0735 0.0572999267578 0.0391900100708
v 0.0735 0.0070777053833 0.0371900100708
v -0.072 0.0237999267578 0.0391900062561
v 0.072 0.0387999267578 0.0391900100708
v -0.069998336792 0.0538249282837 0.0391900062561
v -0.0715 0.0312999267578 0.0391900062561
v -0.0697673721313 0.0572893257141 0.0391900062561
v -0.0697666702271 0.0572999267578 0.0391900062561
v 0.0705629425049 0.0172440624237 0.0391900100708
v 0.0705666656494 0.0172999267578 0.0391900100708
v 0.0715 0.0312999267578 0.0391900100708
v 0.0695046386719 0.00136948394775 0.0391900100708
v -0.0700042800903 0.0537357597351 0.0391900062561
v -0.0695046386719 0.0612303695679 0.0391900062561
v 0.0697673721313 0.00531052780151 0.0391900100708
v 0.0697666702271 0.00529992675781 0.0391900100708
v -0.0806999969482 0.0112999267578 0.0371900062561
v -0.0806854553223 0.0110780334473 0.0371900062561
v -0.0806963577271 0.0111887435913 0.0371900062561
v -0.0806963577271 0.011411113739 0.0371900062561
v -0.0806854553223 0.0115218219757 0.0371900062561
v -0.0806673355103 0.0109682731628 0.0371900062561
v -0.0806673355103 0.0116315803528 0.0371900062561
v -0.080642074585 0.0108599357605 0.0371900062561
v -0.080642074585 0.0117399196625 0.0371900062561
v -0.0806097793579 0.0107534790039 0.0371900062561
v -0.0806097793579 0.0118463745117 0.0371900062561
v -0.0805705947876 0.0106493644714 0.0371900062561
v -0.0805705947876 0.0119504890442 0.0371900062561
v -0.0805246810913 0.0105480365753 0.0371900062561
v -0.0805246810913 0.0120518188477 0.0371900062561
v -0.0804134979248 0.0103554573059 0.0371900062561
v -0.0804134979248 0.0122443962097 0.0371900062561
v -0.0803487014771 0.0102650337219 0.0371900062561
v -0.0803487014771 0.012334821701 0.0371900062561
v -0.0804722442627 0.0104499282837 0.0371900062561
v -0.0804722442627 0.0121499271393 0.0371900062561
v -0.0802781295776 0.0101790390015 0.0371900062561
v -0.0802020797729 0.0100978469849 0.0371900062561
v -0.0801208877563 0.0100218009949 0.0371900062561
v -0.0799444656372 0.00988642883301 0.0371900062561
v -0.0798499984741 0.00982768440247 0.0371900062561
v -0.0800348968506 0.00995122718811 0.0371900062561
v -0.0796505584717 0.00972933197021 0.0371900062561
v -0.0795464477539 0.0096901473999 0.0371900062561
v -0.0793316497803 0.00963259124756 0.0371900062561
v -0.0792218933105 0.00961447143555 0.0371900062561
v -0.079439994812 0.0096578540802 0.0371900062561
v -0.0797518920898 0.00977524375916 0.0371900062561
v -0.079 0.00959992790222 0.0371900062561
v -0.0788888168335 0.00960356712341 0.0371900062561
v -0.0786683502197 0.00963259124756 0.0371900062561
v -0.078560005188 0.0096578540802 0.0371900062561
v -0.0787781066895 0.00961447143555 0.0371900062561
v -0.0783494415283 0.00972933197021 0.0371900062561
v -0.0782481079102 0.00977524375916 0.0371900062561
v -0.0780555343628 0.00988642883301 0.0371900062561
v -0.0779651031494 0.00995122718811 0.0371900062561
v -0.0781500015259 0.00982768440247 0.0371900062561
v -0.0784535522461 0.0096901473999 0.0371900062561
v -0.0791111831665 0.00960356712341 0.0371900062561
v -0.0802781295776 0.0124208145142 0.0371900062561
v -0.0802020797729 0.0125020103455 0.0371900062561
v -0.0799444656372 0.0127134246826 0.0371900062561
v -0.0800348968506 0.0126486282349 0.0371900062561
v -0.0801208877563 0.0125780563354 0.0371900062561
v -0.0798499984741 0.0127721710205 0.0371900062561
v -0.0797518920898 0.0128246116638 0.0371900062561
v -0.0796505584717 0.0128705215454 0.0371900062561
v -0.079439994812 0.0129420013428 0.0371900062561
v -0.0792218933105 0.0129853839874 0.0371900062561
v -0.0793316497803 0.0129672622681 0.0371900062561
v -0.0795464477539 0.0129097099304 0.0371900062561
v -0.0788888168335 0.0129962882996 0.0371900062561
v -0.079 0.0129999275208 0.0371900062561
v -0.078560005188 0.0129420013428 0.0371900062561
v -0.0786683502197 0.0129672622681 0.0371900062561
v -0.0787781066895 0.0129853839874 0.0371900062561
v -0.0783494415283 0.0128705215454 0.0371900062561
v -0.0781500015259 0.0127721710205 0.0371900062561
v -0.0782481079102 0.0128246116638 0.0371900062561
v -0.0779651031494 0.0126486282349 0.0371900062561
v -0.0780555343628 0.0127134246826 0.0371900062561
v -0.0784535522461 0.0129097099304 0.0371900062561
v -0.0791111831665 0.0129962882996 0.0371900062561
v -0.0777979202271 0.0100978469849 0.0371900062561
v -0.0777218704224 0.0124208145142 0.0371900062561
v -0.0777218704224 0.0101790390015 0.0371900062561
v -0.0777979202271 0.0125020103455 0.0371900062561
v -0.0775865020752 0.0103554573059 0.0371900062561
v -0.0775865020752 0.0122443962097 0.0371900062561
v -0.0774753189087 0.0105480365753 0.0371900062561
v -0.0774753189087 0.0120518188477 0.0371900062561
v -0.0775277557373 0.0104499282837 0.0371900062561
v -0.0775277557373 0.0121499271393 0.0371900062561
v -0.0776512985229 0.0102650337219 0.0371900062561
v -0.0776512985229 0.012334821701 0.0371900062561
v -0.077357925415 0.0108599357605 0.0371900062561
v -0.077357925415 0.0117399196625 0.0371900062561
v -0.0773902206421 0.0107534790039 0.0371900062561
v -0.0773902206421 0.0118463745117 0.0371900062561
v -0.0773145446777 0.0110780334473 0.0371900062561
v -0.0773145446777 0.0115218219757 0.0371900062561
v -0.0773000030518 0.0112999267578 0.0371900062561
v -0.0773036422729 0.0111887435913 0.0371900062561
v -0.0773036422729 0.011411113739 0.0371900062561
v -0.0773326644897 0.0116315803528 0.0371900062561
v -0.0774294052124 0.0106493644714 0.0371900062561
v -0.0773326644897 0.0109682731628 0.0371900062561
v -0.0774294052124 0.0119504890442 0.0371900062561
v -0.0778791122437 0.0125780563354 0.0371900062561
v -0.0778791122437 0.0100218009949 0.0371900062561
v -0.0769609146118 0.0135681247711 0.0311900119781
v -0.0769609146118 0.00903173065186 0.0311900119781
v -0.0756513671875 0.0112999267578 0.0311900119781
v -0.0773256835937 0.0141999282837 0.0311900119781
v -0.0773256835937 0.00839992713928 0.0311900119781
v -0.0806743164063 0.0141999282837 0.0311900119781
v -0.0806743164063 0.00839992713928 0.0311900119781
v -0.0823486328125 0.0112999267578 0.0311900119781
v -0.0773000030518 0.0112999267578 0.0337900085449
v -0.0773036422729 0.011411113739 0.0337900085449
v -0.0773145446777 0.0115218219757 0.0337900085449
v -0.0773326644897 0.0116315803528 0.0337900085449
v -0.077357925415 0.0117399196625 0.0337900085449
v -0.0773902206421 0.0118463745117 0.0337900085449
v -0.0774294052124 0.0119504890442 0.0337900085449
v -0.0774753189087 0.0120518188477 0.0337900085449
v -0.0775277557373 0.0121499271393 0.0337900085449
v -0.0775865020752 0.0122443962097 0.0337900085449
v -0.0776512985229 0.012334821701 0.0337900085449
v -0.0777218704224 0.0124208145142 0.0337900085449
v -0.0777979202271 0.0125020103455 0.0337900085449
v -0.0778791122437 0.0125780563354 0.0337900085449
v -0.0779651031494 0.0126486282349 0.0337900085449
v -0.0780555343628 0.0127134246826 0.0337900085449
v -0.0781500015259 0.0127721710205 0.0337900085449
v -0.0782481079102 0.0128246116638 0.0337900085449
v -0.0783494415283 0.0128705215454 0.0337900085449
v -0.0784535522461 0.0129097099304 0.0337900085449
v -0.078560005188 0.0129420013428 0.0337900085449
v -0.0786683502197 0.0129672622681 0.0337900085449
v -0.0787781066895 0.0129853839874 0.0337900085449
v -0.0788888168335 0.0129962882996 0.0337900085449
v -0.079 0.0129999275208 0.0337900085449
v -0.0791111831665 0.0129962882996 0.0337900085449
v -0.0792218933105 0.0129853839874 0.0337900085449
v -0.0793316497803 0.0129672622681 0.0337900085449
v -0.079439994812 0.0129420013428 0.0337900085449
v -0.0795464477539 0.0129097099304 0.0337900085449
v -0.0796505584717 0.0128705215454 0.0337900085449
v -0.0797518920898 0.0128246116638 0.0337900085449
v -0.0798499984741 0.0127721710205 0.0337900085449
v -0.0799444656372 0.0127134246826 0.0337900085449
v -0.0800348968506 0.0126486282349 0.0337900085449
v -0.0801208877563 0.0125780563354 0.0337900085449
v -0.0802020797729 0.0125020103455 0.0337900085449
v -0.0802781295776 0.0124208145142 0.0337900085449
v -0.0803487014771 0.012334821701 0.0337900085449
v -0.0804134979248 0.0122443962097 0.0337900085449
v -0.0804722442627 0.0121499271393 0.0337900085449
v -0.0805246810913 0.0120518188477 0.0337900085449
v -0.0805705947876 0.0119504890442 0.0337900085449
v -0.0806097793579 0.0118463745117 0.0337900085449
v -0.080642074585 0.0117399196625 0.0337900085449
v -0.0806673355103 0.0116315803528 0.0337900085449
v -0.0806854553223 0.0115218219757 0.0337900085449
v -0.0806963577271 0.011411113739 0.0337900085449
v -0.0806999969482 0.0112999267578 0.0337900085449
v -0.0806963577271 0.0111887435913 0.0337900085449
v -0.0806854553223 0.0110780334473 0.0337900085449
v -0.0806673355103 0.0109682731628 0.0337900085449
v -0.080642074585 0.0108599357605 0.0337900085449
v -0.0806097793579 0.0107534790039 0.0337900085449
v -0.0805705947876 0.0106493644714 0.0337900085449
v -0.0805246810913 0.0105480365753 0.0337900085449
v -0.0804722442627 0.0104499282837 0.0337900085449
v -0.0804134979248 0.0103554573059 0.0337900085449
v -0.0803487014771 0.0102650337219 0.0337900085449
v -0.0802781295776 0.0101790390015 0.0337900085449
v -0.0802020797729 0.0100978469849 0.0337900085449
v -0.0801208877563 0.0100218009949 0.0337900085449
v -0.0800348968506 0.00995122718811 0.0337900085449
v -0.0799444656372 0.00988642883301 0.0337900085449
v -0.0798499984741 0.00982768440247 0.0337900085449
v -0.0797518920898 0.00977524375916 0.0337900085449
v -0.0796505584717 0.00972933197021 0.0337900085449
v -0.0795464477539 0.0096901473999 0.0337900085449
v -0.079439994812 0.0096578540802 0.0337900085449
v -0.0793316497803 0.00963259124756 0.0337900085449
v -0.0792218933105 0.00961447143555 0.0337900085449
v -0.0791111831665 0.00960356712341 0.0337900085449
v -0.079 0.00959992790222 0.0337900085449
v -0.0788888168335 0.00960356712341 0.0337900085449
v -0.0787781066895 0.00961447143555 0.0337900085449
v -0.0786683502197 0.00963259124756 0.0337900085449
v -0.078560005188 0.0096578540802 0.0337900085449
v -0.0784535522461 0.0096901473999 0.0337900085449
v -0.0783494415283 0.00972933197021 0.0337900085449
v -0.0782481079102 0.00977524375916 0.0337900085449
v -0.0781500015259 0.00982768440247 0.0337900085449
v -0.0780555343628 0.00988642883301 0.0337900085449
v -0.0779651031494 0.00995122718811 0.0337900085449
v -0.0778791122437 0.0100218009949 0.0337900085449
v -0.0777979202271 0.0100978469849 0.0337900085449
v -0.0777218704224 0.0101790390015 0.0337900085449
v -0.0776512985229 0.0102650337219 0.0337900085449
v -0.0775865020752 0.0103554573059 0.0337900085449
v -0.0775277557373 0.0104499282837 0.0337900085449
v -0.0774753189087 0.0105480365753 0.0337900085449
v -0.0774294052124 0.0106493644714 0.0337900085449
v -0.0773902206421 0.0107534790039 0.0337900085449
v -0.077357925415 0.0108599357605 0.0337900085449
v -0.0773326644897 0.0109682731628 0.0337900085449
v -0.0773145446777 0.0110780334473 0.0337900085449
v -0.0773036422729 0.0111887435913 0.0337900085449
v -0.0806999969482 0.0512999267578 0.0371900062561
v -0.0806854553223 0.0510780334473 0.0371900062561
v -0.0806963577271 0.0511887435913 0.0371900062561
v -0.0806963577271 0.051411113739 0.0371900062561
v -0.0806854553223 0.0515218238831 0.0371900062561
v -0.0806673355103 0.0509682731628 0.0371900062561
v -0.0806673355103 0.0516315803528 0.0371900062561
v -0.080642074585 0.0508599357605 0.0371900062561
v -0.080642074585 0.0517399215698 0.0371900062561
v -0.0806097793579 0.0507534790039 0.0371900062561
v -0.0806097793579 0.0518463745117 0.0371900062561
v -0.0805705947876 0.0506493644714 0.0371900062561
v -0.0805705947876 0.0519504890442 0.0371900062561
v -0.0805246810913 0.0505480384827 0.0371900062561
v -0.0805246810913 0.0520518188477 0.0371900062561
v -0.0804134979248 0.0503554573059 0.0371900062561
v -0.0804134979248 0.0522443962097 0.0371900062561
v -0.0803487014771 0.0502650337219 0.0371900062561
v -0.0803487014771 0.0523348236084 0.0371900062561
v -0.0804722442627 0.0504499282837 0.0371900062561
v -0.0804722442627 0.0521499290466 0.0371900062561
v -0.0802781295776 0.0501790390015 0.0371900062561
v -0.0802020797729 0.0500978469849 0.0371900062561
v -0.0801208877563 0.0500218009949 0.0371900062561
v -0.0799444656372 0.049886428833 0.0371900062561
v -0.0798499984741 0.0498276824951 0.0371900062561
v -0.0800348968506 0.0499512252808 0.0371900062561
v -0.0796505584717 0.0497293319702 0.0371900062561
v -0.0795464477539 0.0496901473999 0.0371900062561
v -0.0793316497803 0.0496325912476 0.0371900062561
v -0.0792218933105 0.0496144714355 0.0371900062561
v -0.079439994812 0.0496578521729 0.0371900062561
v -0.0797518920898 0.0497752456665 0.0371900062561
v -0.079 0.0495999259949 0.0371900062561
v -0.0788888168335 0.0496035690308 0.0371900062561
v -0.0786683502197 0.0496325912476 0.0371900062561
v -0.078560005188 0.0496578521729 0.0371900062561
v -0.0787781066895 0.0496144714355 0.0371900062561
v -0.0783494415283 0.0497293319702 0.0371900062561
v -0.0782481079102 0.0497752456665 0.0371900062561
v -0.0780555343628 0.049886428833 0.0371900062561
v -0.0779651031494 0.0499512252808 0.0371900062561
v -0.0781500015259 0.0498276824951 0.0371900062561
v -0.0784535522461 0.0496901473999 0.0371900062561
v -0.0791111831665 0.0496035690308 0.0371900062561
v -0.0802781295776 0.0524208145142 0.0371900062561
v -0.0802020797729 0.0525020103455 0.0371900062561
v -0.0799444656372 0.0527134246826 0.0371900062561
v -0.0800348968506 0.0526486282349 0.0371900062561
v -0.0801208877563 0.0525780563354 0.0371900062561
v -0.0798499984741 0.0527721710205 0.0371900062561
v -0.0797518920898 0.0528246116638 0.0371900062561
v -0.0796505584717 0.0528705215454 0.0371900062561
v -0.079439994812 0.0529420013428 0.0371900062561
v -0.0792218933105 0.0529853820801 0.0371900062561
v -0.0793316497803 0.0529672622681 0.0371900062561
v -0.0795464477539 0.0529097099304 0.0371900062561
v -0.0788888168335 0.0529962882996 0.0371900062561
v -0.079 0.0529999275208 0.0371900062561
v -0.078560005188 0.0529420013428 0.0371900062561
v -0.0786683502197 0.0529672622681 0.0371900062561
v -0.0787781066895 0.0529853820801 0.0371900062561
v -0.0783494415283 0.0528705215454 0.0371900062561
v -0.0781500015259 0.0527721710205 0.0371900062561
v -0.0782481079102 0.0528246116638 0.0371900062561
v -0.0779651031494 0.0526486282349 0.0371900062561
v -0.0780555343628 0.0527134246826 0.0371900062561
v -0.0784535522461 0.0529097099304 0.0371900062561
v -0.0791111831665 0.0529962882996 0.0371900062561
v -0.0777979202271 0.0500978469849 0.0371900062561
v -0.0777218704224 0.0524208145142 0.0371900062561
v -0.0777218704224 0.0501790390015 0.0371900062561
v -0.0777979202271 0.0525020103455 0.0371900062561
v -0.0775865020752 0.0503554573059 0.0371900062561
v -0.0775865020752 0.0522443962097 0.0371900062561
v -0.0774753189087 0.0505480384827 0.0371900062561
v -0.0774753189087 0.0520518188477 0.0371900062561
v -0.0775277557373 0.0504499282837 0.0371900062561
v -0.0775277557373 0.0521499290466 0.0371900062561
v -0.0776512985229 0.0502650337219 0.0371900062561
v -0.0776512985229 0.0523348236084 0.0371900062561
v -0.077357925415 0.0508599357605 0.0371900062561
v -0.077357925415 0.0517399215698 0.0371900062561
v -0.0773902206421 0.0507534790039 0.0371900062561
v -0.0773902206421 0.0518463745117 0.0371900062561
v -0.0773145446777 0.0510780334473 0.0371900062561
v -0.0773145446777 0.0515218238831 0.0371900062561
v -0.0773000030518 0.0512999267578 0.0371900062561
v -0.0773036422729 0.0511887435913 0.0371900062561
v -0.0773036422729 0.051411113739 0.0371900062561
v -0.0773326644897 0.0516315803528 0.0371900062561
v -0.0774294052124 0.0506493644714 0.0371900062561
v -0.0773326644897 0.0509682731628 0.0371900062561
v -0.0774294052124 0.0519504890442 0.0371900062561
v -0.0778791122437 0.0525780563354 0.0371900062561
v -0.0778791122437 0.0500218009949 0.0371900062561
v -0.0769609146118 0.0535681266785 0.0311900119781
v -0.0769609146118 0.0490317306519 0.0311900119781
v -0.0756513671875 0.0512999267578 0.0311900119781
v -0.0773256835937 0.0541999282837 0.0311900119781
v -0.0773256835937 0.0483999290466 0.0311900119781
v -0.0806743164063 0.0541999282837 0.0311900119781
v -0.0806743164063 0.0483999290466 0.0311900119781
v -0.0823486328125 0.0512999267578 0.0311900119781
v -0.0773000030518 0.0512999267578 0.0337900085449
v -0.0773036422729 0.051411113739 0.0337900085449
v -0.0773145446777 0.0515218238831 0.0337900085449
v -0.0773326644897 0.0516315803528 0.0337900085449
v -0.077357925415 0.0517399215698 0.0337900085449
v -0.0773902206421 0.0518463745117 0.0337900085449
v -0.0774294052124 0.0519504890442 0.0337900085449
v -0.0774753189087 0.0520518188477 0.0337900085449
v -0.0775277557373 0.0521499290466 0.0337900085449
v -0.0775865020752 0.0522443962097 0.0337900085449
v -0.0776512985229 0.0523348236084 0.0337900085449
v -0.0777218704224 0.0524208145142 0.0337900085449
v -0.0777979202271 0.0525020103455 0.0337900085449
v -0.0778791122437 0.0525780563354 0.0337900085449
v -0.0779651031494 0.0526486282349 0.0337900085449
v -0.0780555343628 0.0527134246826 0.0337900085449
v -0.0781500015259 0.0527721710205 0.0337900085449
v -0.0782481079102 0.0528246116638 0.0337900085449
v -0.0783494415283 0.0528705215454 0.0337900085449
v -0.0784535522461 0.0529097099304 0.0337900085449
v -0.078560005188 0.0529420013428 0.0337900085449
v -0.0786683502197 0.0529672622681 0.0337900085449
v -0.0787781066895 0.0529853820801 0.0337900085449
v -0.0788888168335 0.0529962882996 0.0337900085449
v -0.079 0.0529999275208 0.0337900085449
v -0.0791111831665 0.0529962882996 0.0337900085449
v -0.0792218933105 0.0529853820801 0.0337900085449
v -0.0793316497803 0.0529672622681 0.0337900085449
v -0.079439994812 0.0529420013428 0.0337900085449
v -0.0795464477539 0.0529097099304 0.0337900085449
v -0.0796505584717 0.0528705215454 0.0337900085449
v -0.0797518920898 0.0528246116638 0.0337900085449
v -0.0798499984741 0.0527721710205 0.0337900085449
v -0.0799444656372 0.0527134246826 0.0337900085449
v -0.0800348968506 0.0526486282349 0.0337900085449
v -0.0801208877563 0.0525780563354 0.0337900085449
v -0.0802020797729 0.0525020103455 0.0337900085449
v -0.0802781295776 0.0524208145142 0.0337900085449
v -0.0803487014771 0.0523348236084 0.0337900085449
v -0.0804134979248 0.0522443962097 0.0337900085449
v -0.0804722442627 0.0521499290466 0.0337900085449
v -0.0805246810913 0.0520518188477 0.0337900085449
v -0.0805705947876 0.0519504890442 0.0337900085449
v -0.0806097793579 0.0518463745117 0.0337900085449
v -0.080642074585 0.0517399215698 0.0337900085449
v -0.0806673355103 0.0516315803528 0.0337900085449
v -0.0806854553223 0.0515218238831 0.0337900085449
v -0.0806963577271 0.051411113739 0.0337900085449
v -0.0806999969482 0.0512999267578 0.0337900085449
v -0.0806963577271 0.0511887435913 0.0337900085449
v -0.0806854553223 0.0510780334473 0.0337900085449
v -0.0806673355103 0.0509682731628 0.0337900085449
v -0.080642074585 0.0508599357605 0.0337900085449
v -0.0806097793579 0.0507534790039 0.0337900085449
v -0.0805705947876 0.0506493644714 0.0337900085449
v -0.0805246810913 0.0505480384827 0.0337900085449
v -0.0804722442627 0.0504499282837 0.0337900085449
v -0.0804134979248 0.0503554573059 0.0337900085449
v -0.0803487014771 0.0502650337219 0.0337900085449
v -0.0802781295776 0.0501790390015 0.0337900085449
v -0.0802020797729 0.0500978469849 0.0337900085449
v -0.0801208877563 0.0500218009949 0.0337900085449
v -0.0800348968506 0.0499512252808 0.0337900085449
v -0.0799444656372 0.049886428833 0.0337900085449
v -0.0798499984741 0.0498276824951 0.0337900085449
v -0.0797518920898 0.0497752456665 0.0337900085449
v -0.0796505584717 0.0497293319702 0.0337900085449
v -0.0795464477539 0.0496901473999 0.0337900085449
v -0.079439994812 0.0496578521729 0.0337900085449
v -0.0793316497803 0.0496325912476 0.0337900085449
v -0.0792218933105 0.0496144714355 0.0337900085449
v -0.0791111831665 0.0496035690308 0.0337900085449
v -0.079 0.0495999259949 0.0337900085449
v -0.0788888168335 0.0496035690308 0.0337900085449
v -0.0787781066895 0.0496144714355 0.0337900085449
v -0.0786683502197 0.0496325912476 0.0337900085449
v -0.078560005188 0.0496578521729 0.0337900085449
v -0.0784535522461 0.0496901473999 0.0337900085449
v -0.0783494415283 0.0497293319702 0.0337900085449
v -0.0782481079102 0.0497752456665 0.0337900085449
v -0.0781500015259 0.0498276824951 0.0337900085449
v -0.0780555343628 0.049886428833 0.0337900085449
v -0.0779651031494 0.0499512252808 0.0337900085449
v -0.0778791122437 0.0500218009949 0.0337900085449
v -0.0777979202271 0.0500978469849 0.0337900085449
v -0.0777218704224 0.0501790390015 0.0337900085449
v -0.0776512985229 0.0502650337219 0.0337900085449
v -0.0775865020752 0.0503554573059 0.0337900085449
v -0.0775277557373 0.0504499282837 0.0337900085449
v -0.0774753189087 0.0505480384827 0.0337900085449
v -0.0774294052124 0.0506493644714 0.0337900085449
v -0.0773902206421 0.0507534790039 0.0337900085449
v -0.077357925415 0.0508599357605 0.0337900085449
v -0.0773326644897 0.0509682731628 0.0337900085449
v -0.0773145446777 0.0510780334473 0.0337900085449
v -0.0773036422729 0.0511887435913 0.0337900085449
v 0.0774548797607 0.0105931491852 0.0371900100708
v 0.0774753189087 0.0105480365753 0.0371900100708
v 0.0775865020752 0.0103554573059 0.0371900100708
v 0.0775277557373 0.0104499282837 0.0371900100708
v 0.0780555343628 0.00988642883301 0.0371900100708
v 0.0779651031494 0.00995122718811 0.0371900100708
v 0.0781500015259 0.00982768440247 0.0371900100708
v 0.0782481079102 0.00977524375916 0.0371900100708
v 0.0783494415283 0.00972933197021 0.0371900100708
v 0.0784535522461 0.0096901473999 0.0371900100708
v 0.078560005188 0.0096578540802 0.0371900100708
v 0.0787781066895 0.00961447143555 0.0371900100708
v 0.0788888168335 0.00960356712341 0.0371900100708
v 0.0786683502197 0.00963259124756 0.0371900100708
v 0.079 0.00959992790222 0.0371900100708
v 0.0791111831665 0.00960356712341 0.0371900100708
v 0.0792218933105 0.00961447143555 0.0371900100708
v 0.079439994812 0.0096578540802 0.0371900100708
v 0.0795464477539 0.0096901473999 0.0371900100708
v 0.0793316497803 0.00963259124756 0.0371900100708
v 0.0797518920898 0.00977524375916 0.0371900100708
v 0.0798499984741 0.00982768440247 0.0371900100708
v 0.0800348968506 0.00995122718811 0.0371900100708
v 0.0801208877563 0.0100218009949 0.0371900100708
v 0.0799444656372 0.00988642883301 0.0371900100708
v 0.0796505584717 0.00972933197021 0.0371900100708
v 0.0802781295776 0.0101790390015 0.0371900100708
v 0.0804134979248 0.0103554573059 0.0371900100708
v 0.0803487014771 0.0102650337219 0.0371900100708
v 0.0803487014771 0.012334821701 0.0371900100708
v 0.0804722442627 0.0121499271393 0.0371900100708
v 0.0805705947876 0.0106493644714 0.0371900100708
v 0.0805246810913 0.0105480365753 0.0371900100708
v 0.0805246810913 0.0120518188477 0.0371900100708
v 0.0804722442627 0.0104499282837 0.0371900100708
v 0.0804134979248 0.0122443962097 0.0371900100708
v 0.0806097793579 0.0118463745117 0.0371900100708
v 0.0806673355103 0.0109682731628 0.0371900100708
v 0.080642074585 0.0108599357605 0.0371900100708
v 0.080642074585 0.0117399196625 0.0371900100708
v 0.0806854553223 0.0115218219757 0.0371900100708
v 0.0806999969482 0.0112999267578 0.0371900100708
v 0.0806963577271 0.011411113739 0.0371900100708
v 0.0806854553223 0.0110780334473 0.0371900100708
v 0.0806963577271 0.0111887435913 0.0371900100708
v 0.0806097793579 0.0107534790039 0.0371900100708
v 0.0806673355103 0.0116315803528 0.0371900100708
v 0.0805705947876 0.0119504890442 0.0371900100708
v 0.0802020797729 0.0100978469849 0.0371900100708
v 0.0779651031494 0.0126486282349 0.0371900100708
v 0.0779608459473 0.0126451339722 0.0371900100708
v 0.0780555343628 0.0127134246826 0.0371900100708
v 0.0781500015259 0.0127721710205 0.0371900100708
v 0.0782481079102 0.0128246116638 0.0371900100708
v 0.0787781066895 0.0129853839874 0.0371900100708
v 0.0786683502197 0.0129672622681 0.0371900100708
v 0.0783494415283 0.0128705215454 0.0371900100708
v 0.0784535522461 0.0129097099304 0.0371900100708
v 0.078560005188 0.0129420013428 0.0371900100708
v 0.0798499984741 0.0127721710205 0.0371900100708
v 0.0797518920898 0.0128246116638 0.0371900100708
v 0.0796505584717 0.0128705215454 0.0371900100708
v 0.0795464477539 0.0129097099304 0.0371900100708
v 0.079439994812 0.0129420013428 0.0371900100708
v 0.0793316497803 0.0129672622681 0.0371900100708
v 0.0792218933105 0.0129853839874 0.0371900100708
v 0.0791111831665 0.0129962882996 0.0371900100708
v 0.079 0.0129999275208 0.0371900100708
v 0.0788888168335 0.0129962882996 0.0371900100708
v 0.0777218704224 0.0101790390015 0.0371900100708
v 0.0776512985229 0.0102650337219 0.0371900100708
v 0.0777979202271 0.0100978469849 0.0371900100708
v 0.0778791122437 0.0100218009949 0.0371900100708
v 0.0802781295776 0.0124208145142 0.0371900100708
v 0.0802020797729 0.0125020103455 0.0371900100708
v 0.0801208877563 0.0125780563354 0.0371900100708
v 0.0800348968506 0.0126486282349 0.0371900100708
v 0.0799444656372 0.0127134246826 0.0371900100708
v 0.0773000030518 0.0112999267578 0.0371900100708
v 0.0773145446777 0.0110780334473 0.0371900100708
v 0.0773036422729 0.0111887435913 0.0371900100708
v 0.0773036422729 0.011411113739 0.0371900100708
v 0.0773145446777 0.0115218219757 0.0371900100708
v 0.0773326644897 0.0109682731628 0.0371900100708
v 0.077357925415 0.0108599357605 0.0371900100708
v 0.0773902206421 0.0107534790039 0.0371900100708
v 0.0773326644897 0.0116315803528 0.0371900100708
v 0.077357925415 0.0117399196625 0.0371900100708
v 0.0773902206421 0.0118463745117 0.0371900100708
v 0.0774294052124 0.0106493644714 0.0371900100708
v 0.0777979202271 0.0125020103455 0.0371900100708
v 0.0778791122437 0.0125780563354 0.0371900100708
v 0.0775865020752 0.0122443962097 0.0371900100708
v 0.0776512985229 0.012334821701 0.0371900100708
v 0.0777218704224 0.0124208145142 0.0371900100708
v 0.0774294052124 0.0119504890442 0.0371900100708
v 0.0774753189087 0.0120518188477 0.0371900100708
v 0.0775277557373 0.0121499271393 0.0371900100708
v 0.0769609146118 0.00903173065186 0.0311900119781
v 0.0769609146118 0.0135681247711 0.0311900119781
v 0.0756513671875 0.0112999267578 0.0311900119781
v 0.0773256835937 0.00839992713928 0.0311900119781
v 0.0773256835937 0.0141999282837 0.0311900119781
v 0.0806743164063 0.00839992713928 0.0311900119781
v 0.0806743164063 0.0141999282837 0.0311900119781
v 0.0823486328125 0.0112999267578 0.0311900119781
v 0.0806999969482 0.0112999267578 0.0337900123596
v 0.0806963577271 0.011411113739 0.0337900123596
v 0.0806854553223 0.0115218219757 0.0337900123596
v 0.0806673355103 0.0116315803528 0.0337900123596
v 0.080642074585 0.0117399196625 0.0337900123596
v 0.0806097793579 0.0118463745117 0.0337900123596
v 0.0805705947876 0.0119504890442 0.0337900123596
v 0.0805246810913 0.0120518188477 0.0337900123596
v 0.0804722442627 0.0121499271393 0.0337900123596
v 0.0804134979248 0.0122443962097 0.0337900123596
v 0.0803487014771 0.012334821701 0.0337900123596
v 0.0802781295776 0.0124208145142 0.0337900123596
v 0.0802020797729 0.0125020103455 0.0337900123596
v 0.0801208877563 0.0125780563354 0.0337900123596
v 0.0800348968506 0.0126486282349 0.0337900123596
v 0.0799444656372 0.0127134246826 0.0337900123596
v 0.0798499984741 0.0127721710205 0.0337900123596
v 0.0797518920898 0.0128246116638 0.0337900123596
v 0.0796505584717 0.0128705215454 0.0337900123596
v 0.0795464477539 0.0129097099304 0.0337900123596
v 0.079439994812 0.0129420013428 0.0337900123596
v 0.0793316497803 0.0129672622681 0.0337900123596
v 0.0792218933105 0.0129853839874 0.0337900123596
v 0.0791111831665 0.0129962882996 0.0337900123596
v 0.079 0.0129999275208 0.0337900123596
v 0.0788888168335 0.0129962882996 0.0337900123596
v 0.0787781066895 0.0129853839874 0.0337900123596
v 0.0786683502197 0.0129672622681 0.0337900123596
v 0.078560005188 0.0129420013428 0.0337900123596
v 0.0784535522461 0.0129097099304 0.0337900123596
v 0.0783494415283 0.0128705215454 0.0337900123596
v 0.0782481079102 0.0128246116638 0.0337900123596
v 0.0781500015259 0.0127721710205 0.0337900123596
v 0.0780555343628 0.0127134246826 0.0337900123596
v 0.0779651031494 0.0126486282349 0.0337900123596
v 0.0778791122437 0.0125780563354 0.0337900123596
v 0.0777979202271 0.0125020103455 0.0337900123596
v 0.0777218704224 0.0124208145142 0.0337900123596
v 0.0776512985229 0.012334821701 0.0337900123596
v 0.0775865020752 0.0122443962097 0.0337900123596
v 0.0775277557373 0.0121499271393 0.0337900123596
v 0.0774753189087 0.0120518188477 0.0337900123596
v 0.0774294052124 0.0119504890442 0.0337900123596
v 0.0773902206421 0.0118463745117 0.0337900123596
v 0.077357925415 0.0117399196625 0.0337900123596
v 0.0773326644897 0.0116315803528 0.0337900123596
v 0.0773145446777 0.0115218219757 0.0337900123596
v 0.0773036422729 0.011411113739 0.0337900123596
v 0.0773000030518 0.0112999267578 0.0337900123596
v 0.0773036422729 0.0111887435913 0.0337900123596
v 0.0773145446777 0.0110780334473 0.0337900123596
v 0.0773326644897 0.0109682731628 0.0337900123596
v 0.077357925415 0.0108599357605 0.0337900123596
v 0.0773902206421 0.0107534790039 0.0337900123596
v 0.0774294052124 0.0106493644714 0.0337900123596
v 0.0774753189087 0.0105480365753 0.0337900123596
v 0.0775277557373 0.0104499282837 0.0337900123596
v 0.0775865020752 0.0103554573059 0.0337900123596
v 0.0776512985229 0.0102650337219 0.0337900123596
v 0.0777218704224 0.0101790390015 0.0337900123596
v 0.0777979202271 0.0100978469849 0.0337900123596
v 0.0778791122437 0.0100218009949 0.0337900123596
v 0.0779651031494 0.00995122718811 0.0337900123596
v 0.0780555343628 0.00988642883301 0.0337900123596
v 0.0781500015259 0.00982768440247 0.0337900123596
v 0.0782481079102 0.00977524375916 0.0337900123596
v 0.0783494415283 0.00972933197021 0.0337900123596
v 0.0784535522461 0.0096901473999 0.0337900123596
v 0.078560005188 0.0096578540802 0.0337900123596
v 0.0786683502197 0.00963259124756 0.0337900123596
v 0.0787781066895 0.00961447143555 0.0337900123596
v 0.0788888168335 0.00960356712341 0.0337900123596
v 0.079 0.00959992790222 0.0337900123596
v 0.0791111831665 0.00960356712341 0.0337900123596
v 0.0792218933105 0.00961447143555 0.0337900123596
v 0.0793316497803 0.00963259124756 0.0337900123596
v 0.079439994812 0.0096578540802 0.0337900123596
v 0.0795464477539 0.0096901473999 0.0337900123596
v 0.0796505584717 0.00972933197021 0.0337900123596
v 0.0797518920898 0.00977524375916 0.0337900123596
v 0.0798499984741 0.00982768440247 0.0337900123596
v 0.0799444656372 0.00988642883301 0.0337900123596
v 0.0800348968506 0.00995122718811 0.0337900123596
v 0.0801208877563 0.0100218009949 0.0337900123596
v 0.0802020797729 0.0100978469849 0.0337900123596
v 0.0802781295776 0.0101790390015 0.0337900123596
v 0.0803487014771 0.0102650337219 0.0337900123596
v 0.0804134979248 0.0103554573059 0.0337900123596
v 0.0804722442627 0.0104499282837 0.0337900123596
v 0.0805246810913 0.0105480365753 0.0337900123596
v 0.0805705947876 0.0106493644714 0.0337900123596
v 0.0806097793579 0.0107534790039 0.0337900123596
v 0.080642074585 0.0108599357605 0.0337900123596
v 0.0806673355103 0.0109682731628 0.0337900123596
v 0.0806854553223 0.0110780334473 0.0337900123596
v 0.0806963577271 0.0111887435913 0.0337900123596
v 0.0774548797607 0.0505931510925 0.0371900100708
v 0.0774753189087 0.0505480384827 0.0371900100708
v 0.0775865020752 0.0503554573059 0.0371900100708
v 0.0775277557373 0.0504499282837 0.0371900100708
v 0.0780555343628 0.049886428833 0.0371900100708
v 0.0779651031494 0.0499512252808 0.0371900100708
v 0.0781500015259 0.0498276824951 0.0371900100708
v 0.0782481079102 0.0497752456665 0.0371900100708
v 0.0783494415283 0.0497293319702 0.0371900100708
v 0.0784535522461 0.0496901473999 0.0371900100708
v 0.078560005188 0.0496578521729 0.0371900100708
v 0.0787781066895 0.0496144714355 0.0371900100708
v 0.0788888168335 0.0496035690308 0.0371900100708
v 0.0786683502197 0.0496325912476 0.0371900100708
v 0.079 0.0495999259949 0.0371900100708
v 0.0791111831665 0.0496035690308 0.0371900100708
v 0.0792218933105 0.0496144714355 0.0371900100708
v 0.079439994812 0.0496578521729 0.0371900100708
v 0.0795464477539 0.0496901473999 0.0371900100708
v 0.0793316497803 0.0496325912476 0.0371900100708
v 0.0797518920898 0.0497752456665 0.0371900100708
v 0.0798499984741 0.0498276824951 0.0371900100708
v 0.0800348968506 0.0499512252808 0.0371900100708
v 0.0801208877563 0.0500218009949 0.0371900100708
v 0.0799444656372 0.049886428833 0.0371900100708
v 0.0796505584717 0.0497293319702 0.0371900100708
v 0.0802781295776 0.0501790390015 0.0371900100708
v 0.0804134979248 0.0503554573059 0.0371900100708
v 0.0803487014771 0.0502650337219 0.0371900100708
v 0.0803487014771 0.0523348236084 0.0371900100708
v 0.0804722442627 0.0521499290466 0.0371900100708
v 0.0805705947876 0.0506493644714 0.0371900100708
v 0.0805246810913 0.0505480384827 0.0371900100708
v 0.0805246810913 0.0520518188477 0.0371900100708
v 0.0804722442627 0.0504499282837 0.0371900100708
v 0.0804134979248 0.0522443962097 0.0371900100708
v 0.0806097793579 0.0518463745117 0.0371900100708
v 0.0806673355103 0.0509682731628 0.0371900100708
v 0.080642074585 0.0508599357605 0.0371900100708
v 0.080642074585 0.0517399215698 0.0371900100708
v 0.0806854553223 0.0515218238831 0.0371900100708
v 0.0806999969482 0.0512999267578 0.0371900100708
v 0.0806963577271 0.051411113739 0.0371900100708
v 0.0806854553223 0.0510780334473 0.0371900100708
v 0.0806963577271 0.0511887435913 0.0371900100708
v 0.0806097793579 0.0507534790039 0.0371900100708
v 0.0806673355103 0.0516315803528 0.0371900100708
v 0.0805705947876 0.0519504890442 0.0371900100708
v 0.0802020797729 0.0500978469849 0.0371900100708
v 0.0779651031494 0.0526486282349 0.0371900100708
v 0.0779608459473 0.0526451339722 0.0371900100708
v 0.0780555343628 0.0527134246826 0.0371900100708
v 0.0781500015259 0.0527721710205 0.0371900100708
v 0.0782481079102 0.0528246116638 0.0371900100708
v 0.0787781066895 0.0529853820801 0.0371900100708
v 0.0786683502197 0.0529672622681 0.0371900100708
v 0.0783494415283 0.0528705215454 0.0371900100708
v 0.0784535522461 0.0529097099304 0.0371900100708
v 0.078560005188 0.0529420013428 0.0371900100708
v 0.0798499984741 0.0527721710205 0.0371900100708
v 0.0797518920898 0.0528246116638 0.0371900100708
v 0.0796505584717 0.0528705215454 0.0371900100708
v 0.0795464477539 0.0529097099304 0.0371900100708
v 0.079439994812 0.0529420013428 0.0371900100708
v 0.0793316497803 0.0529672622681 0.0371900100708
v 0.0792218933105 0.0529853820801 0.0371900100708
v 0.0791111831665 0.0529962882996 0.0371900100708
v 0.079 0.0529999275208 0.0371900100708
v 0.0788888168335 0.0529962882996 0.0371900100708
v 0.0777218704224 0.0501790390015 0.0371900100708
v 0.0776512985229 0.0502650337219 0.0371900100708
v 0.0777979202271 0.0500978469849 0.0371900100708
v 0.0778791122437 0.0500218009949 0.0371900100708
v 0.0802781295776 0.0524208145142 0.0371900100708
v 0.0802020797729 0.0525020103455 0.0371900100708
v 0.0801208877563 0.0525780563354 0.0371900100708
v 0.0800348968506 0.0526486282349 0.0371900100708
v 0.0799444656372 0.0527134246826 0.0371900100708
v 0.0773000030518 0.0512999267578 0.0371900100708
v 0.0773145446777 0.0510780334473 0.0371900100708
v 0.0773036422729 0.0511887435913 0.0371900100708
v 0.0773036422729 0.051411113739 0.0371900100708
v 0.0773145446777 0.0515218238831 0.0371900100708
v 0.0773326644897 0.0509682731628 0.0371900100708
v 0.077357925415 0.0508599357605 0.0371900100708
v 0.0773902206421 0.0507534790039 0.0371900100708
v 0.0773326644897 0.0516315803528 0.0371900100708
v 0.077357925415 0.0517399215698 0.0371900100708
v 0.0773902206421 0.0518463745117 0.0371900100708
v 0.0774294052124 0.0506493644714 0.0371900100708
v 0.0777979202271 0.0525020103455 0.0371900100708
v 0.0778791122437 0.0525780563354 0.0371900100708
v 0.0775865020752 0.0522443962097 0.0371900100708
v 0.0776512985229 0.0523348236084 0.0371900100708
v 0.0777218704224 0.0524208145142 0.0371900100708
v 0.0774294052124 0.0519504890442 0.0371900100708
v 0.0774753189087 0.0520518188477 0.0371900100708
v 0.0775277557373 0.0521499290466 0.0371900100708
v 0.0769609146118 0.0490317306519 0.0311900119781
v 0.0769609146118 0.0535681228638 0.0311900119781
v 0.0756513671875 0.0512999267578 0.0311900119781
v 0.0773256835937 0.0483999290466 0.0311900119781
v 0.0773256835937 0.0541999282837 0.0311900119781
v 0.0806743164063 0.0483999290466 0.0311900119781
v 0.0806743164063 0.0541999282837 0.0311900119781
v 0.0823486328125 0.0512999267578 0.0311900119781
v 0.0806999969482 0.0512999267578 0.0337900123596
v 0.0806963577271 0.051411113739 0.0337900123596
v 0.0806854553223 0.0515218238831 0.0337900123596
v 0.0806673355103 0.0516315803528 0.0337900123596
v 0.080642074585 0.0517399215698 0.0337900123596
v 0.0806097793579 0.0518463745117 0.0337900123596
v 0.0805705947876 0.0519504890442 0.0337900123596
v 0.0805246810913 0.0520518188477 0.0337900123596
v 0.0804722442627 0.0521499290466 0.0337900123596
v 0.0804134979248 0.0522443962097 0.0337900123596
v 0.0803487014771 0.0523348236084 0.0337900123596
v 0.0802781295776 0.0524208145142 0.0337900123596
v 0.0802020797729 0.0525020103455 0.0337900123596
v 0.0801208877563 0.0525780563354 0.0337900123596
v 0.0800348968506 0.0526486282349 0.0337900123596
v 0.0799444656372 0.0527134246826 0.0337900123596
v 0.0798499984741 0.0527721710205 0.0337900123596
v 0.0797518920898 0.0528246116638 0.0337900123596
v 0.0796505584717 0.0528705215454 0.0337900123596
v 0.0795464477539 0.0529097099304 0.0337900123596
v 0.079439994812 0.0529420013428 0.0337900123596
v 0.0793316497803 0.0529672622681 0.0337900123596
v 0.0792218933105 0.0529853820801 0.0337900123596
v 0.0791111831665 0.0529962882996 0.0337900123596
v 0.079 0.0529999275208 0.0337900123596
v 0.0788888168335 0.0529962882996 0.0337900123596
v 0.0787781066895 0.0529853820801 0.0337900123596
v 0.0786683502197 0.0529672622681 0.0337900123596
v 0.078560005188 0.0529420013428 0.0337900123596
v 0.0784535522461 0.0529097099304 0.0337900123596
v 0.0783494415283 0.0528705215454 0.0337900123596
v 0.0782481079102 0.0528246116638 0.0337900123596
v 0.0781500015259 0.0527721710205 0.0337900123596
v 0.0780555343628 0.0527134246826 0.0337900123596
v 0.0779651031494 0.0526486282349 0.0337900123596
v 0.0778791122437 0.0525780563354 0.0337900123596
v 0.0777979202271 0.0525020103455 0.0337900123596
v 0.0777218704224 0.0524208145142 0.0337900123596
v 0.0776512985229 0.0523348236084 0.0337900123596
v 0.0775865020752 0.0522443962097 0.0337900123596
v 0.0775277557373 0.0521499290466 0.0337900123596
v 0.0774753189087 0.0520518188477 0.0337900123596
v 0.0774294052124 0.0519504890442 0.0337900123596
v 0.0773902206421 0.0518463745117 0.0337900123596
v 0.077357925415 0.0517399215698 0.0337900123596
v 0.0773326644897 0.0516315803528 0.0337900123596
v 0.0773145446777 0.0515218238831 0.0337900123596
v 0.0773036422729 0.051411113739 0.0337900123596
v 0.0773000030518 0.0512999267578 0.0337900123596
v 0.0773036422729 0.0511887435913 0.0337900123596
v 0.0773145446777 0.0510780334473 0.0337900123596
v 0.0773326644897 0.0509682731628 0.0337900123596
v 0.077357925415 0.0508599357605 0.0337900123596
v 0.0773902206421 0.0507534790039 0.0337900123596
v 0.0774294052124 0.0506493644714 0.0337900123596
v 0.0774753189087 0.0505480384827 0.0337900123596
v 0.0775277557373 0.0504499282837 0.0337900123596
v 0.0775865020752 0.0503554573059 0.0337900123596
v 0.0776512985229 0.0502650337219 0.0337900123596
v 0.0777218704224 0.0501790390015 0.0337900123596
v 0.0777979202271 0.0500978469849 0.0337900123596
v 0.0778791122437 0.0500218009949 0.0337900123596
v 0.0779651031494 0.0499512252808 0.0337900123596
v 0.0780555343628 0.049886428833 0.0337900123596
v 0.0781500015259 0.0498276824951 0.0337900123596
v 0.0782481079102 0.0497752456665 0.0337900123596
v 0.0783494415283 0.0497293319702 0.0337900123596
v 0.0784535522461 0.0496901473999 0.0337900123596
v 0.078560005188 0.0496578521729 0.0337900123596
v 0.0786683502197 0.0496325912476 0.0337900123596
v 0.0787781066895 0.0496144714355 0.0337900123596
v 0.0788888168335 0.0496035690308 0.0337900123596
v 0.079 0.0495999259949 0.0337900123596
v 0.0791111831665 0.0496035690308 0.0337900123596
v 0.0792218933105 0.0496144714355 0.0337900123596
v 0.0793316497803 0.0496325912476 0.0337900123596
v 0.079439994812 0.0496578521729 0.0337900123596
v 0.0795464477539 0.0496901473999 0.0337900123596
v 0.0796505584717 0.0497293319702 0.0337900123596
v 0.0797518920898 0.0497752456665 0.0337900123596
v 0.0798499984741 0.0498276824951 0.0337900123596
v 0.0799444656372 0.049886428833 0.0337900123596
v 0.0800348968506 0.0499512252808 0.0337900123596
v 0.0801208877563 0.0500218009949 0.0337900123596
v 0.0802020797729 0.0500978469849 0.0337900123596
v 0.0802781295776 0.0501790390015 0.0337900123596
v 0.0803487014771 0.0502650337219 0.0337900123596
v 0.0804134979248 0.0503554573059 0.0337900123596
v 0.0804722442627 0.0504499282837 0.0337900123596
v 0.0805246810913 0.0505480384827 0.0337900123596
v 0.0805705947876 0.0506493644714 0.0337900123596
v 0.0806097793579 0.0507534790039 0.0337900123596
v 0.080642074585 0.0508599357605 0.0337900123596
v 0.0806673355103 0.0509682731628 0.0337900123596
v 0.0806854553223 0.0510780334473 0.0337900123596
v 0.0806963577271 0.0511887435913 0.0337900123596
v 0.025 0.0612999267578 0.0089100112915
v -0.025 0.0612999267578 0.00891001033783
v -0.025 0.0602999267578 0.00891001033783
v 0.025 0.0602999267578 0.0089100112915
v -0.025 0.0612999267578 0.01481001091
v 0.025 0.0612999267578 0.01481001091
v 0.0251000003815 0.0612999267578 0.0089100112915
v -0.0251000003815 0.0612999267578 0.00891001033783
v 0.0251000003815 0.0612999267578 0.01481001091
v -0.0251000003815 0.0612999267578 0.01481001091
v -0.025 0.0603250274658 0.00891001033783
v -0.0251000003815 0.0602998809814 0.00891001033783
v -0.0251000003815 0.0603021736145 0.00891001033783
v -0.0250963497162 0.0602998809814 0.00891001033783
v -0.0250885467529 0.0603019180298 0.00891001033783
v -0.0250024452209 0.0603243865967 0.00891001033783
v -0.0248956394196 0.0603270606995 0.00891001033783
v -0.025 0.0612999267578 0.0147100105286
v -0.015 0.0602999267578 0.01481001091
v -0.015 0.0612999267578 0.01481001091
v -0.015 0.0732999343872 0.01481001091
v -0.025 0.0729999313354 0.0147100105286
v -0.025 0.0730978622437 0.0147426528931
v 0.025 0.0612999267578 0.0147100105286
v 0.015 0.0602999267578 0.01481001091
v 0.015 0.0612999267578 0.01481001091
v 0.0245238075256 0.0732999267578 0.01481001091
v 0.015 0.0732999267578 0.01481001091
v 0.0246551704407 0.0732999267578 0.0147824249268
v -0.0206505622864 0.0657293395996 0.0168100090027
v -0.0207518901825 0.0657752456665 0.0168100090027
v -0.0205464477539 0.0656901473999 0.0168100090027
v -0.0204399929047 0.0656578598022 0.0168100090027
v -0.020331653595 0.065632598877 0.0168100090027
v -0.0201111850739 0.0656035690308 0.0168100090027
v -0.0202218952179 0.0656144714355 0.0168100090027
v -0.0197781047821 0.0656144714355 0.0168100090027
v -0.0198888149261 0.0656035690308 0.0168100090027
v -0.02 0.0655999298096 0.0168100090027
v -0.0195600070953 0.0656578598022 0.0168100090027
v -0.0193494377136 0.0657293395996 0.0168100090027
v -0.0192481098175 0.0657752456665 0.0168100090027
v -0.0194535522461 0.0656901473999 0.0168100090027
v -0.0190555305481 0.0658864364624 0.0168100090027
v -0.0189651050568 0.0659512329102 0.0168100090027
v -0.0187979183197 0.0660978469849 0.0168100090027
v -0.0188791122437 0.0660218048096 0.0168100090027
v -0.0191499996185 0.0658276901245 0.0168100090027
v -0.019668346405 0.065632598877 0.0168100090027
v -0.0185865020752 0.0663554611206 0.0168100090027
v -0.0185865020752 0.0682444000244 0.0168100090027
v -0.0186512985229 0.0662650375366 0.0168100090027
v -0.0186512985229 0.0683348236084 0.0168100090027
v -0.0184294052124 0.0666493682861 0.0168100090027
v -0.0184294052124 0.0679504928589 0.0168100090027
v -0.0184753170013 0.0665480422974 0.0168100090027
v -0.0184753170013 0.0680518188477 0.0168100090027
v -0.0185277576447 0.0664499282837 0.0168100090027
v -0.0185277576447 0.0681499328613 0.0168100090027
v -0.0183326644897 0.0669682769775 0.0168100090027
v -0.018357925415 0.0668599395752 0.0168100090027
v -0.018357925415 0.0677399215698 0.0168100090027
v -0.0183145446777 0.0675218276978 0.0168100090027
v -0.0182999992371 0.0672999343872 0.0168100090027
v -0.0183036403656 0.0674111175537 0.0168100090027
v -0.0183145446777 0.0670780334473 0.0168100090027
v -0.0183036403656 0.0671887435913 0.0168100090027
v -0.0183902187347 0.0667534866333 0.0168100090027
v -0.0183326644897 0.0676315841675 0.0168100090027
v -0.0183902187347 0.0678463821411 0.0168100090027
v -0.0187218723297 0.0684208221436 0.0168100090027
v -0.0187218723297 0.0661790466309 0.0168100090027
v -0.0216963596344 0.0671887435913 0.0168100090027
v -0.0217000007629 0.0672999343872 0.0168100090027
v -0.0216854553223 0.0670780334473 0.0168100090027
v -0.0216854553223 0.0675218276978 0.0168100090027
v -0.0216963596344 0.0674111175537 0.0168100090027
v -0.021642074585 0.0668599395752 0.0168100090027
v -0.0216097812653 0.0678463821411 0.0168100090027
v -0.0216097812653 0.0667534866333 0.0168100090027
v -0.021642074585 0.0677399215698 0.0168100090027
v -0.0215705947876 0.0666493682861 0.0168100090027
v -0.0216673355103 0.0669682769775 0.0168100090027
v -0.0216673355103 0.0676315841675 0.0168100090027
v -0.0215705947876 0.0679504928589 0.0168100090027
v -0.0215246829987 0.0665480422974 0.0168100090027
v -0.0215246829987 0.0680518188477 0.0168100090027
v -0.0214134979248 0.0663554611206 0.0168100090027
v -0.0214134979248 0.0682444000244 0.0168100090027
v -0.0214722423553 0.0664499282837 0.0168100090027
v -0.0214722423553 0.0681499328613 0.0168100090027
v -0.0212781276703 0.0661790466309 0.0168100090027
v -0.0212020816803 0.0685020141602 0.0168100090027
v -0.0212020816803 0.0660978469849 0.0168100090027
v -0.0212781276703 0.0684208221436 0.0168100090027
v -0.0213487014771 0.0662650375366 0.0168100090027
v -0.0213487014771 0.0683348236084 0.0168100090027
v -0.0211208877563 0.0660218048096 0.0168100090027
v -0.0211208877563 0.0685780563354 0.0168100090027
v -0.0210348949432 0.0659512329102 0.0168100090027
v -0.0210348949432 0.0686486282349 0.0168100090027
v -0.0208500003815 0.0658276901245 0.0168100090027
v -0.0209444694519 0.0658864364624 0.0168100090027
v -0.0209444694519 0.068713432312 0.0168100090027
v -0.0207518901825 0.0688246154785 0.0168100090027
v -0.0205464477539 0.0689097137451 0.0168100090027
v -0.0206505622864 0.0688705291748 0.0168100090027
v -0.0202218952179 0.0689853897095 0.0168100090027
v -0.020331653595 0.0689672698975 0.0168100090027
v -0.0204399929047 0.0689420089722 0.0168100090027
v -0.0208500003815 0.0687721710205 0.0168100090027
v -0.02 0.0689999313354 0.0168100090027
v -0.0197781047821 0.0689853897095 0.0168100090027
v -0.0198888149261 0.0689962921143 0.0168100090027
v -0.0194535522461 0.0689097137451 0.0168100090027
v -0.0195600070953 0.0689420089722 0.0168100090027
v -0.019668346405 0.0689672698975 0.0168100090027
v -0.0192481098175 0.0688246154785 0.0168100090027
v -0.0190555305481 0.068713432312 0.0168100090027
v -0.0191499996185 0.0687721710205 0.0168100090027
v -0.0187979183197 0.0685020141602 0.0168100090027
v -0.0188791122437 0.0685780563354 0.0168100090027
v -0.0189651050568 0.0686486282349 0.0168100090027
v -0.0193494377136 0.0688705291748 0.0168100090027
v -0.0201111850739 0.0689962921143 0.0168100090027
v -0.0220439720154 0.0649692306519 0.00891001033783
v -0.0220091056824 0.064940612793 0.00891001033783
v -0.0220091075897 0.0696592483521 0.00891001033783
v -0.0220439720154 0.0696306381226 0.00891001033783
v -0.0221920318604 0.0651079025269 0.00891001033783
v -0.0221920318604 0.0694919586182 0.00891001033783
v -0.0223307037354 0.0693439025879 0.00891001033783
v -0.0223307037354 0.0652559585571 0.00891001033783
v -0.0231000003815 0.0672999343872 0.00891001033783
v -0.0230734786987 0.0668953018188 0.00891001033783
v -0.0230933628082 0.0670971832275 0.00891001033783
v -0.0230933628082 0.0675026779175 0.00891001033783
v -0.0229943695068 0.0664975891113 0.00891001033783
v -0.0230404338837 0.0666951522827 0.00891001033783
v -0.0230734786987 0.0677045593262 0.00891001033783
v -0.0230404338837 0.0679047088623 0.00891001033783
v -0.0229943695068 0.0681022720337 0.00891001033783
v -0.022459394455 0.0691870880127 0.00891001033783
v -0.0225775566101 0.0690222015381 0.00891001033783
v -0.0227803058624 0.0686710281372 0.00891001033783
v -0.0226846790314 0.0688499298096 0.00891001033783
v -0.0227803058624 0.0659288330078 0.00891001033783
v -0.0228640270233 0.066113609314 0.00891001033783
v -0.0229354839325 0.0663034667969 0.00891001033783
v -0.0229354839325 0.0682963943481 0.00891001033783
v -0.0228640270233 0.0684862518311 0.00891001033783
v -0.022459394455 0.0654127731323 0.00891001033783
v -0.0226846790314 0.0657499313354 0.00891001033783
v -0.0225775566101 0.0655776672363 0.00891001033783
v -0.0218871612549 0.0648405380249 0.00891001033783
v -0.0218871612549 0.0697593231201 0.00891001033783
v -0.0217222671509 0.0698774871826 0.00891001033783
v -0.0217222671509 0.0647223739624 0.00891001033783
v -0.0215499992371 0.0699846115112 0.00891001033783
v -0.0215499992371 0.0646152496338 0.00891001033783
v -0.0213710956573 0.0645196228027 0.00891001033783
v -0.0213710956573 0.0700802383423 0.00891001033783
v -0.0209964618683 0.0643644485474 0.00891001033783
v -0.0211863193512 0.0644359054565 0.00891001033783
v -0.020404630661 0.0642264556885 0.00891001033783
v -0.0206047801971 0.0642594985962 0.00891001033783
v -0.0208023395538 0.0643055648804 0.00891001033783
v -0.02 0.0641999282837 0.00891001033783
v -0.0202027492523 0.0642065658569 0.00891001033783
v -0.0197972507477 0.0642065658569 0.00891001033783
v -0.019595369339 0.0642264556885 0.00891001033783
v -0.0193952198029 0.0642594985962 0.00891001033783
v -0.0178079681396 0.0651079025269 0.00891001033783
v -0.0176692962646 0.0652559585571 0.00891001033783
v -0.0182777328491 0.0647223739624 0.00891001033783
v -0.0181128387451 0.0648405380249 0.00891001033783
v -0.0179560279846 0.0649692306519 0.00891001033783
v -0.0188136806488 0.0644359054565 0.00891001033783
v -0.0186289043427 0.0645196228027 0.00891001033783
v -0.0184500007629 0.0646152496338 0.00891001033783
v -0.0190035381317 0.0643644485474 0.00891001033783
v -0.0191976604462 0.0643055648804 0.00891001033783
v -0.0211863193512 0.0701639556885 0.00891001033783
v -0.017540605545 0.0654127731323 0.00891001033783
v -0.0209964618683 0.0702354125977 0.00891001033783
v -0.0208023395538 0.070294303894 0.00891001033783
v -0.0206047801971 0.0703403625488 0.00891001033783
v -0.020404630661 0.0703734130859 0.00891001033783
v -0.0202027492523 0.0703932952881 0.00891001033783
v -0.0193952198029 0.0703403625488 0.00891001033783
v -0.0190035381317 0.0702354125977 0.00891001033783
v -0.0191976604462 0.070294303894 0.00891001033783
v -0.02 0.0703999328613 0.00891001033783
v -0.0197972507477 0.0703932952881 0.00891001033783
v -0.019595369339 0.0703734130859 0.00891001033783
v -0.0172196941376 0.0686710281372 0.00891001033783
v -0.0173153209686 0.0688499298096 0.00891001033783
v -0.0174224433899 0.0690222015381 0.00891001033783
v -0.017540605545 0.0691870880127 0.00891001033783
v -0.0176692962646 0.0693439025879 0.00891001033783
v -0.0178079681396 0.0694919586182 0.00891001033783
v -0.0179560279846 0.0696306381226 0.00891001033783
v -0.0181128387451 0.0697593231201 0.00891001033783
v -0.0182777328491 0.0698774871826 0.00891001033783
v -0.0184500007629 0.0699846115112 0.00891001033783
v -0.0186289043427 0.0700802383423 0.00891001033783
v -0.0188136806488 0.0701639556885 0.00891001033783
v -0.0171359729767 0.0684862518311 0.00891001033783
v -0.0174224433899 0.0655776672363 0.00891001033783
v -0.0173153209686 0.0657499313354 0.00891001033783
v -0.0170645160675 0.0682963943481 0.00891001033783
v -0.0172196941376 0.0659288330078 0.00891001033783
v -0.0170056304932 0.0681022720337 0.00891001033783
v -0.0171359729767 0.066113609314 0.00891001033783
v -0.0169595661163 0.0679047088623 0.00891001033783
v -0.0170645160675 0.0663034667969 0.00891001033783
v -0.0169265213013 0.0677045593262 0.00891001033783
v -0.0170056304932 0.0664975891113 0.00891001033783
v -0.0169066371918 0.0675026779175 0.00891001033783
v -0.0169595661163 0.0666951522827 0.00891001033783
v -0.0168999996185 0.0672999343872 0.00891001033783
v -0.0169265213013 0.0668953018188 0.00891001033783
v -0.0169066371918 0.0670971832275 0.00891001033783
v -0.0182999992371 0.0672999343872 0.0140100107193
v -0.0183036403656 0.0674111175537 0.0140100107193
v -0.0183145446777 0.0675218276978 0.0140100107193
v -0.0183326644897 0.0676315841675 0.0140100107193
v -0.018357925415 0.0677399215698 0.0140100107193
v -0.0183902187347 0.0678463821411 0.0140100107193
v -0.0184294052124 0.0679504928589 0.0140100107193
v -0.0184753170013 0.0680518188477 0.0140100107193
v -0.0185277576447 0.0681499328613 0.0140100107193
v -0.0185865020752 0.0682444000244 0.0140100107193
v -0.0186512985229 0.0683348236084 0.0140100107193
v -0.0187218723297 0.0684208221436 0.0140100107193
v -0.0187979183197 0.0685020141602 0.0140100107193
v -0.0188791122437 0.0685780563354 0.0140100107193
v -0.0189651050568 0.0686486282349 0.0140100107193
v -0.0190555305481 0.068713432312 0.0140100107193
v -0.0191499996185 0.0687721710205 0.0140100107193
v -0.0192481098175 0.0688246154785 0.0140100107193
v -0.0193494377136 0.0688705291748 0.0140100107193
v -0.0194535522461 0.0689097137451 0.0140100107193
v -0.0195600070953 0.0689420089722 0.0140100107193
v -0.019668346405 0.0689672698975 0.0140100107193
v -0.0197781047821 0.0689853897095 0.0140100107193
v -0.0198888149261 0.0689962921143 0.0140100107193
v -0.02 0.0689999313354 0.0140100107193
v -0.0201111850739 0.0689962921143 0.0140100107193
v -0.0202218952179 0.0689853897095 0.0140100107193
v -0.020331653595 0.0689672698975 0.0140100107193
v -0.0204399929047 0.0689420089722 0.0140100107193
v -0.0205464477539 0.0689097137451 0.0140100107193
v -0.0206505622864 0.0688705291748 0.0140100107193
v -0.0207518901825 0.0688246154785 0.0140100107193
v -0.0208500003815 0.0687721710205 0.0140100107193
v -0.0209444694519 0.068713432312 0.0140100107193
v -0.0210348949432 0.0686486282349 0.0140100107193
v -0.0211208877563 0.0685780563354 0.0140100107193
v -0.0212020816803 0.0685020141602 0.0140100107193
v -0.0212781276703 0.0684208221436 0.0140100107193
v -0.0213487014771 0.0683348236084 0.0140100107193
v -0.0214134979248 0.0682444000244 0.0140100107193
v -0.0214722423553 0.0681499328613 0.0140100107193
v -0.0215246829987 0.0680518188477 0.0140100107193
v -0.0215705947876 0.0679504928589 0.0140100107193
v -0.0216097812653 0.0678463821411 0.0140100107193
v -0.021642074585 0.0677399215698 0.0140100107193
v -0.0216673355103 0.0676315841675 0.0140100107193
v -0.0216854553223 0.0675218276978 0.0140100107193
v -0.0216963596344 0.0674111175537 0.0140100107193
v -0.0217000007629 0.0672999343872 0.0140100107193
v -0.0216963596344 0.0671887435913 0.0140100107193
v -0.0216854553223 0.0670780334473 0.0140100107193
v -0.0216673355103 0.0669682769775 0.0140100107193
v -0.021642074585 0.0668599395752 0.0140100107193
v -0.0216097812653 0.0667534866333 0.0140100107193
v -0.0215705947876 0.0666493682861 0.0140100107193
v -0.0215246829987 0.0665480422974 0.0140100107193
v -0.0214722423553 0.0664499282837 0.0140100107193
v -0.0214134979248 0.0663554611206 0.0140100107193
v -0.0213487014771 0.0662650375366 0.0140100107193
v -0.0212781276703 0.0661790466309 0.0140100107193
v -0.0212020816803 0.0660978469849 0.0140100107193
v -0.0211208877563 0.0660218048096 0.0140100107193
v -0.0210348949432 0.0659512329102 0.0140100107193
v -0.0209444694519 0.0658864364624 0.0140100107193
v -0.0208500003815 0.0658276901245 0.0140100107193
v -0.0207518901825 0.0657752456665 0.0140100107193
v -0.0206505622864 0.0657293395996 0.0140100107193
v -0.0205464477539 0.0656901473999 0.0140100107193
v -0.0204399929047 0.0656578598022 0.0140100107193
v -0.020331653595 0.065632598877 0.0140100107193
v -0.0202218952179 0.0656144714355 0.0140100107193
v -0.0201111850739 0.0656035690308 0.0140100107193
v -0.02 0.0655999298096 0.0140100107193
v -0.0198888149261 0.0656035690308 0.0140100107193
v -0.0197781047821 0.0656144714355 0.0140100107193
v -0.019668346405 0.065632598877 0.0140100107193
v -0.0195600070953 0.0656578598022 0.0140100107193
v -0.0194535522461 0.0656901473999 0.0140100107193
v -0.0193494377136 0.0657293395996 0.0140100107193
v -0.0192481098175 0.0657752456665 0.0140100107193
v -0.0191499996185 0.0658276901245 0.0140100107193
v -0.0190555305481 0.0658864364624 0.0140100107193
v -0.0189651050568 0.0659512329102 0.0140100107193
v -0.0188791122437 0.0660218048096 0.0140100107193
v -0.0187979183197 0.0660978469849 0.0140100107193
v -0.0187218723297 0.0661790466309 0.0140100107193
v -0.0186512985229 0.0662650375366 0.0140100107193
v -0.0185865020752 0.0663554611206 0.0140100107193
v -0.0185277576447 0.0664499282837 0.0140100107193
v -0.0184753170013 0.0665480422974 0.0140100107193
v -0.0184294052124 0.0666493682861 0.0140100107193
v -0.0183902187347 0.0667534866333 0.0140100107193
v -0.018357925415 0.0668599395752 0.0140100107193
v -0.0183326644897 0.0669682769775 0.0140100107193
v -0.0183145446777 0.0670780334473 0.0140100107193
v -0.0183036403656 0.0671887435913 0.0140100107193
v 0.0193494377136 0.0657293319702 0.01681001091
v 0.0192481098175 0.0657752380371 0.01681001091
v 0.0194535522461 0.0656901397705 0.01681001091
v 0.0195600070953 0.0656578521729 0.01681001091
v 0.019668346405 0.0656325912476 0.01681001091
v 0.0198888149261 0.0656035614014 0.01681001091
v 0.0197781047821 0.0656144638062 0.01681001091
v 0.0202218952179 0.0656144638062 0.01681001091
v 0.0201111850739 0.0656035614014 0.01681001091
v 0.02 0.0655999221802 0.01681001091
v 0.0204399929047 0.0656578521729 0.01681001091
v 0.0206505622864 0.0657293319702 0.01681001091
v 0.0207518901825 0.0657752380371 0.01681001091
v 0.0205464477539 0.0656901397705 0.01681001091
v 0.0209444694519 0.065886428833 0.01681001091
v 0.0210348949432 0.0659512252808 0.01681001091
v 0.0212020816803 0.0660978393555 0.01681001091
v 0.0211208877563 0.0660217971802 0.01681001091
v 0.0208500003815 0.0658276824951 0.01681001091
v 0.020331653595 0.0656325912476 0.01681001091
v 0.0214134979248 0.0663554534912 0.01681001091
v 0.0214134979248 0.068244392395 0.01681001091
v 0.0213487014771 0.0662650299072 0.01681001091
v 0.0213487014771 0.068334815979 0.01681001091
v 0.0215705947876 0.0666493606567 0.01681001091
v 0.0215705947876 0.0679504852295 0.01681001091
v 0.0215246829987 0.066548034668 0.01681001091
v 0.0215246829987 0.0680518112183 0.01681001091
v 0.0214722423553 0.0664499206543 0.01681001091
v 0.0214722423553 0.0681499252319 0.01681001091
v 0.0216673355103 0.0669682693481 0.01681001091
v 0.021642074585 0.0668599319458 0.01681001091
v 0.021642074585 0.0677399139404 0.01681001091
v 0.0216854553223 0.0675218200684 0.01681001091
v 0.0217000007629 0.0672999267578 0.01681001091
v 0.0216963596344 0.0674111099243 0.01681001091
v 0.0216854553223 0.0670780258179 0.01681001091
v 0.0216963596344 0.0671887359619 0.01681001091
v 0.0216097812653 0.0667534790039 0.01681001091
v 0.0216673355103 0.0676315765381 0.01681001091
v 0.0216097812653 0.0678463745117 0.01681001091
v 0.0212781276703 0.0684208145142 0.01681001091
v 0.0212781276703 0.0661790390015 0.01681001091
v 0.0183036403656 0.0671887359619 0.01681001091
v 0.0182999992371 0.0672999267578 0.01681001091
v 0.0183145446777 0.0670780258179 0.01681001091
v 0.0183145446777 0.0675218200684 0.01681001091
v 0.0183036403656 0.0674111099243 0.01681001091
v 0.018357925415 0.0668599319458 0.01681001091
v 0.0183902187347 0.0678463745117 0.01681001091
v 0.0183902187347 0.0667534790039 0.01681001091
v 0.018357925415 0.0677399139404 0.01681001091
v 0.0184294052124 0.0666493606567 0.01681001091
v 0.0183326644897 0.0669682693481 0.01681001091
v 0.0183326644897 0.0676315765381 0.01681001091
v 0.0184294052124 0.0679504852295 0.01681001091
v 0.0184753170013 0.066548034668 0.01681001091
v 0.0184753170013 0.0680518112183 0.01681001091
v 0.0185865020752 0.0663554534912 0.01681001091
v 0.0185865020752 0.068244392395 0.01681001091
v 0.0185277576447 0.0664499206543 0.01681001091
v 0.0185277576447 0.0681499252319 0.01681001091
v 0.0187218723297 0.0661790390015 0.01681001091
v 0.0187979183197 0.0685020065308 0.01681001091
v 0.0187979183197 0.0660978393555 0.01681001091
v 0.0187218723297 0.0684208145142 0.01681001091
v 0.0186512985229 0.0662650299072 0.01681001091
v 0.0186512985229 0.068334815979 0.01681001091
v 0.0188791122437 0.0660217971802 0.01681001091
v 0.0188791122437 0.0685780487061 0.01681001091
v 0.0189651050568 0.0659512252808 0.01681001091
v 0.0189651050568 0.0686486206055 0.01681001091
v 0.0191499996185 0.0658276824951 0.01681001091
v 0.0190555305481 0.065886428833 0.01681001091
v 0.0190555305481 0.0687134246826 0.01681001091
v 0.0192481098175 0.0688246078491 0.01681001091
v 0.0194535522461 0.0689097061157 0.01681001091
v 0.0193494377136 0.0688705215454 0.01681001091
v 0.0197781047821 0.0689853820801 0.01681001091
v 0.019668346405 0.0689672622681 0.01681001091
v 0.0195600070953 0.0689420013428 0.01681001091
v 0.0191499996185 0.0687721633911 0.01681001091
v 0.02 0.0689999237061 0.01681001091
v 0.0202218952179 0.0689853820801 0.01681001091
v 0.0201111850739 0.0689962844849 0.01681001091
v 0.0205464477539 0.0689097061157 0.01681001091
v 0.0204399929047 0.0689420013428 0.01681001091
v 0.020331653595 0.0689672622681 0.01681001091
v 0.0207518901825 0.0688246078491 0.01681001091
v 0.0209444694519 0.0687134246826 0.01681001091
v 0.0208500003815 0.0687721633911 0.01681001091
v 0.0212020816803 0.0685020065308 0.01681001091
v 0.0211208877563 0.0685780487061 0.01681001091
v 0.0210348949432 0.0686486206055 0.01681001091
v 0.0206505622864 0.0688705215454 0.01681001091
v 0.0198888149261 0.0689962844849 0.01681001091
v 0.0220439720154 0.0696306304932 0.0089100112915
v 0.0220091075897 0.0696592407227 0.0089100112915
v 0.0220439720154 0.0649692230225 0.0089100112915
v 0.0220091056824 0.064940612793 0.0089100112915
v 0.0221920318604 0.0694919509888 0.0089100112915
v 0.0221920318604 0.0651078948975 0.0089100112915
v 0.0223307037354 0.0652559509277 0.0089100112915
v 0.0223307037354 0.0693438949585 0.0089100112915
v 0.022459394455 0.0654127655029 0.0089100112915
v 0.0225775566101 0.0655776596069 0.0089100112915
v 0.0226846790314 0.0657499237061 0.0089100112915
v 0.0227803058624 0.0659288253784 0.0089100112915
v 0.0228640270233 0.0661136016846 0.0089100112915
v 0.0229354839325 0.0663034591675 0.0089100112915
v 0.0229354839325 0.0682963867188 0.0089100112915
v 0.0228640270233 0.0684862442017 0.0089100112915
v 0.0227803058624 0.0686710205078 0.0089100112915
v 0.0231000003815 0.0672999267578 0.0089100112915
v 0.0230933628082 0.0675026702881 0.0089100112915
v 0.0230734786987 0.0668952941895 0.0089100112915
v 0.0230933628082 0.0670971755981 0.0089100112915
v 0.0230734786987 0.0677045516968 0.0089100112915
v 0.0229943695068 0.0664975814819 0.0089100112915
v 0.0230404338837 0.0666951446533 0.0089100112915
v 0.0230404338837 0.0679047012329 0.0089100112915
v 0.0229943695068 0.0681022644043 0.0089100112915
v 0.022459394455 0.0691870803833 0.0089100112915
v 0.0226846790314 0.0688499221802 0.0089100112915
v 0.0225775566101 0.0690221939087 0.0089100112915
v 0.0218871612549 0.0697593154907 0.0089100112915
v 0.0217222671509 0.0698774795532 0.0089100112915
v 0.0215499992371 0.0699846038818 0.0089100112915
v 0.0213710956573 0.0700802307129 0.0089100112915
v 0.0176692962646 0.0693438949585 0.0089100112915
v 0.0178079681396 0.0694919509888 0.0089100112915
v 0.0179560279846 0.0696306304932 0.0089100112915
v 0.0181128387451 0.0697593154907 0.0089100112915
v 0.0182777328491 0.0698774795532 0.0089100112915
v 0.0184500007629 0.0699846038818 0.0089100112915
v 0.0186289043427 0.0700802307129 0.0089100112915
v 0.0188136806488 0.0701639480591 0.0089100112915
v 0.0202027492523 0.0703932876587 0.0089100112915
v 0.0197972507477 0.0703932876587 0.0089100112915
v 0.02 0.0703999252319 0.0089100112915
v 0.0193952198029 0.0703403549194 0.0089100112915
v 0.019595369339 0.0703734054565 0.0089100112915
v 0.0211863193512 0.0701639480591 0.0089100112915
v 0.0209964618683 0.0702354049683 0.0089100112915
v 0.0208023395538 0.0702942962646 0.0089100112915
v 0.0206047801971 0.0703403549194 0.0089100112915
v 0.020404630661 0.0703734054565 0.0089100112915
v 0.0190035381317 0.0702354049683 0.0089100112915
v 0.0191976604462 0.0702942962646 0.0089100112915
v 0.017540605545 0.0691870803833 0.0089100112915
v 0.0174224433899 0.0690221939087 0.0089100112915
v 0.0173153209686 0.0688499221802 0.0089100112915
v 0.0172196941376 0.0686710205078 0.0089100112915
v 0.0171359729767 0.0684862442017 0.0089100112915
v 0.0170645160675 0.0682963867188 0.0089100112915
v 0.0170056304932 0.0681022644043 0.0089100112915
v 0.0169595661163 0.0679047012329 0.0089100112915
v 0.0169265213013 0.0677045516968 0.0089100112915
v 0.0169066371918 0.0675026702881 0.0089100112915
v 0.0168999996185 0.0672999267578 0.0089100112915
v 0.0169066371918 0.0670971755981 0.0089100112915
v 0.0169265213013 0.0668952941895 0.0089100112915
v 0.0169595661163 0.0666951446533 0.0089100112915
v 0.0170056304932 0.0664975814819 0.0089100112915
v 0.0170645160675 0.0663034591675 0.0089100112915
v 0.0171359729767 0.0661136016846 0.0089100112915
v 0.0172196941376 0.0659288253784 0.0089100112915
v 0.0173153209686 0.0657499237061 0.0089100112915
v 0.0174224433899 0.0655776596069 0.0089100112915
v 0.0218871612549 0.0648405303955 0.0089100112915
v 0.0217222671509 0.064722366333 0.0089100112915
v 0.0215499992371 0.0646152420044 0.0089100112915
v 0.0213710956573 0.0645196151733 0.0089100112915
v 0.0176692962646 0.0652559509277 0.0089100112915
v 0.017540605545 0.0654127655029 0.0089100112915
v 0.0181128387451 0.0648405303955 0.0089100112915
v 0.0179560279846 0.0649692230225 0.0089100112915
v 0.0178079681396 0.0651078948975 0.0089100112915
v 0.0188136806488 0.0644358978271 0.0089100112915
v 0.0186289043427 0.0645196151733 0.0089100112915
v 0.0184500007629 0.0646152420044 0.0089100112915
v 0.0182777328491 0.064722366333 0.0089100112915
v 0.0202027492523 0.0642065582275 0.0089100112915
v 0.02 0.0641999206543 0.0089100112915
v 0.0197972507477 0.0642065582275 0.0089100112915
v 0.019595369339 0.0642264480591 0.0089100112915
v 0.0193952198029 0.0642594909668 0.0089100112915
v 0.0209964618683 0.064364440918 0.0089100112915
v 0.0211863193512 0.0644358978271 0.0089100112915
v 0.020404630661 0.0642264480591 0.0089100112915
v 0.0206047801971 0.0642594909668 0.0089100112915
v 0.0208023395538 0.064305557251 0.0089100112915
v 0.0190035381317 0.064364440918 0.0089100112915
v 0.0191976604462 0.064305557251 0.0089100112915
v 0.0217000007629 0.0672999267578 0.0140100107193
v 0.0216963596344 0.0674111099243 0.0140100107193
v 0.0216854553223 0.0675218200684 0.0140100107193
v 0.0216673355103 0.0676315765381 0.0140100107193
v 0.021642074585 0.0677399139404 0.0140100107193
v 0.0216097812653 0.0678463745117 0.0140100107193
v 0.0215705947876 0.0679504852295 0.0140100107193
v 0.0215246829987 0.0680518112183 0.0140100107193
v 0.0214722423553 0.0681499252319 0.0140100107193
v 0.0214134979248 0.068244392395 0.0140100107193
v 0.0213487014771 0.068334815979 0.0140100107193
v 0.0212781276703 0.0684208145142 0.0140100107193
v 0.0212020816803 0.0685020065308 0.0140100107193
v 0.0211208877563 0.0685780487061 0.0140100107193
v 0.0210348949432 0.0686486206055 0.0140100107193
v 0.0209444694519 0.0687134246826 0.0140100107193
v 0.0208500003815 0.0687721633911 0.0140100107193
v 0.0207518901825 0.0688246078491 0.0140100107193
v 0.0206505622864 0.0688705215454 0.0140100107193
v 0.0205464477539 0.0689097061157 0.0140100107193
v 0.0204399929047 0.0689420013428 0.0140100107193
v 0.020331653595 0.0689672622681 0.0140100107193
v 0.0202218952179 0.0689853820801 0.0140100107193
v 0.0201111850739 0.0689962844849 0.0140100107193
v 0.02 0.0689999237061 0.0140100107193
v 0.0198888149261 0.0689962844849 0.0140100107193
v 0.0197781047821 0.0689853820801 0.0140100107193
v 0.019668346405 0.0689672622681 0.0140100107193
v 0.0195600070953 0.0689420013428 0.0140100107193
v 0.0194535522461 0.0689097061157 0.0140100107193
v 0.0193494377136 0.0688705215454 0.0140100107193
v 0.0192481098175 0.0688246078491 0.0140100107193
v 0.0191499996185 0.0687721633911 0.0140100107193
v 0.0190555305481 0.0687134246826 0.0140100107193
v 0.0189651050568 0.0686486206055 0.0140100107193
v 0.0188791122437 0.0685780487061 0.0140100107193
v 0.0187979183197 0.0685020065308 0.0140100107193
v 0.0187218723297 0.0684208145142 0.0140100107193
v 0.0186512985229 0.068334815979 0.0140100107193
v 0.0185865020752 0.068244392395 0.0140100107193
v 0.0185277576447 0.0681499252319 0.0140100107193
v 0.0184753170013 0.0680518112183 0.0140100107193
v 0.0184294052124 0.0679504852295 0.0140100107193
v 0.0183902187347 0.0678463745117 0.0140100107193
v 0.018357925415 0.0677399139404 0.0140100107193
v 0.0183326644897 0.0676315765381 0.0140100107193
v 0.0183145446777 0.0675218200684 0.0140100107193
v 0.0183036403656 0.0674111099243 0.0140100107193
v 0.0182999992371 0.0672999267578 0.0140100107193
v 0.0183036403656 0.0671887359619 0.0140100107193
v 0.0183145446777 0.0670780258179 0.0140100107193
v 0.0183326644897 0.0669682693481 0.0140100107193
v 0.018357925415 0.0668599319458 0.0140100107193
v 0.0183902187347 0.0667534790039 0.0140100107193
v 0.0184294052124 0.0666493606567 0.0140100107193
v 0.0184753170013 0.066548034668 0.0140100107193
v 0.0185277576447 0.0664499206543 0.0140100107193
v 0.0185865020752 0.0663554534912 0.0140100107193
v 0.0186512985229 0.0662650299072 0.0140100107193
v 0.0187218723297 0.0661790390015 0.0140100107193
v 0.0187979183197 0.0660978393555 0.0140100107193
v 0.0188791122437 0.0660217971802 0.0140100107193
v 0.0189651050568 0.0659512252808 0.0140100107193
v 0.0190555305481 0.065886428833 0.0140100107193
v 0.0191499996185 0.0658276824951 0.0140100107193
v 0.0192481098175 0.0657752380371 0.0140100107193
v 0.0193494377136 0.0657293319702 0.0140100107193
v 0.0194535522461 0.0656901397705 0.0140100107193
v 0.0195600070953 0.0656578521729 0.0140100107193
v 0.019668346405 0.0656325912476 0.0140100107193
v 0.0197781047821 0.0656144638062 0.0140100107193
v 0.0198888149261 0.0656035614014 0.0140100107193
v 0.02 0.0655999221802 0.0140100107193
v 0.0201111850739 0.0656035614014 0.0140100107193
v 0.0202218952179 0.0656144638062 0.0140100107193
v 0.020331653595 0.0656325912476 0.0140100107193
v 0.0204399929047 0.0656578521729 0.0140100107193
v 0.0205464477539 0.0656901397705 0.0140100107193
v 0.0206505622864 0.0657293319702 0.0140100107193
v 0.0207518901825 0.0657752380371 0.0140100107193
v 0.0208500003815 0.0658276824951 0.0140100107193
v 0.0209444694519 0.065886428833 0.0140100107193
v 0.0210348949432 0.0659512252808 0.0140100107193
v 0.0211208877563 0.0660217971802 0.0140100107193
v 0.0212020816803 0.0660978393555 0.0140100107193
v 0.0212781276703 0.0661790390015 0.0140100107193
v 0.0213487014771 0.0662650299072 0.0140100107193
v 0.0214134979248 0.0663554534912 0.0140100107193
v 0.0214722423553 0.0664499206543 0.0140100107193
v 0.0215246829987 0.066548034668 0.0140100107193
v 0.0215705947876 0.0666493606567 0.0140100107193
v 0.0216097812653 0.0667534790039 0.0140100107193
v 0.021642074585 0.0668599319458 0.0140100107193
v 0.0216673355103 0.0669682693481 0.0140100107193
v 0.0216854553223 0.0670780258179 0.0140100107193
v 0.0216963596344 0.0671887359619 0.0140100107193
v 0.0557837753296 0.0612999267578 0.0089100112915
v -0.0394500007629 0.0203272533417 0.00891001033783
v 0.0144499998093 0.0435167884827 0.0089100112915
v -0.0340513534546 0.0226499271393 0.00891001033783
v -0.0735 0.00567783355713 0.00891001033783
v -0.0695 0.00739876365662 0.00891001033783
v -0.0648183364868 0.00941296958923 0.00891001033783
v 0.0550252723694 0.0609735908508 0.0089100112915
v 0.0322206535339 0.0511623039246 0.0089100112915
v -0.072 0.00632318305969 0.00891001033783
v -0.0313999996185 0.0237906265259 0.00891001033783
v -0.0313999996185 0.0228483867645 0.00891001033783
v -0.0315358924866 0.0226499271393 0.00891001033783
v -0.0313999996185 0.0192514686584 0.00891001033783
v -0.0307286834717 0.0185999279022 0.00891001033783
v -0.0272713165283 0.0185999279022 0.00891001033783
v -0.0315358943939 0.0399499282837 0.00891001033783
v -0.0313999996185 0.0433483848572 0.00891001033783
v -0.0272713184357 0.0439999275208 0.00891001033783
v -0.0307286815643 0.0439999275208 0.00891001033783
v -0.00950802898407 0.0234968910217 0.0118000097275
v -0.00967718791962 0.0237136478424 0.0118000097275
v -0.00579817962646 0.0204522953033 0.0118000097275
v -0.0054076128006 0.0202557010651 0.0118000097275
v -0.0100286846161 0.0185999279022 0.00891001033783
v -0.00579817962646 0.0421475601196 0.0118000097275
v -0.00540761327744 0.0423441543579 0.0118000097275
v -0.00950802898407 0.0391029663086 0.0118000097275
v -0.00967718982697 0.0388862075806 0.0118000097275
v -0.0100286827087 0.0439999275208 0.00891001033783
v 0.0144499998093 0.027292175293 0.0089100112915
v 0.0144499998093 0.0353076782227 0.0089100112915
v 0.0122851839066 0.031903459549 0.0116100101471
v 0.0123000001907 0.0312999267578 0.0116100101471
v 0.0122407722473 0.0325055389404 0.0116100101471
v 0.0121668710709 0.0331047134399 0.0116100101471
v 0.0120636587143 0.0336995391846 0.0116100101471
v 0.0119313840866 0.0342885818481 0.0116100101471
v 0.011770365715 0.0348704299927 0.0116100101471
v 0.0116065826416 0.0353662071228 0.0116100101471
v 0.0113637180328 0.0360069351196 0.0116100101471
v 0.011580991745 0.0354436721802 0.0116100101471
v 0.0111190681458 0.0365588569641 0.0116100101471
v 0.0108476314545 0.0370981063843 0.0116100101471
v 0.0105500621796 0.0376233901978 0.0116100101471
v 0.0102270765305 0.038133441925 0.0116100101471
v 0.00987945270538 0.0386270294189 0.0116100101471
v 0.00950802898407 0.0391029663086 0.0116100101471
v 0.00911369895935 0.0395601043701 0.0116100101471
v 0.00875366783142 0.0399382553101 0.0116100101471
v 0.00869741344452 0.039997341156 0.0116100101471
v 0.00826017475128 0.0404136276245 0.0116100101471
v 0.0078030371666 0.0408079566956 0.0116100101471
v 0.00739141702652 0.0411291847229 0.0116100101471
v 0.00732710123062 0.0411793785095 0.0116100101471
v 0.00683351373672 0.0415270042419 0.0116100101471
v 0.00639238977432 0.0418063430786 0.0116100101471
v 0.00632346391678 0.0418499908447 0.0116100101471
v 0.00579817962646 0.0421475601196 0.0116100101471
v 0.00525892782211 0.0424189949036 0.0116100101471
v 0.00470700645447 0.042663646698 0.0116100101471
v 0.00414374542236 0.0428809204102 0.0116100101471
v 0.00357050156593 0.0430702934265 0.0116100101471
v 0.00298865628242 0.0432313117981 0.0116100101471
v 0.00239961099625 0.0433635864258 0.0116100101471
v 0.00180478489399 0.043466796875 0.0116100101471
v 0.00120561087132 0.0435406990051 0.0116100101471
v 0.000603532373905 0.0435851135254 0.0116100101471
v -8.62021920511e-12 0.0435999259949 0.0116100101471
v -0.000603532373905 0.0435851135254 0.0116100101471
v -0.00120561087132 0.0435406990051 0.0116100101471
v -0.00180478489399 0.043466796875 0.0116100101471
v -0.00239961099625 0.0433635864258 0.0116100101471
v -0.00298865628242 0.0432313117981 0.0116100101471
v -0.00357050156593 0.0430702934265 0.0116100101471
v -0.00414374542236 0.0428809204102 0.0116100101471
v -0.00470700645447 0.042663646698 0.0116100101471
v -0.00525892782211 0.0424189949036 0.0116100101471
v -0.00540761327744 0.0423441543579 0.0116100101471
v -0.00967718982697 0.0388862075806 0.0116100101471
v -0.00967718791962 0.0237136478424 0.0116100101471
v -0.00525892782211 0.0201808586121 0.0116100101471
v -0.0054076128006 0.0202557010651 0.0116100101471
v -0.00470700645447 0.019936208725 0.0116100101471
v -0.00414374542236 0.0197189350128 0.0116100101471
v -0.00357050156593 0.0195295619965 0.0116100101471
v -0.00298865628242 0.0193685436249 0.0116100101471
v -0.00239961099625 0.0192362689972 0.0116100101471
v -0.00180478489399 0.0191330566406 0.0116100101471
v -0.00120561087132 0.0190591545105 0.0116100101471
v -0.000603532373905 0.0190147438049 0.0116100101471
v -8.60823679005e-12 0.0189999275208 0.0116100101471
v 0.000603532373905 0.0190147438049 0.0116100101471
v 0.00120561087132 0.0190591545105 0.0116100101471
v 0.00180478489399 0.0191330566406 0.0116100101471
v 0.00239961099625 0.0192362689972 0.0116100101471
v 0.00298865628242 0.0193685436249 0.0116100101471
v 0.00357050156593 0.0195295619965 0.0116100101471
v 0.00414374542236 0.0197189350128 0.0116100101471
v 0.00470700645447 0.019936208725 0.0116100101471
v 0.00525892782211 0.0201808586121 0.0116100101471
v 0.00579817962646 0.0204522953033 0.0116100101471
v 0.00632346391678 0.0207498664856 0.0116100101471
v 0.00676458787918 0.0210292034149 0.0116100101471
v 0.00683351373672 0.021072851181 0.0116100101471
v 0.00732710123062 0.0214204750061 0.0116100101471
v 0.0078030371666 0.0217918987274 0.0116100101471
v 0.00826017475128 0.0221862277985 0.0116100101471
v 0.00869741344452 0.022602514267 0.0116100101471
v 0.00905744457245 0.0229806671143 0.0116100101471
v 0.00911369895935 0.0230397529602 0.0116100101471
v 0.00950802898407 0.0234968910217 0.0116100101471
v 0.00987945270538 0.023972826004 0.0116100101471
v 0.0102270765305 0.0244664134979 0.0116100101471
v 0.0105500621796 0.0249764633179 0.0116100101471
v 0.0108476314545 0.0255017471313 0.0116100101471
v 0.0111190681458 0.0260410003662 0.0116100101471
v 0.0113637180328 0.0265929222107 0.0116100101471
v 0.011580991745 0.0271561832428 0.0116100101471
v 0.011770365715 0.0277294254303 0.0116100101471
v 0.0119313840866 0.0283112716675 0.0116100101471
v 0.0120636587143 0.0289003162384 0.0116100101471
v 0.0121668710709 0.029495141983 0.0116100101471
v 0.0122407722473 0.0300943164825 0.0116100101471
v 0.0122851839066 0.030696395874 0.0116100101471
v -0.01127693367 0.0411847343445 0.00891001033783
v -0.01127693367 0.0214151191711 0.00891001033783
v -0.00732301902771 0.0182139034271 0.00891001033783
v 0.0115194587708 0.0409035797119 0.0089100112915
v -0.00732301902771 0.0443859519958 0.00891001033783
v -0.00810379123688 0.024043504715 0.0116100101471
v -0.00790842151642 0.0240242614746 0.0116100101471
v -0.00771472930908 0.0239922828674 0.0116100101471
v -0.00752354288101 0.0239477043152 0.0116100101471
v -0.00733568191528 0.0238907165527 0.0116100101471
v -0.00570192432404 0.0225499267578 0.0116100101471
v -0.00560938167572 0.0223767929077 0.0116100101471
v -0.00552836179733 0.022197977066 0.0116100101471
v -0.00545920991898 0.0220142459869 0.0116100101471
v -0.00540222263336 0.0218263835907 0.0116100101471
v -0.00535764455795 0.0216351985931 0.0116100101471
v -0.00532566547394 0.0214415054321 0.0116100101471
v -0.00530642318726 0.0212461357117 0.0116100101471
v -0.00530000019073 0.0210499267578 0.0116100101471
v -0.00530642318726 0.020853717804 0.0116100101471
v -0.00532566547394 0.0206583480835 0.0116100101471
v -0.00535764455795 0.0204646568298 0.0116100101471
v -0.00540222263336 0.0202734699249 0.0116100101471
v -0.00962686634064 0.0237405452728 0.0116100101471
v -0.00944805049896 0.0238215656281 0.0116100101471
v -0.00926431846619 0.0238907165527 0.0116100101471
v -0.00907645702362 0.0239477043152 0.0116100101471
v -0.00540222263336 0.042326385498 0.0116100101471
v -0.00535764455795 0.0421351966858 0.0116100101471
v -0.00532566547394 0.0419415054321 0.0116100101471
v -0.00530642318726 0.0417461357117 0.0116100101471
v -0.00530000019073 0.0415499267578 0.0116100101471
v -0.00530642318726 0.041353717804 0.0116100101471
v -0.00532566547394 0.0411583480835 0.0116100101471
v -0.00535764455795 0.0409646568298 0.0116100101471
v -0.00540222263336 0.0407734718323 0.0116100101471
v -0.00545920991898 0.040585609436 0.0116100101471
v -0.00552836179733 0.0404018783569 0.0116100101471
v -0.00560938167572 0.0402230606079 0.0116100101471
v -0.00570192432404 0.0400499267578 0.0116100101471
v -0.00733568191528 0.0387091369629 0.0116100101471
v -0.00752354288101 0.0386521492004 0.0116100101471
v -0.00771472930908 0.0386075706482 0.0116100101471
v -0.00790842151642 0.038575592041 0.0116100101471
v -0.00810379123688 0.038556350708 0.0116100101471
v -0.00907645702362 0.0386521492004 0.0116100101471
v -0.00926431846619 0.0387091369629 0.0116100101471
v -0.00944805049896 0.0387782897949 0.0116100101471
v -0.00962686634064 0.0388593101501 0.0116100101471
v -0.00726977157593 0.0238659095764 0.0118000097275
v -0.00726977157593 0.0238659095764 0.0116100101471
v -0.00726977157593 0.0238659095764 0.00891001033783
v -0.0057579164505 0.0226399707794 0.0118000097275
v -0.0057579164505 0.0226399707794 0.0116100101471
v -0.0057579164505 0.0226399707794 0.00891001033783
v -0.0057779302597 0.0226526432037 0.0118000097275
v -0.00698421287537 0.0235940361023 0.0118000097275
v -0.00619527244568 0.0229465694427 0.0118000097275
v -0.00659769058228 0.0232606182098 0.0118000097275
v -0.0057779302597 0.0226526432037 0.00891001033783
v -0.00659769058228 0.0232606182098 0.00891001033783
v -0.00698421287537 0.0235940361023 0.00891001033783
v -0.00619527244568 0.0229465694427 0.00891001033783
v -0.0057579164505 0.0399598846436 0.0118000097275
v -0.0057579164505 0.0399598846436 0.0116100101471
v -0.0057579164505 0.0399598846436 0.00891001033783
v -0.00726977157593 0.0387339439392 0.0118000097275
v -0.00726977157593 0.0387339439392 0.0116100101471
v -0.00726977157593 0.0387339439392 0.00891001033783
v -0.0057779302597 0.0399472122192 0.0118000097275
v -0.00698421287537 0.0390058174133 0.0118000097275
v -0.00659769058228 0.0393392372131 0.0118000097275
v -0.00619527244568 0.0396532859802 0.0118000097275
v -0.0057779302597 0.0399472122192 0.00891001033783
v -0.00698421287537 0.0390058174133 0.00891001033783
v -0.00659769058228 0.0393392372131 0.00891001033783
v -0.00619527244568 0.0396532859802 0.00891001033783
v -0.00803930854797 0.0247022361755 0.0116100101471
v -0.00770589160919 0.0243157138824 0.0116100101471
v -0.00735390996933 0.0239460163116 0.0116100101471
v -0.00735390996933 0.0386538352966 0.0116100101471
v -0.00770589160919 0.0382841415405 0.0116100101471
v -0.00803930854797 0.0378976173401 0.0116100101471
v -0.00490252590179 0.0221279468536 0.0116100101471
v -0.00444657278061 0.0218984394073 0.0116100101471
v -0.00534666824341 0.0223795509338 0.0116100101471
v -0.00397990775108 0.0216915798187 0.0116100101471
v -0.00350365447998 0.0215078697205 0.0116100101471
v -0.00301896047592 0.0213477478027 0.0116100101471
v -0.00252699398994 0.0212116031647 0.0116100101471
v -0.00202893924713 0.0210997600555 0.0116100101471
v -0.00152599680424 0.0210124912262 0.0116100101471
v -0.00101937818527 0.020950006485 0.0116100101471
v -0.000510303795338 0.0209124546051 0.0116100101471
v -8.60916049561e-12 0.0208999271393 0.0116100101471
v 0.000510303795338 0.0209124546051 0.0116100101471
v 0.00101937818527 0.020950006485 0.0116100101471
v 0.00152599680424 0.0210124912262 0.0116100101471
v 0.00202893924713 0.0210997600555 0.0116100101471
v 0.00252699398994 0.0212116012573 0.0116100101471
v 0.00301896047592 0.0213477478027 0.0116100101471
v 0.00350365447998 0.0215078678131 0.0116100101471
v 0.00397990775108 0.0216915798187 0.0116100101471
v 0.00444657278061 0.0218984375 0.0116100101471
v 0.00490252590179 0.0221279449463 0.0116100101471
v 0.00534666824341 0.0223795490265 0.0116100101471
v 0.0057779302597 0.0226526432037 0.0116100101471
v 0.00619527244568 0.0229465675354 0.0116100101471
v 0.00659769058228 0.0232606182098 0.0116100101471
v 0.00698421287537 0.0235940341949 0.0116100101471
v 0.00735390996933 0.0239460163116 0.0116100101471
v 0.00770589160919 0.0243157138824 0.0116100101471
v 0.00803930854797 0.0247022361755 0.0116100101471
v 0.00835335826874 0.0251046543121 0.0116100101471
v 0.00864728355408 0.0255219955444 0.0116100101471
v 0.00892037677765 0.0259532585144 0.0116100101471
v 0.00917198085785 0.0263973999023 0.0116100101471
v 0.00940148830414 0.0268533535004 0.0116100101471
v 0.00960834693909 0.0273200187683 0.0116100101471
v 0.00979205799103 0.0277962722778 0.0116100101471
v 0.00995217895508 0.0282809658051 0.0116100101471
v 0.0100883245468 0.0287729320526 0.0116100101471
v 0.0102001667023 0.029270986557 0.0116100101471
v 0.0102874355316 0.0297739295959 0.0116100101471
v 0.0103499202728 0.0302805480957 0.0116100101471
v 0.0103999996185 0.0312999267578 0.0116100101471
v 0.0103874721527 0.0307896232605 0.0116100101471
v 0.0103874721527 0.0318102302551 0.0116100101471
v 0.0103499202728 0.0323193054199 0.0116100101471
v 0.0102874355316 0.0328259239197 0.0116100101471
v 0.0102001667023 0.0333288650513 0.0116100101471
v 0.0100883245468 0.0338269195557 0.0116100101471
v 0.00995217895508 0.0343188858032 0.0116100101471
v 0.00979205799103 0.0348035812378 0.0116100101471
v 0.00960834693909 0.0352798347473 0.0116100101471
v 0.00940148830414 0.0357464981079 0.0116100101471
v 0.00917198085785 0.0362024536133 0.0116100101471
v 0.00892037677765 0.0366465950012 0.0116100101471
v 0.00864728355408 0.0370778579712 0.0116100101471
v 0.00835335826874 0.0374951972961 0.0116100101471
v 0.00803930854797 0.0378976173401 0.0116100101471
v 0.00770589160919 0.0382841377258 0.0116100101471
v 0.00735390996933 0.0386538352966 0.0116100101471
v 0.00698421287537 0.0390058174133 0.0116100101471
v 0.00659769058228 0.0393392333984 0.0116100101471
v 0.00619527244568 0.0396532859802 0.0116100101471
v 0.0057779302597 0.0399472084045 0.0116100101471
v 0.00534666824341 0.0402203025818 0.0116100101471
v 0.00490252590179 0.0404719085693 0.0116100101471
v 0.00444657278061 0.0407014160156 0.0116100101471
v 0.00397990775108 0.0409082717896 0.0116100101471
v 0.00350365447998 0.0410919837952 0.0116100101471
v 0.00301896047592 0.0412521057129 0.0116100101471
v 0.00252699398994 0.0413882522583 0.0116100101471
v 0.00202893924713 0.0415000915527 0.0116100101471
v 0.00152599680424 0.0415873603821 0.0116100101471
v 0.00101937818527 0.0416498451233 0.0116100101471
v 0.000510303795338 0.0416873970032 0.0116100101471
v -8.6192937232e-12 0.0416999282837 0.0116100101471
v -0.000510303795338 0.0416874008179 0.0116100101471
v -0.00101937818527 0.041649848938 0.0116100101471
v -0.00152599680424 0.0415873641968 0.0116100101471
v -0.00202893924713 0.0415000953674 0.0116100101471
v -0.00252699398994 0.0413882522583 0.0116100101471
v -0.00301896047592 0.0412521057129 0.0116100101471
v -0.00534666824341 0.0402203025818 0.0116100101471
v -0.00397990775108 0.0409082756042 0.0116100101471
v -0.00350365447998 0.0410919837952 0.0116100101471
v -0.00490252590179 0.0404719085693 0.0116100101471
v -0.00444657278061 0.0407014160156 0.0116100101471
v 0.00301896047592 0.0412521057129 0.0089100112915
v 0.00202893924713 0.0415000915527 0.0089100112915
v 0.00252699398994 0.0413882522583 0.0089100112915
v 0.00350365447998 0.0410919837952 0.0089100112915
v 0.00152599680424 0.0415873603821 0.0089100112915
v 0.00397990775108 0.0409082717896 0.0089100112915
v 0.00101937818527 0.0416498451233 0.0089100112915
v 0.00444657278061 0.0407014160156 0.0089100112915
v 0.000510303795338 0.0416873970032 0.0089100112915
v -0.00350365447998 0.0215078697205 0.00891001033783
v -0.00301896047592 0.0213477478027 0.00891001033783
v -0.00152599680424 0.0210124912262 0.00891001033783
v -0.00202893924713 0.0210997600555 0.00891001033783
v -0.00252699398994 0.0212116031647 0.00891001033783
v -8.6080209627e-12 0.0208999271393 0.0089100112915
v -0.000510303795338 0.0209124546051 0.00891001033783
v 0.00152599680424 0.0210124912262 0.0089100112915
v 0.00101937818527 0.020950006485 0.0089100112915
v 0.000510303795338 0.0209124546051 0.0089100112915
v -0.00101937818527 0.020950006485 0.00891001033783
v 0.00301896047592 0.0213477478027 0.0089100112915
v 0.00252699398994 0.0212116012573 0.0089100112915
v 0.00444657278061 0.0218984375 0.0089100112915
v 0.00397990775108 0.0216915798187 0.0089100112915
v 0.00350365447998 0.0215078678131 0.0089100112915
v 0.0057779302597 0.0226526432037 0.0089100112915
v 0.00534666824341 0.0223795490265 0.0089100112915
v 0.00698421287537 0.0235940341949 0.0089100112915
v 0.00619527244568 0.0229465675354 0.0089100112915
v 0.00659769058228 0.0232606182098 0.0089100112915
v 0.00490252590179 0.0221279449463 0.0089100112915
v 0.00202893924713 0.0210997600555 0.0089100112915
v 0.00803930854797 0.0247022361755 0.0089100112915
v 0.00770589160919 0.0243157138824 0.0089100112915
v 0.00892037677765 0.0259532585144 0.0089100112915
v 0.00864728355408 0.0255219955444 0.0089100112915
v 0.00835335826874 0.0251046543121 0.0089100112915
v 0.00960834693909 0.0273200187683 0.0089100112915
v 0.00940148830414 0.0268533535004 0.0089100112915
v 0.00979205799103 0.0348035812378 0.0089100112915
v 0.00979205799103 0.0277962722778 0.0089100112915
v 0.00917198085785 0.0263973999023 0.0089100112915
v 0.0100883245468 0.0287729320526 0.0089100112915
v 0.0102001667023 0.0333288650513 0.0089100112915
v 0.0102001667023 0.029270986557 0.0089100112915
v 0.0100883245468 0.0338269195557 0.0089100112915
v 0.0103499202728 0.0302805480957 0.0089100112915
v 0.0103999996185 0.0312999267578 0.0089100112915
v 0.0103874721527 0.0307896232605 0.0089100112915
v 0.0103874721527 0.0318102302551 0.0089100112915
v 0.0103499202728 0.0323193054199 0.0089100112915
v 0.0102874355316 0.0328259239197 0.0089100112915
v 0.0102874355316 0.0297739295959 0.0089100112915
v 0.00995217895508 0.0343188858032 0.0089100112915
v 0.00995217895508 0.0282809658051 0.0089100112915
v 0.00735390996933 0.0239460163116 0.0089100112915
v -8.61815419029e-12 0.0416999282837 0.00891001033783
v 0.00490252590179 0.0404719085693 0.0089100112915
v -0.000510303795338 0.0416874008179 0.00891001033783
v 0.00534666824341 0.0402203025818 0.0089100112915
v -0.00101937818527 0.041649848938 0.00891001033783
v -0.00152599680424 0.0415873641968 0.00891001033783
v -0.00202893924713 0.0415000953674 0.00891001033783
v 0.0057779302597 0.0399472084045 0.0089100112915
v -0.00252699398994 0.0413882522583 0.00891001033783
v 0.00619527244568 0.0396532859802 0.0089100112915
v -0.00397990775108 0.0216915798187 0.00891001033783
v -0.00301896047592 0.0412521057129 0.00891001033783
v -0.00350365447998 0.0410919837952 0.00891001033783
v -0.00397990775108 0.0409082756042 0.00891001033783
v 0.00659769058228 0.0393392333984 0.0089100112915
v -0.00444657278061 0.0218984394073 0.00891001033783
v -0.00444657278061 0.0407014160156 0.00891001033783
v -0.00490252590179 0.0221279468536 0.00891001033783
v -0.00490252590179 0.0404719085693 0.00891001033783
v -0.00534666824341 0.0402203025818 0.00891001033783
v 0.00698421287537 0.0390058174133 0.0089100112915
v -0.00534666824341 0.0223795509338 0.00891001033783
v 0.00960834693909 0.0352798347473 0.0089100112915
v 0.00735390996933 0.0386538352966 0.0089100112915
v -0.00735390996933 0.0386538352966 0.00891001033783
v -0.00735390996933 0.0239460163116 0.00891001033783
v 0.00940148830414 0.0357464981079 0.0089100112915
v -0.00803930854797 0.0378976173401 0.00891001033783
v -0.00770589160919 0.0382841415405 0.00891001033783
v -0.00770589160919 0.0243157138824 0.00891001033783
v 0.00835335826874 0.0374951972961 0.0089100112915
v 0.00803930854797 0.0378976173401 0.0089100112915
v 0.00892037677765 0.0366465950012 0.0089100112915
v 0.00917198085785 0.0362024536133 0.0089100112915
v 0.00864728355408 0.0370778579712 0.0089100112915
v 0.00770589160919 0.0382841377258 0.0089100112915
v -0.00803930854797 0.0247022361755 0.00891001033783
v -0.0301000003815 0.0210499267578 0.00891001033783
v -0.0300986747742 0.0209959526062 0.00891001033783
v -0.0300986747742 0.0211039028168 0.00891001033783
v -0.0300880947113 0.0208885231018 0.00891001033783
v -0.0300880947113 0.0212113304138 0.00891001033783
v -0.0300947036743 0.0209421081543 0.00891001033783
v -0.0300947036743 0.0211577472687 0.00891001033783
v -0.0300670337677 0.0207826499939 0.00891001033783
v -0.0300670337677 0.0213172054291 0.00891001033783
v -0.030035697937 0.0206793479919 0.00891001033783
v -0.030035697937 0.0214205055237 0.00891001033783
v -0.0300526351929 0.0207306137085 0.00891001033783
v -0.0300526351929 0.0213692398071 0.00891001033783
v -0.0300788631439 0.0208353290558 0.00891001033783
v -0.0300788631439 0.0212645263672 0.00891001033783
v -0.0299943885803 0.0205796165466 0.00891001033783
v -0.0299943885803 0.0215202388763 0.00891001033783
v -0.0299435005188 0.0204844150543 0.00891001033783
v -0.0299435005188 0.0216154403687 0.00891001033783
v -0.0299701137543 0.0205313911438 0.00891001033783
v -0.0299701137543 0.0215684642792 0.00891001033783
v -0.0298835277557 0.0203946590424 0.00891001033783
v -0.0298835277557 0.0217051963806 0.00891001033783
v -0.0298150463104 0.0203112125397 0.00891001033783
v -0.0298150463104 0.0217886428833 0.00891001033783
v -0.0298503112793 0.0203520946503 0.00891001033783
v -0.0298503112793 0.0217477607727 0.00891001033783
v -0.0299146156311 0.0204388008118 0.00891001033783
v -0.0299146156311 0.0216610546112 0.00891001033783
v -0.0300162677765 0.0206289749146 0.00891001033783
v -0.0300162677765 0.0214708786011 0.00891001033783
v -0.0297387142181 0.0202348804474 0.00891001033783
v -0.0297387142181 0.0218649730682 0.00891001033783
v -0.0296552696228 0.0201663990021 0.00891001033783
v -0.0296552696228 0.0219334564209 0.00891001033783
v -0.0296978321075 0.0201996154785 0.00891001033783
v -0.0296978321075 0.0219002399445 0.00891001033783
v -0.0295655136108 0.020106426239 0.00891001033783
v -0.0296111278534 0.0219645442963 0.00891001033783
v -0.0295655136108 0.021993429184 0.00891001033783
v -0.0294703102112 0.0200555400848 0.00891001033783
v -0.029518535614 0.0220200405121 0.00891001033783
v -0.029518535614 0.0200798149109 0.00891001033783
v -0.0294703102112 0.0220443153381 0.00891001033783
v -0.0296111278534 0.0201353111267 0.00891001033783
v -0.0297778167725 0.0218277454376 0.00891001033783
v -0.0293705787659 0.0200142288208 0.00891001033783
v -0.0294209518433 0.0220661945343 0.00891001033783
v -0.0292672786713 0.0199828929901 0.00891001033783
v -0.0293193130493 0.0221025619507 0.00891001033783
v -0.0293193130493 0.0199972934723 0.00891001033783
v -0.0293705787659 0.0220856266022 0.00891001033783
v -0.029161403656 0.0199618339539 0.00891001033783
v -0.0292145996094 0.0221287918091 0.00891001033783
v -0.0290539741516 0.0221486034393 0.00891001033783
v -0.0290539741516 0.0199512519836 0.00891001033783
v -0.0291078186035 0.0221446304321 0.00891001033783
v -0.0291078186035 0.0199552249908 0.00891001033783
v -0.029161403656 0.0221380214691 0.00891001033783
v -0.0292145996094 0.0199710636139 0.00891001033783
v -0.0292672786713 0.0221169624329 0.00891001033783
v -0.0294209518433 0.0200336608887 0.00891001033783
v -0.0297778167725 0.0202721099854 0.00891001033783
v -0.0289460258484 0.0199512519836 0.00891001033783
v -0.0289460258484 0.0221486034393 0.00891001033783
v -0.028838596344 0.0199618339539 0.00891001033783
v -0.028838596344 0.0221380214691 0.00891001033783
v -0.0288921813965 0.0199552249908 0.00891001033783
v -0.0288921813965 0.0221446304321 0.00891001033783
v -0.0287327213287 0.0199828929901 0.00891001033783
v -0.0287327213287 0.0221169624329 0.00891001033783
v -0.0286294212341 0.0200142288208 0.00891001033783
v -0.0286294212341 0.0220856266022 0.00891001033783
v -0.0286806869507 0.0199972934723 0.00891001033783
v -0.0286806869507 0.0221025619507 0.00891001033783
v -0.0287854003906 0.0199710636139 0.00891001033783
v -0.0287854003906 0.0221287918091 0.00891001033783
v -0.0285296897888 0.0200555400848 0.00891001033783
v -0.0285296897888 0.0220443153381 0.00891001033783
v -0.0284344863892 0.020106426239 0.00891001033783
v -0.0284344863892 0.021993429184 0.00891001033783
v -0.028481464386 0.0200798149109 0.00891001033783
v -0.028481464386 0.0220200405121 0.00891001033783
v -0.0283447303772 0.0201663990021 0.00891001033783
v -0.0283447303772 0.0219334564209 0.00891001033783
v -0.0282612857819 0.0202348804474 0.00891001033783
v -0.0282612857819 0.0218649730682 0.00891001033783
v -0.0283021678925 0.0201996154785 0.00891001033783
v -0.0283021678925 0.0219002399445 0.00891001033783
v -0.0283888721466 0.0201353111267 0.00891001033783
v -0.0283888721466 0.0219645442963 0.00891001033783
v -0.0285790481567 0.0200336608887 0.00891001033783
v -0.0285790481567 0.0220661945343 0.00891001033783
v -0.0281849536896 0.0203112125397 0.00891001033783
v -0.0281849536896 0.0217886428833 0.00891001033783
v -0.0281164722443 0.0203946590424 0.00891001033783
v -0.0281164722443 0.0217051963806 0.00891001033783
v -0.0281496887207 0.0203520946503 0.00891001033783
v -0.0281496887207 0.0217477607727 0.00891001033783
v -0.0280564994812 0.0204844150543 0.00891001033783
v -0.0280564994812 0.0216154403687 0.00891001033783
v -0.0280056114197 0.0205796165466 0.00891001033783
v -0.0280056114197 0.0215202388763 0.00891001033783
v -0.0280298862457 0.0205313911438 0.00891001033783
v -0.0280298862457 0.0215684642792 0.00891001033783
v -0.0280853843689 0.0204388008118 0.00891001033783
v -0.0280853843689 0.0216610546112 0.00891001033783
v -0.027964302063 0.0206793479919 0.00891001033783
v -0.027964302063 0.0214205055237 0.00891001033783
v -0.0279329662323 0.0207826499939 0.00891001033783
v -0.0279329662323 0.0213172054291 0.00891001033783
v -0.0279473648071 0.0207306137085 0.00891001033783
v -0.0279473648071 0.0213692398071 0.00891001033783
v -0.0279119052887 0.0208885231018 0.00891001033783
v -0.0279119052887 0.0212113304138 0.00891001033783
v -0.0278999996185 0.0210499267578 0.00891001033783
v -0.0279013252258 0.0211039028168 0.00891001033783
v -0.0279013252258 0.0209959526062 0.00891001033783
v -0.0279052963257 0.0211577472687 0.00891001033783
v -0.0279052963257 0.0209421081543 0.00891001033783
v -0.0279211368561 0.0212645263672 0.00891001033783
v -0.0279211368561 0.0208353290558 0.00891001033783
v -0.0279837322235 0.0214708786011 0.00891001033783
v -0.0279837322235 0.0206289749146 0.00891001033783
v -0.0282221832275 0.0202721099854 0.00891001033783
v -0.0282221832275 0.0218277454376 0.00891001033783
v -0.029 0.0199499282837 0.00891001033783
v -0.029 0.0221499271393 0.00891001033783
v -0.0301000003815 0.0415499267578 0.00891001033783
v -0.0300986747742 0.0414959526062 0.00891001033783
v -0.0300986747742 0.0416039009094 0.00891001033783
v -0.0300880947113 0.0413885231018 0.00891001033783
v -0.0300880947113 0.0417113304138 0.00891001033783
v -0.0300947036743 0.0414421081543 0.00891001033783
v -0.0300947036743 0.0416577453613 0.00891001033783
v -0.0300670337677 0.0412826499939 0.00891001033783
v -0.0300670337677 0.0418172073364 0.00891001033783
v -0.030035697937 0.0411793479919 0.00891001033783
v -0.030035697937 0.0419205055237 0.00891001033783
v -0.0300526351929 0.0412306137085 0.00891001033783
v -0.0300526351929 0.0418692398071 0.00891001033783
v -0.0300788631439 0.0413353271484 0.00891001033783
v -0.0300788631439 0.0417645263672 0.00891001033783
v -0.0299943885803 0.0410796165466 0.00891001033783
v -0.0299943885803 0.042020236969 0.00891001033783
v -0.0299435005188 0.040984413147 0.00891001033783
v -0.0299435005188 0.0421154403687 0.00891001033783
v -0.0299701137543 0.0410313911438 0.00891001033783
v -0.0299701137543 0.0420684623718 0.00891001033783
v -0.0298835277557 0.040894657135 0.00891001033783
v -0.0298835277557 0.0422051963806 0.00891001033783
v -0.0298150463104 0.040811214447 0.00891001033783
v -0.0298150463104 0.0422886428833 0.00891001033783
v -0.0298503112793 0.0408520965576 0.00891001033783
v -0.0298503112793 0.0422477607727 0.00891001033783
v -0.0299146156311 0.0409388008118 0.00891001033783
v -0.0299146156311 0.0421610565186 0.00891001033783
v -0.0300162677765 0.0411289749146 0.00891001033783
v -0.0300162677765 0.0419708786011 0.00891001033783
v -0.0297387142181 0.0407348823547 0.00891001033783
v -0.0297387142181 0.0423649749756 0.00891001033783
v -0.0296552696228 0.0406664009094 0.00891001033783
v -0.0296552696228 0.0424334564209 0.00891001033783
v -0.0296978321075 0.0406996154785 0.00891001033783
v -0.0296978321075 0.0424002380371 0.00891001033783
v -0.0295655136108 0.040606426239 0.00891001033783
v -0.0296111278534 0.0424645423889 0.00891001033783
v -0.0295655136108 0.0424934272766 0.00891001033783
v -0.0294703102112 0.0405555381775 0.00891001033783
v -0.029518535614 0.0425200424194 0.00891001033783
v -0.029518535614 0.0405798149109 0.00891001033783
v -0.0294703102112 0.0425443153381 0.00891001033783
v -0.0296111278534 0.0406353111267 0.00891001033783
v -0.0297778167725 0.0423277435303 0.00891001033783
v -0.0293705787659 0.0405142288208 0.00891001033783
v -0.0294209518433 0.0425661964417 0.00891001033783
v -0.0292672786713 0.0404828948975 0.00891001033783
v -0.0293193130493 0.0426025619507 0.00891001033783
v -0.0293193130493 0.0404972915649 0.00891001033783
v -0.0293705787659 0.0425856246948 0.00891001033783
v -0.029161403656 0.0404618339539 0.00891001033783
v -0.0292145996094 0.0426287918091 0.00891001033783
v -0.0290539741516 0.042648601532 0.00891001033783
v -0.0290539741516 0.0404512519836 0.00891001033783
v -0.0291078186035 0.0426446304321 0.00891001033783
v -0.0291078186035 0.0404552230835 0.00891001033783
v -0.029161403656 0.0426380233765 0.00891001033783
v -0.0292145996094 0.0404710655212 0.00891001033783
v -0.0292672786713 0.0426169624329 0.00891001033783
v -0.0294209518433 0.0405336608887 0.00891001033783
v -0.0297778167725 0.0407721099854 0.00891001033783
v -0.0289460258484 0.0404512519836 0.00891001033783
v -0.0289460258484 0.042648601532 0.00891001033783
v -0.028838596344 0.0404618339539 0.00891001033783
v -0.028838596344 0.0426380233765 0.00891001033783
v -0.0288921813965 0.0404552230835 0.00891001033783
v -0.0288921813965 0.0426446304321 0.00891001033783
v -0.0287327213287 0.0404828948975 0.00891001033783
v -0.0287327213287 0.0426169624329 0.00891001033783
v -0.0286294212341 0.0405142288208 0.00891001033783
v -0.0286294212341 0.0425856246948 0.00891001033783
v -0.0286806869507 0.0404972915649 0.00891001033783
v -0.0286806869507 0.0426025619507 0.00891001033783
v -0.0287854003906 0.0404710655212 0.00891001033783
v -0.0287854003906 0.0426287918091 0.00891001033783
v -0.0285296897888 0.0405555381775 0.00891001033783
v -0.0285296897888 0.0425443153381 0.00891001033783
v -0.0284344863892 0.040606426239 0.00891001033783
v -0.0284344863892 0.0424934272766 0.00891001033783
v -0.028481464386 0.0405798149109 0.00891001033783
v -0.028481464386 0.0425200424194 0.00891001033783
v -0.0283447303772 0.0406664009094 0.00891001033783
v -0.0283447303772 0.0424334564209 0.00891001033783
v -0.0282612857819 0.0407348823547 0.00891001033783
v -0.0282612857819 0.0423649749756 0.00891001033783
v -0.0283021678925 0.0406996154785 0.00891001033783
v -0.0283021678925 0.0424002380371 0.00891001033783
v -0.0283888721466 0.0406353111267 0.00891001033783
v -0.0283888721466 0.0424645423889 0.00891001033783
v -0.0285790481567 0.0405336608887 0.00891001033783
v -0.0285790481567 0.0425661964417 0.00891001033783
v -0.0281849536896 0.040811214447 0.00891001033783
v -0.0281849536896 0.0422886428833 0.00891001033783
v -0.0281164722443 0.040894657135 0.00891001033783
v -0.0281164722443 0.0422051963806 0.00891001033783
v -0.0281496887207 0.0408520965576 0.00891001033783
v -0.0281496887207 0.0422477607727 0.00891001033783
v -0.0280564994812 0.040984413147 0.00891001033783
v -0.0280564994812 0.0421154403687 0.00891001033783
v -0.0280056114197 0.0410796165466 0.00891001033783
v -0.0280056114197 0.042020236969 0.00891001033783
v -0.0280298862457 0.0410313911438 0.00891001033783
v -0.0280298862457 0.0420684623718 0.00891001033783
v -0.0280853843689 0.0409388008118 0.00891001033783
v -0.0280853843689 0.0421610565186 0.00891001033783
v -0.027964302063 0.0411793479919 0.00891001033783
v -0.027964302063 0.0419205055237 0.00891001033783
v -0.0279329662323 0.0412826499939 0.00891001033783
v -0.0279329662323 0.0418172073364 0.00891001033783
v -0.0279473648071 0.0412306137085 0.00891001033783
v -0.0279473648071 0.0418692398071 0.00891001033783
v -0.0279119052887 0.0413885231018 0.00891001033783
v -0.0279119052887 0.0417113304138 0.00891001033783
v -0.0278999996185 0.0415499267578 0.00891001033783
v -0.0279013252258 0.0416039009094 0.00891001033783
v -0.0279013252258 0.0414959526062 0.00891001033783
v -0.0279052963257 0.0416577453613 0.00891001033783
v -0.0279052963257 0.0414421081543 0.00891001033783
v -0.0279211368561 0.0417645263672 0.00891001033783
v -0.0279211368561 0.0413353271484 0.00891001033783
v -0.0279837322235 0.0419708786011 0.00891001033783
v -0.0279837322235 0.0411289749146 0.00891001033783
v -0.0282221832275 0.0407721099854 0.00891001033783
v -0.0282221832275 0.0423277435303 0.00891001033783
v -0.029 0.0404499282837 0.00891001033783
v -0.029 0.0426499290466 0.00891001033783
v -0.00939999961853 0.0210499267578 0.00891001033783
v -0.0093986749649 0.0209959526062 0.00891001033783
v -0.0093986749649 0.0211039028168 0.00891001033783
v -0.00938809394836 0.0208885231018 0.00891001033783
v -0.00938809394836 0.0212113304138 0.00891001033783
v -0.00939470291138 0.0209421081543 0.00891001033783
v -0.00939470291138 0.0211577472687 0.00891001033783
v -0.00936703395844 0.0207826499939 0.00891001033783
v -0.00936703395844 0.0213172054291 0.00891001033783
v -0.00933569812775 0.0206793479919 0.00891001033783
v -0.00933569812775 0.0214205055237 0.00891001033783
v -0.00935263442993 0.0207306137085 0.00891001033783
v -0.00935263442993 0.0213692398071 0.00891001033783
v -0.00937886333466 0.0208353290558 0.00891001033783
v -0.00937886333466 0.0212645263672 0.00891001033783
v -0.00929438781738 0.0205796165466 0.00891001033783
v -0.00929438781738 0.0215202388763 0.00891001033783
v -0.00924350166321 0.0204844150543 0.00891001033783
v -0.00924350166321 0.0216154403687 0.00891001033783
v -0.00927011299133 0.0205313911438 0.00891001033783
v -0.00927011299133 0.0215684642792 0.00891001033783
v -0.00918352794647 0.0203946590424 0.00891001033783
v -0.00918352794647 0.0217051963806 0.00891001033783
v -0.00911504650116 0.0203112125397 0.00891001033783
v -0.00911504650116 0.0217886428833 0.00891001033783
v -0.00915031147003 0.0203520946503 0.00891001033783
v -0.00915031147003 0.0217477607727 0.00891001033783
v -0.00921461677551 0.0204388008118 0.00891001033783
v -0.00921461677551 0.0216610546112 0.00891001033783
v -0.00931626701355 0.0206289749146 0.00891001033783
v -0.00931626701355 0.0214708786011 0.00891001033783
v -0.00903871440887 0.0202348804474 0.00891001033783
v -0.00903871440887 0.0218649730682 0.00891001033783
v -0.00895526885986 0.0201663990021 0.00891001033783
v -0.00895526885986 0.0219334564209 0.00891001033783
v -0.00899783229828 0.0201996154785 0.00891001033783
v -0.00899783229828 0.0219002399445 0.00891001033783
v -0.0088655128479 0.020106426239 0.00891001033783
v -0.0088655128479 0.021993429184 0.00891001033783
v -0.00877031040192 0.0200555400848 0.00891001033783
v -0.00877031040192 0.0220443153381 0.00891001033783
v -0.00881853675842 0.0200798149109 0.00891001033783
v -0.00881853675842 0.0220200405121 0.00891001033783
v -0.00891112709045 0.0201353111267 0.00891001033783
v -0.00891112709045 0.0219645442963 0.00891001033783
v -0.0086705789566 0.0200142288208 0.00891001033783
v -0.0086705789566 0.0220856266022 0.00891001033783
v -0.00856727790833 0.0199828929901 0.00891001033783
v -0.00856727790833 0.0221169624329 0.00891001033783
v -0.00861931324005 0.0199972934723 0.00891001033783
v -0.00861931324005 0.0221025619507 0.00891001033783
v -0.00846140384674 0.0199618339539 0.00891001033783
v -0.00846140384674 0.0221380214691 0.00891001033783
v -0.00835397434235 0.0199512519836 0.00891001033783
v -0.00835397434235 0.0221486034393 0.00891001033783
v -0.00840781879425 0.0199552249908 0.00891001033783
v -0.00840781879425 0.0221446304321 0.00891001033783
v -0.00851459980011 0.0199710636139 0.00891001033783
v -0.00851459980011 0.0221287918091 0.00891001033783
v -0.008720952034 0.0200336608887 0.00891001033783
v -0.008720952034 0.0220661945343 0.00891001033783
v -0.00907781791687 0.0202721099854 0.00891001033783
v -0.00907781791687 0.0218277454376 0.00891001033783
v -0.00824602508545 0.0199512519836 0.00891001033783
v -0.00824602508545 0.0221486034393 0.00891001033783
v -0.00813859653473 0.0199618339539 0.00891001033783
v -0.00813859653473 0.0221380214691 0.00891001033783
v -0.00819218158722 0.0199552249908 0.00891001033783
v -0.00819218158722 0.0221446304321 0.00891001033783
v -0.00803272151947 0.0199828929901 0.00891001033783
v -0.00803272151947 0.0221169624329 0.00891001033783
v -0.00792942094803 0.0200142288208 0.00891001033783
v -0.00792942094803 0.0220856266022 0.00891001033783
v -0.00798068666458 0.0199972934723 0.00891001033783
v -0.00798068666458 0.0221025619507 0.00891001033783
v -0.00808540058136 0.0199710636139 0.00891001033783
v -0.00808540058136 0.0221287918091 0.00891001033783
v -0.00782968950272 0.0200555400848 0.00891001033783
v -0.00782968950272 0.0220443153381 0.00891001033783
v -0.00773448705673 0.020106426239 0.00891001033783
v -0.00773448705673 0.021993429184 0.00891001033783
v -0.00778146362305 0.0200798149109 0.00891001033783
v -0.00778146362305 0.0220200405121 0.00891001033783
v -0.00764473056793 0.0201663990021 0.00891001033783
v -0.00764473056793 0.0219334564209 0.00891001033783
v -0.00756128501892 0.0202348804474 0.00891001033783
v -0.00756128501892 0.0218649730682 0.00891001033783
v -0.00760216760635 0.0201996154785 0.00891001033783
v -0.00760216760635 0.0219002399445 0.00891001033783
v -0.00768887281418 0.0201353111267 0.00891001033783
v -0.00768887281418 0.0219645442963 0.00891001033783
v -0.00787904834747 0.0200336608887 0.00891001033783
v -0.00787904834747 0.0220661945343 0.00891001033783
v -0.00748495388031 0.0203112125397 0.00891001033783
v -0.00748495388031 0.0217886428833 0.00891001033783
v -0.00741647148132 0.0203946590424 0.00891001033783
v -0.00741647148132 0.0217051963806 0.00891001033783
v -0.0074496884346 0.0203520946503 0.00891001033783
v -0.0074496884346 0.0217477607727 0.00891001033783
v -0.00735649871826 0.0204844150543 0.00891001033783
v -0.00735649871826 0.0216154403687 0.00891001033783
v -0.00730561161041 0.0205796165466 0.00891001033783
v -0.00730561161041 0.0215202388763 0.00891001033783
v -0.00732988643646 0.0205313911438 0.00891001033783
v -0.00732988643646 0.0215684642792 0.00891001033783
v -0.00738538360596 0.0204388008118 0.00891001033783
v -0.00738538360596 0.0216610546112 0.00891001033783
v -0.00726430130005 0.0206793479919 0.00891001033783
v -0.00726430130005 0.0214205055237 0.00891001033783
v -0.00723296546936 0.0207826499939 0.00891001033783
v -0.00723296546936 0.0213172054291 0.00891001033783
v -0.0072473654747 0.0207306137085 0.00891001033783
v -0.0072473654747 0.0213692398071 0.00891001033783
v -0.00721190595627 0.0208885231018 0.00891001033783
v -0.00721190595627 0.0212113304138 0.00891001033783
v -0.00719999980927 0.0210499267578 0.00891001033783
v -0.00720132493973 0.0209959526062 0.00891001033783
v -0.00720132493973 0.0211039028168 0.00891001033783
v -0.00720529699326 0.0209421081543 0.00891001033783
v -0.00720529699326 0.0211577472687 0.00891001033783
v -0.00722113609314 0.0208353290558 0.00891001033783
v -0.00722113609314 0.0212645263672 0.00891001033783
v -0.00728373241425 0.0206289749146 0.00891001033783
v -0.00728373241425 0.0214708786011 0.00891001033783
v -0.0075221824646 0.0202721099854 0.00891001033783
v -0.0075221824646 0.0218277454376 0.00891001033783
v -0.00830000019073 0.0221499271393 0.00891001033783
v -0.00830000019073 0.0199499282837 0.00891001033783
v -0.00931626701355 0.0419708786011 0.00891001033783
v -0.00933569812775 0.0419205055237 0.00891001033783
v -0.00927011299133 0.0420684623718 0.00891001033783
v -0.00921461677551 0.0421610565186 0.00891001033783
v -0.00924350166321 0.0421154403687 0.00891001033783
v -0.00929438781738 0.042020236969 0.00891001033783
v -0.00915031147003 0.0422477607727 0.00891001033783
v -0.00911504650116 0.0422886428833 0.00891001033783
v -0.00903871440887 0.0423649749756 0.00891001033783
v -0.00895526885986 0.0424334564209 0.00891001033783
v -0.00899783229828 0.0424002380371 0.00891001033783
v -0.00907781791687 0.0423277435303 0.00891001033783
v -0.00891112709045 0.0424645423889 0.00891001033783
v -0.00918352794647 0.0422051963806 0.00891001033783
v -0.0088655128479 0.0424934272766 0.00891001033783
v -0.00877031040192 0.0425443153381 0.00891001033783
v -0.00881853675842 0.0425200424194 0.00891001033783
v -0.0086705789566 0.0425856246948 0.00891001033783
v -0.00856727790833 0.0426169624329 0.00891001033783
v -0.00861931324005 0.0426025619507 0.00891001033783
v -0.008720952034 0.0425661964417 0.00891001033783
v -0.00846140384674 0.0426380233765 0.00891001033783
v -0.00835397434235 0.042648601532 0.00891001033783
v -0.00840781879425 0.0426446304321 0.00891001033783
v -0.00824602508545 0.042648601532 0.00891001033783
v -0.00813859653473 0.0426380233765 0.00891001033783
v -0.00819218158722 0.0426446304321 0.00891001033783
v -0.00830000019073 0.0426499290466 0.00891001033783
v -0.00851459980011 0.0426287918091 0.00891001033783
v -0.00798068666458 0.0426025619507 0.00891001033783
v -0.00803272151947 0.0426169624329 0.00891001033783
v -0.00787904834747 0.0425661964417 0.00891001033783
v -0.00778146362305 0.0425200424194 0.00891001033783
v -0.00782968950272 0.0425443153381 0.00891001033783
v -0.00792942094803 0.0425856246948 0.00891001033783
v -0.00768887281418 0.0424645423889 0.00891001033783
v -0.00760216760635 0.0424002380371 0.00891001033783
v -0.00764473056793 0.0424334564209 0.00891001033783
v -0.0075221824646 0.0423277435303 0.00891001033783
v -0.0074496884346 0.0422477607727 0.00891001033783
v -0.00748495388031 0.0422886428833 0.00891001033783
v -0.00756128501892 0.0423649749756 0.00891001033783
v -0.00773448705673 0.0424934272766 0.00891001033783
v -0.00738538360596 0.0421610565186 0.00891001033783
v -0.00732988643646 0.0420684623718 0.00891001033783
v -0.00735649871826 0.0421154403687 0.00891001033783
v -0.00728373241425 0.0419708786011 0.00891001033783
v -0.0072473654747 0.0418692398071 0.00891001033783
v -0.00726430130005 0.0419205055237 0.00891001033783
v -0.00730561161041 0.042020236969 0.00891001033783
v -0.00722113609314 0.0417645263672 0.00891001033783
v -0.00721190595627 0.0417113304138 0.00891001033783
v -0.00719999980927 0.0415499267578 0.00891001033783
v -0.00720132493973 0.0414959526062 0.00891001033783
v -0.00720132493973 0.0416039009094 0.00891001033783
v -0.00720529699326 0.0414421081543 0.00891001033783
v -0.00720529699326 0.0416577453613 0.00891001033783
v -0.00723296546936 0.0418172073364 0.00891001033783
v -0.00741647148132 0.0422051963806 0.00891001033783
v -0.00808540058136 0.0426287918091 0.00891001033783
v -0.00939999961853 0.0415499267578 0.00891001033783
v -0.0093986749649 0.0414959526062 0.00891001033783
v -0.0093986749649 0.0416039009094 0.00891001033783
v -0.00938809394836 0.0413885231018 0.00891001033783
v -0.00938809394836 0.0417113304138 0.00891001033783
v -0.00937886333466 0.0413353271484 0.00891001033783
v -0.00939470291138 0.0414421081543 0.00891001033783
v -0.00939470291138 0.0416577453613 0.00891001033783
v -0.00936703395844 0.0412826499939 0.00891001033783
v -0.00936703395844 0.0418172073364 0.00891001033783
v -0.00933569812775 0.0411793479919 0.00891001033783
v -0.00929438781738 0.0410796165466 0.00891001033783
v -0.00931626701355 0.0411289749146 0.00891001033783
v -0.00935263442993 0.0412306137085 0.00891001033783
v -0.00935263442993 0.0418692398071 0.00891001033783
v -0.00927011299133 0.0410313911438 0.00891001033783
v -0.00937886333466 0.0417645263672 0.00891001033783
v -0.00924350166321 0.040984413147 0.00891001033783
v -0.00918352794647 0.040894657135 0.00891001033783
v -0.00921461677551 0.0409388008118 0.00891001033783
v -0.00911504650116 0.040811214447 0.00891001033783
v -0.00899783229828 0.0406996154785 0.00891001033783
v -0.00903871440887 0.0407348823547 0.00891001033783
v -0.00907781791687 0.0407721099854 0.00891001033783
v -0.00915031147003 0.0408520965576 0.00891001033783
v -0.00891112709045 0.0406353111267 0.00891001033783
v -0.00881853675842 0.0405798149109 0.00891001033783
v -0.0088655128479 0.040606426239 0.00891001033783
v -0.008720952034 0.0405336608887 0.00891001033783
v -0.00856727790833 0.0404828948975 0.00891001033783
v -0.00861931324005 0.0404972915649 0.00891001033783
v -0.0086705789566 0.0405142288208 0.00891001033783
v -0.00877031040192 0.0405555381775 0.00891001033783
v -0.00895526885986 0.0406664009094 0.00891001033783
v -0.00846140384674 0.0404618339539 0.00891001033783
v -0.00835397434235 0.0404512519836 0.00891001033783
v -0.00840781879425 0.0404552230835 0.00891001033783
v -0.00824602508545 0.0404512519836 0.00891001033783
v -0.00813859653473 0.0404618339539 0.00891001033783
v -0.00819218158722 0.0404552230835 0.00891001033783
v -0.00830000019073 0.0404499282837 0.00891001033783
v -0.00803272151947 0.0404828948975 0.00891001033783
v -0.00787904834747 0.0405336608887 0.00891001033783
v -0.00792942094803 0.0405142288208 0.00891001033783
v -0.00798068666458 0.0404972915649 0.00891001033783
v -0.00778146362305 0.0405798149109 0.00891001033783
v -0.00768887281418 0.0406353111267 0.00891001033783
v -0.00773448705673 0.040606426239 0.00891001033783
v -0.00782968950272 0.0405555381775 0.00891001033783
v -0.00808540058136 0.0404710655212 0.00891001033783
v -0.00760216760635 0.0406996154785 0.00891001033783
v -0.00748495388031 0.040811214447 0.00891001033783
v -0.0075221824646 0.0407721099854 0.00891001033783
v -0.00756128501892 0.0407348823547 0.00891001033783
v -0.0074496884346 0.0408520965576 0.00891001033783
v -0.00735649871826 0.040984413147 0.00891001033783
v -0.00738538360596 0.0409388008118 0.00891001033783
v -0.00741647148132 0.040894657135 0.00891001033783
v -0.00730561161041 0.0410796165466 0.00891001033783
v -0.00726430130005 0.0411793479919 0.00891001033783
v -0.00728373241425 0.0411289749146 0.00891001033783
v -0.00723296546936 0.0412826499939 0.00891001033783
v -0.00721190595627 0.0413885231018 0.00891001033783
v -0.00722113609314 0.0413353271484 0.00891001033783
v -0.00732988643646 0.0410313911438 0.00891001033783
v -0.0072473654747 0.0412306137085 0.00891001033783
v -0.00851459980011 0.0404710655212 0.00891001033783
v -0.00764473056793 0.0406664009094 0.00891001033783
v -0.0201405563354 0.0239498786926 0.01481001091
v -0.0209520683289 0.0239498786926 0.01481001091
v -0.0351500053406 0.0243498783112 0.01481001091
v -0.0351480789185 0.0243106708527 0.01481001091
v -0.0351423187256 0.0242718410492 0.01481001091
v -0.035119556427 0.0241968040466 0.01481001091
v -0.0351327781677 0.0242337646484 0.01481001091
v -0.0350825920105 0.0241276493073 0.01481001091
v -0.035102771759 0.0241613197327 0.01481001091
v -0.0350592079163 0.0240961208344 0.01481001091
v -0.0350037612915 0.0240406742096 0.01481001091
v -0.0350328483582 0.024067035675 0.01481001091
v -0.0349385643005 0.0239971103668 0.01481001091
v -0.0349722328186 0.0240172901154 0.01481001091
v -0.0348280410767 0.0239575634003 0.01481001091
v -0.0348661193848 0.0239671020508 0.01481001091
v -0.0347500038147 0.0239498786926 0.01481001091
v -0.0347892112732 0.0239518032074 0.01481001091
v -0.0349030761719 0.0239803256989 0.01481001091
v -0.0351500053406 0.0382498779297 0.01481001091
v -0.0351480789185 0.0382890853882 0.01481001091
v -0.0351327781677 0.0383659934998 0.01481001091
v -0.0351423187256 0.0383279151917 0.01481001091
v -0.035102771759 0.0384384384155 0.01481001091
v -0.0350328483582 0.0385327224731 0.01481001091
v -0.0350592079163 0.0385036354065 0.01481001091
v -0.0350825920105 0.0384721069336 0.01481001091
v -0.035119556427 0.0384029502869 0.01481001091
v -0.0349722328186 0.0385824661255 0.01481001091
v -0.0348661193848 0.0386326522827 0.01481001091
v -0.0349030761719 0.038619430542 0.01481001091
v -0.0349385643005 0.038602645874 0.01481001091
v -0.0347892112732 0.0386479530334 0.01481001091
v -0.0347500038147 0.0386498794556 0.01481001091
v -0.0348280410767 0.0386421928406 0.01481001091
v -0.0350037612915 0.0385590820313 0.01481001091
v -0.0237262573242 0.0386498794556 0.01481001091
v -0.00986154460907 0.0239498786926 0.01481001091
v -0.00986161994934 0.0386498794556 0.01481001091
v -0.00986161994934 0.0386498794556 0.0146323709488
v -0.00986162090302 0.0386498794556 0.0116100101471
v -0.00986154460907 0.0239498786926 0.0116100101471
v -0.0130707120895 0.0239498786926 0.00891001033783
v -0.013070766449 0.0386498794556 0.00891001033783
v -0.0282328681946 0.0239498786926 0.00891001033783
v -0.0297671318054 0.0239498786926 0.00891001033783
v -0.0351500053406 0.0243498783112 0.00891001033783
v -0.0351500053406 0.0382498779297 0.00891001033783
v -0.0351480789185 0.0382890853882 0.00891001033783
v -0.0351423187256 0.0242718410492 0.00891001033783
v -0.0351480789185 0.0243106708527 0.00891001033783
v -0.0351327781677 0.0242337646484 0.00891001033783
v -0.035119556427 0.0384029502869 0.00891001033783
v -0.035119556427 0.0241968040466 0.00891001033783
v -0.0351327781677 0.0383659934998 0.00891001033783
v -0.0351423187256 0.0383279151917 0.00891001033783
v -0.0350592079163 0.0385036354065 0.00891001033783
v -0.0350825920105 0.0384721069336 0.00891001033783
v -0.0349722328186 0.0385824661255 0.00891001033783
v -0.0350037612915 0.0385590820313 0.00891001033783
v -0.0350328483582 0.0385327224731 0.00891001033783
v -0.0348661193848 0.0386326522827 0.00891001033783
v -0.0349030761719 0.038619430542 0.00891001033783
v -0.0347500038147 0.0386498794556 0.00891001033783
v -0.0347892112732 0.0386479530334 0.00891001033783
v -0.0348280410767 0.0386421928406 0.00891001033783
v -0.0349385643005 0.038602645874 0.00891001033783
v -0.035102771759 0.0384384384155 0.00891001033783
v -0.035102771759 0.0241613197327 0.00891001033783
v -0.0350825920105 0.0241276493073 0.00891001033783
v -0.0350592079163 0.0240961208344 0.00891001033783
v -0.0350328483582 0.024067035675 0.00891001033783
v -0.0349722328186 0.0240172901154 0.00891001033783
v -0.0350037612915 0.0240406742096 0.00891001033783
v -0.0349385643005 0.0239971103668 0.00891001033783
v -0.0349030761719 0.0239803256989 0.00891001033783
v -0.0348280410767 0.0239575634003 0.00891001033783
v -0.0348661193848 0.0239671020508 0.00891001033783
v -0.0347892112732 0.0239518032074 0.00891001033783
v -0.0347500038147 0.0239498786926 0.00891001033783
v -0.0297667217255 0.0386498794556 0.00891001033783
v -0.0282332782745 0.0386498794556 0.00891001033783
v -0.0295768375397 0.0239498786926 0.00891001033783
v -0.00823826599121 0.0240479068756 0.0118000097275
v -0.00823826599121 0.0240479068756 0.0116100101471
v -0.00906713199615 0.0239498786926 0.0118000097275
v -0.00906713199615 0.0239498786926 0.0116100101471
v -0.00824624443054 0.0240406742096 0.0118000097275
v -0.00838388824463 0.0239671020508 0.0118000097275
v -0.0083469285965 0.0239803256989 0.0118000097275
v -0.00831144332886 0.0239971103668 0.0118000097275
v -0.00827777385712 0.0240172901154 0.0118000097275
v -0.00850000190735 0.0239498786926 0.0118000097275
v -0.00846079540253 0.0239518032074 0.0118000097275
v -0.00842196559906 0.0239575634003 0.0118000097275
v -0.00823826599121 0.0240479068756 0.00891001033783
v -0.00906713199615 0.0239498786926 0.00891001033783
v -0.00824624443054 0.0240406742096 0.00891001033783
v -0.00850000190735 0.0239498786926 0.00891001033783
v -0.00846079540253 0.0239518032074 0.00891001033783
v -0.00827777385712 0.0240172901154 0.00891001033783
v -0.0083469285965 0.0239803256989 0.00891001033783
v -0.00831144332886 0.0239971103668 0.00891001033783
v -0.00842196559906 0.0239575634003 0.00891001033783
v -0.00838388824463 0.0239671020508 0.00891001033783
v -0.00823836898804 0.0385519447327 0.0118000097275
v -0.00823836898804 0.0385519447327 0.0116100101471
v -0.00906672286987 0.0386498794556 0.0118000097275
v -0.00906672286987 0.0386498794556 0.0116100101471
v -0.00824624443054 0.0385590820313 0.0118000097275
v -0.00850000190735 0.0386498794556 0.0118000097275
v -0.00842196559906 0.0386421928406 0.0118000097275
v -0.00846079540253 0.0386479530334 0.0118000097275
v -0.00827777385712 0.0385824661255 0.0118000097275
v -0.00831144332886 0.038602645874 0.0118000097275
v -0.0083469285965 0.038619430542 0.0118000097275
v -0.00838388824463 0.0386326522827 0.0118000097275
v -0.00827777385712 0.0385824661255 0.00891001033783
v -0.00823836898804 0.0385519447327 0.00891001033783
v -0.00824624443054 0.0385590820313 0.00891001033783
v -0.00842196559906 0.0386421928406 0.00891001033783
v -0.00846079540253 0.0386479530334 0.00891001033783
v -0.00838388824463 0.0386326522827 0.00891001033783
v -0.0083469285965 0.038619430542 0.00891001033783
v -0.00831144332886 0.038602645874 0.00891001033783
v -0.00850000190735 0.0386498794556 0.00891001033783
v -0.00906672286987 0.0386498794556 0.00891001033783
v -0.00810000228882 0.0378198471069 0.0116100101471
v -0.00811722564697 0.0383659934998 0.0116100101471
v -0.00813045024872 0.0384029502869 0.0116100101471
v -0.00810000228882 0.0382498779297 0.0116100101471
v -0.00810192775726 0.0382890853882 0.0116100101471
v -0.00810768795013 0.0383279151917 0.0116100101471
v -0.00821715927124 0.0385327224731 0.0116100101471
v -0.00814723300934 0.0384384384155 0.0116100101471
v -0.00816741371155 0.0384721069336 0.0116100101471
v -0.00819079780579 0.0385036354065 0.0116100101471
v -0.00810000228882 0.024780008316 0.0116100101471
v -0.00811722564697 0.0242337646484 0.0116100101471
v -0.00813045024872 0.0241968040466 0.0116100101471
v -0.00810000228882 0.0243498783112 0.0116100101471
v -0.00810768795013 0.0242718410492 0.0116100101471
v -0.00810192775726 0.0243106708527 0.0116100101471
v -0.00814723300934 0.0241613197327 0.0116100101471
v -0.00821715927124 0.024067035675 0.0116100101471
v -0.00819079780579 0.0240961208344 0.0116100101471
v -0.00816741371155 0.0241276493073 0.0116100101471
v -0.00810000228882 0.024780008316 0.00891001033783
v -0.00811722564697 0.0242337646484 0.00891001033783
v -0.00813045024872 0.0241968040466 0.00891001033783
v -0.00810000228882 0.0243498783112 0.00891001033783
v -0.00810192775726 0.0243106708527 0.00891001033783
v -0.00810768795013 0.0242718410492 0.00891001033783
v -0.00821715927124 0.024067035675 0.00891001033783
v -0.00819079780579 0.0240961208344 0.00891001033783
v -0.00814723300934 0.0241613197327 0.00891001033783
v -0.00816741371155 0.0241276493073 0.00891001033783
v -0.00810000228882 0.0378198471069 0.00891001033783
v -0.00811722564697 0.0383659934998 0.00891001033783
v -0.00810192775726 0.0382890853882 0.00891001033783
v -0.00810000228882 0.0382498779297 0.00891001033783
v -0.00810768795013 0.0383279151917 0.00891001033783
v -0.00813045024872 0.0384029502869 0.00891001033783
v -0.00814723300934 0.0384384384155 0.00891001033783
v -0.00816741371155 0.0384721069336 0.00891001033783
v -0.00821715927124 0.0385327224731 0.00891001033783
v -0.00819079780579 0.0385036354065 0.00891001033783
v -0.0270149154663 0.0218754825592 0.01481001091
v -0.0269874782562 0.0218047733307 0.01481001091
v -0.0270136604309 0.0218726482391 0.01481001091
v -0.0310855693817 0.020527469635 0.01481001091
v -0.0311086902618 0.0206304340363 0.01481001091
v -0.0311267318726 0.0207344074249 0.01481001091
v -0.0311396484375 0.0208391418457 0.01481001091
v -0.0311474132538 0.0209443836212 0.01481001091
v -0.0311500015259 0.0210498771667 0.01481001091
v -0.0311474132538 0.0211553726196 0.01481001091
v -0.0311396484375 0.0212606143951 0.01481001091
v -0.0311267318726 0.0213653469086 0.01481001091
v -0.0311086902618 0.0214693222046 0.01481001091
v -0.0310855693817 0.0215722866058 0.01481001091
v -0.0310574245453 0.0216739902496 0.01481001091
v -0.0300135040283 0.0191537475586 0.01481001091
v -0.0301053237915 0.0192057609558 0.01481001091
v -0.0301944770813 0.0192622184753 0.01481001091
v -0.0302807559967 0.0193229808807 0.01481001091
v -0.0303639469147 0.0193879051208 0.01481001091
v -0.0304438552856 0.0194568328857 0.01481001091
v -0.030520280838 0.0195295982361 0.01481001091
v -0.0305930480957 0.0196060256958 0.01481001091
v -0.0306619739532 0.0196859321594 0.01481001091
v -0.0307268981934 0.0197691249847 0.01481001091
v -0.0308441181183 0.0199445571899 0.01481001091
v -0.0307876605988 0.0198554019928 0.01481001091
v -0.0308961334229 0.0200363750458 0.01481001091
v -0.0309435806274 0.0201306343079 0.01481001091
v -0.0309863433838 0.0202271080017 0.01481001091
v -0.0310243225098 0.0203255653381 0.01481001091
v -0.0310574245453 0.0204257659912 0.01481001091
v -0.0310243225098 0.0217741909027 0.01481001091
v -0.0309863433838 0.0218726482391 0.01481001091
v -0.0309435806274 0.021969121933 0.01481001091
v -0.0308961334229 0.0220633792877 0.01481001091
v -0.0308441181183 0.0221551990509 0.01481001091
v -0.0307876605988 0.022244354248 0.01481001091
v -0.0307268981934 0.0223306312561 0.01481001091
v -0.0306619739532 0.0224138221741 0.01481001091
v -0.0305930480957 0.022493730545 0.01481001091
v -0.030520280838 0.0225701560974 0.01481001091
v -0.0304438552856 0.0226429233551 0.01481001091
v -0.0303639469147 0.02271185112 0.01481001091
v -0.0302807559967 0.0227767753601 0.01481001091
v -0.0301944770813 0.0228375358582 0.01481001091
v -0.0301053237915 0.022893995285 0.01481001091
v -0.0300135040283 0.0229460086823 0.01481001091
v -0.0291054973602 0.0189024677277 0.01481001091
v -0.0292107372284 0.0189102306366 0.01481001091
v -0.0293154716492 0.0189231472015 0.01481001091
v -0.0294194450378 0.0189411888123 0.01481001091
v -0.0295224094391 0.0189643096924 0.01481001091
v -0.0296241149902 0.0189924545288 0.01481001091
v -0.029724313736 0.0190255584717 0.01481001091
v -0.0298227710724 0.0190635375977 0.01481001091
v -0.0299192447662 0.019106300354 0.01481001091
v -0.0299192447662 0.0229934558868 0.01481001091
v -0.0298227710724 0.0230362186432 0.01481001091
v -0.0290000019073 0.0188998794556 0.01481001091
v -0.0288945064545 0.0189024677277 0.01481001091
v -0.0285805587769 0.0189411888123 0.01481001091
v -0.0287892665863 0.0189102306366 0.01481001091
v -0.0286845321655 0.0189231472015 0.01481001091
v -0.0284775943756 0.0189643096924 0.01481001091
v -0.0283758888245 0.0189924545288 0.01481001091
v -0.0282756900787 0.0190255584717 0.01481001091
v -0.0281772327423 0.0190635375977 0.01481001091
v -0.0280807590485 0.019106300354 0.01481001091
v -0.0279864997864 0.0191537475586 0.01481001091
v -0.0278946800232 0.0192057609558 0.01481001091
v -0.0278055267334 0.0192622184753 0.01481001091
v -0.027719247818 0.0193229808807 0.01481001091
v -0.0276360569 0.0193879051208 0.01481001091
v -0.0275561485291 0.0194568328857 0.01481001091
v -0.0274797229767 0.0195295982361 0.01481001091
v -0.027406955719 0.0196060256958 0.01481001091
v -0.0273380298615 0.0196859321594 0.01481001091
v -0.0272731056213 0.0197691249847 0.01481001091
v -0.0272123432159 0.0198554019928 0.01481001091
v -0.0271558856964 0.0199445571899 0.01481001091
v -0.0271038703918 0.0200363750458 0.01481001091
v -0.0270564231873 0.021969121933 0.01481001091
v -0.0271038703918 0.0220633792877 0.01481001091
v -0.0271558856964 0.0221551990509 0.01481001091
v -0.0272123432159 0.022244354248 0.01481001091
v -0.0272731056213 0.0223306312561 0.01481001091
v -0.0273380298615 0.0224138221741 0.01481001091
v -0.027406955719 0.022493730545 0.01481001091
v -0.0274797229767 0.0225701560974 0.01481001091
v -0.0275561485291 0.0226429233551 0.01481001091
v -0.0276360569 0.02271185112 0.01481001091
v -0.027719247818 0.0227767753601 0.01481001091
v -0.0278055267334 0.0228375358582 0.01481001091
v -0.0278946800232 0.022893995285 0.01481001091
v -0.0279864997864 0.0229460086823 0.01481001091
v -0.0280807590485 0.0229934558868 0.01481001091
v -0.0281772327423 0.0230362186432 0.01481001091
v -0.0270564231873 0.0201306343079 0.01481001091
v -0.0269756813049 0.0217741909027 0.01481001091
v -0.0269425792694 0.0216739902496 0.01481001091
v -0.026914434433 0.0215722866058 0.01481001091
v -0.0268913135529 0.0214693222046 0.01481001091
v -0.0268732719421 0.0213653469086 0.01481001091
v -0.0268603553772 0.0212606143951 0.01481001091
v -0.0268525905609 0.0211553726196 0.01481001091
v -0.0268500022888 0.0210498771667 0.01481001091
v -0.0268525905609 0.0209443836212 0.01481001091
v -0.0268603553772 0.0208391418457 0.01481001091
v -0.0268732719421 0.0207344074249 0.01481001091
v -0.0268913135529 0.0206304340363 0.01481001091
v -0.026914434433 0.020527469635 0.01481001091
v -0.0269425792694 0.0204257659912 0.01481001091
v -0.0269756813049 0.0203255653381 0.01481001091
v -0.0270136604309 0.0202271080017 0.01481001091
v -0.029724313736 0.0230741977692 0.01481001091
v -0.0291054973602 0.0231972885132 0.01481001091
v -0.0290000019073 0.0231998767853 0.01481001091
v -0.0286845321655 0.023176607132 0.01481001091
v -0.0287892665863 0.0231895256042 0.01481001091
v -0.0288945064545 0.0231972885132 0.01481001091
v -0.0292107372284 0.0231895256042 0.01481001091
v -0.0293154716492 0.023176607132 0.01481001091
v -0.0294194450378 0.0231585674286 0.01481001091
v -0.0295224094391 0.0231354446411 0.01481001091
v -0.0296241149902 0.0231072998047 0.01481001091
v -0.0285805587769 0.0231585674286 0.01481001091
v -0.0284775943756 0.0231354446411 0.01481001091
v -0.0283758888245 0.0231072998047 0.01481001091
v -0.0282756900787 0.0230741977692 0.01481001091
v -0.0278999996185 0.0210499267578 0.0107099962234
v -0.0279013252258 0.0211039028168 0.0107099962234
v -0.0279052963257 0.0211577472687 0.0107099962234
v -0.0279119052887 0.0212113304138 0.0107099962234
v -0.0279211368561 0.0212645263672 0.0107099962234
v -0.0279329662323 0.0213172054291 0.0107099962234
v -0.0279473648071 0.0213692398071 0.0107099962234
v -0.027964302063 0.0214205055237 0.0107099962234
v -0.0279837322235 0.0214708786011 0.0107099962234
v -0.0280056114197 0.0215202388763 0.0107099962234
v -0.0280298862457 0.0215684642792 0.0107099962234
v -0.0280564994812 0.0216154403687 0.0107099962234
v -0.0280853843689 0.0216610546112 0.0107099962234
v -0.0281164722443 0.0217051963806 0.0107099962234
v -0.0281496887207 0.0217477607727 0.0107099962234
v -0.0281849536896 0.0217886428833 0.0107099962234
v -0.0282221832275 0.0218277454376 0.0107099962234
v -0.0282612857819 0.0218649730682 0.0107099962234
v -0.0283021678925 0.0219002399445 0.0107099962234
v -0.0283447303772 0.0219334564209 0.0107099962234
v -0.0283888721466 0.0219645442963 0.0107099962234
v -0.0284344863892 0.021993429184 0.0107099962234
v -0.028481464386 0.0220200405121 0.0107099962234
v -0.0285296897888 0.0220443153381 0.0107099962234
v -0.0285790481567 0.0220661945343 0.0107099962234
v -0.0286294212341 0.0220856266022 0.0107099962234
v -0.0286806869507 0.0221025619507 0.0107099962234
v -0.0287327213287 0.0221169624329 0.0107099962234
v -0.0287854003906 0.0221287918091 0.0107099962234
v -0.028838596344 0.0221380214691 0.0107099962234
v -0.0288921813965 0.0221446304321 0.0107099962234
v -0.0289460258484 0.0221486034393 0.0107099962234
v -0.029 0.0221499271393 0.0107099962234
v -0.0290539741516 0.0221486034393 0.0107099962234
v -0.0291078186035 0.0221446304321 0.0107099962234
v -0.029161403656 0.0221380214691 0.0107099962234
v -0.0292145996094 0.0221287918091 0.0107099962234
v -0.0292672786713 0.0221169624329 0.0107099962234
v -0.0293193130493 0.0221025619507 0.0107099962234
v -0.0293705787659 0.0220856266022 0.0107099962234
v -0.0294209518433 0.0220661945343 0.0107099962234
v -0.0294703102112 0.0220443153381 0.0107099962234
v -0.029518535614 0.0220200405121 0.0107099962234
v -0.0295655136108 0.021993429184 0.0107099962234
v -0.0296111278534 0.0219645442963 0.0107099962234
v -0.0296552696228 0.0219334564209 0.0107099962234
v -0.0296978321075 0.0219002399445 0.0107099962234
v -0.0297387142181 0.0218649730682 0.0107099962234
v -0.0297778167725 0.0218277454376 0.0107099962234
v -0.0298150463104 0.0217886428833 0.0107099962234
v -0.0298503112793 0.0217477607727 0.0107099962234
v -0.0298835277557 0.0217051963806 0.0107099962234
v -0.0299146156311 0.0216610546112 0.0107099962234
v -0.0299435005188 0.0216154403687 0.0107099962234
v -0.0299701137543 0.0215684642792 0.0107099962234
v -0.0299943885803 0.0215202388763 0.0107099962234
v -0.0300162677765 0.0214708786011 0.0107099962234
v -0.030035697937 0.0214205055237 0.0107099962234
v -0.0300526351929 0.0213692398071 0.0107099962234
v -0.0300670337677 0.0213172054291 0.0107099962234
v -0.0300788631439 0.0212645263672 0.0107099962234
v -0.0300880947113 0.0212113304138 0.0107099962234
v -0.0300947036743 0.0211577472687 0.0107099962234
v -0.0300986747742 0.0211039028168 0.0107099962234
v -0.0301000003815 0.0210499267578 0.0107099962234
v -0.0300986747742 0.0209959526062 0.0107099962234
v -0.0300947036743 0.0209421081543 0.0107099962234
v -0.0300880947113 0.0208885231018 0.0107099962234
v -0.0300788631439 0.0208353290558 0.0107099962234
v -0.0300670337677 0.0207826499939 0.0107099962234
v -0.0300526351929 0.0207306137085 0.0107099962234
v -0.030035697937 0.0206793479919 0.0107099962234
v -0.0300162677765 0.0206289749146 0.0107099962234
v -0.0299943885803 0.0205796165466 0.0107099962234
v -0.0299701137543 0.0205313911438 0.0107099962234
v -0.0299435005188 0.0204844150543 0.0107099962234
v -0.0299146156311 0.0204388008118 0.0107099962234
v -0.0298835277557 0.0203946590424 0.0107099962234
v -0.0298503112793 0.0203520946503 0.0107099962234
v -0.0298150463104 0.0203112125397 0.0107099962234
v -0.0297778167725 0.0202721099854 0.0107099962234
v -0.0297387142181 0.0202348804474 0.0107099962234
v -0.0296978321075 0.0201996154785 0.0107099962234
v -0.0296552696228 0.0201663990021 0.0107099962234
v -0.0296111278534 0.0201353111267 0.0107099962234
v -0.0295655136108 0.020106426239 0.0107099962234
v -0.029518535614 0.0200798149109 0.0107099962234
v -0.0294703102112 0.0200555400848 0.0107099962234
v -0.0294209518433 0.0200336608887 0.0107099962234
v -0.0293705787659 0.0200142288208 0.0107099962234
v -0.0293193130493 0.0199972934723 0.0107099962234
v -0.0292672786713 0.0199828929901 0.0107099962234
v -0.0292145996094 0.0199710636139 0.0107099962234
v -0.029161403656 0.0199618339539 0.0107099962234
v -0.0291078186035 0.0199552249908 0.0107099962234
v -0.0290539741516 0.0199512519836 0.0107099962234
v -0.029 0.0199499282837 0.0107099962234
v -0.0289460258484 0.0199512519836 0.0107099962234
v -0.0288921813965 0.0199552249908 0.0107099962234
v -0.028838596344 0.0199618339539 0.0107099962234
v -0.0287854003906 0.0199710636139 0.0107099962234
v -0.0287327213287 0.0199828929901 0.0107099962234
v -0.0286806869507 0.0199972934723 0.0107099962234
v -0.0286294212341 0.0200142288208 0.0107099962234
v -0.0285790481567 0.0200336608887 0.0107099962234
v -0.0285296897888 0.0200555400848 0.0107099962234
v -0.028481464386 0.0200798149109 0.0107099962234
v -0.0284344863892 0.020106426239 0.0107099962234
v -0.0283888721466 0.0201353111267 0.0107099962234
v -0.0283447303772 0.0201663990021 0.0107099962234
v -0.0283021678925 0.0201996154785 0.0107099962234
v -0.0282612857819 0.0202348804474 0.0107099962234
v -0.0282221832275 0.0202721099854 0.0107099962234
v -0.0281849536896 0.0203112125397 0.0107099962234
v -0.0281496887207 0.0203520946503 0.0107099962234
v -0.0281164722443 0.0203946590424 0.0107099962234
v -0.0280853843689 0.0204388008118 0.0107099962234
v -0.0280564994812 0.0204844150543 0.0107099962234
v -0.0280298862457 0.0205313911438 0.0107099962234
v -0.0280056114197 0.0205796165466 0.0107099962234
v -0.0279837322235 0.0206289749146 0.0107099962234
v -0.027964302063 0.0206793479919 0.0107099962234
v -0.0279473648071 0.0207306137085 0.0107099962234
v -0.0279329662323 0.0207826499939 0.0107099962234
v -0.0279211368561 0.0208353290558 0.0107099962234
v -0.0279119052887 0.0208885231018 0.0107099962234
v -0.0279052963257 0.0209421081543 0.0107099962234
v -0.0279013252258 0.0209959526062 0.0107099962234
v -0.0301053237915 0.0397057647705 0.01481001091
v -0.0301944770813 0.0397622184753 0.01481001091
v -0.0302807559967 0.0398229827881 0.01481001091
v -0.0303639469147 0.0398879051208 0.01481001091
v -0.0304438552856 0.0399568328857 0.01481001091
v -0.030520280838 0.0400295982361 0.01481001091
v -0.0305930480957 0.0401060256958 0.01481001091
v -0.0306619739532 0.0401859321594 0.01481001091
v -0.0307268981934 0.0402691230774 0.01481001091
v -0.0307876605988 0.0403554000854 0.01481001091
v -0.0308441181183 0.0404445571899 0.01481001091
v -0.0308961334229 0.0405363731384 0.01481001091
v -0.0309435806274 0.0406306343079 0.01481001091
v -0.0309863433838 0.0407271080017 0.01481001091
v -0.0310243225098 0.0408255653381 0.01481001091
v -0.0310661220551 0.040957195282 0.01481001091
v -0.0310574245453 0.0409257659912 0.01481001091
v -0.0298227710724 0.0395635375977 0.01481001091
v -0.0299192447662 0.039606300354 0.01481001091
v -0.0300135040283 0.0396537437439 0.01481001091
v -0.0285805587769 0.039441192627 0.01481001091
v -0.0284775943756 0.0394643135071 0.01481001091
v -0.0283758888245 0.0394924545288 0.01481001091
v -0.0282756900787 0.0395255584717 0.01481001091
v -0.0281772327423 0.0395635375977 0.01481001091
v -0.0280807590485 0.039606300354 0.01481001091
v -0.0279864997864 0.0396537437439 0.01481001091
v -0.0278946800232 0.0397057647705 0.01481001091
v -0.0278055267334 0.0397622184753 0.01481001091
v -0.027719247818 0.0398229827881 0.01481001091
v -0.0276442451477 0.0398815155029 0.01481001091
v -0.0286845321655 0.0394231491089 0.01481001091
v -0.029724313736 0.0395255584717 0.01481001091
v -0.0291054973602 0.039402469635 0.01481001091
v -0.0292107372284 0.0394102325439 0.01481001091
v -0.0290000019073 0.0393998794556 0.01481001091
v -0.0288945064545 0.039402469635 0.01481001091
v -0.0287892665863 0.0394102325439 0.01481001091
v -0.0293154716492 0.0394231491089 0.01481001091
v -0.0294194450378 0.039441192627 0.01481001091
v -0.0295224094391 0.0394643135071 0.01481001091
v -0.0296241149902 0.0394924545288 0.01481001091
v -0.0311500015259 0.0415498771667 0.01481001091
v -0.0311396484375 0.0413391418457 0.01481001091
v -0.0311474132538 0.0414443817139 0.01481001091
v -0.0311474132538 0.0416553726196 0.01481001091
v -0.0311396484375 0.0417606163025 0.01481001091
v -0.0310855693817 0.041027469635 0.01481001091
v -0.0311086902618 0.0411304359436 0.01481001091
v -0.0311267318726 0.0412344093323 0.01481001091
v -0.0311267318726 0.0418653488159 0.01481001091
v -0.0311086902618 0.0419693222046 0.01481001091
v -0.0310855693817 0.0420722846985 0.01481001091
v -0.0310574245453 0.042173992157 0.01481001091
v -0.0310243225098 0.0422741928101 0.01481001091
v -0.0309863433838 0.0423726463318 0.01481001091
v -0.0309435806274 0.0424691200256 0.01481001091
v -0.0308961334229 0.0425633811951 0.01481001091
v -0.0308441181183 0.0426551971436 0.01481001091
v -0.0307876605988 0.042744354248 0.01481001091
v -0.0307268981934 0.0428306312561 0.01481001091
v -0.0306619739532 0.0429138221741 0.01481001091
v -0.0305930480957 0.0429937286377 0.01481001091
v -0.030520280838 0.0430701560974 0.01481001091
v -0.0304438552856 0.0431429252625 0.01481001091
v -0.0303639469147 0.0432118492126 0.01481001091
v -0.0302807559967 0.0432767753601 0.01481001091
v -0.0301944770813 0.0433375358582 0.01481001091
v -0.0301053237915 0.0433939933777 0.01481001091
v -0.0300135040283 0.0434460105896 0.01481001091
v -0.0299192447662 0.0434934539795 0.01481001091
v -0.0298227710724 0.0435362167358 0.01481001091
v -0.029724313736 0.0435741958618 0.01481001091
v -0.0296241149902 0.0436072998047 0.01481001091
v -0.0295224094391 0.0436354446411 0.01481001091
v -0.0294194450378 0.0436585655212 0.01481001091
v -0.0293154716492 0.0436766052246 0.01481001091
v -0.0292107372284 0.0436895256042 0.01481001091
v -0.0291054973602 0.0436972846985 0.01481001091
v -0.0268603553772 0.0413391418457 0.01481001091
v -0.0268525905609 0.0414443817139 0.01481001091
v -0.0268500022888 0.0415498771667 0.01481001091
v -0.0268525905609 0.0416553726196 0.01481001091
v -0.0269425792694 0.0409257659912 0.01481001091
v -0.026914434433 0.041027469635 0.01481001091
v -0.0268913135529 0.0411304359436 0.01481001091
v -0.0268732719421 0.0412344093323 0.01481001091
v -0.0268603553772 0.0417606163025 0.01481001091
v -0.0268732719421 0.0418653488159 0.01481001091
v -0.0268913135529 0.0419693222046 0.01481001091
v -0.026914434433 0.0420722846985 0.01481001091
v -0.0272731056213 0.0402691230774 0.01481001091
v -0.0272123432159 0.0403554000854 0.01481001091
v -0.0271558856964 0.0404445571899 0.01481001091
v -0.0271038703918 0.0405363731384 0.01481001091
v -0.0270564231873 0.0406306343079 0.01481001091
v -0.0270136604309 0.0407271080017 0.01481001091
v -0.0269756813049 0.0408255653381 0.01481001091
v -0.0269425792694 0.042173992157 0.01481001091
v -0.0269756813049 0.0422741928101 0.01481001091
v -0.0270136604309 0.0423726463318 0.01481001091
v -0.0270564231873 0.0424691200256 0.01481001091
v -0.0271038703918 0.0425633811951 0.01481001091
v -0.0271558856964 0.0426551971436 0.01481001091
v -0.0272123432159 0.042744354248 0.01481001091
v -0.0272731056213 0.0428306312561 0.01481001091
v -0.0276360569 0.0398879051208 0.01481001091
v -0.0275561485291 0.0399568328857 0.01481001091
v -0.0274797229767 0.0400295982361 0.01481001091
v -0.027406955719 0.0401060256958 0.01481001091
v -0.0273380298615 0.0401859321594 0.01481001091
v -0.0273380298615 0.0429138221741 0.01481001091
v -0.027406955719 0.0429937286377 0.01481001091
v -0.0274797229767 0.0430701560974 0.01481001091
v -0.0275561485291 0.0431429252625 0.01481001091
v -0.0276360569 0.0432118492126 0.01481001091
v -0.027719247818 0.0432767753601 0.01481001091
v -0.0278055267334 0.0433375358582 0.01481001091
v -0.0278946800232 0.0433939933777 0.01481001091
v -0.0279864997864 0.0434460105896 0.01481001091
v -0.0280807590485 0.0434934539795 0.01481001091
v -0.0281772327423 0.0435362167358 0.01481001091
v -0.0282756900787 0.0435741958618 0.01481001091
v -0.0283758888245 0.0436072998047 0.01481001091
v -0.0284775943756 0.0436354446411 0.01481001091
v -0.0290000019073 0.0436998786926 0.01481001091
v -0.0288945064545 0.0436972846985 0.01481001091
v -0.0285805587769 0.0436585655212 0.01481001091
v -0.0286845321655 0.0436766052246 0.01481001091
v -0.0287892665863 0.0436895256042 0.01481001091
v -0.0278999996185 0.0415499267578 0.0107099962234
v -0.0279013252258 0.0416039009094 0.0107099962234
v -0.0279052963257 0.0416577453613 0.0107099962234
v -0.0279119052887 0.0417113304138 0.0107099962234
v -0.0279211368561 0.0417645263672 0.0107099962234
v -0.0279329662323 0.0418172073364 0.0107099962234
v -0.0279473648071 0.0418692398071 0.0107099962234
v -0.027964302063 0.0419205055237 0.0107099962234
v -0.0279837322235 0.0419708786011 0.0107099962234
v -0.0280056114197 0.042020236969 0.0107099962234
v -0.0280298862457 0.0420684623718 0.0107099962234
v -0.0280564994812 0.0421154403687 0.0107099962234
v -0.0280853843689 0.0421610565186 0.0107099962234
v -0.0281164722443 0.0422051963806 0.0107099962234
v -0.0281496887207 0.0422477607727 0.0107099962234
v -0.0281849536896 0.0422886428833 0.0107099962234
v -0.0282221832275 0.0423277435303 0.0107099962234
v -0.0282612857819 0.0423649749756 0.0107099962234
v -0.0283021678925 0.0424002380371 0.0107099962234
v -0.0283447303772 0.0424334564209 0.0107099962234
v -0.0283888721466 0.0424645423889 0.0107099962234
v -0.0284344863892 0.0424934272766 0.0107099962234
v -0.028481464386 0.0425200424194 0.0107099962234
v -0.0285296897888 0.0425443153381 0.0107099962234
v -0.0285790481567 0.0425661964417 0.0107099962234
v -0.0286294212341 0.0425856246948 0.0107099962234
v -0.0286806869507 0.0426025619507 0.0107099962234
v -0.0287327213287 0.0426169624329 0.0107099962234
v -0.0287854003906 0.0426287918091 0.0107099962234
v -0.028838596344 0.0426380233765 0.0107099962234
v -0.0288921813965 0.0426446304321 0.0107099962234
v -0.0289460258484 0.042648601532 0.0107099962234
v -0.029 0.0426499290466 0.0107099962234
v -0.0290539741516 0.042648601532 0.0107099962234
v -0.0291078186035 0.0426446304321 0.0107099962234
v -0.029161403656 0.0426380233765 0.0107099962234
v -0.0292145996094 0.0426287918091 0.0107099962234
v -0.0292672786713 0.0426169624329 0.0107099962234
v -0.0293193130493 0.0426025619507 0.0107099962234
v -0.0293705787659 0.0425856246948 0.0107099962234
v -0.0294209518433 0.0425661964417 0.0107099962234
v -0.0294703102112 0.0425443153381 0.0107099962234
v -0.029518535614 0.0425200424194 0.0107099962234
v -0.0295655136108 0.0424934272766 0.0107099962234
v -0.0296111278534 0.0424645423889 0.0107099962234
v -0.0296552696228 0.0424334564209 0.0107099962234
v -0.0296978321075 0.0424002380371 0.0107099962234
v -0.0297387142181 0.0423649749756 0.0107099962234
v -0.0297778167725 0.0423277435303 0.0107099962234
v -0.0298150463104 0.0422886428833 0.0107099962234
v -0.0298503112793 0.0422477607727 0.0107099962234
v -0.0298835277557 0.0422051963806 0.0107099962234
v -0.0299146156311 0.0421610565186 0.0107099962234
v -0.0299435005188 0.0421154403687 0.0107099962234
v -0.0299701137543 0.0420684623718 0.0107099962234
v -0.0299943885803 0.042020236969 0.0107099962234
v -0.0300162677765 0.0419708786011 0.0107099962234
v -0.030035697937 0.0419205055237 0.0107099962234
v -0.0300526351929 0.0418692398071 0.0107099962234
v -0.0300670337677 0.0418172073364 0.0107099962234
v -0.0300788631439 0.0417645263672 0.0107099962234
v -0.0300880947113 0.0417113304138 0.0107099962234
v -0.0300947036743 0.0416577453613 0.0107099962234
v -0.0300986747742 0.0416039009094 0.0107099962234
v -0.0301000003815 0.0415499267578 0.0107099962234
v -0.0300986747742 0.0414959526062 0.0107099962234
v -0.0300947036743 0.0414421081543 0.0107099962234
v -0.0300880947113 0.0413885231018 0.0107099962234
v -0.0300788631439 0.0413353271484 0.0107099962234
v -0.0300670337677 0.0412826499939 0.0107099962234
v -0.0300526351929 0.0412306137085 0.0107099962234
v -0.030035697937 0.0411793479919 0.0107099962234
v -0.0300162677765 0.0411289749146 0.0107099962234
v -0.0299943885803 0.0410796165466 0.0107099962234
v -0.0299701137543 0.0410313911438 0.0107099962234
v -0.0299435005188 0.040984413147 0.0107099962234
v -0.0299146156311 0.0409388008118 0.0107099962234
v -0.0298835277557 0.040894657135 0.0107099962234
v -0.0298503112793 0.0408520965576 0.0107099962234
v -0.0298150463104 0.040811214447 0.0107099962234
v -0.0297778167725 0.0407721099854 0.0107099962234
v -0.0297387142181 0.0407348823547 0.0107099962234
v -0.0296978321075 0.0406996154785 0.0107099962234
v -0.0296552696228 0.0406664009094 0.0107099962234
v -0.0296111278534 0.0406353111267 0.0107099962234
v -0.0295655136108 0.040606426239 0.0107099962234
v -0.029518535614 0.0405798149109 0.0107099962234
v -0.0294703102112 0.0405555381775 0.0107099962234
v -0.0294209518433 0.0405336608887 0.0107099962234
v -0.0293705787659 0.0405142288208 0.0107099962234
v -0.0293193130493 0.0404972915649 0.0107099962234
v -0.0292672786713 0.0404828948975 0.0107099962234
v -0.0292145996094 0.0404710655212 0.0107099962234
v -0.029161403656 0.0404618339539 0.0107099962234
v -0.0291078186035 0.0404552230835 0.0107099962234
v -0.0290539741516 0.0404512519836 0.0107099962234
v -0.029 0.0404499282837 0.0107099962234
v -0.0289460258484 0.0404512519836 0.0107099962234
v -0.0288921813965 0.0404552230835 0.0107099962234
v -0.028838596344 0.0404618339539 0.0107099962234
v -0.0287854003906 0.0404710655212 0.0107099962234
v -0.0287327213287 0.0404828948975 0.0107099962234
v -0.0286806869507 0.0404972915649 0.0107099962234
v -0.0286294212341 0.0405142288208 0.0107099962234
v -0.0285790481567 0.0405336608887 0.0107099962234
v -0.0285296897888 0.0405555381775 0.0107099962234
v -0.028481464386 0.0405798149109 0.0107099962234
v -0.0284344863892 0.040606426239 0.0107099962234
v -0.0283888721466 0.0406353111267 0.0107099962234
v -0.0283447303772 0.0406664009094 0.0107099962234
v -0.0283021678925 0.0406996154785 0.0107099962234
v -0.0282612857819 0.0407348823547 0.0107099962234
v -0.0282221832275 0.0407721099854 0.0107099962234
v -0.0281849536896 0.040811214447 0.0107099962234
v -0.0281496887207 0.0408520965576 0.0107099962234
v -0.0281164722443 0.040894657135 0.0107099962234
v -0.0280853843689 0.0409388008118 0.0107099962234
v -0.0280564994812 0.040984413147 0.0107099962234
v -0.0280298862457 0.0410313911438 0.0107099962234
v -0.0280056114197 0.0410796165466 0.0107099962234
v -0.0279837322235 0.0411289749146 0.0107099962234
v -0.027964302063 0.0411793479919 0.0107099962234
v -0.0279473648071 0.0412306137085 0.0107099962234
v -0.0279329662323 0.0412826499939 0.0107099962234
v -0.0279211368561 0.0413353271484 0.0107099962234
v -0.0279119052887 0.0413885231018 0.0107099962234
v -0.0279052963257 0.0414421081543 0.0107099962234
v -0.0279013252258 0.0414959526062 0.0107099962234
v -0.0104500017166 0.0210498771667 0.01481001091
v -0.0103574237823 0.0204257659912 0.01481001091
v -0.0103855695724 0.020527469635 0.01481001091
v -0.0104086894989 0.0206304340363 0.01481001091
v -0.0104267311096 0.0207344074249 0.01481001091
v -0.0104396486282 0.0208391418457 0.01481001091
v -0.0104474124908 0.0209443836212 0.01481001091
v -0.0104474124908 0.0211553726196 0.01481001091
v -0.0104396486282 0.0212606143951 0.01481001091
v -0.0104267311096 0.0213653469086 0.01481001091
v -0.0104086894989 0.0214693222046 0.01481001091
v -0.0103855695724 0.0215722866058 0.01481001091
v -0.0103574237823 0.0216739902496 0.01481001091
v -0.00989304637909 0.022493730545 0.01481001091
v -0.00966394710541 0.02271185112 0.01481001091
v -0.00974385356903 0.0226429233551 0.01481001091
v -0.00982028198242 0.0225701560974 0.01481001091
v -0.00996197414398 0.0224138221741 0.01481001091
v -0.0100268974304 0.0223306312561 0.01481001091
v -0.0100876617432 0.022244354248 0.01481001091
v -0.010144118309 0.0221551990509 0.01481001091
v -0.0101961326599 0.0220633792877 0.01481001091
v -0.0100876617432 0.0198554019928 0.01481001091
v -0.010144118309 0.0199445571899 0.01481001091
v -0.0101961326599 0.0200363750458 0.01481001091
v -0.0102435789108 0.0201306343079 0.01481001091
v -0.0102863426208 0.0202271080017 0.01481001091
v -0.0103243217468 0.0203255653381 0.01481001091
v -0.0103243217468 0.0217741909027 0.01481001091
v -0.0102863426208 0.0218726482391 0.01481001091
v -0.0102435789108 0.021969121933 0.01481001091
v -0.00949447822571 0.0228375358582 0.01481001091
v -0.00940532302856 0.022893995285 0.01481001091
v -0.00912277126312 0.0230362186432 0.01481001091
v -0.00921924495697 0.0229934558868 0.01481001091
v -0.00931350517273 0.0229460086823 0.01481001091
v -0.00911367511749 0.0230397281647 0.01481001091
v -0.00958075523376 0.0227767753601 0.01481001091
v -0.00618427228928 0.0206710147858 0.01481001091
v -0.00619131374359 0.0206304340363 0.01481001091
v -0.00777759456635 0.0189643096924 0.01481001091
v -0.00767588996887 0.0189924545288 0.01481001091
v -0.0075756893158 0.0190255584717 0.01481001091
v -0.00747723293304 0.0190635375977 0.01481001091
v -0.0073807592392 0.019106300354 0.01481001091
v -0.00728649902344 0.0191537475586 0.01481001091
v -0.0071946811676 0.0192057609558 0.01481001091
v -0.00710552597046 0.0192622184753 0.01481001091
v -0.00701924800873 0.0193229808807 0.01481001091
v -0.00693605613708 0.0193879051208 0.01481001091
v -0.00685615062714 0.0194568328857 0.01481001091
v -0.00677972221375 0.0195295982361 0.01481001091
v -0.00670695781708 0.0196060256958 0.01481001091
v -0.00663803005219 0.0196859321594 0.01481001091
v -0.00657310581207 0.0197691249847 0.01481001091
v -0.006512342453 0.0198554019928 0.01481001091
v -0.00645588588715 0.0199445571899 0.01481001091
v -0.00640387153625 0.0200363750458 0.01481001091
v -0.00635642528534 0.0201306343079 0.01481001091
v -0.00631366062164 0.0202271080017 0.01481001091
v -0.00627568244934 0.0203255653381 0.01481001091
v -0.00624258041382 0.0204257659912 0.01481001091
v -0.00621443462372 0.020527469635 0.01481001091
v -0.0085107383728 0.0189102306366 0.01481001091
v -0.00830000209808 0.0188998794556 0.01481001091
v -0.00840549755096 0.0189024677277 0.01481001091
v -0.00788055801392 0.0189411888123 0.01481001091
v -0.00798453140259 0.0189231472015 0.01481001091
v -0.00819450569153 0.0189024677277 0.01481001091
v -0.00808926486969 0.0189102306366 0.01481001091
v -0.00861547279358 0.0189231472015 0.01481001091
v -0.00871944618225 0.0189411888123 0.01481001091
v -0.00882240867615 0.0189643096924 0.01481001091
v -0.00892411327362 0.0189924545288 0.01481001091
v -0.00902431488037 0.0190255584717 0.01481001091
v -0.00912277126312 0.0190635375977 0.01481001091
v -0.00921924495697 0.019106300354 0.01481001091
v -0.00931350517273 0.0191537475586 0.01481001091
v -0.00940532302856 0.0192057609558 0.01481001091
v -0.00949447822571 0.0192622184753 0.01481001091
v -0.00958075523376 0.0193229808807 0.01481001091
v -0.00966394710541 0.0193879051208 0.01481001091
v -0.00974385356903 0.0194568328857 0.01481001091
v -0.00982028198242 0.0195295982361 0.01481001091
v -0.00989304637909 0.0196060256958 0.01481001091
v -0.00996197414398 0.0196859321594 0.01481001091
v -0.0100268974304 0.0197691249847 0.01481001091
v -0.00911367511749 0.0230397281647 0.0118000097275
v -0.00618427228928 0.0206710147858 0.0118000097275
v -0.00617327213287 0.0207344074249 0.0118000097275
v -0.00616035461426 0.0208391418457 0.0118000097275
v -0.00615259170532 0.0209443836212 0.0118000097275
v -0.00615000152588 0.0210498771667 0.0118000097275
v -0.00615259170532 0.0211553726196 0.0118000097275
v -0.00616035461426 0.0212606143951 0.0118000097275
v -0.00617327213287 0.0213653469086 0.0118000097275
v -0.00619131374359 0.0214693222046 0.0118000097275
v -0.00621443462372 0.0215722866058 0.0118000097275
v -0.00624258041382 0.0216739902496 0.0118000097275
v -0.00627568244934 0.0217741909027 0.0118000097275
v -0.00631366062164 0.0218726482391 0.0118000097275
v -0.00635642528534 0.021969121933 0.0118000097275
v -0.00640387153625 0.0220633792877 0.0118000097275
v -0.00871944618225 0.0231585674286 0.0118000097275
v -0.00882240867615 0.0231354446411 0.0118000097275
v -0.00902431488037 0.0230741977692 0.0118000097275
v -0.00892411327362 0.0231072998047 0.0118000097275
v -0.00861547279358 0.023176607132 0.0118000097275
v -0.00645588588715 0.0221551990509 0.0118000097275
v -0.0085107383728 0.0231895256042 0.0118000097275
v -0.006512342453 0.022244354248 0.0118000097275
v -0.00840549755096 0.0231972885132 0.0118000097275
v -0.00830000209808 0.0231998767853 0.0118000097275
v -0.00747723293304 0.0230362186432 0.0118000097275
v -0.0073807592392 0.0229934558868 0.0118000097275
v -0.00728649902344 0.0229460086823 0.0118000097275
v -0.0071946811676 0.022893995285 0.0118000097275
v -0.00710552597046 0.0228375358582 0.0118000097275
v -0.00701924800873 0.0227767753601 0.0118000097275
v -0.00693605613708 0.02271185112 0.0118000097275
v -0.00677972221375 0.0225701560974 0.0118000097275
v -0.00685615062714 0.0226429233551 0.0118000097275
v -0.00657310581207 0.0223306312561 0.0118000097275
v -0.00663803005219 0.0224138221741 0.0118000097275
v -0.00670695781708 0.022493730545 0.0118000097275
v -0.00819450569153 0.0231972885132 0.0118000097275
v -0.0075756893158 0.0230741977692 0.0118000097275
v -0.00808926486969 0.0231895256042 0.0118000097275
v -0.00798453140259 0.023176607132 0.0118000097275
v -0.00788055801392 0.0231585674286 0.0118000097275
v -0.00767588996887 0.0231072998047 0.0118000097275
v -0.00777759456635 0.0231354446411 0.0118000097275
v -0.00719999980927 0.0210499267578 0.0107099962234
v -0.00720132493973 0.0211039028168 0.0107099962234
v -0.00720529699326 0.0211577472687 0.0107099962234
v -0.00721190595627 0.0212113304138 0.0107099962234
v -0.00722113609314 0.0212645263672 0.0107099962234
v -0.00723296546936 0.0213172054291 0.0107099962234
v -0.0072473654747 0.0213692398071 0.0107099962234
v -0.00726430130005 0.0214205055237 0.0107099962234
v -0.00728373241425 0.0214708786011 0.0107099962234
v -0.00730561161041 0.0215202388763 0.0107099962234
v -0.00732988643646 0.0215684642792 0.0107099962234
v -0.00735649871826 0.0216154403687 0.0107099962234
v -0.00738538360596 0.0216610546112 0.0107099962234
v -0.00741647148132 0.0217051963806 0.0107099962234
v -0.0074496884346 0.0217477607727 0.0107099962234
v -0.00748495388031 0.0217886428833 0.0107099962234
v -0.0075221824646 0.0218277454376 0.0107099962234
v -0.00756128501892 0.0218649730682 0.0107099962234
v -0.00760216760635 0.0219002399445 0.0107099962234
v -0.00764473056793 0.0219334564209 0.0107099962234
v -0.00768887281418 0.0219645442963 0.0107099962234
v -0.00773448705673 0.021993429184 0.0107099962234
v -0.00778146362305 0.0220200405121 0.0107099962234
v -0.00782968950272 0.0220443153381 0.0107099962234
v -0.00787904834747 0.0220661945343 0.0107099962234
v -0.00792942094803 0.0220856266022 0.0107099962234
v -0.00798068666458 0.0221025619507 0.0107099962234
v -0.00803272151947 0.0221169624329 0.0107099962234
v -0.00808540058136 0.0221287918091 0.0107099962234
v -0.00813859653473 0.0221380214691 0.0107099962234
v -0.00819218158722 0.0221446304321 0.0107099962234
v -0.00824602508545 0.0221486034393 0.0107099962234
v -0.00830000019073 0.0221499271393 0.0107099962234
v -0.00835397434235 0.0221486034393 0.0107099962234
v -0.00840781879425 0.0221446304321 0.0107099962234
v -0.00846140384674 0.0221380214691 0.0107099962234
v -0.00851459980011 0.0221287918091 0.0107099962234
v -0.00856727790833 0.0221169624329 0.0107099962234
v -0.00861931324005 0.0221025619507 0.0107099962234
v -0.0086705789566 0.0220856266022 0.0107099962234
v -0.008720952034 0.0220661945343 0.0107099962234
v -0.00877031040192 0.0220443153381 0.0107099962234
v -0.00881853675842 0.0220200405121 0.0107099962234
v -0.0088655128479 0.021993429184 0.0107099962234
v -0.00891112709045 0.0219645442963 0.0107099962234
v -0.00895526885986 0.0219334564209 0.0107099962234
v -0.00899783229828 0.0219002399445 0.0107099962234
v -0.00903871440887 0.0218649730682 0.0107099962234
v -0.00907781791687 0.0218277454376 0.0107099962234
v -0.00911504650116 0.0217886428833 0.0107099962234
v -0.00915031147003 0.0217477607727 0.0107099962234
v -0.00918352794647 0.0217051963806 0.0107099962234
v -0.00921461677551 0.0216610546112 0.0107099962234
v -0.00924350166321 0.0216154403687 0.0107099962234
v -0.00927011299133 0.0215684642792 0.0107099962234
v -0.00929438781738 0.0215202388763 0.0107099962234
v -0.00931626701355 0.0214708786011 0.0107099962234
v -0.00933569812775 0.0214205055237 0.0107099962234
v -0.00935263442993 0.0213692398071 0.0107099962234
v -0.00936703395844 0.0213172054291 0.0107099962234
v -0.00937886333466 0.0212645263672 0.0107099962234
v -0.00938809394836 0.0212113304138 0.0107099962234
v -0.00939470291138 0.0211577472687 0.0107099962234
v -0.0093986749649 0.0211039028168 0.0107099962234
v -0.00939999961853 0.0210499267578 0.0107099962234
v -0.0093986749649 0.0209959526062 0.0107099962234
v -0.00939470291138 0.0209421081543 0.0107099962234
v -0.00938809394836 0.0208885231018 0.0107099962234
v -0.00937886333466 0.0208353290558 0.0107099962234
v -0.00936703395844 0.0207826499939 0.0107099962234
v -0.00935263442993 0.0207306137085 0.0107099962234
v -0.00933569812775 0.0206793479919 0.0107099962234
v -0.00931626701355 0.0206289749146 0.0107099962234
v -0.00929438781738 0.0205796165466 0.0107099962234
v -0.00927011299133 0.0205313911438 0.0107099962234
v -0.00924350166321 0.0204844150543 0.0107099962234
v -0.00921461677551 0.0204388008118 0.0107099962234
v -0.00918352794647 0.0203946590424 0.0107099962234
v -0.00915031147003 0.0203520946503 0.0107099962234
v -0.00911504650116 0.0203112125397 0.0107099962234
v -0.00907781791687 0.0202721099854 0.0107099962234
v -0.00903871440887 0.0202348804474 0.0107099962234
v -0.00899783229828 0.0201996154785 0.0107099962234
v -0.00895526885986 0.0201663990021 0.0107099962234
v -0.00891112709045 0.0201353111267 0.0107099962234
v -0.0088655128479 0.020106426239 0.0107099962234
v -0.00881853675842 0.0200798149109 0.0107099962234
v -0.00877031040192 0.0200555400848 0.0107099962234
v -0.008720952034 0.0200336608887 0.0107099962234
v -0.0086705789566 0.0200142288208 0.0107099962234
v -0.00861931324005 0.0199972934723 0.0107099962234
v -0.00856727790833 0.0199828929901 0.0107099962234
v -0.00851459980011 0.0199710636139 0.0107099962234
v -0.00846140384674 0.0199618339539 0.0107099962234
v -0.00840781879425 0.0199552249908 0.0107099962234
v -0.00835397434235 0.0199512519836 0.0107099962234
v -0.00830000019073 0.0199499282837 0.0107099962234
v -0.00824602508545 0.0199512519836 0.0107099962234
v -0.00819218158722 0.0199552249908 0.0107099962234
v -0.00813859653473 0.0199618339539 0.0107099962234
v -0.00808540058136 0.0199710636139 0.0107099962234
v -0.00803272151947 0.0199828929901 0.0107099962234
v -0.00798068666458 0.0199972934723 0.0107099962234
v -0.00792942094803 0.0200142288208 0.0107099962234
v -0.00787904834747 0.0200336608887 0.0107099962234
v -0.00782968950272 0.0200555400848 0.0107099962234
v -0.00778146362305 0.0200798149109 0.0107099962234
v -0.00773448705673 0.020106426239 0.0107099962234
v -0.00768887281418 0.0201353111267 0.0107099962234
v -0.00764473056793 0.0201663990021 0.0107099962234
v -0.00760216760635 0.0201996154785 0.0107099962234
v -0.00756128501892 0.0202348804474 0.0107099962234
v -0.0075221824646 0.0202721099854 0.0107099962234
v -0.00748495388031 0.0203112125397 0.0107099962234
v -0.0074496884346 0.0203520946503 0.0107099962234
v -0.00741647148132 0.0203946590424 0.0107099962234
v -0.00738538360596 0.0204388008118 0.0107099962234
v -0.00735649871826 0.0204844150543 0.0107099962234
v -0.00732988643646 0.0205313911438 0.0107099962234
v -0.00730561161041 0.0205796165466 0.0107099962234
v -0.00728373241425 0.0206289749146 0.0107099962234
v -0.00726430130005 0.0206793479919 0.0107099962234
v -0.0072473654747 0.0207306137085 0.0107099962234
v -0.00723296546936 0.0207826499939 0.0107099962234
v -0.00722113609314 0.0208353290558 0.0107099962234
v -0.00721190595627 0.0208885231018 0.0107099962234
v -0.00720529699326 0.0209421081543 0.0107099962234
v -0.00720132493973 0.0209959526062 0.0107099962234
v -0.0104474124908 0.0414443817139 0.01481001091
v -0.0104500017166 0.0415498771667 0.01481001091
v -0.00989304637909 0.0401060256958 0.01481001091
v -0.00982028198242 0.0400295982361 0.01481001091
v -0.0100876617432 0.0403554000854 0.01481001091
v -0.0100268974304 0.0402691230774 0.01481001091
v -0.00996197414398 0.0401859321594 0.01481001091
v -0.0101961326599 0.0405363731384 0.01481001091
v -0.010144118309 0.0404445571899 0.01481001091
v -0.0103243217468 0.0408255653381 0.01481001091
v -0.0102435789108 0.0406306343079 0.01481001091
v -0.0102863426208 0.0407271080017 0.01481001091
v -0.0103574237823 0.0409257659912 0.01481001091
v -0.0103855695724 0.041027469635 0.01481001091
v -0.0104086894989 0.0411304359436 0.01481001091
v -0.0104267311096 0.0412344093323 0.01481001091
v -0.0104396486282 0.0413391418457 0.01481001091
v -0.0104474124908 0.0416553726196 0.01481001091
v -0.0104396486282 0.0417606163025 0.01481001091
v -0.0104267311096 0.0418653488159 0.01481001091
v -0.0104086894989 0.0419693222046 0.01481001091
v -0.0103855695724 0.0420722846985 0.01481001091
v -0.0103574237823 0.042173992157 0.01481001091
v -0.0103243217468 0.0422741928101 0.01481001091
v -0.0102863426208 0.0423726463318 0.01481001091
v -0.0102435789108 0.0424691200256 0.01481001091
v -0.0101961326599 0.0425633811951 0.01481001091
v -0.010144118309 0.0426551971436 0.01481001091
v -0.0100876617432 0.042744354248 0.01481001091
v -0.0100268974304 0.0428306312561 0.01481001091
v -0.00996197414398 0.0429138221741 0.01481001091
v -0.00989304637909 0.0429937286377 0.01481001091
v -0.00966394710541 0.0398879051208 0.01481001091
v -0.00958075523376 0.0398229827881 0.01481001091
v -0.00931350517273 0.0396537437439 0.01481001091
v -0.00949447822571 0.0397622184753 0.01481001091
v -0.00940532302856 0.0397057647705 0.01481001091
v -0.00921924495697 0.039606300354 0.01481001091
v -0.00911374187469 0.0395600547791 0.01481001091
v -0.00912277126312 0.0395635375977 0.01481001091
v -0.0061842880249 0.0419288330078 0.01481001091
v -0.00619131374359 0.0419693222046 0.01481001091
v -0.00621443462372 0.0420722846985 0.01481001091
v -0.00624258041382 0.042173992157 0.01481001091
v -0.00627568244934 0.0422741928101 0.01481001091
v -0.00631366062164 0.0423726463318 0.01481001091
v -0.00635642528534 0.0424691200256 0.01481001091
v -0.00640387153625 0.0425633811951 0.01481001091
v -0.00645588588715 0.0426551971436 0.01481001091
v -0.006512342453 0.042744354248 0.01481001091
v -0.00657310581207 0.0428306312561 0.01481001091
v -0.00663803005219 0.0429138221741 0.01481001091
v -0.00670695781708 0.0429937286377 0.01481001091
v -0.00677972221375 0.0430701560974 0.01481001091
v -0.00685615062714 0.0431429252625 0.01481001091
v -0.00693605613708 0.0432118492126 0.01481001091
v -0.00701924800873 0.0432767753601 0.01481001091
v -0.00710552597046 0.0433375358582 0.01481001091
v -0.0071946811676 0.0433939933777 0.01481001091
v -0.00728649902344 0.0434460105896 0.01481001091
v -0.0073807592392 0.0434934539795 0.01481001091
v -0.00747723293304 0.0435362167358 0.01481001091
v -0.0075756893158 0.0435741958618 0.01481001091
v -0.00767588996887 0.0436072998047 0.01481001091
v -0.00777759456635 0.0436354446411 0.01481001091
v -0.00974385356903 0.0399568328857 0.01481001091
v -0.00982028198242 0.0430701560974 0.01481001091
v -0.00974385356903 0.0431429252625 0.01481001091
v -0.00966394710541 0.0432118492126 0.01481001091
v -0.00958075523376 0.0432767753601 0.01481001091
v -0.00949447822571 0.0433375358582 0.01481001091
v -0.00940532302856 0.0433939933777 0.01481001091
v -0.00931350517273 0.0434460105896 0.01481001091
v -0.00921924495697 0.0434934539795 0.01481001091
v -0.00912277126312 0.0435362167358 0.01481001091
v -0.00902431488037 0.0435741958618 0.01481001091
v -0.00892411327362 0.0436072998047 0.01481001091
v -0.00882240867615 0.0436354446411 0.01481001091
v -0.00871944618225 0.0436585655212 0.01481001091
v -0.00861547279358 0.0436766052246 0.01481001091
v -0.0085107383728 0.0436895256042 0.01481001091
v -0.00830000209808 0.0436998786926 0.01481001091
v -0.00840549755096 0.0436972846985 0.01481001091
v -0.00788055801392 0.0436585655212 0.01481001091
v -0.00798453140259 0.0436766052246 0.01481001091
v -0.00808926486969 0.0436895256042 0.01481001091
v -0.00819450569153 0.0436972846985 0.01481001091
v -0.0061842880249 0.0419288330078 0.0138504772186
v -0.0061842880249 0.0419288330078 0.0138296833038
v -0.0061842880249 0.0419288330078 0.0118000097275
v -0.00911374187469 0.0395600547791 0.0118000097275
v -0.00617327213287 0.0418653488159 0.0118000097275
v -0.00616035461426 0.0417606163025 0.0118000097275
v -0.00615259170532 0.0416553726196 0.0118000097275
v -0.00615000152588 0.0415498771667 0.0118000097275
v -0.00701924800873 0.0398229827881 0.0118000097275
v -0.00710552597046 0.0397622184753 0.0118000097275
v -0.00685615062714 0.0399568328857 0.0118000097275
v -0.00670695781708 0.0401060256958 0.0118000097275
v -0.00677972221375 0.0400295982361 0.0118000097275
v -0.00693605613708 0.0398879051208 0.0118000097275
v -0.006512342453 0.0403554000854 0.0118000097275
v -0.00657310581207 0.0402691230774 0.0118000097275
v -0.00640387153625 0.0405363731384 0.0118000097275
v -0.00631366062164 0.0407271080017 0.0118000097275
v -0.00635642528534 0.0406306343079 0.0118000097275
v -0.00645588588715 0.0404445571899 0.0118000097275
v -0.00663803005219 0.0401859321594 0.0118000097275
v -0.00615259170532 0.0414443817139 0.0118000097275
v -0.00616035461426 0.0413391418457 0.0118000097275
v -0.00617327213287 0.0412344093323 0.0118000097275
v -0.00902431488037 0.0395255584717 0.0118000097275
v -0.00892411327362 0.0394924545288 0.0118000097275
v -0.00882240867615 0.0394643135071 0.0118000097275
v -0.00871944618225 0.039441192627 0.0118000097275
v -0.00861547279358 0.0394231491089 0.0118000097275
v -0.0085107383728 0.0394102325439 0.0118000097275
v -0.00619131374359 0.0411304359436 0.0118000097275
v -0.00840549755096 0.039402469635 0.0118000097275
v -0.00621443462372 0.041027469635 0.0118000097275
v -0.00830000209808 0.0393998794556 0.0118000097275
v -0.00819450569153 0.039402469635 0.0118000097275
v -0.00624258041382 0.0409257659912 0.0118000097275
v -0.00808926486969 0.0394102325439 0.0118000097275
v -0.00798453140259 0.0394231491089 0.0118000097275
v -0.00788055801392 0.039441192627 0.0118000097275
v -0.0071946811676 0.0397057647705 0.0118000097275
v -0.00627568244934 0.0408255653381 0.0118000097275
v -0.00777759456635 0.0394643135071 0.0118000097275
v -0.00767588996887 0.0394924545288 0.0118000097275
v -0.0075756893158 0.0395255584717 0.0118000097275
v -0.00728649902344 0.0396537437439 0.0118000097275
v -0.00747723293304 0.0395635375977 0.0118000097275
v -0.0073807592392 0.039606300354 0.0118000097275
v -0.00719999980927 0.0415499267578 0.0107099962234
v -0.00720132493973 0.0416039009094 0.0107099962234
v -0.00720529699326 0.0416577453613 0.0107099962234
v -0.00721190595627 0.0417113304138 0.0107099962234
v -0.00722113609314 0.0417645263672 0.0107099962234
v -0.00723296546936 0.0418172073364 0.0107099962234
v -0.0072473654747 0.0418692398071 0.0107099962234
v -0.00726430130005 0.0419205055237 0.0107099962234
v -0.00728373241425 0.0419708786011 0.0107099962234
v -0.00730561161041 0.042020236969 0.0107099962234
v -0.00732988643646 0.0420684623718 0.0107099962234
v -0.00735649871826 0.0421154403687 0.0107099962234
v -0.00738538360596 0.0421610565186 0.0107099962234
v -0.00741647148132 0.0422051963806 0.0107099962234
v -0.0074496884346 0.0422477607727 0.0107099962234
v -0.00748495388031 0.0422886428833 0.0107099962234
v -0.0075221824646 0.0423277435303 0.0107099962234
v -0.00756128501892 0.0423649749756 0.0107099962234
v -0.00760216760635 0.0424002380371 0.0107099962234
v -0.00764473056793 0.0424334564209 0.0107099962234
v -0.00768887281418 0.0424645423889 0.0107099962234
v -0.00773448705673 0.0424934272766 0.0107099962234
v -0.00778146362305 0.0425200424194 0.0107099962234
v -0.00782968950272 0.0425443153381 0.0107099962234
v -0.00787904834747 0.0425661964417 0.0107099962234
v -0.00792942094803 0.0425856246948 0.0107099962234
v -0.00798068666458 0.0426025619507 0.0107099962234
v -0.00803272151947 0.0426169624329 0.0107099962234
v -0.00808540058136 0.0426287918091 0.0107099962234
v -0.00813859653473 0.0426380233765 0.0107099962234
v -0.00819218158722 0.0426446304321 0.0107099962234
v -0.00824602508545 0.042648601532 0.0107099962234
v -0.00830000019073 0.0426499290466 0.0107099962234
v -0.00835397434235 0.042648601532 0.0107099962234
v -0.00840781879425 0.0426446304321 0.0107099962234
v -0.00846140384674 0.0426380233765 0.0107099962234
v -0.00851459980011 0.0426287918091 0.0107099962234
v -0.00856727790833 0.0426169624329 0.0107099962234
v -0.00861931324005 0.0426025619507 0.0107099962234
v -0.0086705789566 0.0425856246948 0.0107099962234
v -0.008720952034 0.0425661964417 0.0107099962234
v -0.00877031040192 0.0425443153381 0.0107099962234
v -0.00881853675842 0.0425200424194 0.0107099962234
v -0.0088655128479 0.0424934272766 0.0107099962234
v -0.00891112709045 0.0424645423889 0.0107099962234
v -0.00895526885986 0.0424334564209 0.0107099962234
v -0.00899783229828 0.0424002380371 0.0107099962234
v -0.00903871440887 0.0423649749756 0.0107099962234
v -0.00907781791687 0.0423277435303 0.0107099962234
v -0.00911504650116 0.0422886428833 0.0107099962234
v -0.00915031147003 0.0422477607727 0.0107099962234
v -0.00918352794647 0.0422051963806 0.0107099962234
v -0.00921461677551 0.0421610565186 0.0107099962234
v -0.00924350166321 0.0421154403687 0.0107099962234
v -0.00927011299133 0.0420684623718 0.0107099962234
v -0.00929438781738 0.042020236969 0.0107099962234
v -0.00931626701355 0.0419708786011 0.0107099962234
v -0.00933569812775 0.0419205055237 0.0107099962234
v -0.00935263442993 0.0418692398071 0.0107099962234
v -0.00936703395844 0.0418172073364 0.0107099962234
v -0.00937886333466 0.0417645263672 0.0107099962234
v -0.00938809394836 0.0417113304138 0.0107099962234
v -0.00939470291138 0.0416577453613 0.0107099962234
v -0.0093986749649 0.0416039009094 0.0107099962234
v -0.00939999961853 0.0415499267578 0.0107099962234
v -0.0093986749649 0.0414959526062 0.0107099962234
v -0.00939470291138 0.0414421081543 0.0107099962234
v -0.00938809394836 0.0413885231018 0.0107099962234
v -0.00937886333466 0.0413353271484 0.0107099962234
v -0.00936703395844 0.0412826499939 0.0107099962234
v -0.00935263442993 0.0412306137085 0.0107099962234
v -0.00933569812775 0.0411793479919 0.0107099962234
v -0.00931626701355 0.0411289749146 0.0107099962234
v -0.00929438781738 0.0410796165466 0.0107099962234
v -0.00927011299133 0.0410313911438 0.0107099962234
v -0.00924350166321 0.040984413147 0.0107099962234
v -0.00921461677551 0.0409388008118 0.0107099962234
v -0.00918352794647 0.040894657135 0.0107099962234
v -0.00915031147003 0.0408520965576 0.0107099962234
v -0.00911504650116 0.040811214447 0.0107099962234
v -0.00907781791687 0.0407721099854 0.0107099962234
v -0.00903871440887 0.0407348823547 0.0107099962234
v -0.00899783229828 0.0406996154785 0.0107099962234
v -0.00895526885986 0.0406664009094 0.0107099962234
v -0.00891112709045 0.0406353111267 0.0107099962234
v -0.0088655128479 0.040606426239 0.0107099962234
v -0.00881853675842 0.0405798149109 0.0107099962234
v -0.00877031040192 0.0405555381775 0.0107099962234
v -0.008720952034 0.0405336608887 0.0107099962234
v -0.0086705789566 0.0405142288208 0.0107099962234
v -0.00861931324005 0.0404972915649 0.0107099962234
v -0.00856727790833 0.0404828948975 0.0107099962234
v -0.00851459980011 0.0404710655212 0.0107099962234
v -0.00846140384674 0.0404618339539 0.0107099962234
v -0.00840781879425 0.0404552230835 0.0107099962234
v -0.00835397434235 0.0404512519836 0.0107099962234
v -0.00830000019073 0.0404499282837 0.0107099962234
v -0.00824602508545 0.0404512519836 0.0107099962234
v -0.00819218158722 0.0404552230835 0.0107099962234
v -0.00813859653473 0.0404618339539 0.0107099962234
v -0.00808540058136 0.0404710655212 0.0107099962234
v -0.00803272151947 0.0404828948975 0.0107099962234
v -0.00798068666458 0.0404972915649 0.0107099962234
v -0.00792942094803 0.0405142288208 0.0107099962234
v -0.00787904834747 0.0405336608887 0.0107099962234
v -0.00782968950272 0.0405555381775 0.0107099962234
v -0.00778146362305 0.0405798149109 0.0107099962234
v -0.00773448705673 0.040606426239 0.0107099962234
v -0.00768887281418 0.0406353111267 0.0107099962234
v -0.00764473056793 0.0406664009094 0.0107099962234
v -0.00760216760635 0.0406996154785 0.0107099962234
v -0.00756128501892 0.0407348823547 0.0107099962234
v -0.0075221824646 0.0407721099854 0.0107099962234
v -0.00748495388031 0.040811214447 0.0107099962234
v -0.0074496884346 0.0408520965576 0.0107099962234
v -0.00741647148132 0.040894657135 0.0107099962234
v -0.00738538360596 0.0409388008118 0.0107099962234
v -0.00735649871826 0.040984413147 0.0107099962234
v -0.00732988643646 0.0410313911438 0.0107099962234
v -0.00730561161041 0.0410796165466 0.0107099962234
v -0.00728373241425 0.0411289749146 0.0107099962234
v -0.00726430130005 0.0411793479919 0.0107099962234
v -0.0072473654747 0.0412306137085 0.0107099962234
v -0.00723296546936 0.0412826499939 0.0107099962234
v -0.00722113609314 0.0413353271484 0.0107099962234
v -0.00721190595627 0.0413885231018 0.0107099962234
v -0.00720529699326 0.0414421081543 0.0107099962234
v -0.00720132493973 0.0414959526062 0.0107099962234
f 3100 3099 1590
f 1590 1400 3095
f 3095 1399 1588
f 3100 1590 3095
f 3100 3095 1588
f 3100 1588 3099
f 3099 1588 972
f 3099 972 3103
f 3099 3103 1160
f 1591 1590 3099
f 1160 1591 3099
f 680 3102 3096
f 680 3096 1404
f 646 680 1404
f 1402 1400 1590
f 646 1404 1402
f 2496 646 1402
f 1402 1590 1589
f 1589 985 2492
f 2497 2496 1402
f 1589 2492 2497
f 1402 1589 2497
f 914 3101 3094
f 3102 680 2491
f 2491 3094 3101
f 3101 914 1614
f 3101 1614 1613
f 3102 2491 3101
f 3125 3096 3102
f 523 3125 3102
f 3102 3101 1613
f 1615 743 955
f 3102 1613 1615
f 529 523 3102
f 534 529 3102
f 1615 955 1588
f 1588 1399 1401
f 1403 3124 573
f 1588 1401 1403
f 534 3102 1615
f 540 534 1615
f 1615 1588 1403
f 1403 573 569
f 1403 569 561
f 545 540 1615
f 548 545 1615
f 1615 1403 561
f 1615 561 558
f 556 548 1615
f 1615 558 556
f 2487 2500 2495
f 2499 2497 2492
f 2492 2486 2495
f 2492 2495 2500
f 2499 2492 2500
f 2499 2500 2487
f 646 2496 2498
f 2498 2499 2487
f 2488 2485 2491
f 2498 2487 2488
f 680 646 2498
f 2488 2491 680
f 2488 680 2498
f 2497 2499 2498
f 2497 2498 2496
f 1621 1620 1615
f 1621 1615 1613
f 1621 1613 1619
f 1619 1614 914
f 914 1265 1261
f 743 1615 1620
f 1620 1621 1619
f 1619 914 1261
f 1261 743 1620
f 1619 1261 1620
f 1614 1619 1613
f 1592 1591 1160
f 985 1589 1592
f 1592 1160 985
f 1589 1590 1591
f 1589 1591 1592
f 955 972 1588
f 2492 985 1578
f 2492 1578 2494
f 2502 2486 2492
f 2492 2494 2489
f 2502 2492 2489
f 3094 2491 2493
f 2493 1602 1616
f 1616 914 3094
f 3094 2493 1616
f 2508 2490 2493
f 2493 2491 2485
f 2508 2493 2485
f 1617 1616 1602
f 1602 1267 1265
f 1265 914 1617
f 1617 1602 1265
f 1616 1617 914
f 1160 1219 1578
f 1160 1578 985
f 2493 2490 748
f 1602 2493 748
f 1577 1601 1602
f 2494 1578 1577
f 725 2489 2494
f 725 2494 1577
f 1577 1602 748
f 1577 748 2509
f 2503 725 1577
f 2509 2503 1577
f 2504 2503 2509
f 2504 2509 2510
f 1601 1577 1579
f 1601 1579 1603
f 1603 1579 1580
f 1603 1580 1604
f 1604 1580 1581
f 1604 1581 1605
f 4163 4162 3994
f 3994 3995 4161
f 4163 3994 4161
f 4710 4713 1431
f 4710 1431 1332
f 4711 4710 1332
f 1430 4031 3994
f 4711 1332 1430
f 4712 4711 1430
f 1430 3994 4162
f 1430 4162 4260
f 4709 4712 1430
f 4708 4709 1430
f 1430 4260 4261
f 1430 4261 4262
f 4714 4708 1430
f 4691 4714 1430
f 1430 4262 4263
f 1430 4263 4264
f 4692 4691 1430
f 4693 4692 1430
f 1430 4264 4265
f 1430 4265 4266
f 4690 4693 1430
f 4694 4690 1430
f 1430 4266 4267
f 1430 4267 4268
f 4695 4694 1430
f 4696 4695 1430
f 1430 4268 4269
f 1430 4269 4270
f 4697 4696 1430
f 4698 4697 1430
f 1430 4270 4271
f 1430 4271 4272
f 4707 4698 1430
f 4706 4707 1430
f 1430 4272 4273
f 1430 4273 4274
f 4706 1430 4274
f 4706 4274 4275
f 4705 4706 4275
f 4705 4275 4259
f 4689 4705 4259
f 4689 4259 4242
f 4688 4689 4242
f 4688 4242 4241
f 4687 4688 4241
f 4687 4241 4240
f 4686 4687 4240
f 4686 4240 4239
f 4685 4686 4239
f 4685 4239 4238
f 4684 4685 4238
f 4684 4238 4237
f 4677 4684 4237
f 4677 4237 4236
f 4683 4677 4236
f 4683 4236 4235
f 4682 4683 4235
f 4682 4235 4234
f 4681 4682 4234
f 4681 4234 4233
f 4680 4681 4233
f 4680 4233 4232
f 4679 4680 4232
f 4679 4232 4231
f 4678 4679 4231
f 4678 4231 4230
f 4704 4678 4230
f 4704 4230 4229
f 4703 4704 4229
f 4703 4229 4228
f 4702 4703 4228
f 4702 4228 4227
f 4701 4702 4227
f 4701 4227 4226
f 4700 4701 4226
f 4700 4226 4225
f 4699 4700 4225
f 4699 4225 4222
f 4763 4699 4222
f 4763 4222 4224
f 4762 4763 4224
f 4762 4224 4223
f 4761 4762 4223
f 4761 4223 4221
f 4760 4761 4221
f 4759 4760 4221
f 4758 4759 4221
f 4757 4758 4221
f 4756 4757 4221
f 4756 4221 4220
f 4755 4756 4220
f 4754 4755 4220
f 4753 4754 4220
f 4752 4753 4220
f 4751 4752 4220
f 4750 4751 4220
f 4749 4750 4220
f 4748 4749 4220
f 4747 4748 4220
f 4740 4747 4220
f 4742 4740 4220
f 4741 4742 4220
f 4243 4161 3995
f 4244 4243 3995
f 4245 4244 3995
f 4246 4245 3995
f 4247 4246 3995
f 4248 4247 3995
f 4249 4248 3995
f 4250 4249 3995
f 4251 4250 3995
f 4252 4251 3995
f 4253 4252 3995
f 4254 4253 3995
f 4255 4254 3995
f 4256 4255 3995
f 4257 4256 3995
f 4258 4257 3995
f 4290 4258 3995
f 4289 4290 3995
f 4288 4289 3995
f 4287 4288 3995
f 4279 4287 3995
f 4279 3995 4010
f 4280 4279 4010
f 4280 4010 4011
f 4281 4280 4011
f 4278 4281 4011
f 4277 4278 4011
f 4282 4277 4011
f 4283 4282 4011
f 4284 4283 4011
f 4285 4284 4011
f 4285 4011 4008
f 4286 4285 4008
f 4276 4286 4008
f 4219 4276 4008
f 4218 4219 4008
f 4208 4218 4008
f 4207 4208 4008
f 4206 4207 4008
f 4205 4206 4008
f 4204 4205 4008
f 4204 4008 4009
f 4203 4204 4009
f 4202 4203 4009
f 4201 4202 4009
f 4200 4201 4009
f 4199 4200 4009
f 4199 4009 4012
f 4198 4199 4012
f 4197 4198 4012
f 4196 4197 4012
f 4196 4012 4006
f 4195 4196 4006
f 4194 4195 4006
f 4193 4194 4006
f 4175 4193 4006
f 4174 4175 4006
f 4174 4006 4007
f 4173 4174 4007
f 4172 4173 4007
f 4171 4172 4007
f 4170 4171 4007
f 4169 4170 4007
f 4169 4007 4004
f 4168 4169 4004
f 4167 4168 4004
f 4166 4167 4004
f 4165 4166 4004
f 4164 4165 4004
f 4192 4164 4004
f 4191 4192 4004
f 4191 4004 4005
f 4190 4191 4005
f 4189 4190 4005
f 4188 4189 4005
f 4186 4188 4005
f 4187 4186 4005
f 4185 4187 4005
f 4184 4185 4005
f 4183 4184 4005
f 4182 4183 4005
f 1438 4715 4716
f 1342 1438 4716
f 1342 4716 4739
f 1439 1342 4739
f 1439 4739 4738
f 1361 1439 4738
f 1361 4738 4737
f 1442 1361 4737
f 1442 4737 4736
f 1346 1443 1343
f 1343 1442 4736
f 1343 4736 4735
f 1345 1446 1346
f 1346 1343 4735
f 1346 4735 4734
f 1344 1447 1345
f 1345 1346 4734
f 1345 4734 4733
f 1344 1345 4733
f 1344 4733 4732
f 1450 1344 4732
f 1450 4732 4731
f 1351 1450 4731
f 1351 4731 4730
f 1451 1351 4730
f 1451 4730 4729
f 1350 1451 4729
f 1350 4729 4728
f 1454 1350 4728
f 1454 4728 4727
f 1348 1457 1349
f 1349 1454 4727
f 1349 4727 4726
f 1347 1458 1348
f 1348 1349 4726
f 1348 4726 4725
f 1348 4725 4724
f 1348 4724 4723
f 1348 4723 4722
f 1348 4722 4721
f 1347 1348 4721
f 1347 4721 4720
f 1347 4720 4719
f 1347 4719 4718
f 1347 4718 4717
f 1347 4717 4743
f 1347 4743 4744
f 1347 4744 4746
f 1347 4746 4745
f 1347 4745 4741
f 4030 4449 4448
f 4030 4448 4447
f 4030 4447 4446
f 4030 4446 4445
f 4030 4445 4444
f 4030 4444 4443
f 4030 4443 4442
f 4030 4442 4441
f 4030 4441 4440
f 4030 4440 4439
f 4030 4439 4450
f 4030 4450 4456
f 4027 4030 4456
f 4027 4456 4455
f 4026 4027 4455
f 4026 4455 4454
f 4026 4454 4452
f 4026 4452 4453
f 4026 4453 4457
f 4026 4457 4458
f 4026 4458 4459
f 4026 4459 4460
f 4028 4026 4460
f 4028 4460 4451
f 4028 4451 4436
f 4028 4436 4437
f 4028 4437 4438
f 4028 4438 4419
f 4028 4419 4420
f 4028 4420 4421
f 4023 4028 4421
f 4023 4421 4422
f 4023 4422 4423
f 4023 4423 4424
f 4023 4424 4425
f 4023 4425 4426
f 4024 4023 4426
f 4024 4426 4427
f 4024 4427 4428
f 4024 4428 4429
f 4024 4429 4430
f 4024 4430 4431
f 4025 4024 4431
f 4025 4431 4432
f 4025 4432 4433
f 4435 4434 1582
f 4025 4433 4435
f 4025 4435 1582
f 1607 1606 1409
f 1607 1409 1276
f 4022 4025 1582
f 4029 4022 1582
f 1607 1276 1410
f 1273 1411 1280
f 1607 1410 1273
f 4029 1582 1583
f 4018 4029 1583
f 1607 1273 1280
f 1280 1412 1283
f 1607 1280 1283
f 4019 4018 1583
f 4020 4019 1583
f 1607 1283 1413
f 1295 1414 1298
f 1607 1413 1295
f 4017 4020 1583
f 4021 4017 1583
f 1607 1295 1298
f 1607 1298 1415
f 4015 4021 1583
f 4016 4015 1583
f 1607 1415 1301
f 1301 1416 1304
f 1607 1301 1304
f 4014 4016 1583
f 4013 4014 1583
f 1607 1304 1417
f 1307 1418 1309
f 1607 1417 1307
f 3996 4013 1583
f 3997 3996 1583
f 1607 1307 1309
f 1607 1309 1419
f 3998 3997 1583
f 4000 3998 1583
f 1607 1419 1313
f 1607 1313 1420
f 3999 4000 1583
f 4002 3999 1583
f 1607 1420 1315
f 1315 1421 1319
f 1319 1422 1322
f 1322 1423 1325
f 1607 1315 1319
f 4001 4002 1583
f 4003 4001 1583
f 1607 1319 1322
f 1607 1322 1325
f 4005 4003 1583
f 4182 4005 1583
f 1607 1325 1424
f 1607 1424 1327
f 4181 4182 1583
f 4180 4181 1583
f 1607 1327 1425
f 1328 1426 1329
f 1607 1425 1328
f 4179 4180 1583
f 4178 4179 1583
f 1607 1328 1329
f 1607 1329 1427
f 4177 4178 1583
f 4176 4177 1583
f 1607 1427 1330
f 1607 1330 1428
f 4217 4176 1583
f 4216 4217 1583
f 1607 1428 1331
f 1331 1429 1333
f 1333 1432 1334
f 1335 1433 1336
f 1338 1436 1339
f 1340 1437 1341
f 1341 1440 1356
f 1356 1441 1357
f 1607 1331 1333
f 4215 4216 1583
f 4214 4215 1583
f 1607 1333 1334
f 1607 1334 1335
f 4213 4214 1583
f 4212 4213 1583
f 1607 1335 1336
f 1607 1336 1434
f 4211 4212 1583
f 4210 4211 1583
f 1607 1434 1337
f 1607 1337 1435
f 4210 1583 1607
f 4209 4210 1607
f 1607 1435 1338
f 1607 1338 1339
f 4220 4209 1607
f 4741 4220 1607
f 1607 1339 1340
f 1607 1340 1341
f 1347 4741 1607
f 1456 1347 1607
f 1607 1341 1356
f 1607 1356 1357
f 1353 1456 1607
f 1455 1353 1607
f 1607 1357 1444
f 1607 1444 1360
f 1352 1455 1607
f 1354 1453 1352
f 1355 1452 1354
f 1358 1449 1355
f 1354 1352 1607
f 1607 1360 1445
f 1607 1445 1359
f 1355 1354 1607
f 1358 1355 1607
f 1607 1359 1448
f 1607 1448 1358
f 4978 4977 1379
f 4978 1379 1474
f 4979 4978 1474
f 4979 1474 1398
f 4980 4979 1398
f 4980 1398 1475
f 4981 4980 1475
f 4981 1475 1380
f 4982 4981 1380
f 4982 1380 1478
f 4983 4982 1478
f 4983 1478 1381
f 4984 4983 1381
f 4984 1381 1479
f 4985 4984 1479
f 4985 1479 1382
f 4986 4985 1382
f 4986 1382 1482
f 4987 4986 1482
f 1383 1483 1384
f 4987 1482 1383
f 4988 4987 1383
f 4988 1383 1384
f 4989 4988 1384
f 4989 1384 1486
f 4990 4989 1486
f 1385 1487 1386
f 4990 1486 1385
f 4991 4990 1385
f 4991 1385 1386
f 4992 4991 1386
f 4992 1386 1489
f 4993 4992 1489
f 4993 1489 1387
f 4994 4993 1387
f 4995 4994 1387
f 4996 4995 1387
f 4996 1387 1490
f 4997 4996 1490
f 1388 1492 1390
f 4997 1490 1388
f 4998 4997 1388
f 1390 1491 1389
f 4999 4998 1388
f 5000 4999 1388
f 5001 5000 1388
f 5020 5001 1388
f 5021 5020 1388
f 5022 5021 1388
f 5023 5022 1388
f 5018 5023 1388
f 1393 1485 1392
f 1468 4975 4976
f 1369 1468 4976
f 1369 4976 4974
f 4030 4032 1465
f 1465 1369 4974
f 1465 4974 4971
f 4449 4030 1465
f 4525 4449 1465
f 1465 4971 4973
f 1465 4973 4972
f 4526 4525 1465
f 4527 4526 1465
f 1465 4972 4970
f 1465 4970 4969
f 4528 4527 1465
f 4529 4528 1465
f 1465 4969 5002
f 1465 5002 4940
f 4510 4529 1465
f 4511 4510 1465
f 1465 4940 4939
f 1465 4939 4943
f 4512 4511 1465
f 4513 4512 1465
f 1465 4943 4942
f 1465 4942 4941
f 4514 4513 1465
f 4515 4514 1465
f 1465 4941 4945
f 1465 4945 4944
f 4516 4515 1465
f 4502 4516 1465
f 1465 4944 4947
f 1465 4947 4948
f 4503 4502 1465
f 4504 4503 1465
f 1465 4948 4946
f 1465 4946 4949
f 4505 4504 1465
f 4498 4505 1465
f 1465 4949 4950
f 4498 1465 4950
f 4499 4498 4950
f 4499 4950 4951
f 4500 4499 4951
f 4500 4951 4952
f 4501 4500 4952
f 4501 4952 4953
f 4506 4501 4953
f 4506 4953 4937
f 4507 4506 4937
f 4507 4937 4938
f 4508 4507 4938
f 4508 4938 4954
f 4509 4508 4954
f 4509 4954 4955
f 4517 4509 4955
f 4517 4955 4956
f 4518 4517 4956
f 4518 4956 4957
f 4519 4518 4957
f 4519 4957 4958
f 4520 4519 4958
f 4520 4958 4959
f 4521 4520 4959
f 4521 4959 4960
f 4522 4521 4960
f 4522 4960 4961
f 4523 4522 4961
f 4523 4961 4962
f 4524 4523 4962
f 4524 4962 4963
f 4530 4524 4963
f 4530 4963 4964
f 4531 4530 4964
f 4531 4964 4965
f 4532 4531 4965
f 4532 4965 4966
f 4533 4532 4966
f 4533 4966 4967
f 4534 4533 4967
f 4534 4967 4968
f 4535 4534 4968
f 4535 4968 5003
f 4536 4535 5003
f 4536 5003 5004
f 4537 4536 5004
f 4537 5004 5005
f 4538 4537 5005
f 4538 5005 5006
f 4539 4538 5006
f 4539 5006 5007
f 4540 4539 5007
f 4540 5007 5008
f 4541 4540 5008
f 4541 5008 5009
f 4542 4541 5009
f 4542 5009 5010
f 4543 4542 5010
f 4543 5010 5011
f 4546 4543 5011
f 4546 5011 5012
f 4547 4546 5012
f 4547 5012 5013
f 4548 4547 5013
f 4548 5013 5014
f 4545 4548 5014
f 4545 5014 5015
f 4544 4545 5015
f 4544 5015 5016
f 4544 5016 5017
f 4544 5017 5019
f 4544 5019 5018
f 1582 4434 4466
f 1605 1581 1582
f 1409 1606 1605
f 1362 1409 1605
f 1582 4466 4467
f 1582 4467 4468
f 1459 1362 1605
f 1364 1460 1363
f 1363 1459 1605
f 1582 4468 4462
f 1582 4462 4463
f 1364 1363 1605
f 1365 1461 1364
f 1365 1364 1605
f 1582 4463 4461
f 1582 4461 4464
f 1462 1365 1605
f 1367 1463 1366
f 1366 1462 1605
f 1582 4464 4465
f 1582 4465 4469
f 1367 1366 1605
f 1368 1464 1367
f 1368 1367 1605
f 1582 4469 4470
f 1582 4470 4471
f 1466 1368 1605
f 1370 1466 1605
f 1582 4471 4472
f 1582 4472 4473
f 1467 1370 1605
f 1371 1467 1605
f 1582 4473 4474
f 1582 4474 4475
f 1372 1371 1605
f 1469 1372 1605
f 1582 4475 4476
f 1582 4476 4477
f 1373 1469 1605
f 1374 1470 1373
f 1376 1471 1375
f 1374 1373 1605
f 1375 1374 1605
f 1582 4477 4478
f 1582 4478 4479
f 1376 1375 1605
f 1377 1376 1605
f 1582 4479 4480
f 1582 4480 4481
f 1472 1377 1605
f 1394 1473 1378
f 1378 1472 1605
f 1582 4481 4482
f 1582 4482 4483
f 1394 1378 1605
f 1395 1476 1394
f 1396 1477 1395
f 1397 1480 1396
f 1391 1481 1397
f 1395 1394 1605
f 1582 4483 4484
f 1582 4484 4485
f 1396 1395 1605
f 1397 1396 1605
f 1582 4485 4486
f 1582 4486 4487
f 1391 1397 1605
f 1484 1391 1605
f 1582 4487 4488
f 1582 4488 4489
f 1392 1484 1605
f 1393 1392 1605
f 1582 4489 4490
f 1582 4490 4491
f 1393 1605 1582
f 1488 1393 1582
f 1582 4491 4492
f 1582 4492 4493
f 1389 1488 1582
f 1390 1389 1582
f 1582 4493 4494
f 1582 4494 4495
f 1388 1390 1582
f 5018 1388 1582
f 1582 4495 4496
f 1582 4496 4497
f 4544 5018 1582
f 1582 4497 4544
f 1607 1583 1584
f 1607 1584 1608
f 1608 1584 1585
f 1608 1585 1609
f 1609 1585 1586
f 1609 1586 1610
f 1610 1586 1587
f 1610 1587 1611
f 1612 1611 1587
f 1587 955 743
f 1612 1587 743
f 1612 743 1618
f 1618 743 1261
f 1261 1268 1611
f 1611 1612 1618
f 1618 1261 1611
f 1587 1254 972
f 1587 972 955
f 1298 1555 1415
f 3126 3127 1301
f 1301 1415 1555
f 1555 1298 3126
f 3126 1301 1555
f 1295 1507 1414
f 3128 3126 1298
f 1298 1414 1507
f 1507 1295 3128
f 3128 1298 1507
f 1283 1515 1413
f 3129 3128 1295
f 1295 1413 1515
f 1515 1283 3129
f 3129 1295 1515
f 1280 1524 1412
f 3130 3129 1283
f 1283 1412 1524
f 1524 1280 3130
f 3130 1283 1524
f 1273 1549 1411
f 3131 3130 1280
f 1280 1411 1549
f 1549 1273 3131
f 3131 1280 1549
f 1276 1572 1410
f 3132 3131 1273
f 1273 1410 1572
f 1572 1276 3132
f 3132 1273 1572
f 3133 3132 1276
f 1363 1575 1459
f 3134 3135 1362
f 1362 1459 1575
f 1575 1363 3134
f 3134 1362 1575
f 1364 1493 1460
f 3136 3134 1363
f 1363 1460 1493
f 1493 1364 3136
f 3136 1363 1493
f 1365 1506 1461
f 3137 3136 1364
f 1364 1461 1506
f 1506 1365 3137
f 3137 1364 1506
f 1366 1534 1462
f 3138 3137 1365
f 1365 1462 1534
f 1534 1366 3138
f 3138 1365 1534
f 1367 1544 1463
f 3139 3138 1366
f 1366 1463 1544
f 1544 1367 3139
f 3139 1366 1544
f 1368 1566 1464
f 3140 3139 1367
f 1367 1464 1566
f 1566 1368 3140
f 3140 1367 1566
f 1370 1508 1466
f 3141 3140 1368
f 1368 1466 1508
f 1508 1370 3141
f 3141 1368 1508
f 1371 1501 1467
f 3142 3141 1370
f 1370 1467 1501
f 1501 1371 3142
f 3142 1370 1501
f 1371 3143 3142
f 1371 1372 3144
f 1371 3144 3143
f 1469 1373 1495
f 3145 3144 1372
f 1372 1469 1495
f 1495 1373 3145
f 3145 1372 1495
f 1470 1374 1558
f 3146 3145 1373
f 1373 1470 1558
f 1558 1374 3146
f 3146 1373 1558
f 3147 3146 1374
f 1375 3148 3147
f 1375 3147 1374
f 1471 1376 1497
f 3149 3148 1375
f 1375 1471 1497
f 1497 1376 3149
f 3149 1375 1497
f 3150 3149 1376
f 1377 3151 3150
f 1377 3150 1376
f 1472 1378 1503
f 3152 3151 1377
f 1377 1472 1503
f 1503 1378 3152
f 3152 1377 1503
f 1473 1394 1550
f 3153 3152 1378
f 1378 1473 1550
f 1550 1394 3153
f 3153 1378 1550
f 1476 1395 1520
f 3154 3153 1394
f 1394 1476 1520
f 1520 1395 3154
f 3154 1394 1520
f 1477 1396 1556
f 3155 3154 1395
f 1395 1477 1556
f 1556 1396 3155
f 3155 1395 1556
f 1480 1397 1571
f 3156 3155 1396
f 1396 1480 1571
f 1571 1397 3156
f 3156 1396 1571
f 1481 1391 1576
f 3157 3156 1397
f 1397 1481 1576
f 1576 1391 3157
f 3157 1397 1576
f 1484 1392 1552
f 3158 3157 1391
f 1391 1484 1552
f 1552 1392 3158
f 3158 1391 1552
f 1485 1393 1496
f 3159 3158 1392
f 1392 1485 1496
f 1496 1393 3159
f 3159 1392 1496
f 1488 1389 1513
f 3160 3159 1393
f 1393 1488 1513
f 1513 1389 3160
f 3160 1393 1513
f 1491 1390 1518
f 3161 3160 1389
f 1389 1491 1518
f 1518 1390 3161
f 3161 1389 1518
f 1492 1388 1529
f 3162 3161 1390
f 1390 1492 1529
f 1529 1388 3162
f 3162 1390 1529
f 1490 1387 1505
f 3163 3162 1388
f 1388 1490 1505
f 1505 1387 3163
f 3163 1388 1505
f 1489 1386 1498
f 3164 3163 1387
f 1387 1489 1498
f 1498 1386 3164
f 3164 1387 1498
f 1487 1385 1545
f 3165 3164 1386
f 1386 1487 1545
f 1545 1385 3165
f 3165 1386 1545
f 1486 1384 1514
f 3166 3165 1385
f 1385 1486 1514
f 1514 1384 3166
f 3166 1385 1514
f 1483 1383 1570
f 3167 3166 1384
f 1384 1483 1570
f 1570 1383 3167
f 3167 1384 1570
f 1482 1382 1540
f 3168 3167 1383
f 1383 1482 1540
f 1540 1382 3168
f 3168 1383 1540
f 1479 1381 1553
f 3169 3168 1382
f 1382 1479 1553
f 1553 1381 3169
f 3169 1382 1553
f 1478 1380 1542
f 3170 3169 1381
f 1381 1478 1542
f 1542 1380 3170
f 3170 1381 1542
f 1475 1398 1500
f 3171 3170 1380
f 1380 1475 1500
f 1500 1398 3171
f 3171 1380 1500
f 1474 1379 1567
f 3172 3171 1398
f 1398 1474 1567
f 1567 1379 3119
f 3120 3172 1398
f 1567 3119 3120
f 1398 1567 3120
f 5024 5025 1523
f 4977 5024 1523
f 1523 5025 5026
f 5026 3119 1379
f 1379 4977 1523
f 1523 5026 1379
f 1468 1369 1521
f 5027 4975 1468
f 1521 1369 3121
f 5027 1468 1521
f 1521 3121 5027
f 1530 1465 4032
f 1530 4032 4033
f 3122 3121 1369
f 1369 1465 1530
f 1530 4033 4034
f 4034 3173 3122
f 3122 1369 1530
f 3122 1530 4034
f 1430 1332 1573
f 3174 4035 4031
f 4031 1430 1573
f 1573 1332 3114
f 3115 3174 4031
f 1573 3114 3115
f 4031 1573 3115
f 1431 4713 1499
f 4764 3114 1332
f 1332 1431 1499
f 1499 4713 4764
f 4764 1332 1499
f 1342 1509 1438
f 3116 4765 4715
f 4715 1438 1509
f 1509 1342 3116
f 4715 1509 3116
f 1361 1551 1439
f 3117 3116 1342
f 1342 1439 1551
f 1551 1361 3175
f 3175 3176 3117
f 3117 1342 1551
f 3117 1551 3175
f 1343 1562 1442
f 3177 3175 1361
f 1361 1442 1562
f 1562 1343 3177
f 3177 1361 1562
f 1346 1547 1443
f 3178 3177 1343
f 1343 1443 1547
f 1547 1346 3178
f 3178 1343 1547
f 1345 1533 1446
f 3179 3178 1346
f 1346 1446 1533
f 1533 1345 3179
f 3179 1346 1533
f 1344 1538 1447
f 3180 3179 1345
f 1345 1447 1538
f 1538 1344 3180
f 3180 1345 1538
f 1351 1504 1450
f 3181 3180 1344
f 1344 1450 1504
f 1504 1351 3181
f 3181 1344 1504
f 1350 1560 1451
f 3182 3181 1351
f 1351 1451 1560
f 1560 1350 3182
f 3182 1351 1560
f 1349 1564 1454
f 3183 3182 1350
f 1350 1454 1564
f 1564 1349 3183
f 3183 1350 1564
f 1348 1561 1457
f 3184 3183 1349
f 1349 1457 1561
f 1561 1348 3184
f 3184 1349 1561
f 1347 1559 1458
f 3185 3184 1348
f 1348 1458 1559
f 1559 1347 3185
f 3185 1348 1559
f 1353 1539 1456
f 3186 3185 1347
f 1347 1456 1539
f 1539 1353 3186
f 3186 1347 1539
f 1352 1541 1455
f 3187 3186 1353
f 1353 1455 1541
f 1541 1352 3187
f 3187 1353 1541
f 1354 1494 1453
f 3188 3187 1352
f 1352 1453 1494
f 1494 1354 3188
f 3188 1352 1494
f 1355 1537 1452
f 3189 3188 1354
f 1354 1452 1537
f 1537 1355 3189
f 3189 1354 1537
f 1358 1526 1449
f 3190 3189 1355
f 1355 1449 1526
f 1526 1358 3190
f 3190 1355 1526
f 1359 1519 1448
f 3191 3190 1358
f 1358 1448 1519
f 1519 1359 3191
f 3191 1358 1519
f 1360 1557 1445
f 3192 3191 1359
f 1359 1445 1557
f 1557 1360 3192
f 3192 1359 1557
f 1357 1563 1444
f 3193 3192 1360
f 1360 1444 1563
f 1563 1357 3193
f 3193 1360 1563
f 1356 1546 1441
f 3194 3193 1357
f 1357 1441 1546
f 1546 1356 3194
f 3194 1357 1546
f 1341 1527 1440
f 3195 3194 1356
f 1356 1440 1527
f 1527 1341 3195
f 3195 1356 1527
f 1340 1531 1437
f 3196 3195 1341
f 1341 1437 1531
f 1531 1340 3196
f 3196 1341 1531
f 1340 3197 3196
f 1340 1339 3198
f 1340 3198 3197
f 1338 1516 1436
f 3199 3198 1339
f 1339 1436 1516
f 1516 1338 3199
f 3199 1339 1516
f 1337 1525 1435
f 3200 3199 1338
f 1338 1435 1525
f 1525 1337 3200
f 3200 1338 1525
f 1336 1517 1434
f 3201 3200 1337
f 1337 1434 1517
f 1517 1336 3201
f 3201 1337 1517
f 1335 1522 1433
f 3202 3201 1336
f 1336 1433 1522
f 1522 1335 3202
f 3202 1336 1522
f 1335 3203 3202
f 1335 1334 3204
f 1335 3204 3203
f 1333 1543 1432
f 3205 3204 1334
f 1334 1432 1543
f 1543 1333 3205
f 3205 1334 1543
f 1331 1554 1429
f 3206 3205 1333
f 1333 1429 1554
f 1554 1331 3206
f 3206 1333 1554
f 1330 1565 1428
f 3207 3206 1331
f 1331 1428 1565
f 1565 1330 3207
f 3207 1331 1565
f 1329 1535 1427
f 3208 3207 1330
f 1330 1427 1535
f 1535 1329 3208
f 3208 1330 1535
f 1328 1510 1426
f 3209 3208 1329
f 1329 1426 1510
f 1510 1328 3209
f 3209 1329 1510
f 1327 1532 1425
f 3210 3209 1328
f 1328 1425 1532
f 1532 1327 3210
f 3210 1328 1532
f 1325 1548 1424
f 3211 3210 1327
f 1327 1424 1548
f 1548 1325 3211
f 3211 1327 1548
f 1322 1569 1423
f 3212 3211 1325
f 1325 1423 1569
f 1569 1322 3212
f 3212 1325 1569
f 1319 1502 1422
f 3213 3212 1322
f 1322 1422 1502
f 1502 1319 3213
f 3213 1322 1502
f 1315 1536 1421
f 3214 3213 1319
f 1319 1421 1536
f 1536 1315 3214
f 3214 1319 1536
f 1313 1512 1420
f 3215 3214 1315
f 1315 1420 1512
f 1512 1313 3215
f 3215 1315 1512
f 1309 1528 1419
f 3216 3215 1313
f 1313 1419 1528
f 1528 1309 3216
f 3216 1313 1528
f 1307 1568 1418
f 3217 3216 1309
f 1309 1418 1568
f 1568 1307 3217
f 3217 1309 1568
f 1304 1511 1417
f 3218 3217 1307
f 1307 1417 1511
f 1511 1304 3218
f 3218 1307 1511
f 1301 1574 1416
f 3127 3218 1304
f 1304 1416 1574
f 1574 1301 3127
f 3127 1304 1574
f 1142 3106 3097
f 3097 3104 3105
f 1142 3097 3105
f 541 4038 4036
f 541 4036 716
f 595 541 716
f 595 716 713
f 638 595 713
f 638 713 709
f 661 638 709
f 706 3220 929
f 661 709 706
f 669 661 706
f 706 929 927
f 706 927 924
f 697 669 706
f 703 697 706
f 706 924 922
f 706 922 919
f 723 703 706
f 737 723 706
f 706 919 917
f 737 706 917
f 759 737 917
f 759 917 915
f 766 759 915
f 766 915 912
f 781 766 912
f 781 912 909
f 787 781 909
f 787 909 905
f 805 787 905
f 805 905 903
f 820 805 903
f 820 903 900
f 830 820 900
f 830 900 897
f 839 830 897
f 839 897 894
f 847 839 894
f 847 894 891
f 859 847 891
f 887 3118 3109
f 859 891 887
f 868 859 887
f 887 3109 966
f 887 966 958
f 876 868 887
f 886 876 887
f 887 958 952
f 887 952 945
f 892 886 887
f 896 892 887
f 887 945 939
f 887 939 934
f 906 896 887
f 913 906 887
f 887 934 928
f 887 928 923
f 916 913 887
f 887 923 916
f 4073 4039 1176
f 4073 1176 1173
f 4073 1173 1170
f 4073 1170 1167
f 1145 3105 3104
f 3104 3097 1405
f 1407 3110 992
f 1407 992 989
f 1149 1145 3104
f 1151 1149 3104
f 1407 989 984
f 1407 984 980
f 1154 1151 3104
f 1158 1154 3104
f 1407 980 973
f 1407 973 967
f 1161 1158 3104
f 1163 1161 3104
f 1407 967 963
f 1407 963 960
f 1167 1163 3104
f 4073 1167 3104
f 1407 960 954
f 1407 954 949
f 4073 3104 1405
f 4072 4073 1405
f 1407 949 946
f 942 4074 4057
f 1407 946 942
f 4070 4072 1405
f 4071 4070 1405
f 1407 942 4057
f 1407 4057 4058
f 4069 4071 1405
f 4068 4069 1405
f 1407 4058 4059
f 1407 4059 4055
f 4066 4068 1405
f 4067 4066 1405
f 1407 4055 4056
f 1407 4056 4060
f 4065 4067 1405
f 4064 4065 1405
f 1407 4060 4052
f 1407 4052 4053
f 4063 4064 1405
f 4062 4063 1405
f 1407 4053 4054
f 1407 4054 4050
f 4047 4062 1405
f 4045 4047 1405
f 1407 4050 4051
f 1407 4051 4061
f 4043 4045 1405
f 4044 4043 1405
f 1407 4061 4046
f 1407 4046 4048
f 4040 4044 1405
f 4041 4040 1405
f 1407 4048 4049
f 1407 4049 4042
f 4041 1405 1407
f 1407 4042 4041
f 799 3219 762
f 799 762 758
f 803 799 758
f 803 758 755
f 807 803 755
f 753 4037 4075
f 807 755 753
f 811 807 753
f 753 4075 911
f 753 911 908
f 813 811 753
f 816 813 753
f 753 908 902
f 753 902 898
f 819 816 753
f 823 819 753
f 753 898 893
f 753 893 889
f 826 823 753
f 826 753 889
f 826 889 885
f 829 826 885
f 829 885 880
f 832 829 880
f 832 880 877
f 834 832 877
f 834 877 869
f 838 834 869
f 838 869 864
f 841 838 864
f 841 864 855
f 843 841 855
f 843 855 851
f 3112 3123 846
f 846 843 851
f 846 851 842
f 643 3112 846
f 656 643 846
f 846 842 835
f 846 835 828
f 674 656 846
f 686 674 846
f 846 828 821
f 846 821 815
f 692 686 846
f 711 692 846
f 846 815 808
f 846 808 801
f 721 711 846
f 728 721 846
f 846 801 792
f 846 792 779
f 740 728 846
f 745 740 846
f 846 779 774
f 846 774 764
f 754 745 846
f 764 754 846
f 1408 3113 1061
f 1408 1061 1059
f 1049 3111 1408
f 1053 1049 1408
f 1408 1059 1056
f 1408 1056 1053
f 1406 3107 1084
f 1406 1084 1078
f 1066 3108 1406
f 1069 1066 1406
f 1406 1078 1073
f 1406 1073 1069
f 3135 3133 1276
f 1409 1362 3135
f 1276 1409 3135
f 961 1160 3103
f 961 3103 3098
f 972 925 3098
f 972 3098 3103
f 1667 1146 1633
f 1633 1631 1045
f 1667 1633 1045
f 1630 988 993
f 1630 993 1013
f 1140 957 996
f 1140 996 1632
f 1670 1667 1045
f 1071 1055 1635
f 1670 1045 1071
f 1635 1647 1670
f 1071 1635 1670
f 991 1637 1108
f 1122 1013 993
f 991 1108 1122
f 1122 993 991
f 1639 1641 1669
f 1639 1669 1677
f 1642 1003 1678
f 1672 1671 1645
f 1672 1645 1644
f 1677 1669 1192
f 1192 1200 1640
f 1640 1639 1677
f 1677 1192 1640
f 1670 1647 1640
f 1200 1146 1667
f 1670 1640 1200
f 1670 1200 1667
f 1678 1003 957
f 957 1140 1162
f 1162 1168 1646
f 1646 1645 1671
f 1672 1644 1642
f 1162 1646 1671
f 1672 1642 1678
f 1162 1671 1672
f 1678 957 1162
f 1678 1162 1672
f 1254 1587 991
f 993 988 925
f 1254 991 993
f 925 972 1254
f 1254 993 925
f 1219 1160 961
f 961 996 957
f 957 1003 1578
f 1219 961 957
f 1219 957 1578
f 988 1594 1593
f 988 1593 925
f 996 961 1598
f 996 1598 1599
f 988 1630 1594
f 1632 996 1599
f 3098 925 1593
f 3098 1593 1596
f 1598 961 3098
f 1597 1598 3098
f 1597 3098 1596
f 1631 1633 1600
f 1600 1597 1596
f 1595 1631 1600
f 1596 1595 1600
f 1582 1581 1580
f 1579 1577 1578
f 1583 1582 1580
f 1579 1578 1003
f 1584 1583 1580
f 1580 1579 1003
f 1580 1003 1642
f 1584 1580 1642
f 1585 1584 1642
f 1587 1586 1585
f 1637 991 1587
f 1634 1637 1587
f 1587 1585 1642
f 1636 1634 1587
f 1647 1635 1636
f 1640 1647 1636
f 1645 1646 1643
f 1638 1641 1639
f 1644 1645 1643
f 1638 1639 1640
f 1642 1644 1643
f 1638 1640 1636
f 1587 1642 1643
f 1638 1636 1587
f 1643 1638 1587
f 1779 1777 1596
f 1593 1778 1779
f 1779 1596 1593
f 1781 1778 1593
f 1596 1777 1780
f 1596 1780 1782
f 1781 1593 904
f 1783 1781 904
f 935 1596 1782
f 1784 1783 904
f 935 1782 1784
f 904 935 1784
f 1750 1776 1594
f 1595 1775 1753
f 1595 1753 1751
f 1752 1750 1594
f 1760 1752 1594
f 1595 1751 1761
f 1595 1761 1755
f 1754 1760 1594
f 1758 1754 1594
f 1595 1755 1759
f 1595 1759 1757
f 1758 1594 1595
f 1756 1758 1595
f 1595 1757 1774
f 1595 1774 1765
f 1772 1756 1595
f 1764 1772 1595
f 1595 1765 1763
f 1595 1763 1771
f 1762 1764 1595
f 1773 1762 1595
f 1595 1771 1767
f 1595 1767 1770
f 1766 1773 1595
f 1769 1766 1595
f 1595 1770 1768
f 1595 1768 1769
f 1746 1775 1595
f 1594 1776 1722
f 1594 1722 1721
f 1747 1746 1595
f 1744 1747 1595
f 969 1594 1721
f 969 1721 1723
f 1744 1595 978
f 1745 1744 978
f 969 1723 1720
f 969 1720 1719
f 1743 1745 978
f 1748 1743 978
f 969 1719 1724
f 969 1724 1717
f 1740 1748 978
f 1741 1740 978
f 969 1717 1716
f 969 1716 1718
f 1742 1741 978
f 1738 1742 978
f 969 1718 1715
f 969 1715 1714
f 1739 1738 978
f 1749 1739 978
f 969 1714 1725
f 969 1725 1711
f 1735 1749 978
f 1736 1735 978
f 969 1711 1710
f 969 1710 1712
f 1734 1736 978
f 1737 1734 978
f 969 1712 1709
f 969 1709 1708
f 1733 1737 978
f 1732 1733 978
f 969 1708 1713
f 969 1713 1706
f 1731 1732 978
f 1728 1731 978
f 969 1706 1705
f 969 1705 1707
f 1729 1728 978
f 1730 1729 978
f 969 1707 1704
f 969 1704 1703
f 1727 1730 978
f 1726 1727 978
f 969 1703 1702
f 969 1702 1698
f 1699 1726 978
f 1697 1699 978
f 969 1698 1696
f 969 1696 1700
f 1697 978 969
f 1701 1697 969
f 969 1700 1694
f 969 1694 1692
f 1695 1701 969
f 1693 1695 969
f 969 1692 1690
f 969 1690 1688
f 1691 1693 969
f 1689 1691 969
f 969 1688 1686
f 969 1686 1682
f 1687 1689 969
f 1685 1687 969
f 969 1682 1683
f 969 1683 1681
f 1684 1685 969
f 969 1681 1684
f 1594 969 904
f 1594 904 1593
f 935 978 1595
f 935 1595 1596
f 904 969 978
f 904 978 935
f 1979 1977 1598
f 1597 1978 1979
f 1979 1598 1597
f 1981 1978 1597
f 1598 1977 1980
f 1598 1980 1982
f 1981 1597 17
f 1983 1981 17
f 926 1598 1982
f 1984 1983 17
f 926 1982 1984
f 17 926 1984
f 1950 1976 1600
f 1599 1975 1953
f 1599 1953 1951
f 1952 1950 1600
f 1960 1952 1600
f 1599 1951 1961
f 1599 1961 1955
f 1954 1960 1600
f 1958 1954 1600
f 1599 1955 1959
f 1599 1959 1957
f 1958 1600 1599
f 1956 1958 1599
f 1599 1957 1974
f 1599 1974 1965
f 1972 1956 1599
f 1964 1972 1599
f 1599 1965 1963
f 1599 1963 1971
f 1962 1964 1599
f 1973 1962 1599
f 1599 1971 1967
f 1599 1967 1970
f 1966 1973 1599
f 1969 1966 1599
f 1599 1970 1968
f 1599 1968 1969
f 1946 1975 1599
f 1600 1976 1922
f 1600 1922 1921
f 1947 1946 1599
f 1944 1947 1599
f 951 1600 1921
f 951 1921 1923
f 1944 1599 965
f 1945 1944 965
f 951 1923 1920
f 951 1920 1919
f 1943 1945 965
f 1948 1943 965
f 951 1919 1924
f 951 1924 1917
f 1940 1948 965
f 1941 1940 965
f 951 1917 1916
f 951 1916 1918
f 1942 1941 965
f 1938 1942 965
f 951 1918 1915
f 951 1915 1914
f 1939 1938 965
f 1949 1939 965
f 951 1914 1925
f 951 1925 1911
f 1935 1949 965
f 1936 1935 965
f 951 1911 1910
f 951 1910 1912
f 1934 1936 965
f 1937 1934 965
f 951 1912 1909
f 951 1909 1908
f 1933 1937 965
f 1932 1933 965
f 951 1908 1913
f 951 1913 1906
f 1931 1932 965
f 1928 1931 965
f 951 1906 1905
f 951 1905 1907
f 1929 1928 965
f 1930 1929 965
f 951 1907 1904
f 951 1904 1903
f 1927 1930 965
f 1926 1927 965
f 951 1903 1902
f 951 1902 1898
f 1899 1926 965
f 1897 1899 965
f 951 1898 1896
f 951 1896 1900
f 1897 965 951
f 1901 1897 951
f 951 1900 1894
f 951 1894 1892
f 1895 1901 951
f 1893 1895 951
f 951 1892 1890
f 951 1890 1888
f 1891 1893 951
f 1889 1891 951
f 951 1888 1886
f 951 1886 1882
f 1887 1889 951
f 1885 1887 951
f 951 1882 1883
f 951 1883 1881
f 1884 1885 951
f 951 1881 1884
f 1600 951 17
f 1600 17 1597
f 926 965 1599
f 926 1599 1598
f 17 951 965
f 17 965 926
f 918 882 1261
f 918 1261 1265
f 1665 943 997
f 1665 997 1258
f 1225 1000 932
f 1225 932 1662
f 1668 1210 1663
f 1663 1664 1263
f 1668 1663 1263
f 1676 930 1000
f 1000 1225 1256
f 1256 1252 1654
f 1654 1651 1679
f 1680 1650 1648
f 1256 1654 1679
f 1680 1648 1676
f 1256 1679 1680
f 1676 1000 1256
f 1676 1256 1680
f 1673 1655 1652
f 1652 1239 1227
f 1227 1674 1673
f 1673 1652 1227
f 938 1660 1278
f 1271 1258 997
f 938 1278 1271
f 1271 997 938
f 1675 1668 1263
f 1290 1289 1657
f 1675 1263 1290
f 1657 1658 1675
f 1290 1657 1675
f 1675 1658 1655
f 1655 1673 1674
f 1227 1210 1668
f 1675 1655 1674
f 1227 1668 1675
f 1675 1674 1227
f 1651 1650 1680
f 1651 1680 1679
f 1648 930 1676
f 1268 1261 882
f 882 932 1000
f 1000 930 1611
f 1268 882 1000
f 1268 1000 1611
f 1267 1602 938
f 997 943 918
f 1267 938 997
f 918 1265 1267
f 1267 997 918
f 1651 1654 1649
f 1653 1652 1655
f 1650 1651 1649
f 1653 1655 1658
f 1648 1650 1649
f 1653 1658 1657
f 930 1648 1649
f 1653 1657 1656
f 1611 930 1649
f 1611 1649 1653
f 1609 1610 1611
f 1606 1607 1608
f 1609 1611 1653
f 1605 1606 1608
f 1608 1609 1653
f 1608 1653 1656
f 1604 1605 1608
f 1602 1601 1603
f 1604 1608 1656
f 938 1602 1603
f 1603 1604 1656
f 1659 1660 938
f 1603 1656 1659
f 1659 938 1603
f 1623 932 882
f 1623 882 1622
f 918 943 1628
f 918 1628 1627
f 1628 943 1665
f 932 1623 1662
f 1625 1622 882
f 882 918 1627
f 882 1627 1626
f 1625 882 1626
f 1629 1664 1663
f 1625 1626 1629
f 1629 1663 1624
f 1625 1629 1624
f 2181 2179 1622
f 1625 2180 2181
f 2181 1622 1625
f 2183 2180 1625
f 1622 2179 2182
f 1622 2182 2184
f 2183 1625 883
f 2185 2183 883
f 518 1622 2184
f 2186 2185 883
f 518 2184 2186
f 883 518 2186
f 2082 2081 1666
f 1666 1623 910
f 1624 2131 2130
f 1624 2130 2132
f 2084 2082 1666
f 2083 2084 1666
f 920 1624 2132
f 920 2132 2133
f 2151 2083 1666
f 2150 2151 1666
f 920 2133 2134
f 920 2134 2137
f 2152 2150 1666
f 2153 2152 1666
f 920 2137 2138
f 920 2138 2139
f 2086 2153 1666
f 2085 2086 1666
f 920 2139 2136
f 920 2136 2135
f 2085 1666 910
f 2087 2085 910
f 920 2135 2149
f 920 2149 2148
f 2088 2087 910
f 2089 2088 910
f 920 2148 2147
f 920 2147 2146
f 2090 2089 910
f 2091 2090 910
f 920 2146 2145
f 920 2145 2144
f 2094 2091 910
f 2092 2094 910
f 920 2144 2143
f 920 2143 2142
f 2093 2092 910
f 2095 2093 910
f 920 2142 2141
f 920 2141 2140
f 2096 2095 910
f 2097 2096 910
f 920 2140 2158
f 920 2158 2157
f 2100 2097 910
f 2098 2100 910
f 920 2157 2156
f 920 2156 2155
f 2099 2098 910
f 2106 2099 910
f 920 2155 2154
f 920 2154 2110
f 2101 2106 910
f 2102 2101 910
f 920 2110 2116
f 920 2116 2111
f 2105 2102 910
f 2103 2105 910
f 910 920 2111
f 910 2111 2114
f 2104 2103 910
f 2129 2104 910
f 910 2114 2128
f 910 2128 2117
f 2107 2129 910
f 2109 2107 910
f 910 2117 2120
f 910 2120 2127
f 2108 2109 910
f 2115 2108 910
f 910 2127 2121
f 910 2121 2123
f 2113 2115 910
f 2112 2113 910
f 910 2123 2122
f 910 2122 2125
f 2126 2112 910
f 2119 2126 910
f 910 2125 2124
f 2118 2119 910
f 910 2124 2118
f 2172 2131 1624
f 1624 1666 2081
f 1624 2081 2170
f 2171 2172 1624
f 2175 2171 1624
f 1624 2170 2166
f 1624 2166 2165
f 2174 2175 1624
f 2173 2174 1624
f 1624 2165 2164
f 1624 2164 2160
f 2178 2173 1624
f 2177 2178 1624
f 1624 2160 2161
f 1624 2161 2159
f 2176 2177 1624
f 2169 2176 1624
f 1624 2159 2162
f 1624 2162 2163
f 2168 2169 1624
f 1624 2163 2167
f 1624 2167 2168
f 518 910 1623
f 518 1623 1622
f 1624 920 883
f 1624 883 1625
f 518 883 920
f 518 920 910
f 2383 2381 1626
f 1627 2382 2383
f 2383 1626 1627
f 2385 2382 1627
f 1626 2381 2384
f 1626 2384 2386
f 2385 1627 860
f 2387 2385 860
f 700 1626 2386
f 2388 2387 860
f 700 2386 2388
f 860 700 2388
f 2284 2283 1661
f 1661 1629 895
f 1628 2333 2332
f 1628 2332 2334
f 2286 2284 1661
f 2285 2286 1661
f 907 1628 2334
f 907 2334 2335
f 2353 2285 1661
f 2352 2353 1661
f 907 2335 2336
f 907 2336 2339
f 2354 2352 1661
f 2355 2354 1661
f 907 2339 2340
f 907 2340 2341
f 2288 2355 1661
f 2287 2288 1661
f 907 2341 2338
f 907 2338 2337
f 2287 1661 895
f 2289 2287 895
f 907 2337 2351
f 907 2351 2350
f 2290 2289 895
f 2291 2290 895
f 907 2350 2349
f 907 2349 2348
f 2292 2291 895
f 2293 2292 895
f 907 2348 2347
f 907 2347 2346
f 2296 2293 895
f 2294 2296 895
f 907 2346 2345
f 907 2345 2344
f 2295 2294 895
f 2297 2295 895
f 907 2344 2343
f 907 2343 2342
f 2298 2297 895
f 2299 2298 895
f 907 2342 2360
f 907 2360 2359
f 2302 2299 895
f 2300 2302 895
f 907 2359 2358
f 907 2358 2357
f 2301 2300 895
f 2308 2301 895
f 907 2357 2356
f 907 2356 2312
f 2303 2308 895
f 2304 2303 895
f 907 2312 2318
f 907 2318 2313
f 2307 2304 895
f 2305 2307 895
f 895 907 2313
f 895 2313 2316
f 2306 2305 895
f 2331 2306 895
f 895 2316 2330
f 895 2330 2319
f 2309 2331 895
f 2311 2309 895
f 895 2319 2322
f 895 2322 2329
f 2310 2311 895
f 2317 2310 895
f 895 2329 2323
f 895 2323 2325
f 2315 2317 895
f 2314 2315 895
f 895 2325 2324
f 895 2324 2327
f 2328 2314 895
f 2321 2328 895
f 895 2327 2326
f 2320 2321 895
f 895 2326 2320
f 2374 2333 1628
f 1628 1661 2283
f 1628 2283 2372
f 2373 2374 1628
f 2377 2373 1628
f 1628 2372 2368
f 1628 2368 2367
f 2376 2377 1628
f 2375 2376 1628
f 1628 2367 2366
f 1628 2366 2362
f 2380 2375 1628
f 2379 2380 1628
f 1628 2362 2363
f 1628 2363 2361
f 2378 2379 1628
f 2371 2378 1628
f 1628 2361 2364
f 1628 2364 2365
f 2370 2371 1628
f 1628 2365 2369
f 1628 2369 2370
f 1626 700 895
f 1626 895 1629
f 1628 907 860
f 1628 860 1627
f 700 860 907
f 700 907 895
f 1168 1183 1643
f 1168 1643 1646
f 1659 1281 1278
f 1659 1278 1660
f 1183 1185 1638
f 1183 1638 1643
f 1656 1285 1281
f 1656 1281 1659
f 1669 1641 1638
f 1638 1185 1192
f 1669 1638 1192
f 1657 1289 1285
f 1657 1285 1656
f 1635 1055 1086
f 1635 1086 1636
f 1652 1653 1242
f 1652 1242 1239
f 1086 1101 1634
f 1086 1634 1636
f 1649 1250 1242
f 1649 1242 1653
f 1101 1108 1637
f 1101 1637 1634
f 1250 1649 1654
f 1250 1654 1252
f 940 975 1595
f 940 1595 1594
f 1013 1122 940
f 940 1594 1630
f 1013 940 1630
f 1045 1631 1595
f 1595 975 1071
f 1595 1071 1045
f 1086 1055 1071
f 1071 975 940
f 940 1122 1108
f 940 1108 1101
f 1086 1071 940
f 1086 940 1101
f 921 948 1599
f 921 1599 1600
f 1146 1200 921
f 921 1600 1633
f 1146 921 1633
f 1632 1599 948
f 948 1162 1140
f 948 1140 1632
f 1183 1168 1162
f 948 921 1200
f 1200 1192 1185
f 1183 1162 948
f 948 1200 1185
f 1183 948 1185
f 1666 1624 901
f 901 712 1623
f 1666 901 1623
f 1225 1662 1623
f 1623 712 1256
f 1623 1256 1225
f 1210 1227 901
f 901 1624 1663
f 1210 901 1663
f 1250 1252 1256
f 712 901 1227
f 1227 1239 1242
f 1250 1256 712
f 712 1227 1242
f 1250 712 1242
f 1661 1628 833
f 833 178 1629
f 1661 833 1629
f 1664 1629 178
f 178 1290 1263
f 178 1263 1664
f 1258 1271 833
f 833 1628 1665
f 1258 833 1665
f 1289 1290 178
f 833 1271 1278
f 833 1278 1281
f 1285 1289 178
f 833 1281 1285
f 178 833 1285
f 1785 1768 1770
f 1785 1770 1786
f 1786 1770 1767
f 1786 1767 1787
f 1787 1767 1771
f 1787 1771 1788
f 1788 1771 1763
f 1788 1763 1789
f 1789 1763 1765
f 1789 1765 1790
f 1790 1765 1774
f 1790 1774 1791
f 1791 1774 1757
f 1791 1757 1792
f 1792 1757 1759
f 1792 1759 1793
f 1793 1759 1755
f 1793 1755 1794
f 1794 1755 1761
f 1794 1761 1795
f 1795 1761 1751
f 1795 1751 1796
f 1796 1751 1753
f 1796 1753 1797
f 1797 1753 1775
f 1797 1775 1798
f 1798 1775 1746
f 1798 1746 1799
f 1799 1746 1747
f 1799 1747 1800
f 1800 1747 1744
f 1800 1744 1801
f 1801 1744 1745
f 1801 1745 1802
f 1802 1745 1743
f 1802 1743 1803
f 1803 1743 1748
f 1803 1748 1804
f 1804 1748 1740
f 1804 1740 1805
f 1805 1740 1741
f 1805 1741 1806
f 1806 1741 1742
f 1806 1742 1807
f 1807 1742 1738
f 1807 1738 1808
f 1808 1738 1739
f 1808 1739 1809
f 1809 1739 1749
f 1809 1749 1810
f 1810 1749 1735
f 1810 1735 1811
f 1811 1735 1736
f 1811 1736 1812
f 1812 1736 1734
f 1812 1734 1813
f 1813 1734 1737
f 1813 1737 1814
f 1814 1737 1733
f 1814 1733 1815
f 1815 1733 1732
f 1815 1732 1816
f 1816 1732 1731
f 1816 1731 1817
f 1817 1731 1728
f 1817 1728 1818
f 1818 1728 1729
f 1818 1729 1819
f 1819 1729 1730
f 1819 1730 1820
f 1820 1730 1727
f 1820 1727 1821
f 1821 1727 1726
f 1821 1726 1822
f 1822 1726 1699
f 1822 1699 1823
f 1823 1699 1697
f 1823 1697 1824
f 1824 1697 1701
f 1824 1701 1825
f 1825 1701 1695
f 1825 1695 1826
f 1826 1695 1693
f 1826 1693 1827
f 1827 1693 1691
f 1827 1691 1828
f 1828 1691 1689
f 1828 1689 1829
f 1829 1689 1687
f 1829 1687 1830
f 1830 1687 1685
f 1830 1685 1831
f 1831 1685 1684
f 1831 1684 1832
f 1832 1684 1681
f 1832 1681 1833
f 1833 1681 1683
f 1833 1683 1834
f 1834 1683 1682
f 1834 1682 1835
f 1835 1682 1686
f 1835 1686 1836
f 1836 1686 1688
f 1836 1688 1837
f 1837 1688 1690
f 1837 1690 1838
f 1838 1690 1692
f 1838 1692 1839
f 1839 1692 1694
f 1839 1694 1840
f 1840 1694 1700
f 1840 1700 1841
f 1841 1700 1696
f 1841 1696 1842
f 1842 1696 1698
f 1842 1698 1843
f 1843 1698 1702
f 1843 1702 1844
f 1844 1702 1703
f 1844 1703 1845
f 1845 1703 1704
f 1845 1704 1846
f 1704 1707 1847
f 1704 1847 1846
f 1847 1707 1705
f 1847 1705 1848
f 1848 1705 1706
f 1848 1706 1849
f 1849 1706 1713
f 1849 1713 1850
f 1850 1713 1708
f 1850 1708 1851
f 1851 1708 1709
f 1851 1709 1852
f 1852 1709 1712
f 1852 1712 1853
f 1853 1712 1710
f 1853 1710 1854
f 1854 1710 1711
f 1854 1711 1855
f 1855 1711 1725
f 1855 1725 1856
f 1856 1725 1714
f 1856 1714 1857
f 1857 1714 1715
f 1857 1715 1858
f 1858 1715 1718
f 1858 1718 1859
f 1859 1718 1716
f 1859 1716 1860
f 1860 1716 1717
f 1860 1717 1861
f 1861 1717 1724
f 1861 1724 1862
f 1862 1724 1719
f 1862 1719 1863
f 1863 1719 1720
f 1863 1720 1864
f 1864 1720 1723
f 1864 1723 1865
f 1865 1723 1721
f 1865 1721 1866
f 1866 1721 1722
f 1866 1722 1867
f 1867 1722 1776
f 1867 1776 1868
f 1868 1776 1750
f 1868 1750 1869
f 1869 1750 1752
f 1869 1752 1870
f 1870 1752 1760
f 1870 1760 1871
f 1871 1760 1754
f 1871 1754 1872
f 1872 1754 1758
f 1872 1758 1873
f 1873 1758 1756
f 1873 1756 1874
f 1874 1756 1772
f 1874 1772 1875
f 1875 1772 1764
f 1875 1764 1876
f 1876 1764 1762
f 1876 1762 1877
f 1877 1762 1773
f 1877 1773 1878
f 1773 1766 1879
f 1773 1879 1878
f 1879 1766 1769
f 1879 1769 1880
f 1880 1769 1768
f 1880 1768 1785
f 1848 1849 890
f 771 899 1865
f 771 1865 1866
f 1848 890 888
f 1847 1848 888
f 771 1866 1867
f 771 1867 1868
f 1846 1847 888
f 1845 1846 888
f 771 1868 1869
f 771 1869 1870
f 1844 1845 888
f 1843 1844 888
f 771 1870 1871
f 771 1871 1872
f 1842 1843 888
f 1841 1842 888
f 771 1872 1873
f 771 1873 1874
f 1840 1841 888
f 1839 1840 888
f 771 1874 1875
f 771 1875 1876
f 1838 1839 888
f 1837 1838 888
f 771 1876 1877
f 771 1877 1878
f 1836 1837 888
f 1835 1836 888
f 771 1878 1879
f 771 1879 1880
f 1834 1835 888
f 1833 1834 888
f 771 1880 1785
f 771 1785 1786
f 1833 888 872
f 1832 1833 872
f 844 771 1786
f 844 1786 1787
f 1831 1832 872
f 1830 1831 872
f 844 1787 1788
f 844 1788 1789
f 1829 1830 872
f 1828 1829 872
f 844 1789 1790
f 844 1790 1791
f 1827 1828 872
f 1826 1827 872
f 844 1791 1792
f 844 1792 1793
f 1825 1826 872
f 1824 1825 872
f 844 1793 1794
f 844 1794 1795
f 1823 1824 872
f 1822 1823 872
f 844 1795 1796
f 844 1796 1797
f 1821 1822 872
f 1820 1821 872
f 844 1797 1798
f 844 1798 1799
f 1819 1820 872
f 1818 1819 872
f 844 1799 1800
f 844 1800 1801
f 1817 1818 872
f 1816 1817 872
f 872 844 1801
f 872 1801 1802
f 1815 1816 872
f 1814 1815 872
f 872 1802 1803
f 872 1803 1804
f 1813 1814 872
f 1812 1813 872
f 872 1804 1805
f 872 1805 1806
f 1811 1812 872
f 1810 1811 872
f 872 1806 1807
f 872 1807 1808
f 1809 1810 872
f 872 1808 1809
f 1864 1865 899
f 899 890 1849
f 899 1849 1850
f 1863 1864 899
f 1862 1863 899
f 899 1850 1851
f 899 1851 1852
f 1861 1862 899
f 1860 1861 899
f 899 1852 1853
f 899 1853 1854
f 1859 1860 899
f 1858 1859 899
f 899 1854 1855
f 899 1855 1856
f 1857 1858 899
f 899 1856 1857
f 1777 1779 771
f 771 844 1780
f 1777 771 1780
f 1780 844 872
f 1780 872 1782
f 1782 872 888
f 1782 888 1784
f 1784 888 890
f 1784 890 1783
f 890 899 1781
f 890 1781 1783
f 1778 1781 899
f 899 771 1779
f 1778 899 1779
f 1985 1968 1970
f 1985 1970 1986
f 1986 1970 1967
f 1986 1967 1987
f 1987 1967 1971
f 1987 1971 1988
f 1988 1971 1963
f 1988 1963 1989
f 1989 1963 1965
f 1989 1965 1990
f 1990 1965 1974
f 1990 1974 1991
f 1991 1974 1957
f 1991 1957 1992
f 1992 1957 1959
f 1992 1959 1993
f 1993 1959 1955
f 1993 1955 1994
f 1994 1955 1961
f 1994 1961 1995
f 1995 1961 1951
f 1995 1951 1996
f 1996 1951 1953
f 1996 1953 1997
f 1997 1953 1975
f 1997 1975 1998
f 1998 1975 1946
f 1998 1946 1999
f 1999 1946 1947
f 1999 1947 2000
f 2000 1947 1944
f 2000 1944 2001
f 2001 1944 1945
f 2001 1945 2002
f 2002 1945 1943
f 2002 1943 2003
f 2003 1943 1948
f 2003 1948 2004
f 2004 1948 1940
f 2004 1940 2005
f 2005 1940 1941
f 2005 1941 2006
f 2006 1941 1942
f 2006 1942 2007
f 2007 1942 1938
f 2007 1938 2008
f 2008 1938 1939
f 2008 1939 2009
f 2009 1939 1949
f 2009 1949 2010
f 2010 1949 1935
f 2010 1935 2011
f 2011 1935 1936
f 2011 1936 2012
f 2012 1936 1934
f 2012 1934 2013
f 2013 1934 1937
f 2013 1937 2014
f 2014 1937 1933
f 2014 1933 2015
f 2015 1933 1932
f 2015 1932 2016
f 2016 1932 1931
f 2016 1931 2017
f 2017 1931 1928
f 2017 1928 2018
f 2018 1928 1929
f 2018 1929 2019
f 2019 1929 1930
f 2019 1930 2020
f 2020 1930 1927
f 2020 1927 2021
f 2021 1927 1926
f 2021 1926 2022
f 2022 1926 1899
f 2022 1899 2023
f 2023 1899 1897
f 2023 1897 2024
f 2024 1897 1901
f 2024 1901 2025
f 2025 1901 1895
f 2025 1895 2026
f 2026 1895 1893
f 2026 1893 2027
f 2027 1893 1891
f 2027 1891 2028
f 2028 1891 1889
f 2028 1889 2029
f 2029 1889 1887
f 2029 1887 2030
f 2030 1887 1885
f 2030 1885 2031
f 2031 1885 1884
f 2031 1884 2032
f 2032 1884 1881
f 2032 1881 2033
f 2033 1881 1883
f 2033 1883 2034
f 2034 1883 1882
f 2034 1882 2035
f 2035 1882 1886
f 2035 1886 2036
f 2036 1886 1888
f 2036 1888 2037
f 2037 1888 1890
f 2037 1890 2038
f 2038 1890 1892
f 2038 1892 2039
f 2039 1892 1894
f 2039 1894 2040
f 2040 1894 1900
f 2040 1900 2041
f 2041 1900 1896
f 2041 1896 2042
f 2042 1896 1898
f 2042 1898 2043
f 2043 1898 1902
f 2043 1902 2044
f 2044 1902 1903
f 2044 1903 2045
f 2045 1903 1904
f 2045 1904 2046
f 1904 1907 2047
f 1904 2047 2046
f 2047 1907 1905
f 2047 1905 2048
f 2048 1905 1906
f 2048 1906 2049
f 2049 1906 1913
f 2049 1913 2050
f 2050 1913 1908
f 2050 1908 2051
f 2051 1908 1909
f 2051 1909 2052
f 2052 1909 1912
f 2052 1912 2053
f 2053 1912 1910
f 2053 1910 2054
f 2054 1910 1911
f 2054 1911 2055
f 2055 1911 1925
f 2055 1925 2056
f 2056 1925 1914
f 2056 1914 2057
f 2057 1914 1915
f 2057 1915 2058
f 2058 1915 1918
f 2058 1918 2059
f 2059 1918 1916
f 2059 1916 2060
f 2060 1916 1917
f 2060 1917 2061
f 2061 1917 1924
f 2061 1924 2062
f 2062 1924 1919
f 2062 1919 2063
f 2063 1919 1920
f 2063 1920 2064
f 2064 1920 1923
f 2064 1923 2065
f 2065 1923 1921
f 2065 1921 2066
f 2066 1921 1922
f 2066 1922 2067
f 2067 1922 1976
f 2067 1976 2068
f 2068 1976 1950
f 2068 1950 2069
f 2069 1950 1952
f 2069 1952 2070
f 2070 1952 1960
f 2070 1960 2071
f 2071 1960 1954
f 2071 1954 2072
f 2072 1954 1958
f 2072 1958 2073
f 2073 1958 1956
f 2073 1956 2074
f 2074 1956 1972
f 2074 1972 2075
f 2075 1972 1964
f 2075 1964 2076
f 2076 1964 1962
f 2076 1962 2077
f 2077 1962 1973
f 2077 1973 2078
f 1973 1966 2079
f 1973 2079 2078
f 2079 1966 1969
f 2079 1969 2080
f 2080 1969 1968
f 2080 1968 1985
f 2048 2049 873
f 798 878 2065
f 798 2065 2066
f 2048 873 863
f 2047 2048 863
f 798 2066 2067
f 798 2067 2068
f 2046 2047 863
f 2045 2046 863
f 798 2068 2069
f 798 2069 2070
f 2044 2045 863
f 2043 2044 863
f 798 2070 2071
f 798 2071 2072
f 2042 2043 863
f 2041 2042 863
f 798 2072 2073
f 798 2073 2074
f 2040 2041 863
f 2039 2040 863
f 798 2074 2075
f 798 2075 2076
f 2038 2039 863
f 2037 2038 863
f 798 2076 2077
f 798 2077 2078
f 2036 2037 863
f 2035 2036 863
f 798 2078 2079
f 798 2079 2080
f 2034 2035 863
f 2033 2034 863
f 798 2080 1985
f 798 1985 1986
f 2033 863 850
f 2032 2033 850
f 824 798 1986
f 824 1986 1987
f 2031 2032 850
f 2030 2031 850
f 824 1987 1988
f 824 1988 1989
f 2029 2030 850
f 2028 2029 850
f 824 1989 1990
f 824 1990 1991
f 2027 2028 850
f 2026 2027 850
f 824 1991 1992
f 824 1992 1993
f 2025 2026 850
f 2024 2025 850
f 824 1993 1994
f 824 1994 1995
f 2023 2024 850
f 2022 2023 850
f 824 1995 1996
f 824 1996 1997
f 2021 2022 850
f 2020 2021 850
f 824 1997 1998
f 824 1998 1999
f 2019 2020 850
f 2018 2019 850
f 824 1999 2000
f 824 2000 2001
f 2017 2018 850
f 2016 2017 850
f 850 824 2001
f 850 2001 2002
f 2015 2016 850
f 2014 2015 850
f 850 2002 2003
f 850 2003 2004
f 2013 2014 850
f 2012 2013 850
f 850 2004 2005
f 850 2005 2006
f 2011 2012 850
f 2010 2011 850
f 850 2006 2007
f 850 2007 2008
f 2009 2010 850
f 850 2008 2009
f 2064 2065 878
f 878 873 2049
f 878 2049 2050
f 2063 2064 878
f 2062 2063 878
f 878 2050 2051
f 878 2051 2052
f 2061 2062 878
f 2060 2061 878
f 878 2052 2053
f 878 2053 2054
f 2059 2060 878
f 2058 2059 878
f 878 2054 2055
f 878 2055 2056
f 2057 2058 878
f 878 2056 2057
f 1977 1979 798
f 798 824 1980
f 1977 798 1980
f 1980 824 850
f 1980 850 1982
f 1982 850 863
f 1982 863 1984
f 1984 863 873
f 1984 873 1983
f 873 878 1981
f 873 1981 1983
f 1978 1981 878
f 878 798 1979
f 1978 878 1979
f 2187 2122 2123
f 2187 2123 2188
f 2188 2123 2121
f 2188 2121 2189
f 2189 2121 2127
f 2189 2127 2190
f 2190 2127 2120
f 2190 2120 2191
f 2191 2120 2117
f 2191 2117 2192
f 2192 2117 2128
f 2192 2128 2193
f 2193 2128 2114
f 2193 2114 2194
f 2194 2114 2111
f 2194 2111 2195
f 2195 2111 2116
f 2195 2116 2196
f 2196 2116 2110
f 2196 2110 2197
f 2197 2110 2154
f 2197 2154 2198
f 2198 2154 2155
f 2198 2155 2199
f 2199 2155 2156
f 2199 2156 2200
f 2200 2156 2157
f 2200 2157 2201
f 2201 2157 2158
f 2201 2158 2202
f 2202 2158 2140
f 2202 2140 2203
f 2203 2140 2141
f 2203 2141 2204
f 2204 2141 2142
f 2204 2142 2205
f 2205 2142 2143
f 2205 2143 2206
f 2206 2143 2144
f 2206 2144 2207
f 2207 2144 2145
f 2207 2145 2208
f 2208 2145 2146
f 2208 2146 2209
f 2209 2146 2147
f 2209 2147 2210
f 2210 2147 2148
f 2210 2148 2211
f 2211 2148 2149
f 2211 2149 2212
f 2212 2149 2135
f 2212 2135 2213
f 2213 2135 2136
f 2213 2136 2214
f 2214 2136 2139
f 2214 2139 2215
f 2215 2139 2138
f 2215 2138 2216
f 2216 2138 2137
f 2216 2137 2217
f 2217 2137 2134
f 2217 2134 2218
f 2218 2134 2133
f 2218 2133 2219
f 2219 2133 2132
f 2219 2132 2220
f 2220 2132 2130
f 2220 2130 2221
f 2222 2221 2130
f 2131 2172 2222
f 2130 2131 2222
f 2222 2172 2171
f 2222 2171 2223
f 2223 2171 2175
f 2223 2175 2224
f 2224 2175 2174
f 2224 2174 2225
f 2225 2174 2173
f 2225 2173 2226
f 2226 2173 2178
f 2226 2178 2227
f 2227 2178 2177
f 2227 2177 2228
f 2228 2177 2176
f 2228 2176 2229
f 2229 2176 2169
f 2229 2169 2230
f 2230 2169 2168
f 2230 2168 2231
f 2231 2168 2167
f 2231 2167 2232
f 2232 2167 2163
f 2232 2163 2233
f 2233 2163 2162
f 2233 2162 2234
f 2234 2162 2159
f 2234 2159 2235
f 2235 2159 2161
f 2235 2161 2236
f 2236 2161 2160
f 2236 2160 2237
f 2237 2160 2164
f 2237 2164 2238
f 2238 2164 2165
f 2238 2165 2239
f 2239 2165 2166
f 2239 2166 2240
f 2240 2166 2170
f 2240 2170 2241
f 2242 2241 2170
f 2081 2082 2242
f 2170 2081 2242
f 2242 2082 2084
f 2242 2084 2243
f 2243 2084 2083
f 2243 2083 2244
f 2244 2083 2151
f 2244 2151 2245
f 2245 2151 2150
f 2245 2150 2246
f 2246 2150 2152
f 2246 2152 2247
f 2247 2152 2153
f 2247 2153 2248
f 2153 2086 2249
f 2153 2249 2248
f 2249 2086 2085
f 2249 2085 2250
f 2250 2085 2087
f 2250 2087 2251
f 2251 2087 2088
f 2251 2088 2252
f 2252 2088 2089
f 2252 2089 2253
f 2253 2089 2090
f 2253 2090 2254
f 2254 2090 2091
f 2254 2091 2255
f 2255 2091 2094
f 2255 2094 2256
f 2256 2094 2092
f 2256 2092 2257
f 2257 2092 2093
f 2257 2093 2258
f 2258 2093 2095
f 2258 2095 2259
f 2259 2095 2096
f 2259 2096 2260
f 2260 2096 2097
f 2260 2097 2261
f 2261 2097 2100
f 2261 2100 2262
f 2262 2100 2098
f 2262 2098 2263
f 2263 2098 2099
f 2263 2099 2264
f 2264 2099 2106
f 2264 2106 2265
f 2265 2106 2101
f 2265 2101 2266
f 2266 2101 2102
f 2266 2102 2267
f 2267 2102 2105
f 2267 2105 2268
f 2268 2105 2103
f 2268 2103 2269
f 2269 2103 2104
f 2269 2104 2270
f 2270 2104 2129
f 2270 2129 2271
f 2271 2129 2107
f 2271 2107 2272
f 2272 2107 2109
f 2272 2109 2273
f 2273 2109 2108
f 2273 2108 2274
f 2274 2108 2115
f 2274 2115 2275
f 2275 2115 2113
f 2275 2113 2276
f 2276 2113 2112
f 2276 2112 2277
f 2277 2112 2126
f 2277 2126 2278
f 2278 2126 2119
f 2278 2119 2279
f 2279 2119 2118
f 2279 2118 2280
f 2118 2124 2281
f 2118 2281 2280
f 2281 2124 2125
f 2281 2125 2282
f 2282 2125 2122
f 2282 2122 2187
f 2266 2267 854
f 812 786 2203
f 812 2203 2204
f 2266 854 837
f 2265 2266 837
f 812 2204 2205
f 812 2205 2206
f 2264 2265 837
f 2263 2264 837
f 812 2206 2207
f 812 2207 2208
f 2262 2263 837
f 2261 2262 837
f 812 2208 2209
f 812 2209 2210
f 2260 2261 837
f 2259 2260 837
f 812 2210 2211
f 812 2211 2212
f 2258 2259 837
f 2257 2258 837
f 812 2212 2213
f 812 2213 2214
f 2256 2257 837
f 2255 2256 837
f 812 2214 2215
f 812 2215 2216
f 2254 2255 837
f 2253 2254 837
f 812 2216 2217
f 812 2217 2218
f 2252 2253 837
f 2251 2252 837
f 812 2218 2219
f 812 2219 2220
f 2251 837 825
f 2250 2251 825
f 825 812 2220
f 825 2220 2221
f 2249 2250 825
f 2248 2249 825
f 825 2221 2222
f 825 2222 2223
f 2247 2248 825
f 2246 2247 825
f 825 2223 2224
f 825 2224 2225
f 2245 2246 825
f 2244 2245 825
f 825 2225 2226
f 825 2226 2227
f 2243 2244 825
f 2242 2243 825
f 825 2227 2228
f 825 2228 2229
f 2241 2242 825
f 2240 2241 825
f 825 2229 2230
f 825 2230 2231
f 2239 2240 825
f 2238 2239 825
f 825 2231 2232
f 825 2232 2233
f 2237 2238 825
f 2236 2237 825
f 825 2233 2234
f 2235 2236 825
f 825 2234 2235
f 2202 2203 786
f 763 854 2267
f 763 2267 2268
f 2202 786 763
f 2201 2202 763
f 763 2268 2269
f 763 2269 2270
f 2200 2201 763
f 2199 2200 763
f 763 2270 2271
f 763 2271 2272
f 2198 2199 763
f 2197 2198 763
f 763 2272 2273
f 763 2273 2274
f 2196 2197 763
f 2195 2196 763
f 763 2274 2275
f 763 2275 2276
f 2194 2195 763
f 2193 2194 763
f 763 2276 2277
f 763 2277 2278
f 2192 2193 763
f 2191 2192 763
f 763 2278 2279
f 763 2279 2280
f 2190 2191 763
f 2189 2190 763
f 763 2280 2281
f 763 2281 2282
f 2188 2189 763
f 763 2282 2187
f 763 2187 2188
f 2186 763 786
f 2186 786 2185
f 2185 786 812
f 2185 812 2183
f 2180 2183 812
f 812 825 2181
f 2180 812 2181
f 2179 2181 825
f 825 837 2182
f 2179 825 2182
f 2182 837 854
f 2182 854 2184
f 2184 854 763
f 2184 763 2186
f 2389 2324 2325
f 2389 2325 2390
f 2390 2325 2323
f 2390 2323 2391
f 2391 2323 2329
f 2391 2329 2392
f 2392 2329 2322
f 2392 2322 2393
f 2393 2322 2319
f 2393 2319 2394
f 2394 2319 2330
f 2394 2330 2395
f 2395 2330 2316
f 2395 2316 2396
f 2396 2316 2313
f 2396 2313 2397
f 2397 2313 2318
f 2397 2318 2398
f 2398 2318 2312
f 2398 2312 2399
f 2399 2312 2356
f 2399 2356 2400
f 2400 2356 2357
f 2400 2357 2401
f 2401 2357 2358
f 2401 2358 2402
f 2402 2358 2359
f 2402 2359 2403
f 2403 2359 2360
f 2403 2360 2404
f 2404 2360 2342
f 2404 2342 2405
f 2405 2342 2343
f 2405 2343 2406
f 2406 2343 2344
f 2406 2344 2407
f 2407 2344 2345
f 2407 2345 2408
f 2408 2345 2346
f 2408 2346 2409
f 2409 2346 2347
f 2409 2347 2410
f 2410 2347 2348
f 2410 2348 2411
f 2411 2348 2349
f 2411 2349 2412
f 2412 2349 2350
f 2412 2350 2413
f 2413 2350 2351
f 2413 2351 2414
f 2414 2351 2337
f 2414 2337 2415
f 2415 2337 2338
f 2415 2338 2416
f 2416 2338 2341
f 2416 2341 2417
f 2417 2341 2340
f 2417 2340 2418
f 2418 2340 2339
f 2418 2339 2419
f 2419 2339 2336
f 2419 2336 2420
f 2420 2336 2335
f 2420 2335 2421
f 2421 2335 2334
f 2421 2334 2422
f 2422 2334 2332
f 2422 2332 2423
f 2424 2423 2332
f 2333 2374 2424
f 2332 2333 2424
f 2424 2374 2373
f 2424 2373 2425
f 2425 2373 2377
f 2425 2377 2426
f 2426 2377 2376
f 2426 2376 2427
f 2427 2376 2375
f 2427 2375 2428
f 2428 2375 2380
f 2428 2380 2429
f 2429 2380 2379
f 2429 2379 2430
f 2430 2379 2378
f 2430 2378 2431
f 2431 2378 2371
f 2431 2371 2432
f 2432 2371 2370
f 2432 2370 2433
f 2433 2370 2369
f 2433 2369 2434
f 2434 2369 2365
f 2434 2365 2435
f 2435 2365 2364
f 2435 2364 2436
f 2436 2364 2361
f 2436 2361 2437
f 2437 2361 2363
f 2437 2363 2438
f 2438 2363 2362
f 2438 2362 2439
f 2439 2362 2366
f 2439 2366 2440
f 2440 2366 2367
f 2440 2367 2441
f 2441 2367 2368
f 2441 2368 2442
f 2442 2368 2372
f 2442 2372 2443
f 2444 2443 2372
f 2283 2284 2444
f 2372 2283 2444
f 2444 2284 2286
f 2444 2286 2445
f 2445 2286 2285
f 2445 2285 2446
f 2446 2285 2353
f 2446 2353 2447
f 2447 2353 2352
f 2447 2352 2448
f 2448 2352 2354
f 2448 2354 2449
f 2449 2354 2355
f 2449 2355 2450
f 2355 2288 2451
f 2355 2451 2450
f 2451 2288 2287
f 2451 2287 2452
f 2452 2287 2289
f 2452 2289 2453
f 2453 2289 2290
f 2453 2290 2454
f 2454 2290 2291
f 2454 2291 2455
f 2455 2291 2292
f 2455 2292 2456
f 2456 2292 2293
f 2456 2293 2457
f 2457 2293 2296
f 2457 2296 2458
f 2458 2296 2294
f 2458 2294 2459
f 2459 2294 2295
f 2459 2295 2460
f 2460 2295 2297
f 2460 2297 2461
f 2461 2297 2298
f 2461 2298 2462
f 2462 2298 2299
f 2462 2299 2463
f 2463 2299 2302
f 2463 2302 2464
f 2464 2302 2300
f 2464 2300 2465
f 2465 2300 2301
f 2465 2301 2466
f 2466 2301 2308
f 2466 2308 2467
f 2467 2308 2303
f 2467 2303 2468
f 2468 2303 2304
f 2468 2304 2469
f 2469 2304 2307
f 2469 2307 2470
f 2470 2307 2305
f 2470 2305 2471
f 2471 2305 2306
f 2471 2306 2472
f 2472 2306 2331
f 2472 2331 2473
f 2473 2331 2309
f 2473 2309 2474
f 2474 2309 2311
f 2474 2311 2475
f 2475 2311 2310
f 2475 2310 2476
f 2476 2310 2317
f 2476 2317 2477
f 2477 2317 2315
f 2477 2315 2478
f 2478 2315 2314
f 2478 2314 2479
f 2479 2314 2328
f 2479 2328 2480
f 2480 2328 2321
f 2480 2321 2481
f 2481 2321 2320
f 2481 2320 2482
f 2320 2326 2483
f 2320 2483 2482
f 2483 2326 2327
f 2483 2327 2484
f 2484 2327 2324
f 2484 2324 2389
f 2452 2453 810
f 751 817 2469
f 751 2469 2470
f 2452 810 795
f 2451 2452 795
f 751 2470 2471
f 751 2471 2472
f 2450 2451 795
f 2449 2450 795
f 751 2472 2473
f 751 2473 2474
f 2448 2449 795
f 2447 2448 795
f 751 2474 2475
f 751 2475 2476
f 2446 2447 795
f 2445 2446 795
f 751 2476 2477
f 751 2477 2478
f 2444 2445 795
f 2443 2444 795
f 751 2478 2479
f 751 2479 2480
f 2442 2443 795
f 2441 2442 795
f 751 2480 2481
f 751 2481 2482
f 2440 2441 795
f 2439 2440 795
f 751 2482 2483
f 751 2483 2484
f 2438 2439 795
f 2437 2438 795
f 751 2484 2389
f 751 2389 2390
f 2437 795 775
f 2436 2437 775
f 769 751 2390
f 769 2390 2391
f 2435 2436 775
f 2434 2435 775
f 769 2391 2392
f 769 2392 2393
f 2433 2434 775
f 2432 2433 775
f 769 2393 2394
f 769 2394 2395
f 2431 2432 775
f 2430 2431 775
f 769 2395 2396
f 769 2396 2397
f 2429 2430 775
f 2428 2429 775
f 769 2397 2398
f 769 2398 2399
f 2427 2428 775
f 2426 2427 775
f 769 2399 2400
f 769 2400 2401
f 2425 2426 775
f 2424 2425 775
f 769 2401 2402
f 769 2402 2403
f 2423 2424 775
f 2422 2423 775
f 769 2403 2404
f 769 2404 2405
f 2421 2422 775
f 2420 2421 775
f 775 769 2405
f 775 2405 2406
f 2419 2420 775
f 2418 2419 775
f 775 2406 2407
f 775 2407 2408
f 2417 2418 775
f 2416 2417 775
f 775 2408 2409
f 775 2409 2410
f 2415 2416 775
f 2414 2415 775
f 775 2410 2411
f 775 2411 2412
f 2413 2414 775
f 775 2412 2413
f 2468 2469 817
f 817 810 2453
f 817 2453 2454
f 2467 2468 817
f 2466 2467 817
f 817 2454 2455
f 817 2455 2456
f 2465 2466 817
f 2464 2465 817
f 817 2456 2457
f 817 2457 2458
f 2463 2464 817
f 2462 2463 817
f 817 2458 2459
f 817 2459 2460
f 2461 2462 817
f 817 2460 2461
f 2388 751 769
f 2388 769 2387
f 2387 769 775
f 2387 775 2385
f 2382 2385 775
f 775 795 2383
f 2382 775 2383
f 2381 2383 795
f 795 810 2384
f 2381 795 2384
f 2384 810 817
f 2384 817 2386
f 2386 817 751
f 2386 751 2388
f 2501 2495 2486
f 2486 2485 2488
f 2488 2487 2501
f 2501 2486 2488
f 2495 2501 2487
f 2610 2611 2486
f 664 2612 2613
f 664 2613 2615
f 2614 2610 2486
f 2617 2614 2486
f 664 2615 2616
f 664 2616 2627
f 2636 2617 2486
f 2638 2636 2486
f 664 2627 2628
f 664 2628 2630
f 2637 2638 2486
f 2631 2637 2486
f 664 2630 2629
f 664 2629 2635
f 2632 2631 2486
f 2633 2632 2486
f 664 2635 2634
f 664 2634 2626
f 2622 2633 2486
f 2623 2622 2486
f 2486 664 2626
f 2486 2626 2625
f 2619 2623 2486
f 2620 2619 2486
f 2486 2625 2624
f 2486 2624 2621
f 2618 2620 2486
f 2486 2621 2618
f 2900 2901 434
f 2485 2903 2902
f 2485 2902 2905
f 2904 2900 434
f 2907 2904 434
f 2485 2905 2906
f 2485 2906 2908
f 2926 2907 434
f 2928 2926 434
f 2485 2908 2909
f 2485 2909 2910
f 2927 2928 434
f 2916 2927 434
f 2485 2910 2911
f 2485 2911 2912
f 2915 2916 434
f 2914 2915 434
f 2485 2912 2913
f 2485 2913 2922
f 2925 2914 434
f 2924 2925 434
f 434 2485 2922
f 434 2922 2923
f 2921 2924 434
f 2918 2921 434
f 434 2923 2919
f 434 2919 2920
f 2917 2918 434
f 434 2920 2917
f 2973 2903 2485
f 2486 2611 2639
f 2486 2639 2642
f 2974 2973 2485
f 2975 2974 2485
f 2486 2642 2644
f 2486 2644 2645
f 2976 2975 2485
f 2992 2976 2485
f 2486 2645 2648
f 2486 2648 2647
f 2991 2992 2485
f 2995 2991 2485
f 2486 2647 2651
f 2486 2651 2650
f 2994 2995 2485
f 2993 2994 2485
f 2486 2650 2649
f 2486 2649 2653
f 2986 2993 2485
f 2987 2986 2485
f 2485 2486 2653
f 2485 2653 2652
f 2988 2987 2485
f 2989 2988 2485
f 2485 2652 2654
f 2485 2654 2655
f 2990 2989 2485
f 2997 2990 2485
f 2485 2655 2656
f 2485 2656 2666
f 2996 2997 2485
f 2982 2996 2485
f 2485 2666 2665
f 2485 2665 2662
f 2983 2982 2485
f 2983 2485 2662
f 2983 2662 2663
f 2984 2983 2663
f 2984 2663 2664
f 2985 2984 2664
f 2985 2664 2659
f 2979 2985 2659
f 2979 2659 2660
f 2980 2979 2660
f 2980 2660 2661
f 2981 2980 2661
f 2981 2661 2657
f 2977 2981 2657
f 2977 2657 2658
f 2978 2977 2658
f 2978 2658 2668
f 2972 2978 2668
f 2972 2668 2693
f 2971 2972 2693
f 2971 2693 2694
f 2970 2971 2694
f 2970 2694 2696
f 2969 2970 2696
f 2969 2696 2698
f 2968 2969 2698
f 2968 2698 2700
f 2967 2968 2700
f 2967 2700 2702
f 2966 2967 2702
f 2966 2702 2704
f 2965 2966 2704
f 2965 2704 2706
f 2964 2965 2706
f 2964 2706 2707
f 2963 2964 2707
f 2963 2707 2705
f 2962 2963 2705
f 2962 2705 2703
f 2961 2962 2703
f 2961 2703 2701
f 2960 2961 2701
f 2960 2701 2699
f 2959 2960 2699
f 2959 2699 2697
f 2958 2959 2697
f 2958 2697 2695
f 2957 2958 2695
f 2957 2695 2692
f 2956 2957 2692
f 2956 2692 2680
f 2955 2956 2680
f 2955 2680 2681
f 2954 2955 2681
f 2954 2681 2682
f 2953 2954 2682
f 2953 2682 2683
f 2933 2953 2683
f 2933 2683 2684
f 2934 2933 2684
f 2934 2684 2685
f 2935 2934 2685
f 2935 2685 2686
f 2936 2935 2686
f 2936 2686 2687
f 2937 2936 2687
f 2937 2687 2688
f 2938 2937 2688
f 2938 2688 2689
f 2939 2938 2689
f 2939 2689 2690
f 2940 2939 2690
f 2940 2690 2691
f 2951 2940 2691
f 2951 2691 2675
f 2952 2951 2675
f 2952 2675 2676
f 2944 2952 2676
f 2944 2676 2674
f 2945 2944 2674
f 2945 2674 2679
f 2942 2945 2679
f 2942 2679 2678
f 2943 2942 2678
f 2943 2678 2677
f 2640 2612 664
f 434 2901 2929
f 434 2929 2930
f 2641 2640 664
f 2643 2641 664
f 434 2930 2931
f 434 2931 2932
f 2646 2643 664
f 2667 2646 664
f 434 2932 2946
f 434 2946 2947
f 2669 2667 664
f 2670 2669 664
f 434 2947 2948
f 434 2948 2949
f 2671 2670 664
f 2672 2671 664
f 434 2949 2950
f 434 2950 2941
f 2673 2672 664
f 2677 2673 664
f 664 434 2941
f 2943 2677 664
f 664 2941 2943
f 2505 2504 2510
f 2505 2510 2512
f 2508 2485 434
f 2508 434 373
f 373 719 2490
f 373 2490 2508
f 462 373 434
f 434 664 549
f 399 2505 2512
f 434 549 399
f 399 2512 462
f 462 434 399
f 719 2513 2511
f 2513 719 373
f 373 462 2512
f 2512 2511 2513
f 2513 373 2512
f 2505 399 549
f 2505 549 731
f 2506 549 664
f 664 2486 2502
f 2506 664 2502
f 2506 2507 549
f 2507 2506 2502
f 2502 2489 731
f 731 549 2507
f 2507 2502 731
f 2577 2583 688
f 676 2606 2605
f 676 2605 2555
f 2579 2577 688
f 2581 2579 688
f 676 2555 2537
f 676 2537 2535
f 2573 2581 688
f 2575 2573 688
f 676 2535 2543
f 676 2543 2541
f 2571 2575 688
f 2569 2571 688
f 676 2541 2539
f 676 2539 2554
f 2569 688 598
f 2563 2569 598
f 651 676 2554
f 651 2554 2546
f 2565 2563 598
f 2568 2565 598
f 651 2546 2553
f 651 2553 2547
f 2560 2568 598
f 2561 2560 598
f 651 2547 2549
f 651 2549 2548
f 2558 2561 598
f 2557 2558 598
f 651 2548 2551
f 651 2551 2550
f 2559 2557 598
f 2567 2559 598
f 651 2550 2544
f 651 2544 2545
f 2562 2567 598
f 2564 2562 598
f 651 2545 2552
f 651 2552 2538
f 2566 2564 598
f 2570 2566 598
f 651 2538 2540
f 651 2540 2542
f 2574 2570 598
f 2572 2574 598
f 651 2542 2534
f 651 2534 2536
f 2580 2572 598
f 2576 2580 598
f 651 2536 2556
f 651 2556 2530
f 2578 2576 598
f 2582 2578 598
f 651 2530 2531
f 651 2531 2529
f 2582 598 651
f 2584 2582 651
f 651 2529 2528
f 651 2528 2532
f 2587 2584 651
f 2586 2587 651
f 651 2532 2526
f 651 2526 2525
f 2515 2586 651
f 2514 2515 651
f 651 2525 2527
f 651 2527 2524
f 2516 2514 651
f 2517 2516 651
f 651 2524 2533
f 651 2533 2521
f 2518 2517 651
f 2520 2518 651
f 651 2521 2522
f 651 2522 2523
f 2519 2520 651
f 651 2523 2519
f 2607 2606 676
f 688 2583 2585
f 688 2585 2588
f 2607 676 688
f 2603 2607 688
f 688 2588 2595
f 688 2595 2589
f 2604 2603 688
f 2602 2604 688
f 688 2589 2591
f 688 2591 2590
f 2608 2602 688
f 2599 2608 688
f 688 2590 2594
f 688 2594 2593
f 2600 2599 688
f 2601 2600 688
f 688 2593 2592
f 688 2592 2609
f 2597 2601 688
f 2598 2597 688
f 688 2609 2596
f 688 2596 2598
f 2503 651 598
f 2503 598 725
f 2504 2505 676
f 676 651 2503
f 2504 676 2503
f 688 676 2505
f 688 2505 731
f 2489 725 598
f 598 688 731
f 2489 598 731
f 2867 2873 622
f 567 2896 2895
f 567 2895 2845
f 2869 2867 622
f 2871 2869 622
f 567 2845 2827
f 567 2827 2825
f 2863 2871 622
f 2865 2863 622
f 567 2825 2833
f 567 2833 2831
f 2861 2865 622
f 2859 2861 622
f 567 2831 2829
f 567 2829 2844
f 2859 622 492
f 2853 2859 492
f 536 567 2844
f 536 2844 2836
f 2855 2853 492
f 2858 2855 492
f 536 2836 2843
f 536 2843 2837
f 2850 2858 492
f 2851 2850 492
f 536 2837 2839
f 536 2839 2838
f 2848 2851 492
f 2847 2848 492
f 536 2838 2841
f 536 2841 2840
f 2849 2847 492
f 2857 2849 492
f 536 2840 2834
f 536 2834 2835
f 2852 2857 492
f 2854 2852 492
f 536 2835 2842
f 536 2842 2828
f 2856 2854 492
f 2860 2856 492
f 536 2828 2830
f 536 2830 2832
f 2864 2860 492
f 2862 2864 492
f 536 2832 2824
f 536 2824 2826
f 2870 2862 492
f 2866 2870 492
f 536 2826 2846
f 536 2846 2820
f 2868 2866 492
f 2872 2868 492
f 536 2820 2821
f 536 2821 2819
f 2872 492 536
f 2874 2872 536
f 536 2819 2818
f 536 2818 2822
f 2877 2874 536
f 2876 2877 536
f 536 2822 2816
f 536 2816 2815
f 2805 2876 536
f 2804 2805 536
f 536 2815 2817
f 536 2817 2814
f 2806 2804 536
f 2807 2806 536
f 536 2814 2823
f 536 2823 2811
f 2808 2807 536
f 2810 2808 536
f 536 2811 2812
f 536 2812 2813
f 2809 2810 536
f 536 2813 2809
f 2897 2896 567
f 622 2873 2875
f 622 2875 2878
f 2897 567 622
f 2893 2897 622
f 622 2878 2885
f 622 2885 2879
f 2894 2893 622
f 2892 2894 622
f 622 2879 2881
f 622 2881 2880
f 2898 2892 622
f 2889 2898 622
f 622 2880 2884
f 622 2884 2883
f 2890 2889 622
f 2891 2890 622
f 622 2883 2882
f 622 2882 2899
f 2887 2891 622
f 2888 2887 622
f 622 2899 2886
f 622 2886 2888
f 748 536 492
f 748 492 2509
f 2490 719 567
f 567 536 748
f 2490 567 748
f 2511 2512 622
f 622 567 719
f 2511 622 719
f 2510 2509 492
f 492 622 2512
f 2510 492 2512
f 2708 2548 2549
f 2708 2549 2709
f 2709 2549 2547
f 2709 2547 2710
f 2710 2547 2553
f 2710 2553 2711
f 2711 2553 2546
f 2711 2546 2712
f 2712 2546 2554
f 2712 2554 2713
f 2713 2554 2539
f 2713 2539 2714
f 2714 2539 2541
f 2714 2541 2715
f 2715 2541 2543
f 2715 2543 2716
f 2716 2543 2535
f 2716 2535 2717
f 2717 2535 2537
f 2717 2537 2718
f 2718 2537 2555
f 2718 2555 2719
f 2719 2555 2605
f 2719 2605 2720
f 2720 2605 2606
f 2720 2606 2721
f 2721 2606 2607
f 2721 2607 2722
f 2722 2607 2603
f 2722 2603 2723
f 2723 2603 2604
f 2723 2604 2724
f 2724 2604 2602
f 2724 2602 2725
f 2725 2602 2608
f 2725 2608 2726
f 2726 2608 2599
f 2726 2599 2727
f 2727 2599 2600
f 2727 2600 2728
f 2728 2600 2601
f 2728 2601 2729
f 2729 2601 2597
f 2729 2597 2730
f 2730 2597 2598
f 2730 2598 2731
f 2731 2598 2596
f 2731 2596 2732
f 2732 2596 2609
f 2732 2609 2733
f 2733 2609 2592
f 2733 2592 2734
f 2734 2592 2593
f 2734 2593 2735
f 2735 2593 2594
f 2735 2594 2736
f 2736 2594 2590
f 2736 2590 2737
f 2737 2590 2591
f 2737 2591 2738
f 2738 2591 2589
f 2738 2589 2739
f 2739 2589 2595
f 2739 2595 2740
f 2740 2595 2588
f 2740 2588 2741
f 2741 2588 2585
f 2741 2585 2742
f 2742 2585 2583
f 2742 2583 2743
f 2743 2583 2577
f 2743 2577 2744
f 2744 2577 2579
f 2744 2579 2745
f 2745 2579 2581
f 2745 2581 2746
f 2746 2581 2573
f 2746 2573 2747
f 2747 2573 2575
f 2747 2575 2748
f 2748 2575 2571
f 2748 2571 2749
f 2749 2571 2569
f 2749 2569 2750
f 2750 2569 2563
f 2750 2563 2751
f 2751 2563 2565
f 2751 2565 2752
f 2752 2565 2568
f 2752 2568 2753
f 2753 2568 2560
f 2753 2560 2754
f 2754 2560 2561
f 2754 2561 2755
f 2755 2561 2558
f 2755 2558 2756
f 2756 2558 2557
f 2756 2557 2757
f 2757 2557 2559
f 2757 2559 2758
f 2758 2559 2567
f 2758 2567 2759
f 2759 2567 2562
f 2759 2562 2760
f 2760 2562 2564
f 2760 2564 2761
f 2761 2564 2566
f 2761 2566 2762
f 2762 2566 2570
f 2762 2570 2763
f 2763 2570 2574
f 2763 2574 2764
f 2764 2574 2572
f 2764 2572 2765
f 2765 2572 2580
f 2765 2580 2766
f 2766 2580 2576
f 2766 2576 2767
f 2767 2576 2578
f 2767 2578 2768
f 2768 2578 2582
f 2768 2582 2769
f 2769 2582 2584
f 2769 2584 2770
f 2770 2584 2587
f 2770 2587 2771
f 2771 2587 2586
f 2771 2586 2772
f 2772 2586 2515
f 2772 2515 2773
f 2773 2515 2514
f 2773 2514 2774
f 2774 2514 2516
f 2774 2516 2775
f 2775 2516 2517
f 2775 2517 2776
f 2776 2517 2518
f 2776 2518 2777
f 2777 2518 2520
f 2777 2520 2778
f 2778 2520 2519
f 2778 2519 2779
f 2779 2519 2523
f 2779 2523 2780
f 2780 2523 2522
f 2780 2522 2781
f 2781 2522 2521
f 2781 2521 2782
f 2782 2521 2533
f 2782 2533 2783
f 2783 2533 2524
f 2783 2524 2784
f 2784 2524 2527
f 2784 2527 2785
f 2785 2527 2525
f 2785 2525 2786
f 2786 2525 2526
f 2786 2526 2787
f 2787 2526 2532
f 2787 2532 2788
f 2788 2532 2528
f 2788 2528 2789
f 2789 2528 2529
f 2789 2529 2790
f 2790 2529 2531
f 2790 2531 2791
f 2791 2531 2530
f 2791 2530 2792
f 2792 2530 2556
f 2792 2556 2793
f 2556 2536 2794
f 2556 2794 2793
f 2794 2536 2534
f 2794 2534 2795
f 2795 2534 2542
f 2795 2542 2796
f 2796 2542 2540
f 2796 2540 2797
f 2797 2540 2538
f 2797 2538 2798
f 2798 2538 2552
f 2798 2552 2799
f 2799 2552 2545
f 2799 2545 2800
f 2800 2545 2544
f 2800 2544 2801
f 2801 2544 2550
f 2801 2550 2802
f 2802 2550 2551
f 2802 2551 2803
f 2803 2551 2548
f 2803 2548 2708
f 1232 1230 1224
f 1224 1221 1217
f 1217 1214 1212
f 1212 1206 1205
f 1205 1202 1196
f 1196 1194 1190
f 1190 1187 1181
f 1181 1179 1175
f 1175 1171 1165
f 1165 1157 1153
f 1153 1148 1141
f 1141 1135 1130
f 1130 1126 1123
f 1123 1115 1111
f 1111 2723 2724
f 1111 2724 2725
f 1130 1123 1111
f 1153 1141 1130
f 1175 1165 1153
f 1190 1181 1175
f 1205 1196 1190
f 1217 1212 1205
f 1232 1224 1217
f 1237 1234 1232
f 1246 1244 1237
f 2754 2755 1246
f 2753 2754 1246
f 1246 1237 1232
f 1232 1217 1205
f 1205 1190 1175
f 1175 1153 1130
f 1130 1111 2725
f 1130 2725 2726
f 1205 1175 1130
f 1246 1232 1205
f 2752 2753 1246
f 2751 2752 1246
f 1246 1205 1130
f 1130 2726 2727
f 1130 2727 2728
f 2750 2751 1246
f 2749 2750 1246
f 1130 2728 2729
f 1130 2729 2730
f 2748 2749 1246
f 2747 2748 1246
f 1130 2730 2731
f 1130 2731 2732
f 2746 2747 1246
f 2745 2746 1246
f 1130 2732 2733
f 1130 2733 2734
f 2744 2745 1246
f 2743 2744 1246
f 1130 2734 2735
f 1130 2735 2736
f 2742 2743 1246
f 2741 2742 1246
f 1130 2736 2737
f 1130 2737 2738
f 2741 1246 1130
f 2740 2741 1130
f 1130 2738 2739
f 1130 2739 2740
f 1318 1317 1316
f 1316 1314 1312
f 1312 1311 1310
f 1310 1308 1306
f 1306 1305 1303
f 1303 1302 1300
f 1300 1299 1297
f 1297 1296 1294
f 1294 1293 1292
f 1292 1291 1288
f 1288 1287 1286
f 1286 1284 1282
f 1282 1279 1277
f 1277 1275 1274
f 1274 1272 1270
f 1270 1269 1266
f 1266 1264 1262
f 1262 1260 1259
f 1259 1257 1255
f 1255 1253 1251
f 1251 1249 1248
f 1248 1246 2755
f 1248 2755 2756
f 1255 1251 1248
f 1262 1259 1255
f 1270 1266 1262
f 1277 1274 1270
f 1286 1282 1277
f 1292 1288 1286
f 1297 1294 1292
f 1303 1300 1297
f 1310 1306 1303
f 1316 1312 1310
f 1320 1318 1316
f 1323 1321 1320
f 1326 1324 1323
f 1015 1006 1326
f 1027 1024 1015
f 1041 1039 1027
f 1062 1050 1041
f 1077 1068 1062
f 1092 1083 1077
f 1102 1094 1092
f 1111 1105 1102
f 2722 2723 1111
f 2721 2722 1111
f 1111 1102 1092
f 1092 1077 1062
f 1062 1041 1027
f 1027 1015 1326
f 1326 1323 1320
f 1320 1316 1310
f 1310 1303 1297
f 1297 1292 1286
f 1286 1277 1270
f 1270 1262 1255
f 1255 1248 2756
f 1255 2756 2757
f 1286 1270 1255
f 1310 1297 1286
f 1326 1320 1310
f 1062 1027 1326
f 1111 1092 1062
f 2720 2721 1111
f 2719 2720 1111
f 1111 1062 1326
f 1326 1310 1286
f 1255 2757 2758
f 1255 2758 2759
f 2719 1111 1326
f 2718 2719 1326
f 1255 2759 2760
f 1255 2760 2761
f 2717 2718 1326
f 2716 2717 1326
f 1286 1255 2761
f 1286 2761 2762
f 2715 2716 1326
f 2714 2715 1326
f 1286 2762 2763
f 1286 2763 2764
f 2713 2714 1326
f 2712 2713 1326
f 1286 2764 2765
f 1286 2765 2766
f 2711 2712 1326
f 2710 2711 1326
f 1286 2766 2767
f 1286 2767 2768
f 2709 2710 1326
f 2708 2709 1326
f 1286 2768 2769
f 1286 2769 2770
f 2803 2708 1326
f 2802 2803 1326
f 1286 2770 2771
f 1286 2771 2772
f 2801 2802 1326
f 2800 2801 1326
f 1286 2772 2773
f 1286 2773 2774
f 2799 2800 1326
f 2798 2799 1326
f 1286 2774 2775
f 1286 2775 2776
f 2797 2798 1326
f 2796 2797 1326
f 1286 2776 2777
f 1286 2777 2778
f 2795 2796 1326
f 2794 2795 1326
f 1286 2778 2779
f 1286 2779 2780
f 2793 2794 1326
f 2792 2793 1326
f 1286 2780 2781
f 1286 2781 2782
f 2791 2792 1326
f 2790 2791 1326
f 1286 2782 2783
f 1286 2783 2784
f 2790 1326 1286
f 2789 2790 1286
f 1286 2784 2785
f 1286 2785 2786
f 2788 2789 1286
f 1286 2786 2787
f 1286 2787 2788
f 2705 1006 1015
f 2705 1015 2703
f 2703 1015 1024
f 2703 1024 2701
f 2701 1024 1027
f 2701 1027 2699
f 2699 1027 1039
f 2699 1039 2697
f 2697 1039 1041
f 2697 1041 2695
f 2695 1041 1050
f 2695 1050 2692
f 2692 1050 1062
f 2692 1062 2680
f 2680 1062 1068
f 2680 1068 2681
f 2681 1068 1077
f 2681 1077 2682
f 2682 1077 1083
f 2682 1083 2683
f 2683 1083 1092
f 2683 1092 2684
f 2684 1092 1094
f 2684 1094 2685
f 2685 1094 1102
f 2685 1102 2686
f 2686 1102 1105
f 2686 1105 2687
f 2687 1105 1111
f 2687 1111 2688
f 2688 1111 1115
f 2688 1115 2689
f 2689 1115 1123
f 2689 1123 2690
f 2690 1123 1126
f 2690 1126 2691
f 2691 1126 1130
f 2691 1130 2675
f 2675 1130 1135
f 2675 1135 2676
f 2676 1135 1141
f 2676 1141 2674
f 2674 1141 1148
f 2674 1148 2679
f 2679 1148 1153
f 2679 1153 2678
f 2678 1153 1157
f 2678 1157 2677
f 2677 1157 1165
f 2677 1165 2673
f 2673 1165 1171
f 2673 1171 2672
f 2672 1171 1175
f 2672 1175 2671
f 2671 1175 1179
f 2671 1179 2670
f 2670 1179 1181
f 2670 1181 2669
f 2669 1181 1187
f 2669 1187 2667
f 2667 1187 1190
f 2667 1190 2646
f 2646 1190 1194
f 2646 1194 2643
f 2643 1194 1196
f 2643 1196 2641
f 2641 1196 1202
f 2641 1202 2640
f 2612 2640 1202
f 1202 1205 2613
f 2612 1202 2613
f 2613 1205 1206
f 2613 1206 2615
f 2615 1206 1212
f 2615 1212 2616
f 2616 1212 1214
f 2616 1214 2627
f 2627 1214 1217
f 2627 1217 2628
f 2628 1217 1221
f 2628 1221 2630
f 2630 1221 1224
f 2630 1224 2629
f 2629 1224 1230
f 2629 1230 2635
f 2635 1230 1232
f 2635 1232 2634
f 2634 1232 1234
f 2634 1234 2626
f 2626 1234 1237
f 2626 1237 2625
f 2625 1237 1244
f 2625 1244 2624
f 2624 1244 1246
f 2624 1246 2621
f 2621 1246 1248
f 2621 1248 2618
f 2618 1248 1249
f 2618 1249 2620
f 2620 1249 1251
f 2620 1251 2619
f 2619 1251 1253
f 2619 1253 2623
f 2623 1253 1255
f 2623 1255 2622
f 2622 1255 1257
f 2622 1257 2633
f 2633 1257 1259
f 2633 1259 2632
f 2632 1259 1260
f 2632 1260 2631
f 2631 1260 1262
f 2631 1262 2637
f 2637 1262 1264
f 2637 1264 2638
f 2638 1264 1266
f 2638 1266 2636
f 2636 1266 1269
f 2636 1269 2617
f 2617 1269 1270
f 2617 1270 2614
f 2614 1270 1272
f 2614 1272 2610
f 2611 2610 1272
f 1272 1274 2639
f 2611 1272 2639
f 2639 1274 1275
f 2639 1275 2642
f 2642 1275 1277
f 2642 1277 2644
f 2644 1277 1279
f 2644 1279 2645
f 2645 1279 1282
f 2645 1282 2648
f 2648 1282 1284
f 2648 1284 2647
f 2647 1284 1286
f 2647 1286 2651
f 2651 1286 1287
f 2651 1287 2650
f 2650 1287 1288
f 2650 1288 2649
f 2649 1288 1291
f 2649 1291 2653
f 2653 1291 1292
f 2653 1292 2652
f 2652 1292 1293
f 2652 1293 2654
f 2654 1293 1294
f 2654 1294 2655
f 2655 1294 1296
f 2655 1296 2656
f 2656 1296 1297
f 2656 1297 2666
f 2666 1297 1299
f 2666 1299 2665
f 2665 1299 1300
f 2665 1300 2662
f 2662 1300 1302
f 2662 1302 2663
f 2663 1302 1303
f 2663 1303 2664
f 2664 1303 1305
f 2664 1305 2659
f 2659 1305 1306
f 2659 1306 2660
f 2660 1306 1308
f 2660 1308 2661
f 2661 1308 1310
f 2661 1310 2657
f 2657 1310 1311
f 2657 1311 2658
f 2658 1311 1312
f 2658 1312 2668
f 2668 1312 1314
f 2668 1314 2693
f 2693 1314 1316
f 2693 1316 2694
f 2694 1316 1317
f 2694 1317 2696
f 2696 1317 1318
f 2696 1318 2698
f 2698 1318 1320
f 2698 1320 2700
f 2700 1320 1321
f 2700 1321 2702
f 2702 1321 1323
f 2702 1323 2704
f 2704 1323 1324
f 2704 1324 2706
f 2706 1324 1326
f 2706 1326 2707
f 2707 1326 1006
f 2707 1006 2705
f 2998 2838 2839
f 2998 2839 2999
f 2999 2839 2837
f 2999 2837 3000
f 3000 2837 2843
f 3000 2843 3001
f 3001 2843 2836
f 3001 2836 3002
f 3002 2836 2844
f 3002 2844 3003
f 3003 2844 2829
f 3003 2829 3004
f 3004 2829 2831
f 3004 2831 3005
f 3005 2831 2833
f 3005 2833 3006
f 3006 2833 2825
f 3006 2825 3007
f 3007 2825 2827
f 3007 2827 3008
f 3008 2827 2845
f 3008 2845 3009
f 3009 2845 2895
f 3009 2895 3010
f 3010 2895 2896
f 3010 2896 3011
f 3011 2896 2897
f 3011 2897 3012
f 3012 2897 2893
f 3012 2893 3013
f 3013 2893 2894
f 3013 2894 3014
f 3014 2894 2892
f 3014 2892 3015
f 3015 2892 2898
f 3015 2898 3016
f 3016 2898 2889
f 3016 2889 3017
f 3017 2889 2890
f 3017 2890 3018
f 3018 2890 2891
f 3018 2891 3019
f 3019 2891 2887
f 3019 2887 3020
f 3020 2887 2888
f 3020 2888 3021
f 3021 2888 2886
f 3021 2886 3022
f 3022 2886 2899
f 3022 2899 3023
f 3023 2899 2882
f 3023 2882 3024
f 3024 2882 2883
f 3024 2883 3025
f 3025 2883 2884
f 3025 2884 3026
f 3026 2884 2880
f 3026 2880 3027
f 3027 2880 2881
f 3027 2881 3028
f 3028 2881 2879
f 3028 2879 3029
f 3029 2879 2885
f 3029 2885 3030
f 3030 2885 2878
f 3030 2878 3031
f 3031 2878 2875
f 3031 2875 3032
f 3032 2875 2873
f 3032 2873 3033
f 3033 2873 2867
f 3033 2867 3034
f 3034 2867 2869
f 3034 2869 3035
f 3035 2869 2871
f 3035 2871 3036
f 3036 2871 2863
f 3036 2863 3037
f 3037 2863 2865
f 3037 2865 3038
f 3038 2865 2861
f 3038 2861 3039
f 3039 2861 2859
f 3039 2859 3040
f 3040 2859 2853
f 3040 2853 3041
f 3041 2853 2855
f 3041 2855 3042
f 3042 2855 2858
f 3042 2858 3043
f 3043 2858 2850
f 3043 2850 3044
f 3044 2850 2851
f 3044 2851 3045
f 3045 2851 2848
f 3045 2848 3046
f 3046 2848 2847
f 3046 2847 3047
f 3047 2847 2849
f 3047 2849 3048
f 3048 2849 2857
f 3048 2857 3049
f 3049 2857 2852
f 3049 2852 3050
f 3050 2852 2854
f 3050 2854 3051
f 3051 2854 2856
f 3051 2856 3052
f 3052 2856 2860
f 3052 2860 3053
f 3053 2860 2864
f 3053 2864 3054
f 3054 2864 2862
f 3054 2862 3055
f 3055 2862 2870
f 3055 2870 3056
f 3056 2870 2866
f 3056 2866 3057
f 3057 2866 2868
f 3057 2868 3058
f 3058 2868 2872
f 3058 2872 3059
f 3059 2872 2874
f 3059 2874 3060
f 3060 2874 2877
f 3060 2877 3061
f 3061 2877 2876
f 3061 2876 3062
f 3062 2876 2805
f 3062 2805 3063
f 3063 2805 2804
f 3063 2804 3064
f 3064 2804 2806
f 3064 2806 3065
f 3065 2806 2807
f 3065 2807 3066
f 3066 2807 2808
f 3066 2808 3067
f 3067 2808 2810
f 3067 2810 3068
f 3068 2810 2809
f 3068 2809 3069
f 3069 2809 2813
f 3069 2813 3070
f 3070 2813 2812
f 3070 2812 3071
f 3071 2812 2811
f 3071 2811 3072
f 3072 2811 2823
f 3072 2823 3073
f 3073 2823 2814
f 3073 2814 3074
f 3074 2814 2817
f 3074 2817 3075
f 3075 2817 2815
f 3075 2815 3076
f 3076 2815 2816
f 3076 2816 3077
f 3077 2816 2822
f 3077 2822 3078
f 3078 2822 2818
f 3078 2818 3079
f 3079 2818 2819
f 3079 2819 3080
f 3080 2819 2821
f 3080 2821 3081
f 3081 2821 2820
f 3081 2820 3082
f 3082 2820 2846
f 3082 2846 3083
f 2846 2826 3084
f 2846 3084 3083
f 3084 2826 2824
f 3084 2824 3085
f 3085 2824 2832
f 3085 2832 3086
f 3086 2832 2830
f 3086 2830 3087
f 3087 2830 2828
f 3087 2828 3088
f 3088 2828 2842
f 3088 2842 3089
f 3089 2842 2835
f 3089 2835 3090
f 3090 2835 2834
f 3090 2834 3091
f 3091 2834 2840
f 3091 2840 3092
f 3092 2840 2841
f 3092 2841 3093
f 3093 2841 2838
f 3093 2838 2998
f 1144 1143 1138
f 1138 1137 1134
f 1134 1132 1129
f 1129 1128 1125
f 1125 1120 1118
f 1118 1117 1114
f 1114 1112 1110
f 1110 1107 1104
f 1104 1099 1098
f 1098 1096 1093
f 1093 1090 1089
f 1089 1081 1080
f 1080 1075 1072
f 1072 1064 1063
f 1063 3013 3014
f 1063 3014 3015
f 1080 1072 1063
f 1093 1089 1080
f 1104 1098 1093
f 1114 1110 1104
f 1125 1118 1114
f 1134 1129 1125
f 1144 1138 1134
f 1150 1147 1144
f 1155 1152 1150
f 3044 3045 1155
f 3043 3044 1155
f 1155 1150 1144
f 1144 1134 1125
f 1125 1114 1104
f 1104 1093 1080
f 1080 1063 3015
f 1080 3015 3016
f 1125 1104 1080
f 1155 1144 1125
f 3042 3043 1155
f 3041 3042 1155
f 1155 1125 1080
f 1080 3016 3017
f 1080 3017 3018
f 3040 3041 1155
f 3039 3040 1155
f 1080 3018 3019
f 1080 3019 3020
f 3038 3039 1155
f 3037 3038 1155
f 1080 3020 3021
f 1080 3021 3022
f 3036 3037 1155
f 3035 3036 1155
f 1080 3022 3023
f 1080 3023 3024
f 3034 3035 1155
f 3033 3034 1155
f 1080 3024 3025
f 1080 3025 3026
f 3032 3033 1155
f 3031 3032 1155
f 1080 3026 3027
f 1080 3027 3028
f 3031 1155 1080
f 3030 3031 1080
f 1080 3028 3029
f 1080 3029 3030
f 1180 1178 1177
f 1177 1174 1172
f 1172 1169 1166
f 1166 1164 1159
f 1159 1156 1155
f 1155 3045 3046
f 1155 3046 3047
f 1166 1159 1155
f 1177 1172 1166
f 1182 1180 1177
f 1186 1184 1182
f 1189 1188 1186
f 1193 1191 1189
f 1197 1195 1193
f 1199 1198 1197
f 1203 1201 1199
f 1207 1204 1203
f 1209 1208 1207
f 1213 1211 1209
f 1216 1215 1213
f 1220 1218 1216
f 1223 1222 1220
f 1228 1226 1223
f 1231 1229 1228
f 1235 1233 1231
f 1238 1236 1235
f 1241 1240 1238
f 1245 1243 1241
f 1004 1247 1245
f 1010 1009 1004
f 1019 1018 1010
f 1030 1023 1019
f 1035 1032 1030
f 1042 1036 1035
f 1051 1046 1042
f 1058 1054 1051
f 3013 1063 1058
f 3012 3013 1058
f 1058 1051 1042
f 1042 1035 1030
f 1030 1019 1010
f 1010 1004 1245
f 1245 1241 1238
f 1238 1235 1231
f 1231 1228 1223
f 1223 1220 1216
f 1216 1213 1209
f 1209 1207 1203
f 1203 1199 1197
f 1197 1193 1189
f 1189 1186 1182
f 1182 1177 1166
f 1166 1155 3047
f 1166 3047 3048
f 1189 1182 1166
f 1203 1197 1189
f 1216 1209 1203
f 1231 1223 1216
f 1245 1238 1231
f 1030 1010 1245
f 1058 1042 1030
f 3011 3012 1058
f 3010 3011 1058
f 1058 1030 1245
f 1245 1231 1216
f 1216 1203 1189
f 1189 1166 3048
f 1189 3048 3049
f 3010 1058 1245
f 3009 3010 1245
f 1189 3049 3050
f 1189 3050 3051
f 3008 3009 1245
f 3007 3008 1245
f 1189 3051 3052
f 1189 3052 3053
f 3006 3007 1245
f 3005 3006 1245
f 1189 3053 3054
f 1189 3054 3055
f 3004 3005 1245
f 3003 3004 1245
f 1189 3055 3056
f 1189 3056 3057
f 3002 3003 1245
f 3001 3002 1245
f 1189 3057 3058
f 1189 3058 3059
f 3000 3001 1245
f 2999 3000 1245
f 1189 3059 3060
f 1189 3060 3061
f 2998 2999 1245
f 3093 2998 1245
f 1216 1189 3061
f 1216 3061 3062
f 3092 3093 1245
f 3091 3092 1245
f 1216 3062 3063
f 1216 3063 3064
f 3091 1245 1216
f 3090 3091 1216
f 1216 3064 3065
f 1216 3065 3066
f 3089 3090 1216
f 3088 3089 1216
f 1216 3066 3067
f 1216 3067 3068
f 3087 3088 1216
f 3086 3087 1216
f 1216 3068 3069
f 1216 3069 3070
f 3085 3086 1216
f 3084 3085 1216
f 1216 3070 3071
f 1216 3071 3072
f 3083 3084 1216
f 3082 3083 1216
f 1216 3072 3073
f 1216 3073 3074
f 3081 3082 1216
f 3080 3081 1216
f 1216 3074 3075
f 1216 3075 3076
f 3079 3080 1216
f 3078 3079 1216
f 1216 3076 3077
f 3077 3078 1216
f 2917 1004 1009
f 2917 1009 2918
f 2918 1009 1010
f 2918 1010 2921
f 2921 1010 1018
f 2921 1018 2924
f 2924 1018 1019
f 2924 1019 2925
f 2925 1019 1023
f 2925 1023 2914
f 2914 1023 1030
f 2914 1030 2915
f 2915 1030 1032
f 2915 1032 2916
f 2916 1032 1035
f 2916 1035 2927
f 1035 1036 2928
f 1035 2928 2927
f 2928 1036 1042
f 2928 1042 2926
f 2926 1042 1046
f 2926 1046 2907
f 2907 1046 1051
f 2907 1051 2904
f 2904 1051 1054
f 2904 1054 2900
f 2901 2900 1054
f 1054 1058 2929
f 2901 1054 2929
f 2929 1058 1063
f 2929 1063 2930
f 2930 1063 1064
f 2930 1064 2931
f 2931 1064 1072
f 2931 1072 2932
f 2932 1072 1075
f 2932 1075 2946
f 2946 1075 1080
f 2946 1080 2947
f 2947 1080 1081
f 2947 1081 2948
f 2948 1081 1089
f 2948 1089 2949
f 2949 1089 1090
f 2949 1090 2950
f 2950 1090 1093
f 2950 1093 2941
f 2941 1093 1096
f 2941 1096 2943
f 2943 1096 1098
f 2943 1098 2942
f 2942 1098 1099
f 2942 1099 2945
f 2945 1099 1104
f 2945 1104 2944
f 2944 1104 1107
f 2944 1107 2952
f 2952 1107 1110
f 2952 1110 2951
f 2951 1110 1112
f 2951 1112 2940
f 2940 1112 1114
f 2940 1114 2939
f 2939 1114 1117
f 2939 1117 2938
f 2938 1117 1118
f 2938 1118 2937
f 2937 1118 1120
f 2937 1120 2936
f 2936 1120 1125
f 2936 1125 2935
f 2935 1125 1128
f 2935 1128 2934
f 2934 1128 1129
f 2934 1129 2933
f 2933 1129 1132
f 2933 1132 2953
f 2953 1132 1134
f 2953 1134 2954
f 2954 1134 1137
f 2954 1137 2955
f 2955 1137 1138
f 2955 1138 2956
f 2956 1138 1143
f 2956 1143 2957
f 2957 1143 1144
f 2957 1144 2958
f 2958 1144 1147
f 2958 1147 2959
f 2959 1147 1150
f 2959 1150 2960
f 2960 1150 1152
f 2960 1152 2961
f 2961 1152 1155
f 2961 1155 2962
f 2962 1155 1156
f 2962 1156 2963
f 2963 1156 1159
f 2963 1159 2964
f 2964 1159 1164
f 2964 1164 2965
f 2965 1164 1166
f 2965 1166 2966
f 2966 1166 1169
f 2966 1169 2967
f 2967 1169 1172
f 2967 1172 2968
f 2968 1172 1174
f 2968 1174 2969
f 2969 1174 1177
f 2969 1177 2970
f 2970 1177 1178
f 2970 1178 2971
f 2971 1178 1180
f 2971 1180 2972
f 2972 1180 1182
f 2972 1182 2978
f 2978 1182 1184
f 2978 1184 2977
f 2977 1184 1186
f 2977 1186 2981
f 2981 1186 1188
f 2981 1188 2980
f 2980 1188 1189
f 2980 1189 2979
f 2979 1189 1191
f 2979 1191 2985
f 2985 1191 1193
f 2985 1193 2984
f 2984 1193 1195
f 2984 1195 2983
f 2983 1195 1197
f 2983 1197 2982
f 2982 1197 1198
f 2982 1198 2996
f 2996 1198 1199
f 2996 1199 2997
f 2997 1199 1201
f 2997 1201 2990
f 2990 1201 1203
f 2990 1203 2989
f 2989 1203 1204
f 2989 1204 2988
f 2988 1204 1207
f 2988 1207 2987
f 2987 1207 1208
f 2987 1208 2986
f 2986 1208 1209
f 2986 1209 2993
f 2993 1209 1211
f 2993 1211 2994
f 2994 1211 1213
f 2994 1213 2995
f 2995 1213 1215
f 2995 1215 2991
f 2991 1215 1216
f 2991 1216 2992
f 2992 1216 1218
f 2992 1218 2976
f 2976 1218 1220
f 2976 1220 2975
f 2975 1220 1222
f 2975 1222 2974
f 2974 1222 1223
f 2974 1223 2973
f 2903 2973 1223
f 1223 1226 2902
f 2903 1223 2902
f 2902 1226 1228
f 2902 1228 2905
f 1228 1229 2906
f 1228 2906 2905
f 2906 1229 1231
f 2906 1231 2908
f 2908 1231 1233
f 2908 1233 2909
f 2909 1233 1235
f 2909 1235 2910
f 2910 1235 1236
f 2910 1236 2911
f 2911 1236 1238
f 2911 1238 2912
f 2912 1238 1240
f 2912 1240 2913
f 2913 1240 1241
f 2913 1241 2922
f 2922 1241 1243
f 2922 1243 2923
f 2923 1243 1245
f 2923 1245 2919
f 2919 1245 1247
f 2919 1247 2920
f 2920 1247 1004
f 2920 1004 2917
f 827 3221 691
f 831 827 691
f 836 831 691
f 836 691 690
f 840 836 690
f 840 690 687
f 845 840 687
f 845 687 685
f 848 845 685
f 848 685 684
f 852 848 684
f 852 684 681
f 857 852 681
f 862 857 681
f 866 862 681
f 3109 3118 884
f 970 3109 884
f 970 884 881
f 981 970 881
f 981 881 879
f 990 981 879
f 990 879 875
f 994 990 875
f 994 875 871
f 998 994 871
f 998 871 866
f 1001 998 866
f 1001 866 681
f 1007 1001 681
f 1007 681 679
f 1012 1007 679
f 1012 679 677
f 1017 1012 677
f 1017 677 675
f 1021 1017 675
f 1021 675 673
f 1026 1021 673
f 1406 3108 1060
f 1087 3107 1406
f 1091 1087 1406
f 1406 1060 1057
f 1406 1057 1052
f 1095 1091 1406
f 1097 1095 1406
f 1406 1052 1048
f 1406 1048 1044
f 1100 1097 1406
f 1103 1100 1406
f 1406 1044 1037
f 3097 3106 1139
f 3095 1405 3097
f 1403 1401 1399
f 1399 3095 3097
f 3097 1139 1136
f 3097 1136 1133
f 578 3124 1403
f 584 578 1403
f 1399 3097 1133
f 1399 1133 1131
f 588 584 1403
f 591 588 1403
f 1399 1131 1127
f 1399 1127 1124
f 600 591 1403
f 606 600 1403
f 1399 1124 1121
f 1399 1121 1119
f 610 606 1403
f 612 610 1403
f 1399 1119 1116
f 1399 1116 1113
f 617 612 1403
f 624 617 1403
f 1399 1113 1109
f 1399 1109 1106
f 634 624 1403
f 637 634 1403
f 1399 1106 1103
f 1399 1103 1406
f 639 637 1403
f 642 639 1403
f 1399 1406 1037
f 1399 1037 1033
f 644 642 1403
f 647 644 1403
f 1399 1033 1029
f 1399 1029 1026
f 649 647 1403
f 653 649 1403
f 1403 1399 1026
f 1403 1026 673
f 655 653 1403
f 657 655 1403
f 1403 673 671
f 1403 671 670
f 659 657 1403
f 662 659 1403
f 1403 670 667
f 1403 667 665
f 663 662 1403
f 665 663 1403
f 3096 3125 522
f 3096 522 516
f 458 3222 3096
f 468 458 3096
f 3096 516 510
f 3096 510 504
f 474 468 3096
f 482 474 3096
f 3096 504 494
f 3096 494 482
f 778 3223 290
f 778 290 266
f 782 778 266
f 782 266 215
f 784 782 215
f 784 215 114
f 788 784 114
f 788 114 99
f 791 788 99
f 791 99 37
f 791 37 874
f 791 874 870
f 794 791 870
f 794 870 867
f 794 867 865
f 3096 3222 446
f 1400 1402 1404
f 1405 3095 1400
f 995 3110 1407
f 1407 1405 1400
f 1404 3096 446
f 1404 446 439
f 995 1407 1400
f 999 995 1400
f 1404 439 425
f 1404 425 413
f 1002 999 1400
f 1005 1002 1400
f 1404 413 401
f 1404 401 385
f 1008 1005 1400
f 1011 1008 1400
f 1404 385 368
f 1404 368 340
f 1014 1011 1400
f 1016 1014 1400
f 1404 340 328
f 1404 328 302
f 1020 1016 1400
f 1022 1020 1400
f 1404 302 274
f 1404 274 256
f 1025 1022 1400
f 1028 1025 1400
f 1404 256 207
f 1404 207 160
f 1031 1028 1400
f 1034 1031 1400
f 1404 160 131
f 1404 131 96
f 1038 1034 1400
f 1040 1038 1400
f 1404 96 61
f 1404 61 1
f 1043 1040 1400
f 1408 3111 1047
f 1047 1043 1400
f 1400 1404 1
f 1400 1 806
f 1408 1047 1400
f 1065 3113 1408
f 1067 1065 1408
f 1400 806 802
f 1400 802 800
f 1067 1408 1400
f 1070 1067 1400
f 1400 800 797
f 1400 797 794
f 1074 1070 1400
f 1076 1074 1400
f 1400 794 865
f 1400 865 861
f 1079 1076 1400
f 1082 1079 1400
f 1400 861 858
f 1400 858 856
f 1085 1082 1400
f 1088 1085 1400
f 1400 856 853
f 849 3123 3112
f 1400 853 849
f 71 1088 1400
f 262 71 1400
f 849 3112 615
f 849 615 586
f 262 1400 849
f 315 262 849
f 849 586 565
f 849 565 528
f 411 315 849
f 480 411 849
f 849 528 500
f 849 500 480
f 3535 4076 4038
f 4038 541 595
f 595 638 661
f 661 669 697
f 697 703 723
f 723 737 759
f 759 766 781
f 781 787 805
f 805 820 830
f 830 839 847
f 847 859 868
f 868 876 886
f 886 892 896
f 896 906 913
f 913 3589 3593
f 913 3593 3591
f 886 896 913
f 847 868 886
f 805 830 847
f 759 781 805
f 697 723 759
f 595 661 697
f 3535 4038 595
f 3540 3535 595
f 595 697 759
f 759 805 847
f 847 886 913
f 913 3591 3603
f 913 3603 3595
f 759 847 913
f 3540 595 759
f 3538 3540 759
f 759 913 3595
f 759 3595 3601
f 3536 3538 759
f 3609 3536 759
f 759 3601 3599
f 759 3599 3597
f 3546 3609 759
f 3550 3546 759
f 759 3597 3598
f 759 3598 3600
f 3548 3550 759
f 3558 3548 759
f 759 3600 3596
f 759 3596 3602
f 3552 3558 759
f 3556 3552 759
f 759 3602 3592
f 759 3592 3594
f 3554 3556 759
f 3574 3554 759
f 759 3594 3590
f 759 3590 3604
f 3560 3574 759
f 3564 3560 759
f 759 3604 3584
f 759 3584 3586
f 3562 3564 759
f 3572 3562 759
f 759 3586 3582
f 759 3582 3588
f 3566 3572 759
f 3570 3566 759
f 759 3588 3578
f 759 3578 3580
f 3568 3570 759
f 3607 3568 759
f 759 3580 3576
f 759 3576 3607
f 3105 1145 1149
f 1149 1151 1154
f 1154 1158 1161
f 1161 1163 1167
f 1167 1170 1173
f 1173 1176 4039
f 4039 4076 3535
f 4039 3535 3542
f 1167 1173 4039
f 1154 1161 1167
f 3105 1149 1154
f 3106 1142 3105
f 1136 1139 3106
f 1131 1133 1136
f 1124 1127 1131
f 1119 1121 1124
f 1113 1116 1119
f 1106 1109 1113
f 1100 1103 1106
f 1095 1097 1100
f 1087 1091 1095
f 1078 1084 3107
f 3107 1087 1095
f 1095 1100 1106
f 1106 1113 1119
f 1119 1124 1131
f 1131 1136 3106
f 3106 3105 1154
f 1154 1167 4039
f 4039 3542 3531
f 4039 3531 3533
f 3106 1154 4039
f 1119 1131 3106
f 1095 1106 1119
f 1078 3107 1095
f 1069 1073 1078
f 3108 1066 1069
f 1057 1060 3108
f 1048 1052 1057
f 1037 1044 1048
f 1029 1033 1037
f 1021 1026 1029
f 1012 1017 1021
f 1001 1007 1012
f 994 998 1001
f 981 990 994
f 3109 970 981
f 958 966 3109
f 945 952 958
f 934 939 945
f 923 928 934
f 913 916 923
f 3605 3589 913
f 3583 3605 913
f 913 923 934
f 934 945 958
f 958 3109 981
f 981 994 1001
f 1001 1012 1021
f 1021 1029 1037
f 1037 1048 1057
f 1057 3108 1069
f 1069 1078 1095
f 1095 1119 3106
f 3106 4039 3533
f 3106 3533 3529
f 1069 1095 3106
f 1037 1057 1069
f 1001 1021 1037
f 958 981 1001
f 913 934 958
f 3585 3583 913
f 3581 3585 913
f 913 958 1001
f 1001 1037 1069
f 3106 3529 3525
f 3106 3525 3523
f 913 1001 1069
f 3587 3581 913
f 3577 3587 913
f 3106 3523 3521
f 3106 3521 3520
f 3579 3577 913
f 3575 3579 913
f 3106 3520 3516
f 3106 3516 3518
f 3606 3575 913
f 3567 3606 913
f 3106 3518 3514
f 3106 3514 3527
f 3569 3567 913
f 3565 3569 913
f 3106 3527 3506
f 3106 3506 3508
f 3571 3565 913
f 3561 3571 913
f 3106 3508 3504
f 3106 3504 3510
f 3563 3561 913
f 3559 3563 913
f 3106 3510 3500
f 3106 3500 3502
f 3559 913 1069
f 3573 3559 1069
f 3106 3502 3498
f 3106 3498 3512
f 3553 3573 1069
f 3555 3553 1069
f 3106 3512 3492
f 3106 3492 3494
f 3551 3555 1069
f 3557 3551 1069
f 1069 3106 3494
f 1069 3494 3490
f 3547 3557 1069
f 3549 3547 1069
f 1069 3490 3496
f 1069 3496 3486
f 3545 3549 1069
f 3608 3545 1069
f 1069 3486 3488
f 1069 3488 3484
f 3537 3608 1069
f 3539 3537 1069
f 1069 3484 3482
f 1069 3482 3483
f 3534 3539 1069
f 3541 3534 1069
f 1069 3483 3487
f 1069 3487 3485
f 3530 3541 1069
f 3532 3530 1069
f 1069 3485 3495
f 1069 3495 3489
f 3528 3532 1069
f 3543 3528 1069
f 1069 3489 3493
f 1069 3493 3491
f 3522 3543 1069
f 3524 3522 1069
f 1069 3491 3511
f 1069 3511 3497
f 3519 3524 1069
f 3526 3519 1069
f 1069 3497 3501
f 1069 3501 3499
f 3515 3526 1069
f 3517 3515 1069
f 1069 3499 3509
f 1069 3509 3503
f 3513 3517 1069
f 3544 3513 1069
f 1069 3503 3507
f 3505 3544 1069
f 3507 3505 1069
f 615 3112 643
f 643 656 674
f 674 686 692
f 692 711 721
f 721 728 740
f 740 745 754
f 754 764 774
f 774 779 792
f 792 801 808
f 808 815 821
f 821 828 3717
f 821 3717 3721
f 792 808 821
f 754 774 792
f 721 740 754
f 674 692 721
f 615 643 674
f 565 586 615
f 500 528 565
f 411 480 500
f 262 315 411
f 1088 71 262
f 1082 1085 1088
f 3668 3663 1082
f 3666 3668 1082
f 1082 1088 262
f 262 411 500
f 500 565 615
f 615 674 721
f 721 754 792
f 792 821 3721
f 792 3721 3719
f 615 721 792
f 262 500 615
f 3666 1082 262
f 3664 3666 262
f 262 615 792
f 792 3719 3731
f 792 3731 3723
f 3737 3664 262
f 3674 3737 262
f 792 3723 3729
f 792 3729 3727
f 3678 3674 262
f 3676 3678 262
f 792 3727 3725
f 792 3725 3726
f 3686 3676 262
f 3680 3686 262
f 792 3726 3728
f 792 3728 3724
f 3684 3680 262
f 3682 3684 262
f 792 3724 3730
f 792 3730 3720
f 3702 3682 262
f 3688 3702 262
f 792 3720 3722
f 792 3722 3718
f 3688 262 792
f 3692 3688 792
f 792 3718 3732
f 792 3732 3712
f 3690 3692 792
f 3700 3690 792
f 792 3712 3714
f 792 3714 3710
f 3694 3700 792
f 3698 3694 792
f 792 3710 3716
f 792 3716 3706
f 3696 3698 792
f 3735 3696 792
f 792 3706 3708
f 3704 3735 792
f 792 3708 3704
f 4074 942 946
f 946 949 954
f 954 960 963
f 963 967 973
f 973 980 984
f 984 989 992
f 992 3110 995
f 995 999 1002
f 1002 1005 1008
f 1008 1011 1014
f 1014 1016 1020
f 1020 1022 1025
f 1025 1028 1031
f 1031 1034 1038
f 1038 1040 1043
f 1043 1047 3111
f 3111 1049 1053
f 1053 1056 1059
f 1059 1061 3113
f 3113 1065 1067
f 1067 1070 1074
f 1074 1076 1079
f 1079 1082 3663
f 1079 3663 3670
f 1067 1074 1079
f 1059 3113 1067
f 3111 1053 1059
f 1038 1043 3111
f 1025 1031 1038
f 1014 1020 1025
f 1002 1008 1014
f 992 995 1002
f 973 984 992
f 954 963 973
f 4074 946 954
f 911 4075 4074
f 902 908 911
f 893 898 902
f 885 889 893
f 877 880 885
f 864 869 877
f 851 855 864
f 835 842 851
f 3717 828 835
f 3733 3717 835
f 835 851 864
f 864 877 885
f 885 893 902
f 902 911 4074
f 4074 954 973
f 973 992 1002
f 1002 1014 1025
f 1025 1038 3111
f 3111 1059 1067
f 1067 1079 3670
f 1067 3670 3659
f 1025 3111 1067
f 973 1002 1025
f 902 4074 973
f 864 885 902
f 3733 835 864
f 3711 3733 864
f 864 902 973
f 973 1025 1067
f 1067 3659 3661
f 1067 3661 3657
f 3713 3711 864
f 3709 3713 864
f 1067 3657 3653
f 1067 3653 3651
f 3715 3709 864
f 3705 3715 864
f 1067 3651 3649
f 1067 3649 3648
f 3707 3705 864
f 3703 3707 864
f 1067 3648 3644
f 1067 3644 3646
f 3734 3703 864
f 3695 3734 864
f 1067 3646 3642
f 1067 3642 3655
f 3697 3695 864
f 3693 3697 864
f 1067 3655 3634
f 1067 3634 3636
f 3699 3693 864
f 3689 3699 864
f 1067 3636 3632
f 1067 3632 3638
f 3691 3689 864
f 3687 3691 864
f 1067 3638 3628
f 1067 3628 3630
f 3687 864 973
f 3701 3687 973
f 1067 3630 3626
f 1067 3626 3640
f 3681 3701 973
f 3683 3681 973
f 1067 3640 3620
f 1067 3620 3622
f 3679 3683 973
f 3685 3679 973
f 973 1067 3622
f 973 3622 3618
f 3675 3685 973
f 3677 3675 973
f 973 3618 3624
f 973 3624 3614
f 3673 3677 973
f 3736 3673 973
f 973 3614 3616
f 973 3616 3612
f 3665 3736 973
f 3667 3665 973
f 973 3612 3610
f 973 3610 3611
f 3662 3667 973
f 3669 3662 973
f 973 3611 3615
f 973 3615 3613
f 3658 3669 973
f 3660 3658 973
f 973 3613 3623
f 973 3623 3617
f 3656 3660 973
f 3671 3656 973
f 973 3617 3621
f 973 3621 3619
f 3650 3671 973
f 3652 3650 973
f 973 3619 3639
f 973 3639 3625
f 3647 3652 973
f 3654 3647 973
f 973 3625 3629
f 973 3629 3627
f 3643 3654 973
f 3645 3643 973
f 973 3627 3637
f 973 3637 3631
f 3641 3645 973
f 3672 3641 973
f 973 3631 3635
f 3633 3672 973
f 973 3635 3633
f 4077 228 3224
f 4077 3224 4078
f 3224 228 312
f 3224 312 3225
f 3225 312 377
f 3225 377 3226
f 3226 377 420
f 3226 420 3227
f 3227 420 451
f 3227 451 3228
f 3228 451 3268
f 3228 3268 3269
f 658 3229 3272
f 658 3272 3271
f 3229 658 666
f 3229 666 3230
f 3230 666 672
f 3230 672 3231
f 3231 672 682
f 3231 682 3232
f 3232 682 689
f 3232 689 3233
f 3233 689 694
f 3233 694 3234
f 3234 694 704
f 3234 704 3235
f 3235 704 715
f 3235 715 3236
f 3236 715 720
f 3236 720 3237
f 3237 720 724
f 3237 724 3238
f 3238 724 732
f 3238 732 3239
f 3239 732 739
f 3239 739 3240
f 3240 739 747
f 3240 747 3241
f 3241 747 3117
f 3241 3117 3176
f 3174 3115 976
f 3174 976 3242
f 3242 976 979
f 3242 979 3243
f 3243 979 983
f 3243 983 3244
f 3244 983 987
f 3244 987 3245
f 3245 987 4079
f 3245 4079 4080
f 715 704 694
f 694 689 682
f 682 672 666
f 666 658 3271
f 666 3271 3274
f 694 682 666
f 720 715 694
f 732 724 720
f 747 739 732
f 3116 3117 747
f 4766 4765 3116
f 4767 4766 3116
f 3116 747 732
f 732 720 694
f 694 666 3274
f 694 3274 3276
f 3116 732 694
f 4768 4767 3116
f 4769 4768 3116
f 3116 694 3276
f 3116 3276 3277
f 4770 4769 3116
f 4771 4770 3116
f 3275 3268 451
f 451 420 377
f 377 312 228
f 228 4077 4081
f 228 4081 4085
f 451 377 228
f 3277 3275 451
f 4772 4771 3116
f 4773 4772 3116
f 3277 451 228
f 228 4085 4084
f 228 4084 4083
f 4774 4773 3116
f 4775 4774 3116
f 3277 228 4083
f 3277 4083 4082
f 4775 3116 3277
f 4776 4775 3277
f 3277 4082 4088
f 3277 4088 4087
f 4777 4776 3277
f 4778 4777 3277
f 3277 4087 4086
f 4086 4079 987
f 987 983 979
f 979 976 3115
f 3115 3114 4764
f 3115 4764 4782
f 987 979 3115
f 3277 4086 987
f 4779 4778 3277
f 4785 4779 3277
f 3277 987 3115
f 3115 4782 4783
f 3115 4783 4781
f 4787 4785 3277
f 4799 4787 3277
f 3115 4781 4780
f 3115 4780 4784
f 4800 4799 3277
f 4801 4800 3277
f 3115 4784 4786
f 3115 4786 4788
f 4797 4801 3277
f 4798 4797 3277
f 3277 3115 4788
f 3277 4788 4789
f 4796 4798 3277
f 4795 4796 3277
f 3277 4789 4802
f 3277 4802 4804
f 4794 4795 3277
f 4793 4794 3277
f 3277 4804 4805
f 3277 4805 4806
f 4792 4793 3277
f 4791 4792 3277
f 3277 4806 4808
f 3277 4808 4807
f 4790 4791 3277
f 3277 4807 4803
f 3277 4803 4790
f 3278 3273 652
f 652 660 668
f 668 678 683
f 683 693 698
f 698 707 718
f 718 722 727
f 727 734 744
f 744 750 756
f 756 760 767
f 767 772 776
f 776 783 789
f 789 796 804
f 804 809 814
f 814 818 822
f 822 3221 827
f 827 831 836
f 836 840 845
f 845 848 852
f 852 857 862
f 862 866 871
f 871 875 879
f 879 881 884
f 3118 887 891
f 879 884 3118
f 862 871 879
f 845 852 862
f 827 836 845
f 814 822 827
f 789 804 814
f 767 776 789
f 744 756 767
f 718 727 744
f 683 698 718
f 652 668 683
f 3281 3278 652
f 3822 3279 3281
f 3826 3822 3281
f 3281 652 683
f 683 718 744
f 744 767 789
f 789 814 827
f 827 845 862
f 862 879 3118
f 3118 891 894
f 894 897 900
f 900 903 905
f 905 909 912
f 912 915 917
f 917 919 922
f 922 924 927
f 927 3738 3739
f 927 3739 3743
f 917 922 927
f 905 912 917
f 894 900 905
f 862 3118 894
f 789 827 862
f 683 744 789
f 3826 3281 683
f 3824 3826 683
f 683 789 862
f 862 894 905
f 905 917 927
f 927 3743 3741
f 927 3741 3751
f 862 905 927
f 3863 3824 683
f 3832 3863 683
f 862 927 3751
f 862 3751 3745
f 3836 3832 683
f 3834 3836 683
f 862 3745 3749
f 862 3749 3747
f 3844 3834 683
f 3838 3844 683
f 862 3747 3767
f 862 3767 3753
f 3842 3838 683
f 3840 3842 683
f 862 3753 3757
f 862 3757 3755
f 3861 3840 683
f 3846 3861 683
f 862 3755 3765
f 862 3765 3759
f 3850 3846 683
f 3848 3850 683
f 862 3759 3763
f 862 3763 3761
f 3859 3848 683
f 3852 3859 683
f 862 3761 3799
f 862 3799 3769
f 3857 3852 683
f 3855 3857 683
f 862 3769 3773
f 862 3773 3771
f 3853 3855 683
f 3854 3853 683
f 862 3771 3781
f 862 3781 3775
f 3856 3854 683
f 3851 3856 683
f 862 3775 3779
f 862 3779 3777
f 3858 3851 683
f 3847 3858 683
f 862 3777 3797
f 862 3797 3783
f 3849 3847 683
f 3845 3849 683
f 862 3783 3787
f 862 3787 3785
f 3860 3845 683
f 3839 3860 683
f 862 3785 3795
f 862 3795 3789
f 3841 3839 683
f 3837 3841 683
f 862 3789 3793
f 862 3793 3791
f 3843 3837 683
f 3833 3843 683
f 862 3791 3865
f 862 3865 3801
f 3833 683 862
f 3835 3833 862
f 862 3801 3805
f 862 3805 3803
f 3831 3835 862
f 3862 3831 862
f 862 3803 3813
f 862 3813 3807
f 3823 3862 862
f 3825 3823 862
f 862 3807 3811
f 862 3811 3809
f 3821 3825 862
f 3827 3821 862
f 862 3809 3829
f 862 3829 3815
f 3817 3827 862
f 862 3815 3819
f 862 3819 3817
f 4091 4089 168
f 168 288 351
f 351 395 430
f 430 3270 3280
f 3280 3279 3822
f 3280 3822 3828
f 351 430 3280
f 4091 168 351
f 4094 4091 351
f 351 3280 3828
f 351 3828 3818
f 4096 4094 351
f 4095 4096 351
f 351 3818 3820
f 351 3820 3816
f 4098 4095 351
f 4097 4098 351
f 351 3816 3830
f 351 3830 3810
f 4093 4097 351
f 986 4090 4092
f 4093 351 3810
f 982 986 4092
f 4092 4093 3810
f 4092 3810 3812
f 977 982 4092
f 971 974 977
f 964 968 971
f 959 962 964
f 953 956 959
f 947 950 953
f 941 944 947
f 936 937 941
f 931 933 936
f 927 929 3220
f 3220 931 936
f 936 941 947
f 947 953 959
f 959 964 971
f 971 977 4092
f 4092 3812 3808
f 4092 3808 3814
f 959 971 4092
f 936 947 959
f 927 3220 936
f 3740 3738 927
f 3744 3740 927
f 927 936 959
f 959 4092 3814
f 959 3814 3804
f 3744 927 959
f 3742 3744 959
f 959 3804 3806
f 959 3806 3802
f 3752 3742 959
f 3746 3752 959
f 959 3802 3864
f 959 3864 3792
f 3750 3746 959
f 3748 3750 959
f 959 3792 3794
f 959 3794 3790
f 3768 3748 959
f 3754 3768 959
f 959 3790 3796
f 959 3796 3786
f 3758 3754 959
f 3756 3758 959
f 959 3786 3788
f 959 3788 3784
f 3766 3756 959
f 3760 3766 959
f 959 3784 3798
f 959 3798 3778
f 3764 3760 959
f 3762 3764 959
f 959 3778 3780
f 959 3780 3776
f 3800 3762 959
f 3770 3800 959
f 959 3776 3782
f 959 3782 3772
f 3774 3770 959
f 3772 3774 959
f 3172 3120 544
f 3172 544 3246
f 3246 544 554
f 3246 554 3247
f 3247 554 564
f 3247 564 3248
f 3248 564 576
f 3248 576 3249
f 3249 576 582
f 3249 582 3250
f 3250 582 594
f 3250 594 3251
f 3251 594 603
f 3251 603 3252
f 3252 603 613
f 3252 613 3253
f 3253 613 626
f 3253 626 3254
f 3254 626 636
f 3254 636 3255
f 3255 636 641
f 3255 641 3256
f 3256 641 648
f 3256 648 3257
f 3257 648 654
f 3257 654 3258
f 3283 3258 654
f 3283 654 3282
f 696 3259 3286
f 696 3286 3285
f 3259 696 701
f 3259 701 3260
f 3260 701 705
f 3260 705 3261
f 3261 705 710
f 3261 710 3262
f 3262 710 717
f 3262 717 3263
f 4100 3263 717
f 4100 717 4099
f 729 3264 4102
f 729 4102 4101
f 3264 729 733
f 3264 733 3265
f 3265 733 736
f 3265 736 3266
f 3266 736 741
f 3266 741 3267
f 3267 741 3122
f 3267 3122 3173
f 3288 3282 654
f 654 648 641
f 641 636 626
f 626 613 603
f 603 594 582
f 582 576 564
f 564 554 544
f 544 3120 3119
f 3119 5026 5028
f 3119 5028 5029
f 564 544 3119
f 603 582 564
f 641 626 603
f 3288 654 641
f 3291 3288 641
f 641 603 564
f 564 3119 5029
f 564 5029 5030
f 3291 641 564
f 3290 3291 564
f 564 5030 5031
f 564 5031 5045
f 3289 3290 564
f 696 3285 3289
f 705 701 696
f 717 710 705
f 4103 4099 717
f 4107 4103 717
f 717 705 696
f 696 3289 564
f 564 5045 5046
f 564 5046 5047
f 4107 717 696
f 4108 4107 696
f 564 5047 5054
f 564 5054 5056
f 4109 4108 696
f 4110 4109 696
f 564 5056 5059
f 564 5059 5064
f 4105 4110 696
f 4106 4105 696
f 564 5064 5041
f 564 5041 5042
f 4104 4106 696
f 729 4101 4104
f 736 733 729
f 3122 741 736
f 5027 3121 3122
f 5048 5027 3122
f 3122 736 729
f 729 4104 696
f 564 5042 5040
f 564 5040 5043
f 3122 729 696
f 5049 5048 3122
f 5050 5049 3122
f 696 564 5043
f 696 5043 5038
f 5050 3122 696
f 5051 5050 696
f 696 5038 5039
f 696 5039 5044
f 5052 5051 696
f 5053 5052 696
f 696 5044 5035
f 696 5035 5036
f 5055 5053 696
f 5057 5055 696
f 696 5036 5034
f 696 5034 5037
f 5058 5057 696
f 5060 5058 696
f 696 5037 5032
f 696 5032 5033
f 5061 5060 696
f 5062 5061 696
f 696 5033 5063
f 696 5063 5068
f 5065 5062 696
f 5066 5065 696
f 696 5068 5070
f 696 5070 5069
f 5067 5066 696
f 5069 5067 696
f 290 3223 335
f 335 354 389
f 389 407 423
f 423 443 453
f 453 472 488
f 488 508 514
f 514 520 525
f 525 531 538
f 538 552 560
f 560 571 580
f 580 589 602
f 602 607 3989
f 602 3989 3988
f 560 580 602
f 525 538 560
f 488 514 525
f 423 453 488
f 335 389 423
f 266 290 335
f 114 215 266
f 37 99 114
f 870 874 37
f 865 867 870
f 3894 3884 865
f 3887 3894 865
f 865 870 37
f 37 114 266
f 266 335 423
f 423 488 525
f 525 560 602
f 602 3988 3921
f 602 3921 3919
f 423 525 602
f 37 266 423
f 3887 865 37
f 3889 3887 37
f 37 423 602
f 602 3919 3918
f 602 3918 3920
f 3888 3889 37
f 3893 3888 37
f 602 3920 3922
f 602 3922 3917
f 3890 3893 37
f 3892 3890 37
f 602 3917 3916
f 602 3916 3923
f 3891 3892 37
f 3925 3891 37
f 602 3923 3913
f 602 3913 3914
f 3896 3925 37
f 3895 3896 37
f 602 3914 3912
f 602 3912 3915
f 3900 3895 37
f 3897 3900 37
f 37 602 3915
f 37 3915 3910
f 3899 3897 37
f 3898 3899 37
f 37 3910 3911
f 37 3911 3909
f 3908 3898 37
f 3901 3908 37
f 37 3909 3924
f 37 3924 3905
f 3903 3901 37
f 3902 3903 37
f 37 3905 3906
f 37 3906 3904
f 3907 3902 37
f 3904 3907 37
f 3287 695 699
f 699 702 708
f 708 714 4112
f 708 4112 4113
f 3287 699 708
f 3293 3287 708
f 708 4113 4111
f 708 4111 4118
f 3294 3293 708
f 3295 3294 708
f 708 4118 4117
f 708 4117 4116
f 3292 3295 708
f 650 3284 3292
f 640 645 650
f 619 628 640
f 3989 607 619
f 3987 3989 619
f 619 640 650
f 650 3292 708
f 708 4116 4114
f 708 4114 4115
f 619 650 708
f 3991 3987 619
f 3985 3991 619
f 619 708 4115
f 4119 4120 726
f 619 4115 4119
f 3986 3985 619
f 3984 3986 619
f 619 4119 726
f 726 730 735
f 735 738 742
f 742 746 749
f 749 752 757
f 757 761 765
f 765 768 770
f 770 773 777
f 777 780 785
f 785 790 793
f 3219 799 803
f 785 793 3219
f 770 777 785
f 757 765 770
f 742 749 757
f 726 735 742
f 3990 3984 619
f 3981 3990 619
f 619 726 742
f 742 757 770
f 770 785 3219
f 3219 803 807
f 807 811 813
f 813 816 819
f 819 823 826
f 826 829 832
f 832 834 838
f 838 841 843
f 843 846 3123
f 3123 849 853
f 853 856 858
f 858 861 865
f 865 3884 3885
f 865 3885 3883
f 853 858 865
f 843 3123 853
f 832 838 843
f 819 826 832
f 807 813 819
f 770 3219 807
f 619 742 770
f 3982 3981 619
f 3983 3982 619
f 770 807 819
f 819 832 843
f 843 853 865
f 865 3883 3886
f 865 3886 3881
f 819 843 865
f 3980 3983 619
f 3977 3980 619
f 770 819 865
f 865 3881 3882
f 865 3882 3880
f 3978 3977 619
f 3979 3978 619
f 865 3880 3878
f 865 3878 3875
f 3976 3979 619
f 3993 3976 619
f 865 3875 3876
f 865 3876 3874
f 3972 3993 619
f 3973 3972 619
f 865 3874 3877
f 865 3877 3873
f 3971 3973 619
f 3974 3971 619
f 865 3873 3872
f 865 3872 3879
f 3968 3974 619
f 3969 3968 619
f 770 865 3879
f 770 3879 3869
f 3970 3969 619
f 3967 3970 619
f 770 3869 3870
f 770 3870 3868
f 3975 3967 619
f 3964 3975 619
f 770 3868 3871
f 770 3871 3866
f 3964 619 770
f 3965 3964 770
f 770 3866 3867
f 770 3867 3940
f 3963 3965 770
f 3966 3963 770
f 770 3940 3935
f 770 3935 3942
f 3961 3966 770
f 3962 3961 770
f 770 3942 3930
f 770 3930 3933
f 3960 3962 770
f 3992 3960 770
f 770 3933 3928
f 770 3928 3926
f 3955 3992 770
f 3956 3955 770
f 770 3926 3927
f 770 3927 3932
f 3957 3956 770
f 3954 3957 770
f 770 3932 3929
f 770 3929 3931
f 3958 3954 770
f 3952 3958 770
f 770 3931 3934
f 770 3934 3939
f 3953 3952 770
f 3951 3953 770
f 770 3939 3936
f 770 3936 3938
f 3959 3951 770
f 3947 3959 770
f 770 3938 3937
f 770 3937 3941
f 3948 3947 770
f 3949 3948 770
f 770 3941 3943
f 770 3943 3945
f 3946 3949 770
f 3950 3946 770
f 770 3945 3944
f 770 3944 3950
f 3299 3286 3259
f 3299 3259 3260
f 3300 3299 3260
f 3300 3260 3261
f 4124 4121 3301
f 3301 3300 3261
f 3301 3261 3262
f 4125 4124 3301
f 4126 4125 3301
f 3301 3262 3263
f 3263 4100 4127
f 3263 4127 4130
f 4126 3301 3263
f 4122 4126 3263
f 3263 4130 4129
f 3263 4129 4128
f 4123 4122 3263
f 3263 4128 4123
f 4034 4102 3264
f 4034 3264 3265
f 3267 3173 4034
f 4034 3265 3266
f 4034 3266 3267
f 4035 3174 3242
f 4035 3242 3243
f 3245 4080 4035
f 4035 3243 3244
f 4035 3244 3245
f 4138 4078 3224
f 4138 3224 3225
f 4139 4138 3225
f 4139 3225 3226
f 4140 4139 3226
f 4140 3226 3227
f 4137 4140 3227
f 3228 3269 3298
f 4137 3227 3228
f 4133 4137 3228
f 3228 3298 3297
f 3296 4131 4134
f 4133 3228 3297
f 3297 3296 4134
f 3297 4134 4136
f 4132 4133 3297
f 3297 4136 4135
f 3297 4135 4132
f 3241 3176 3175
f 3175 3177 3178
f 3178 3179 3180
f 3180 3181 3182
f 3182 3183 3184
f 3184 3185 3186
f 3186 3187 3188
f 3188 3189 3190
f 3190 3191 3192
f 3192 3193 3194
f 3194 3195 3196
f 3196 3197 3198
f 3198 3199 3200
f 3200 3201 3202
f 3203 3204 3205
f 3200 3202 3203
f 3196 3198 3200
f 3192 3194 3196
f 3188 3190 3192
f 3184 3186 3188
f 3180 3182 3184
f 3175 3178 3180
f 3240 3241 3175
f 3239 3240 3175
f 3175 3180 3184
f 3184 3188 3192
f 3192 3196 3200
f 3200 3203 3205
f 3205 3206 3207
f 3207 3208 3209
f 3209 3210 3211
f 3211 3212 3213
f 3213 3214 3215
f 3215 3216 3217
f 3217 3218 3127
f 3127 3126 3128
f 3128 3129 3130
f 3130 3131 3132
f 3133 3135 3134
f 3130 3132 3133
f 3127 3128 3130
f 3215 3217 3127
f 3211 3213 3215
f 3207 3209 3211
f 3200 3205 3207
f 3184 3192 3200
f 3239 3175 3184
f 3238 3239 3184
f 3184 3200 3207
f 3207 3211 3215
f 3215 3127 3130
f 3130 3133 3134
f 3134 3136 3137
f 3137 3138 3139
f 3139 3140 3141
f 3141 3142 3143
f 3143 3144 3145
f 3145 3146 3147
f 3147 3148 3149
f 3149 3150 3151
f 3151 3152 3153
f 3153 3154 3155
f 3155 3156 3157
f 3157 3158 3159
f 3159 3160 3161
f 3161 3162 3163
f 3163 3164 3165
f 3165 3166 3167
f 3167 3168 3169
f 3169 3170 3171
f 3171 3172 3246
f 3171 3246 3247
f 3167 3169 3171
f 3163 3165 3167
f 3159 3161 3163
f 3155 3157 3159
f 3151 3153 3155
f 3147 3149 3151
f 3143 3145 3147
f 3139 3141 3143
f 3134 3137 3139
f 3215 3130 3134
f 3237 3238 3184
f 3236 3237 3184
f 3207 3215 3134
f 3134 3139 3143
f 3143 3147 3151
f 3151 3155 3159
f 3159 3163 3167
f 3167 3171 3247
f 3167 3247 3248
f 3151 3159 3167
f 3134 3143 3151
f 3235 3236 3184
f 3234 3235 3184
f 3151 3167 3248
f 3151 3248 3249
f 3233 3234 3184
f 3232 3233 3184
f 3258 3283 3384
f 3258 3384 3387
f 3257 3258 3387
f 3257 3387 3388
f 3256 3257 3388
f 3256 3388 3385
f 3255 3256 3385
f 3255 3385 3386
f 3254 3255 3386
f 3254 3386 3383
f 3253 3254 3383
f 3253 3383 3382
f 3252 3253 3382
f 3252 3382 3381
f 3251 3252 3381
f 3251 3381 3380
f 3250 3251 3380
f 3250 3380 3379
f 3231 3232 3184
f 3230 3231 3184
f 3249 3250 3379
f 3249 3379 3378
f 3229 3230 3184
f 3304 3272 3229
f 3302 3304 3229
f 3249 3378 3377
f 3151 3249 3377
f 3302 3229 3184
f 3303 3302 3184
f 3151 3377 3376
f 3151 3376 3375
f 3305 3303 3184
f 3306 3305 3184
f 3151 3375 3374
f 3151 3374 3373
f 3307 3306 3184
f 3308 3307 3184
f 3151 3373 3372
f 3151 3372 3371
f 3309 3308 3184
f 3310 3309 3184
f 3151 3371 3370
f 3151 3370 3369
f 3311 3310 3184
f 3312 3311 3184
f 3151 3369 3368
f 3151 3368 3367
f 3313 3312 3184
f 3314 3313 3184
f 3151 3367 3366
f 3151 3366 3365
f 3315 3314 3184
f 3316 3315 3184
f 3151 3365 3364
f 3151 3364 3363
f 3317 3316 3184
f 3318 3317 3184
f 3134 3151 3363
f 3134 3363 3362
f 3319 3318 3184
f 3320 3319 3184
f 3134 3362 3361
f 3134 3361 3360
f 3321 3320 3184
f 3322 3321 3184
f 3134 3360 3359
f 3134 3359 3358
f 3322 3184 3207
f 3323 3322 3207
f 3134 3358 3357
f 3134 3357 3356
f 3324 3323 3207
f 3325 3324 3207
f 3134 3356 3355
f 3134 3355 3354
f 3326 3325 3207
f 3327 3326 3207
f 3134 3354 3353
f 3134 3353 3352
f 3328 3327 3207
f 3329 3328 3207
f 3134 3352 3351
f 3134 3351 3350
f 3330 3329 3207
f 3331 3330 3207
f 3134 3350 3349
f 3134 3349 3348
f 3332 3331 3207
f 3333 3332 3207
f 3134 3348 3347
f 3134 3347 3346
f 3334 3333 3207
f 3335 3334 3207
f 3134 3346 3344
f 3134 3344 3345
f 3336 3335 3207
f 3337 3336 3207
f 3207 3134 3345
f 3207 3345 3343
f 3338 3337 3207
f 3339 3338 3207
f 3207 3343 3342
f 3207 3342 3341
f 3340 3339 3207
f 3207 3341 3340
f 3464 3284 650
f 3464 650 645
f 3463 3464 645
f 3463 645 640
f 3461 3463 640
f 3461 640 628
f 3458 3461 628
f 3458 628 619
f 3457 3458 619
f 3457 619 607
f 3456 3457 607
f 3456 607 602
f 3453 3456 602
f 3453 602 589
f 3451 3453 589
f 3451 589 580
f 3450 3451 580
f 3450 580 571
f 3449 3450 571
f 3449 571 560
f 3447 3449 560
f 3447 560 552
f 3445 3447 552
f 3445 552 538
f 3397 3445 538
f 3397 538 531
f 3395 3397 531
f 3395 531 525
f 3393 3395 525
f 3393 525 520
f 3390 3393 520
f 3390 520 514
f 3390 514 508
f 3390 508 488
f 3391 3390 488
f 3391 488 472
f 3391 472 453
f 3391 453 443
f 3391 443 423
f 3391 423 407
f 3389 3391 407
f 3389 407 389
f 3389 389 354
f 335 3223 778
f 3389 354 335
f 3389 335 778
f 778 782 784
f 784 788 791
f 791 794 797
f 797 800 802
f 802 806 1
f 1 61 96
f 96 131 160
f 160 207 256
f 256 274 302
f 302 328 340
f 340 368 385
f 385 401 413
f 413 425 439
f 439 446 3222
f 3222 458 468
f 468 474 482
f 482 494 504
f 504 510 516
f 516 522 3125
f 3125 523 529
f 529 534 540
f 540 545 548
f 548 556 558
f 558 561 569
f 569 573 3124
f 3124 578 584
f 584 588 591
f 591 600 606
f 606 610 612
f 612 617 624
f 624 634 637
f 637 639 642
f 642 644 647
f 647 649 653
f 653 655 657
f 657 659 662
f 662 663 665
f 665 667 670
f 670 671 673
f 673 675 677
f 677 679 681
f 681 684 685
f 685 687 690
f 690 691 3221
f 690 3221 822
f 681 685 690
f 673 677 681
f 665 670 673
f 657 662 665
f 647 653 657
f 637 642 647
f 612 624 637
f 591 606 612
f 3124 584 591
f 558 569 3124
f 540 548 558
f 3125 529 540
f 504 516 3125
f 468 482 504
f 439 3222 468
f 385 413 439
f 302 340 385
f 160 256 302
f 1 96 160
f 797 802 1
f 784 791 797
f 3389 778 784
f 3392 3389 784
f 784 797 1
f 1 160 302
f 302 385 439
f 439 468 504
f 504 3125 540
f 540 558 3124
f 3124 591 612
f 612 637 647
f 647 657 665
f 665 673 681
f 681 690 822
f 681 822 818
f 647 665 681
f 3124 612 647
f 504 540 3124
f 302 439 504
f 784 1 302
f 3394 3392 784
f 3394 784 302
f 302 504 3124
f 3124 647 681
f 681 818 814
f 681 814 809
f 3396 3394 302
f 3446 3396 302
f 681 809 804
f 681 804 796
f 3448 3446 302
f 3452 3448 302
f 681 796 789
f 681 789 783
f 3454 3452 302
f 3459 3454 302
f 681 783 776
f 681 776 772
f 3465 3459 302
f 3468 3465 302
f 681 772 767
f 681 767 760
f 3480 3468 302
f 3476 3480 302
f 681 760 756
f 681 756 750
f 3475 3476 302
f 3479 3475 302
f 681 750 744
f 681 744 734
f 3477 3479 302
f 3478 3477 302
f 681 734 727
f 681 727 722
f 3478 302 3124
f 3471 3478 3124
f 681 722 718
f 681 718 707
f 3467 3471 3124
f 3428 3467 3124
f 681 707 698
f 681 698 693
f 3442 3428 3124
f 3434 3442 3124
f 681 693 683
f 681 683 678
f 3432 3434 3124
f 3440 3432 3124
f 652 3273 3466
f 652 3466 3462
f 660 652 3462
f 660 3462 3460
f 668 660 3460
f 668 3460 3455
f 678 668 3455
f 678 3455 3398
f 3439 3440 3124
f 3438 3439 3124
f 681 678 3398
f 681 3398 3399
f 3436 3438 3124
f 3437 3436 3124
f 681 3399 3402
f 681 3402 3401
f 3435 3437 3124
f 3441 3435 3124
f 681 3401 3400
f 681 3400 3408
f 3433 3441 3124
f 3431 3433 3124
f 681 3408 3404
f 681 3404 3403
f 3443 3431 3124
f 3429 3443 3124
f 681 3403 3407
f 681 3407 3406
f 3426 3429 3124
f 3427 3426 3124
f 681 3406 3405
f 681 3405 3420
f 3430 3427 3124
f 3423 3430 3124
f 681 3420 3410
f 681 3410 3409
f 3424 3423 3124
f 3425 3424 3124
f 681 3409 3413
f 681 3413 3412
f 3421 3425 3124
f 3422 3421 3124
f 681 3412 3411
f 681 3411 3419
f 3444 3422 3124
f 3416 3444 3124
f 3124 681 3419
f 3124 3419 3415
f 3418 3416 3124
f 3417 3418 3124
f 3124 3415 3414
f 3124 3414 3417
f 3470 3270 430
f 3470 430 395
f 3474 3470 395
f 3474 395 351
f 4144 4141 3481
f 3481 3474 351
f 3481 351 288
f 4145 4144 3481
f 4146 4145 3481
f 3481 288 168
f 168 4089 4147
f 168 4147 4148
f 4146 3481 168
f 4142 4146 168
f 168 4148 4150
f 168 4150 4149
f 4143 4142 168
f 168 4149 4143
f 931 3220 706
f 706 709 713
f 713 716 4036
f 4036 4090 986
f 4036 986 982
f 706 713 4036
f 933 931 706
f 936 933 706
f 4036 982 977
f 4036 977 974
f 936 706 4036
f 937 936 4036
f 4036 974 971
f 4036 971 968
f 941 937 4036
f 944 941 4036
f 4036 968 964
f 4036 964 962
f 947 944 4036
f 950 947 4036
f 4036 962 959
f 4036 959 956
f 953 950 4036
f 4036 956 953
f 4120 4037 753
f 753 755 758
f 758 762 3219
f 758 3219 793
f 726 4120 753
f 730 726 753
f 753 758 793
f 753 793 790
f 735 730 753
f 738 735 753
f 753 790 785
f 753 785 780
f 742 738 753
f 746 742 753
f 753 780 777
f 753 777 773
f 749 746 753
f 752 749 753
f 753 773 770
f 753 770 768
f 757 752 753
f 761 757 753
f 753 768 765
f 753 765 761
f 4159 4112 714
f 4159 714 708
f 4160 4159 708
f 4160 708 702
f 4158 4160 702
f 4158 702 699
f 4157 4158 699
f 695 3287 3469
f 4157 699 695
f 4156 4157 695
f 695 3469 3473
f 3472 4151 4154
f 4156 695 3473
f 3473 3472 4154
f 3473 4154 4153
f 4152 4156 3473
f 3473 4153 4155
f 3473 4155 4152
f 3397 3376 3377
f 3397 3377 3445
f 3395 3375 3376
f 3395 3376 3397
f 3393 3374 3375
f 3393 3375 3395
f 3390 3373 3374
f 3390 3374 3393
f 3391 3372 3373
f 3391 3373 3390
f 3389 3371 3372
f 3389 3372 3391
f 3392 3370 3371
f 3392 3371 3389
f 3394 3369 3370
f 3394 3370 3392
f 3396 3368 3369
f 3396 3369 3394
f 3446 3367 3368
f 3446 3368 3396
f 3448 3366 3367
f 3448 3367 3446
f 3452 3365 3366
f 3452 3366 3448
f 3454 3364 3365
f 3454 3365 3452
f 3459 3363 3364
f 3459 3364 3454
f 3465 3362 3363
f 3465 3363 3459
f 3468 3361 3362
f 3468 3362 3465
f 3361 3468 3480
f 3361 3480 3360
f 3359 3360 3480
f 3359 3480 3476
f 3358 3359 3476
f 3358 3476 3475
f 3357 3358 3475
f 3357 3475 3479
f 3356 3357 3479
f 3356 3479 3477
f 3355 3356 3477
f 3355 3477 3478
f 3354 3355 3478
f 3354 3478 3471
f 3353 3354 3471
f 3353 3471 3467
f 3352 3353 3467
f 3352 3467 3428
f 3351 3352 3428
f 3351 3428 3442
f 3350 3351 3442
f 3350 3442 3434
f 3349 3350 3434
f 3349 3434 3432
f 3348 3349 3432
f 3348 3432 3440
f 3347 3348 3440
f 3347 3440 3439
f 3346 3347 3439
f 3346 3439 3438
f 3344 3346 3438
f 3344 3438 3436
f 3345 3344 3436
f 3345 3436 3437
f 3343 3345 3437
f 3343 3437 3435
f 3342 3343 3435
f 3342 3435 3441
f 3341 3342 3441
f 3341 3441 3433
f 3340 3341 3433
f 3340 3433 3431
f 3339 3340 3431
f 3339 3431 3443
f 3338 3339 3443
f 3338 3443 3429
f 3337 3338 3429
f 3337 3429 3426
f 3336 3337 3426
f 3336 3426 3427
f 3335 3336 3427
f 3335 3427 3430
f 3334 3335 3430
f 3334 3430 3423
f 3333 3334 3423
f 3333 3423 3424
f 3332 3333 3424
f 3332 3424 3425
f 3331 3332 3425
f 3331 3425 3421
f 3330 3331 3421
f 3330 3421 3422
f 3329 3330 3422
f 3329 3422 3444
f 3328 3329 3444
f 3328 3444 3416
f 3327 3328 3416
f 3327 3416 3418
f 3326 3327 3418
f 3326 3418 3417
f 3325 3326 3417
f 3325 3417 3414
f 3324 3325 3414
f 3324 3414 3415
f 3323 3324 3415
f 3323 3415 3419
f 3322 3323 3419
f 3322 3419 3411
f 3321 3322 3411
f 3321 3411 3412
f 3320 3321 3412
f 3320 3412 3413
f 3319 3320 3413
f 3319 3413 3409
f 3318 3319 3409
f 3318 3409 3410
f 3317 3318 3410
f 3317 3410 3420
f 3316 3317 3420
f 3316 3420 3405
f 3315 3316 3405
f 3315 3405 3406
f 3314 3315 3406
f 3314 3406 3407
f 3313 3314 3407
f 3313 3407 3403
f 3312 3313 3403
f 3312 3403 3404
f 3311 3312 3404
f 3311 3404 3408
f 3310 3311 3408
f 3310 3408 3400
f 3309 3310 3400
f 3309 3400 3401
f 3308 3309 3401
f 3308 3401 3402
f 3307 3308 3402
f 3307 3402 3399
f 3306 3307 3399
f 3306 3399 3398
f 3305 3306 3398
f 3305 3398 3455
f 3303 3305 3455
f 3303 3455 3460
f 3302 3303 3460
f 3302 3460 3462
f 3304 3302 3462
f 3304 3462 3466
f 3278 3274 3271
f 3272 3304 3466
f 3278 3271 3272
f 3272 3466 3273
f 3272 3273 3278
f 3276 3274 3278
f 3276 3278 3281
f 3277 3276 3281
f 3277 3281 3279
f 3275 3277 3279
f 3275 3279 3280
f 3270 3470 3298
f 3269 3268 3275
f 3270 3298 3269
f 3275 3280 3270
f 3270 3269 3275
f 3474 3297 3298
f 3474 3298 3470
f 3481 3296 3297
f 3481 3297 3474
f 3296 3481 4141
f 3296 4141 4131
f 4151 3472 3301
f 4151 3301 4121
f 3473 3300 3301
f 3473 3301 3472
f 3469 3299 3300
f 3469 3300 3473
f 3293 3289 3285
f 3286 3299 3469
f 3293 3285 3286
f 3286 3469 3287
f 3286 3287 3293
f 3294 3290 3289
f 3294 3289 3293
f 3295 3291 3290
f 3295 3290 3294
f 3292 3288 3291
f 3292 3291 3295
f 3284 3464 3384
f 3283 3282 3288
f 3284 3384 3283
f 3288 3292 3284
f 3284 3283 3288
f 3463 3387 3384
f 3463 3384 3464
f 3461 3388 3387
f 3461 3387 3463
f 3458 3385 3388
f 3458 3388 3461
f 3457 3386 3385
f 3457 3385 3458
f 3456 3383 3386
f 3456 3386 3457
f 3453 3382 3383
f 3453 3383 3456
f 3451 3381 3382
f 3451 3382 3453
f 3450 3380 3381
f 3450 3381 3451
f 3449 3379 3380
f 3449 3380 3450
f 3447 3378 3379
f 3447 3379 3449
f 3445 3377 3378
f 3445 3378 3447
f 3598 3597 4291
f 3598 4291 4292
f 3600 3598 4292
f 3600 4292 4293
f 3596 3600 4293
f 3596 4293 4294
f 3602 3596 4294
f 3602 4294 4295
f 3592 3602 4295
f 3592 4295 4296
f 3594 3592 4296
f 3594 4296 4297
f 3590 3594 4297
f 3590 4297 4298
f 3604 3590 4298
f 3604 4298 4299
f 3584 3604 4299
f 3584 4299 4300
f 3586 3584 4300
f 3586 4300 4301
f 3582 3586 4301
f 3582 4301 4302
f 3588 3582 4302
f 3588 4302 4303
f 3578 3588 4303
f 3578 4303 4304
f 3580 3578 4304
f 3580 4304 4305
f 3576 3580 4305
f 3576 4305 4306
f 3607 3576 4306
f 3607 4306 4307
f 4308 3568 3607
f 4308 3607 4307
f 4309 3570 3568
f 4309 3568 4308
f 4310 3566 3570
f 4310 3570 4309
f 4311 3572 3566
f 4311 3566 4310
f 4312 3562 3572
f 4312 3572 4311
f 4313 3564 3562
f 4313 3562 4312
f 4314 3560 3564
f 4314 3564 4313
f 4315 3574 3560
f 4315 3560 4314
f 4316 3554 3574
f 4316 3574 4315
f 4317 3556 3554
f 4317 3554 4316
f 4318 3552 3556
f 4318 3556 4317
f 4319 3558 3552
f 4319 3552 4318
f 4320 3548 3558
f 4320 3558 4319
f 4321 3550 3548
f 4321 3548 4320
f 4322 3546 3550
f 4322 3550 4321
f 4323 3609 3546
f 4323 3546 4322
f 4324 3536 3609
f 4324 3609 4323
f 4325 3538 3536
f 4325 3536 4324
f 4326 3540 3538
f 4326 3538 4325
f 4327 3535 3540
f 4327 3540 4326
f 4328 3542 3535
f 4328 3535 4327
f 4329 3531 3542
f 4329 3542 4328
f 4330 3533 3531
f 4330 3531 4329
f 4331 3529 3533
f 4331 3533 4330
f 4332 3525 3529
f 4332 3529 4331
f 4333 3523 3525
f 4333 3525 4332
f 4334 3521 3523
f 4334 3523 4333
f 4335 3520 3521
f 4335 3521 4334
f 4336 3516 3520
f 4336 3520 4335
f 4337 3518 3516
f 4337 3516 4336
f 4338 3514 3518
f 4338 3518 4337
f 4339 3527 3514
f 4339 3514 4338
f 4340 3506 3527
f 4340 3527 4339
f 4341 3508 3506
f 4341 3506 4340
f 4342 3504 3508
f 4342 3508 4341
f 4343 3510 3504
f 4343 3504 4342
f 4344 3500 3510
f 4344 3510 4343
f 4345 3502 3500
f 4345 3500 4344
f 4346 3498 3502
f 4346 3502 4345
f 4347 3512 3498
f 4347 3498 4346
f 4348 3492 3512
f 4348 3512 4347
f 4349 3494 3492
f 4349 3492 4348
f 4350 3490 3494
f 4350 3494 4349
f 4351 3496 3490
f 4351 3490 4350
f 4352 3486 3496
f 4352 3496 4351
f 4353 3488 3486
f 4353 3486 4352
f 4354 3484 3488
f 4354 3488 4353
f 4355 3482 3484
f 4355 3484 4354
f 4356 3483 3482
f 4356 3482 4355
f 4357 3487 3483
f 4357 3483 4356
f 4358 3485 3487
f 4358 3487 4357
f 4359 3495 3485
f 4359 3485 4358
f 4360 3489 3495
f 4360 3495 4359
f 4361 3493 3489
f 4361 3489 4360
f 4362 3491 3493
f 4362 3493 4361
f 4363 3511 3491
f 4363 3491 4362
f 4364 3497 3511
f 4364 3511 4363
f 4365 3501 3497
f 4365 3497 4364
f 4366 3499 3501
f 4366 3501 4365
f 4367 3509 3499
f 4367 3499 4366
f 4368 3503 3509
f 4368 3509 4367
f 4369 3507 3503
f 4369 3503 4368
f 4370 3505 3507
f 4370 3507 4369
f 4371 3544 3505
f 4371 3505 4370
f 3513 3544 4371
f 3513 4371 4372
f 3517 3513 4372
f 3517 4372 4373
f 3515 3517 4373
f 3515 4373 4374
f 3526 3515 4374
f 3526 4374 4375
f 3519 3526 4375
f 3519 4375 4376
f 3524 3519 4376
f 3524 4376 4377
f 3522 3524 4377
f 3522 4377 4378
f 3543 3522 4378
f 3543 4378 4379
f 3528 3543 4379
f 3528 4379 4380
f 3532 3528 4380
f 3532 4380 4381
f 3530 3532 4381
f 3530 4381 4382
f 3541 3530 4382
f 3541 4382 4383
f 3534 3541 4383
f 3534 4383 4384
f 3539 3534 4384
f 3539 4384 4385
f 3537 3539 4385
f 3537 4385 4386
f 3608 3537 4386
f 3608 4386 4387
f 3545 3608 4387
f 3545 4387 4388
f 3549 3545 4388
f 3549 4388 4389
f 3547 3549 4389
f 3547 4389 4390
f 3557 3547 4390
f 3557 4390 4391
f 3551 3557 4391
f 3551 4391 4392
f 3555 3551 4392
f 3555 4392 4393
f 3553 3555 4393
f 3553 4393 4394
f 3573 3553 4394
f 3573 4394 4395
f 3559 3573 4395
f 3559 4395 4396
f 3563 3559 4396
f 3563 4396 4397
f 3561 3563 4397
f 3561 4397 4398
f 3571 3561 4398
f 3571 4398 4399
f 3565 3571 4399
f 3565 4399 4400
f 3569 3565 4400
f 3569 4400 4401
f 3567 3569 4401
f 3567 4401 4402
f 3606 3567 4402
f 3606 4402 4403
f 3575 3606 4403
f 3575 4403 4404
f 3579 3575 4404
f 3579 4404 4405
f 3577 3579 4405
f 3577 4405 4406
f 3587 3577 4406
f 3587 4406 4407
f 3581 3587 4407
f 3581 4407 4408
f 3585 3581 4408
f 3585 4408 4409
f 3583 3585 4409
f 3583 4409 4410
f 3605 3583 4410
f 3605 4410 4411
f 3589 3605 4411
f 3589 4411 4412
f 3593 3589 4412
f 3593 4412 4413
f 3591 3593 4413
f 3591 4413 4414
f 3603 3591 4414
f 3603 4414 4415
f 3595 3603 4415
f 3595 4415 4416
f 3601 3595 4416
f 3601 4416 4417
f 3599 3601 4417
f 3599 4417 4418
f 3597 3599 4418
f 3597 4418 4291
f 3726 3725 4549
f 3726 4549 4550
f 3728 3726 4550
f 3728 4550 4551
f 3724 3728 4551
f 3724 4551 4552
f 3730 3724 4552
f 3730 4552 4553
f 3720 3730 4553
f 3720 4553 4554
f 3722 3720 4554
f 3722 4554 4555
f 3718 3722 4555
f 3718 4555 4556
f 3732 3718 4556
f 3732 4556 4557
f 3712 3732 4557
f 3712 4557 4558
f 3714 3712 4558
f 3714 4558 4559
f 3710 3714 4559
f 3710 4559 4560
f 3716 3710 4560
f 3716 4560 4561
f 3706 3716 4561
f 3706 4561 4562
f 3708 3706 4562
f 3708 4562 4563
f 3704 3708 4563
f 3704 4563 4564
f 3735 3704 4564
f 3735 4564 4565
f 4566 3696 3735
f 4566 3735 4565
f 4567 3698 3696
f 4567 3696 4566
f 4568 3694 3698
f 4568 3698 4567
f 4569 3700 3694
f 4569 3694 4568
f 4570 3690 3700
f 4570 3700 4569
f 4571 3692 3690
f 4571 3690 4570
f 4572 3688 3692
f 4572 3692 4571
f 4573 3702 3688
f 4573 3688 4572
f 4574 3682 3702
f 4574 3702 4573
f 4575 3684 3682
f 4575 3682 4574
f 4576 3680 3684
f 4576 3684 4575
f 4577 3686 3680
f 4577 3680 4576
f 4578 3676 3686
f 4578 3686 4577
f 4579 3678 3676
f 4579 3676 4578
f 4580 3674 3678
f 4580 3678 4579
f 4581 3737 3674
f 4581 3674 4580
f 4582 3664 3737
f 4582 3737 4581
f 4583 3666 3664
f 4583 3664 4582
f 4584 3668 3666
f 4584 3666 4583
f 4585 3663 3668
f 4585 3668 4584
f 4586 3670 3663
f 4586 3663 4585
f 4587 3659 3670
f 4587 3670 4586
f 4588 3661 3659
f 4588 3659 4587
f 4589 3657 3661
f 4589 3661 4588
f 4590 3653 3657
f 4590 3657 4589
f 4591 3651 3653
f 4591 3653 4590
f 4592 3649 3651
f 4592 3651 4591
f 4593 3648 3649
f 4593 3649 4592
f 4594 3644 3648
f 4594 3648 4593
f 4595 3646 3644
f 4595 3644 4594
f 4596 3642 3646
f 4596 3646 4595
f 4597 3655 3642
f 4597 3642 4596
f 4598 3634 3655
f 4598 3655 4597
f 4599 3636 3634
f 4599 3634 4598
f 4600 3632 3636
f 4600 3636 4599
f 4601 3638 3632
f 4601 3632 4600
f 4602 3628 3638
f 4602 3638 4601
f 4603 3630 3628
f 4603 3628 4602
f 4604 3626 3630
f 4604 3630 4603
f 4605 3640 3626
f 4605 3626 4604
f 4606 3620 3640
f 4606 3640 4605
f 4607 3622 3620
f 4607 3620 4606
f 4608 3618 3622
f 4608 3622 4607
f 4609 3624 3618
f 4609 3618 4608
f 4610 3614 3624
f 4610 3624 4609
f 4611 3616 3614
f 4611 3614 4610
f 4612 3612 3616
f 4612 3616 4611
f 4613 3610 3612
f 4613 3612 4612
f 4614 3611 3610
f 4614 3610 4613
f 4615 3615 3611
f 4615 3611 4614
f 4616 3613 3615
f 4616 3615 4615
f 4617 3623 3613
f 4617 3613 4616
f 4618 3617 3623
f 4618 3623 4617
f 4619 3621 3617
f 4619 3617 4618
f 4620 3619 3621
f 4620 3621 4619
f 4621 3639 3619
f 4621 3619 4620
f 4622 3625 3639
f 4622 3639 4621
f 4623 3629 3625
f 4623 3625 4622
f 4624 3627 3629
f 4624 3629 4623
f 4625 3637 3627
f 4625 3627 4624
f 4626 3631 3637
f 4626 3637 4625
f 4627 3635 3631
f 4627 3631 4626
f 4628 3633 3635
f 4628 3635 4627
f 4629 3672 3633
f 4629 3633 4628
f 3641 3672 4629
f 3641 4629 4630
f 3645 3641 4630
f 3645 4630 4631
f 3643 3645 4631
f 3643 4631 4632
f 3654 3643 4632
f 3654 4632 4633
f 3647 3654 4633
f 3647 4633 4634
f 3652 3647 4634
f 3652 4634 4635
f 3650 3652 4635
f 3650 4635 4636
f 3671 3650 4636
f 3671 4636 4637
f 3656 3671 4637
f 3656 4637 4638
f 3660 3656 4638
f 3660 4638 4639
f 3658 3660 4639
f 3658 4639 4640
f 3669 3658 4640
f 3669 4640 4641
f 3662 3669 4641
f 3662 4641 4642
f 3667 3662 4642
f 3667 4642 4643
f 3665 3667 4643
f 3665 4643 4644
f 3736 3665 4644
f 3736 4644 4645
f 3673 3736 4645
f 3673 4645 4646
f 3677 3673 4646
f 3677 4646 4647
f 3675 3677 4647
f 3675 4647 4648
f 3685 3675 4648
f 3685 4648 4649
f 3679 3685 4649
f 3679 4649 4650
f 3683 3679 4650
f 3683 4650 4651
f 3681 3683 4651
f 3681 4651 4652
f 3701 3681 4652
f 3701 4652 4653
f 3687 3701 4653
f 3687 4653 4654
f 3691 3687 4654
f 3691 4654 4655
f 3689 3691 4655
f 3689 4655 4656
f 3699 3689 4656
f 3699 4656 4657
f 3693 3699 4657
f 3693 4657 4658
f 3697 3693 4658
f 3697 4658 4659
f 3695 3697 4659
f 3695 4659 4660
f 3734 3695 4660
f 3734 4660 4661
f 3703 3734 4661
f 3703 4661 4662
f 3707 3703 4662
f 3707 4662 4663
f 3705 3707 4663
f 3705 4663 4664
f 3715 3705 4664
f 3715 4664 4665
f 3709 3715 4665
f 3709 4665 4666
f 3713 3709 4666
f 3713 4666 4667
f 3711 3713 4667
f 3711 4667 4668
f 3733 3711 4668
f 3733 4668 4669
f 3717 3733 4669
f 3717 4669 4670
f 3721 3717 4670
f 3721 4670 4671
f 3719 3721 4671
f 3719 4671 4672
f 3731 3719 4672
f 3731 4672 4673
f 3723 3731 4673
f 3723 4673 4674
f 3729 3723 4674
f 3729 4674 4675
f 3727 3729 4675
f 3727 4675 4676
f 3725 3727 4676
f 3725 4676 4549
f 3855 3853 4809
f 3855 4809 4810
f 3857 3855 4810
f 3857 4810 4811
f 3852 3857 4811
f 3852 4811 4812
f 3859 3852 4812
f 3859 4812 4813
f 3848 3859 4813
f 3848 4813 4814
f 3850 3848 4814
f 3850 4814 4815
f 3846 3850 4815
f 3846 4815 4816
f 3861 3846 4816
f 3861 4816 4817
f 3840 3861 4817
f 3840 4817 4818
f 3842 3840 4818
f 3842 4818 4819
f 3838 3842 4819
f 3838 4819 4820
f 3844 3838 4820
f 3844 4820 4821
f 3834 3844 4821
f 3834 4821 4822
f 3836 3834 4822
f 3836 4822 4823
f 3832 3836 4823
f 3832 4823 4824
f 3863 3832 4824
f 3863 4824 4825
f 4826 3824 3863
f 4826 3863 4825
f 4827 3826 3824
f 4827 3824 4826
f 4828 3822 3826
f 4828 3826 4827
f 4829 3828 3822
f 4829 3822 4828
f 4830 3818 3828
f 4830 3828 4829
f 4831 3820 3818
f 4831 3818 4830
f 4832 3816 3820
f 4832 3820 4831
f 4833 3830 3816
f 4833 3816 4832
f 4834 3810 3830
f 4834 3830 4833
f 4835 3812 3810
f 4835 3810 4834
f 4836 3808 3812
f 4836 3812 4835
f 4837 3814 3808
f 4837 3808 4836
f 4838 3804 3814
f 4838 3814 4837
f 4839 3806 3804
f 4839 3804 4838
f 4840 3802 3806
f 4840 3806 4839
f 4841 3864 3802
f 4841 3802 4840
f 4842 3792 3864
f 4842 3864 4841
f 4843 3794 3792
f 4843 3792 4842
f 4844 3790 3794
f 4844 3794 4843
f 4845 3796 3790
f 4845 3790 4844
f 4846 3786 3796
f 4846 3796 4845
f 4847 3788 3786
f 4847 3786 4846
f 4848 3784 3788
f 4848 3788 4847
f 4849 3798 3784
f 4849 3784 4848
f 4850 3778 3798
f 4850 3798 4849
f 4851 3780 3778
f 4851 3778 4850
f 4852 3776 3780
f 4852 3780 4851
f 4853 3782 3776
f 4853 3776 4852
f 4854 3772 3782
f 4854 3782 4853
f 4855 3774 3772
f 4855 3772 4854
f 4856 3770 3774
f 4856 3774 4855
f 4857 3800 3770
f 4857 3770 4856
f 4858 3762 3800
f 4858 3800 4857
f 4859 3764 3762
f 4859 3762 4858
f 4860 3760 3764
f 4860 3764 4859
f 4861 3766 3760
f 4861 3760 4860
f 4862 3756 3766
f 4862 3766 4861
f 4863 3758 3756
f 4863 3756 4862
f 4864 3754 3758
f 4864 3758 4863
f 4865 3768 3754
f 4865 3754 4864
f 4866 3748 3768
f 4866 3768 4865
f 4867 3750 3748
f 4867 3748 4866
f 4868 3746 3750
f 4868 3750 4867
f 4869 3752 3746
f 4869 3746 4868
f 4870 3742 3752
f 4870 3752 4869
f 4871 3744 3742
f 4871 3742 4870
f 4872 3740 3744
f 4872 3744 4871
f 4873 3738 3740
f 4873 3740 4872
f 4874 3739 3738
f 4874 3738 4873
f 4875 3743 3739
f 4875 3739 4874
f 4876 3741 3743
f 4876 3743 4875
f 4877 3751 3741
f 4877 3741 4876
f 4878 3745 3751
f 4878 3751 4877
f 4879 3749 3745
f 4879 3745 4878
f 4880 3747 3749
f 4880 3749 4879
f 4881 3767 3747
f 4881 3747 4880
f 4882 3753 3767
f 4882 3767 4881
f 4883 3757 3753
f 4883 3753 4882
f 4884 3755 3757
f 4884 3757 4883
f 4885 3765 3755
f 4885 3755 4884
f 4886 3759 3765
f 4886 3765 4885
f 4887 3763 3759
f 4887 3759 4886
f 4888 3761 3763
f 4888 3763 4887
f 4889 3799 3761
f 4889 3761 4888
f 3769 3799 4889
f 3769 4889 4890
f 3773 3769 4890
f 3773 4890 4891
f 3771 3773 4891
f 3771 4891 4892
f 3781 3771 4892
f 3781 4892 4893
f 3775 3781 4893
f 3775 4893 4894
f 3779 3775 4894
f 3779 4894 4895
f 3777 3779 4895
f 3777 4895 4896
f 3797 3777 4896
f 3797 4896 4897
f 3783 3797 4897
f 3783 4897 4898
f 3787 3783 4898
f 3787 4898 4899
f 3785 3787 4899
f 3785 4899 4900
f 3795 3785 4900
f 3795 4900 4901
f 3789 3795 4901
f 3789 4901 4902
f 3793 3789 4902
f 3793 4902 4903
f 3791 3793 4903
f 3791 4903 4904
f 3865 3791 4904
f 3865 4904 4905
f 3801 3865 4905
f 3801 4905 4906
f 3805 3801 4906
f 3805 4906 4907
f 3803 3805 4907
f 3803 4907 4908
f 3813 3803 4908
f 3813 4908 4909
f 3807 3813 4909
f 3807 4909 4910
f 3811 3807 4910
f 3811 4910 4911
f 3809 3811 4911
f 3809 4911 4912
f 3829 3809 4912
f 3829 4912 4913
f 3815 3829 4913
f 3815 4913 4914
f 3819 3815 4914
f 3819 4914 4915
f 3817 3819 4915
f 3817 4915 4916
f 3827 3817 4916
f 3827 4916 4917
f 3821 3827 4917
f 3821 4917 4918
f 3825 3821 4918
f 3825 4918 4919
f 3823 3825 4919
f 3823 4919 4920
f 3862 3823 4920
f 3862 4920 4921
f 3831 3862 4921
f 3831 4921 4922
f 3835 3831 4922
f 3835 4922 4923
f 3833 3835 4923
f 3833 4923 4924
f 3843 3833 4924
f 3843 4924 4925
f 3837 3843 4925
f 3837 4925 4926
f 3841 3837 4926
f 3841 4926 4927
f 3839 3841 4927
f 3839 4927 4928
f 3860 3839 4928
f 3860 4928 4929
f 3845 3860 4929
f 3845 4929 4930
f 3849 3845 4930
f 3849 4930 4931
f 3847 3849 4931
f 3847 4931 4932
f 3858 3847 4932
f 3858 4932 4933
f 3851 3858 4933
f 3851 4933 4934
f 3856 3851 4934
f 3856 4934 4935
f 3854 3856 4935
f 3854 4935 4936
f 3853 3854 4936
f 3853 4936 4809
f 3920 3918 5071
f 3920 5071 5072
f 3922 3920 5072
f 3922 5072 5073
f 3917 3922 5073
f 3917 5073 5074
f 3916 3917 5074
f 3916 5074 5075
f 3923 3916 5075
f 3923 5075 5076
f 3913 3923 5076
f 3913 5076 5077
f 3914 3913 5077
f 3914 5077 5078
f 3912 3914 5078
f 3912 5078 5079
f 3915 3912 5079
f 3915 5079 5080
f 3910 3915 5080
f 3910 5080 5081
f 3911 3910 5081
f 3911 5081 5082
f 3909 3911 5082
f 3909 5082 5083
f 3924 3909 5083
f 3924 5083 5084
f 3905 3924 5084
f 3905 5084 5085
f 3906 3905 5085
f 3906 5085 5086
f 3904 3906 5086
f 3904 5086 5087
f 5088 3907 3904
f 5088 3904 5087
f 5089 3902 3907
f 5089 3907 5088
f 5090 3903 3902
f 5090 3902 5089
f 5091 3901 3903
f 5091 3903 5090
f 5092 3908 3901
f 5092 3901 5091
f 5093 3898 3908
f 5093 3908 5092
f 5094 3899 3898
f 5094 3898 5093
f 5095 3897 3899
f 5095 3899 5094
f 5096 3900 3897
f 5096 3897 5095
f 5097 3895 3900
f 5097 3900 5096
f 5098 3896 3895
f 5098 3895 5097
f 5099 3925 3896
f 5099 3896 5098
f 5100 3891 3925
f 5100 3925 5099
f 5101 3892 3891
f 5101 3891 5100
f 5102 3890 3892
f 5102 3892 5101
f 5103 3893 3890
f 5103 3890 5102
f 5104 3888 3893
f 5104 3893 5103
f 5105 3889 3888
f 5105 3888 5104
f 5106 3887 3889
f 5106 3889 5105
f 5107 3894 3887
f 5107 3887 5106
f 5108 3884 3894
f 5108 3894 5107
f 5109 3885 3884
f 5109 3884 5108
f 5110 3883 3885
f 5110 3885 5109
f 5111 3886 3883
f 5111 3883 5110
f 5112 3881 3886
f 5112 3886 5111
f 5113 3882 3881
f 5113 3881 5112
f 5114 3880 3882
f 5114 3882 5113
f 5115 3878 3880
f 5115 3880 5114
f 5116 3875 3878
f 5116 3878 5115
f 5117 3876 3875
f 5117 3875 5116
f 5118 3874 3876
f 5118 3876 5117
f 5119 3877 3874
f 5119 3874 5118
f 5120 3873 3877
f 5120 3877 5119
f 5121 3872 3873
f 5121 3873 5120
f 5122 3879 3872
f 5122 3872 5121
f 5123 3869 3879
f 5123 3879 5122
f 5124 3870 3869
f 5124 3869 5123
f 5125 3868 3870
f 5125 3870 5124
f 5126 3871 3868
f 5126 3868 5125
f 5127 3866 3871
f 5127 3871 5126
f 5128 3867 3866
f 5128 3866 5127
f 5129 3940 3867
f 5129 3867 5128
f 5130 3935 3940
f 5130 3940 5129
f 5131 3942 3935
f 5131 3935 5130
f 5132 3930 3942
f 5132 3942 5131
f 5133 3933 3930
f 5133 3930 5132
f 5134 3928 3933
f 5134 3933 5133
f 5135 3926 3928
f 5135 3928 5134
f 5136 3927 3926
f 5136 3926 5135
f 5137 3932 3927
f 5137 3927 5136
f 5138 3929 3932
f 5138 3932 5137
f 5139 3931 3929
f 5139 3929 5138
f 5140 3934 3931
f 5140 3931 5139
f 5141 3939 3934
f 5141 3934 5140
f 5142 3936 3939
f 5142 3939 5141
f 5143 3938 3936
f 5143 3936 5142
f 5144 3937 3938
f 5144 3938 5143
f 5145 3941 3937
f 5145 3937 5144
f 5146 3943 3941
f 5146 3941 5145
f 5147 3945 3943
f 5147 3943 5146
f 5148 3944 3945
f 5148 3945 5147
f 5149 3950 3944
f 5149 3944 5148
f 5150 3946 3950
f 5150 3950 5149
f 5151 3949 3946
f 5151 3946 5150
f 3948 3949 5151
f 3948 5151 5152
f 3947 3948 5152
f 3947 5152 5153
f 3959 3947 5153
f 3959 5153 5154
f 3951 3959 5154
f 3951 5154 5155
f 3953 3951 5155
f 3953 5155 5156
f 3952 3953 5156
f 3952 5156 5157
f 3958 3952 5157
f 3958 5157 5158
f 3954 3958 5158
f 3954 5158 5159
f 3957 3954 5159
f 3957 5159 5160
f 3956 3957 5160
f 3956 5160 5161
f 3955 3956 5161
f 3955 5161 5162
f 3992 3955 5162
f 3992 5162 5163
f 3960 3992 5163
f 3960 5163 5164
f 3962 3960 5164
f 3962 5164 5165
f 3961 3962 5165
f 3961 5165 5166
f 3966 3961 5166
f 3966 5166 5167
f 3963 3966 5167
f 3963 5167 5168
f 3965 3963 5168
f 3965 5168 5169
f 3964 3965 5169
f 3964 5169 5170
f 3975 3964 5170
f 3975 5170 5171
f 3967 3975 5171
f 3967 5171 5172
f 3970 3967 5172
f 3970 5172 5173
f 3969 3970 5173
f 3969 5173 5174
f 3968 3969 5174
f 3968 5174 5175
f 3974 3968 5175
f 3974 5175 5176
f 3971 3974 5176
f 3971 5176 5177
f 3973 3971 5177
f 3973 5177 5178
f 3972 3973 5178
f 3972 5178 5179
f 3993 3972 5179
f 3993 5179 5180
f 3976 3993 5180
f 3976 5180 5181
f 3979 3976 5181
f 3979 5181 5182
f 3978 3979 5182
f 3978 5182 5183
f 3977 3978 5183
f 3977 5183 5184
f 3980 3977 5184
f 3980 5184 5185
f 3983 3980 5185
f 3983 5185 5186
f 3982 3983 5186
f 3982 5186 5187
f 3981 3982 5187
f 3981 5187 5188
f 3990 3981 5188
f 3990 5188 5189
f 3984 3990 5189
f 3984 5189 5190
f 3986 3984 5190
f 3986 5190 5191
f 3985 3986 5191
f 3985 5191 5192
f 3991 3985 5192
f 3991 5192 5193
f 3987 3991 5193
f 3987 5193 5194
f 3989 3987 5194
f 3989 5194 5195
f 3988 3989 5195
f 3988 5195 5196
f 3921 3988 5196
f 3921 5196 5197
f 3919 3921 5197
f 3919 5197 5198
f 3918 3919 5198
f 3918 5198 5071
f 4086 4087 4093
f 4086 4093 4092
f 4087 4088 4097
f 4087 4097 4093
f 4088 4082 4098
f 4088 4098 4097
f 4082 4083 4095
f 4082 4095 4098
f 4083 4084 4096
f 4083 4096 4095
f 4084 4085 4094
f 4084 4094 4096
f 4085 4081 4091
f 4085 4091 4094
f 4089 4091 4081
f 4081 4077 4078
f 4078 4138 4147
f 4147 4089 4081
f 4081 4078 4147
f 4138 4139 4148
f 4138 4148 4147
f 4139 4140 4150
f 4139 4150 4148
f 4140 4137 4149
f 4140 4149 4150
f 4137 4133 4143
f 4137 4143 4149
f 4133 4132 4142
f 4133 4142 4143
f 4132 4135 4146
f 4132 4146 4142
f 4135 4136 4145
f 4135 4145 4146
f 4136 4134 4144
f 4136 4144 4145
f 4121 4124 4154
f 4121 4154 4151
f 4141 4144 4134
f 4141 4134 4131
f 4124 4125 4153
f 4124 4153 4154
f 4125 4126 4155
f 4125 4155 4153
f 4126 4122 4152
f 4126 4152 4155
f 4122 4123 4156
f 4122 4156 4152
f 4123 4128 4157
f 4123 4157 4156
f 4128 4129 4158
f 4128 4158 4157
f 4129 4130 4160
f 4129 4160 4158
f 4130 4127 4159
f 4130 4159 4160
f 4112 4159 4127
f 4100 4099 4103
f 4112 4127 4100
f 4103 4113 4112
f 4112 4100 4103
f 4113 4103 4107
f 4113 4107 4111
f 4111 4107 4108
f 4111 4108 4118
f 4118 4108 4109
f 4118 4109 4117
f 4117 4109 4110
f 4117 4110 4116
f 4116 4110 4105
f 4116 4105 4114
f 4114 4105 4106
f 4114 4106 4115
f 4115 4106 4104
f 4115 4104 4119
f 4104 4101 4102
f 4034 4033 4032
f 4119 4104 4102
f 4034 4032 4030
f 4119 4102 4034
f 4120 4119 4034
f 4034 4030 4027
f 4027 4057 4074
f 4027 4074 4075
f 4120 4034 4027
f 4027 4075 4037
f 4027 4037 4120
f 4057 4027 4026
f 4057 4026 4058
f 4058 4026 4028
f 4058 4028 4059
f 4059 4028 4023
f 4059 4023 4055
f 4055 4023 4024
f 4055 4024 4056
f 4056 4024 4025
f 4056 4025 4060
f 4060 4025 4022
f 4060 4022 4052
f 4052 4022 4029
f 4052 4029 4053
f 4053 4029 4018
f 4053 4018 4054
f 4054 4018 4019
f 4054 4019 4050
f 4050 4019 4020
f 4050 4020 4051
f 4051 4020 4017
f 4051 4017 4061
f 4061 4017 4021
f 4061 4021 4046
f 4046 4021 4015
f 4046 4015 4048
f 4048 4015 4016
f 4048 4016 4049
f 4049 4016 4014
f 4049 4014 4042
f 4042 4014 4013
f 4042 4013 4041
f 4041 4013 3996
f 4041 3996 4040
f 4040 3996 3997
f 4040 3997 4044
f 4044 3997 3998
f 4044 3998 4043
f 4043 3998 4000
f 4043 4000 4045
f 4045 4000 3999
f 4045 3999 4047
f 4047 3999 4002
f 4047 4002 4062
f 4062 4002 4001
f 4062 4001 4063
f 4063 4001 4003
f 4063 4003 4064
f 4064 4003 4005
f 4064 4005 4065
f 4005 4004 4067
f 4005 4067 4065
f 4004 4007 4066
f 4004 4066 4067
f 4007 4006 4068
f 4007 4068 4066
f 4006 4012 4069
f 4006 4069 4068
f 4012 4009 4071
f 4012 4071 4069
f 4009 4008 4070
f 4009 4070 4071
f 4008 4011 4072
f 4008 4072 4070
f 4011 4010 4073
f 4011 4073 4072
f 4039 4073 4010
f 4039 4010 3995
f 4076 4039 3995
f 3994 4031 4035
f 4076 3995 3994
f 4038 4076 3994
f 4038 3994 4035
f 4036 4038 4035
f 4080 4079 4086
f 4036 4035 4080
f 4086 4092 4090
f 4090 4036 4080
f 4080 4086 4090
f 4324 4323 387
f 387 391 393
f 393 397 403
f 403 405 409
f 409 416 417
f 417 422 428
f 428 432 435
f 435 437 441
f 441 448 450
f 450 455 459
f 459 464 465
f 465 470 475
f 475 477 484
f 484 485 490
f 490 496 497
f 497 502 506
f 506 512 513
f 513 515 517
f 517 519 521
f 521 524 526
f 526 527 530
f 530 532 533
f 533 535 537
f 537 539 542
f 542 543 546
f 546 547 550
f 550 551 553
f 553 555 557
f 557 559 562
f 562 563 566
f 566 568 570
f 570 572 574
f 574 575 577
f 577 579 581
f 581 583 585
f 585 587 590
f 590 592 593
f 593 596 597
f 597 599 601
f 601 604 605
f 605 608 609
f 609 611 614
f 614 616 618
f 618 620 621
f 621 623 625
f 625 627 629
f 629 630 631
f 631 632 633
f 633 635 14
f 14 4291 4418
f 14 4418 4417
f 631 633 14
f 625 629 631
f 618 621 625
f 609 614 618
f 601 605 609
f 593 597 601
f 585 590 593
f 577 581 585
f 570 574 577
f 562 566 570
f 553 557 562
f 546 550 553
f 537 542 546
f 530 533 537
f 521 526 530
f 513 517 521
f 497 506 513
f 484 490 497
f 465 475 484
f 450 459 465
f 435 441 450
f 417 428 435
f 403 409 417
f 387 393 403
f 4325 4324 387
f 4326 4325 387
f 387 403 417
f 417 435 450
f 450 465 484
f 484 497 513
f 513 521 530
f 530 537 546
f 546 553 562
f 562 570 577
f 577 585 593
f 593 601 609
f 609 618 625
f 625 631 14
f 14 4417 4416
f 14 4416 4415
f 609 625 14
f 577 593 609
f 546 562 577
f 513 530 546
f 450 484 513
f 387 417 450
f 4327 4326 387
f 4328 4327 387
f 387 450 513
f 513 546 577
f 577 609 14
f 14 4415 4414
f 14 4414 4413
f 4329 4328 387
f 4330 4329 387
f 14 4413 4412
f 14 4412 4411
f 4331 4330 387
f 4332 4331 387
f 14 4411 4410
f 14 4410 4409
f 4333 4332 387
f 4334 4333 387
f 14 4409 4408
f 14 4408 4407
f 4334 387 513
f 4335 4334 513
f 577 14 4407
f 577 4407 4406
f 4336 4335 513
f 4337 4336 513
f 577 4406 4405
f 577 4405 4404
f 4338 4337 513
f 4339 4338 513
f 577 4404 4403
f 577 4403 4402
f 4340 4339 513
f 4341 4340 513
f 577 4402 4401
f 577 4401 4400
f 4342 4341 513
f 4343 4342 513
f 577 4400 4399
f 577 4399 4398
f 4344 4343 513
f 4345 4344 513
f 577 4398 4397
f 577 4397 4396
f 4346 4345 513
f 4347 4346 513
f 577 4396 4395
f 577 4395 4394
f 4348 4347 513
f 4349 4348 513
f 577 4394 4393
f 577 4393 4392
f 4350 4349 513
f 4351 4350 513
f 577 4392 4391
f 577 4391 4390
f 4352 4351 513
f 4353 4352 513
f 577 4390 4389
f 577 4389 4388
f 4354 4353 513
f 4355 4354 513
f 577 4388 4387
f 577 4387 4386
f 4356 4355 513
f 4357 4356 513
f 577 4386 4385
f 577 4385 4384
f 4358 4357 513
f 4359 4358 513
f 577 4384 4383
f 577 4383 4382
f 4360 4359 513
f 4361 4360 513
f 577 4382 4381
f 577 4381 4380
f 4362 4361 513
f 4363 4362 513
f 577 4380 4379
f 577 4379 4378
f 4364 4363 513
f 4365 4364 513
f 577 4378 4377
f 577 4377 4376
f 4366 4365 513
f 4367 4366 513
f 513 577 4376
f 513 4376 4375
f 4368 4367 513
f 4369 4368 513
f 513 4375 4374
f 513 4374 4373
f 4370 4369 513
f 4371 4370 513
f 513 4373 4372
f 513 4372 4371
f 4292 4291 14
f 14 27 48
f 48 54 77
f 77 84 108
f 108 121 140
f 140 145 170
f 170 192 195
f 195 219 233
f 233 241 260
f 260 271 277
f 277 283 293
f 293 298 308
f 308 318 322
f 322 332 344
f 344 348 358
f 358 361 370
f 370 382 387
f 387 4323 4322
f 387 4322 4321
f 358 370 387
f 322 344 358
f 293 308 322
f 260 277 293
f 195 233 260
f 140 170 195
f 77 108 140
f 14 48 77
f 4293 4292 14
f 4294 4293 14
f 14 77 140
f 140 195 260
f 260 293 322
f 322 358 387
f 387 4321 4320
f 387 4320 4319
f 260 322 387
f 14 140 260
f 4295 4294 14
f 4296 4295 14
f 14 260 387
f 387 4319 4318
f 387 4318 4317
f 4297 4296 14
f 4298 4297 14
f 387 4317 4316
f 387 4316 4315
f 4299 4298 14
f 4300 4299 14
f 387 4315 4314
f 387 4314 4313
f 4301 4300 14
f 4302 4301 14
f 387 4313 4312
f 387 4312 4311
f 4302 14 387
f 4303 4302 387
f 387 4311 4310
f 387 4310 4309
f 4304 4303 387
f 4305 4304 387
f 387 4309 4308
f 387 4308 4307
f 4306 4305 387
f 387 4307 4306
f 27 14 4267
f 27 4267 4266
f 48 27 4266
f 48 4266 4265
f 54 48 4265
f 54 4265 4264
f 77 54 4264
f 77 4264 4263
f 84 77 4263
f 84 4263 4262
f 108 84 4262
f 108 4262 4261
f 121 108 4261
f 121 4261 4260
f 4162 4163 140
f 140 121 4260
f 4162 140 4260
f 4161 4243 145
f 145 140 4163
f 4161 145 4163
f 170 145 4243
f 170 4243 4244
f 192 170 4244
f 192 4244 4245
f 195 192 4245
f 195 4245 4246
f 219 195 4246
f 219 4246 4247
f 233 219 4247
f 233 4247 4248
f 241 233 4248
f 241 4248 4249
f 260 241 4249
f 260 4249 4250
f 4251 271 260
f 4251 260 4250
f 4252 277 271
f 4252 271 4251
f 4253 283 277
f 4253 277 4252
f 4254 293 283
f 4254 283 4253
f 4255 298 293
f 4255 293 4254
f 4256 308 298
f 4256 298 4255
f 4257 318 308
f 4257 308 4256
f 4258 322 318
f 4258 318 4257
f 4290 332 322
f 4290 322 4258
f 4289 344 332
f 4289 332 4290
f 4288 348 344
f 4288 344 4289
f 4287 358 348
f 4287 348 4288
f 4279 361 358
f 4279 358 4287
f 4280 370 361
f 4280 361 4279
f 4281 382 370
f 4281 370 4280
f 4278 387 382
f 4278 382 4281
f 4277 391 387
f 4277 387 4278
f 4282 393 391
f 4282 391 4277
f 4283 397 393
f 4283 393 4282
f 4284 403 397
f 4284 397 4283
f 4285 405 403
f 4285 403 4284
f 4286 409 405
f 4286 405 4285
f 4276 416 409
f 4276 409 4286
f 4219 417 416
f 4219 416 4276
f 4218 422 417
f 4218 417 4219
f 4208 428 422
f 4208 422 4218
f 4207 432 428
f 4207 428 4208
f 4206 435 432
f 4206 432 4207
f 4205 437 435
f 4205 435 4206
f 4204 441 437
f 4204 437 4205
f 4203 448 441
f 4203 441 4204
f 4202 450 448
f 4202 448 4203
f 4201 455 450
f 4201 450 4202
f 4200 459 455
f 4200 455 4201
f 4199 464 459
f 4199 459 4200
f 4198 465 464
f 4198 464 4199
f 4197 470 465
f 4197 465 4198
f 4196 475 470
f 4196 470 4197
f 4195 477 475
f 4195 475 4196
f 4194 484 477
f 4194 477 4195
f 4193 485 484
f 4193 484 4194
f 4175 490 485
f 4175 485 4193
f 4174 496 490
f 4174 490 4175
f 4173 497 496
f 4173 496 4174
f 4172 502 497
f 4172 497 4173
f 4171 506 502
f 4171 502 4172
f 4170 512 506
f 4170 506 4171
f 4169 513 512
f 4169 512 4170
f 4168 515 513
f 4168 513 4169
f 4167 517 515
f 4167 515 4168
f 4166 519 517
f 4166 517 4167
f 4165 521 519
f 4165 519 4166
f 4164 524 521
f 4164 521 4165
f 4192 526 524
f 4192 524 4164
f 4191 527 526
f 4191 526 4192
f 4190 530 527
f 4190 527 4191
f 4189 532 530
f 4189 530 4190
f 4188 533 532
f 4188 532 4189
f 4186 535 533
f 4186 533 4188
f 4187 537 535
f 4187 535 4186
f 4185 539 537
f 4185 537 4187
f 4184 542 539
f 4184 539 4185
f 4183 543 542
f 4183 542 4184
f 4182 546 543
f 4182 543 4183
f 547 546 4182
f 547 4182 4181
f 550 547 4181
f 550 4181 4180
f 551 550 4180
f 551 4180 4179
f 553 551 4179
f 553 4179 4178
f 555 553 4178
f 555 4178 4177
f 557 555 4177
f 557 4177 4176
f 559 557 4176
f 559 4176 4217
f 562 559 4217
f 562 4217 4216
f 563 562 4216
f 563 4216 4215
f 566 563 4215
f 566 4215 4214
f 568 566 4214
f 568 4214 4213
f 570 568 4213
f 570 4213 4212
f 572 570 4212
f 572 4212 4211
f 574 572 4211
f 574 4211 4210
f 575 574 4210
f 575 4210 4209
f 577 575 4209
f 577 4209 4220
f 579 577 4220
f 579 4220 4221
f 581 579 4221
f 581 4221 4223
f 583 581 4223
f 583 4223 4224
f 585 583 4224
f 585 4224 4222
f 587 585 4222
f 587 4222 4225
f 590 587 4225
f 590 4225 4226
f 592 590 4226
f 592 4226 4227
f 593 592 4227
f 593 4227 4228
f 596 593 4228
f 596 4228 4229
f 4230 597 596
f 4230 596 4229
f 4231 599 597
f 4231 597 4230
f 601 599 4231
f 601 4231 4232
f 604 601 4232
f 604 4232 4233
f 605 604 4233
f 605 4233 4234
f 608 605 4234
f 608 4234 4235
f 609 608 4235
f 609 4235 4236
f 611 609 4236
f 611 4236 4237
f 614 611 4237
f 614 4237 4238
f 616 614 4238
f 616 4238 4239
f 618 616 4239
f 618 4239 4240
f 620 618 4240
f 620 4240 4241
f 621 620 4241
f 621 4241 4242
f 623 621 4242
f 623 4242 4259
f 625 623 4259
f 625 4259 4275
f 627 625 4275
f 627 4275 4274
f 629 627 4274
f 629 4274 4273
f 630 629 4273
f 630 4273 4272
f 631 630 4272
f 631 4272 4271
f 632 631 4271
f 632 4271 4270
f 633 632 4270
f 633 4270 4269
f 635 633 4269
f 635 4269 4268
f 14 635 4268
f 14 4268 4267
f 507 509 511
f 511 7 4549
f 511 4549 4676
f 505 507 511
f 501 503 505
f 498 499 501
f 493 495 498
f 489 491 493
f 486 487 489
f 481 483 486
f 478 479 481
f 473 476 478
f 469 471 473
f 466 467 469
f 461 463 466
f 457 460 461
f 454 456 457
f 449 452 454
f 445 447 449
f 442 444 445
f 438 440 442
f 433 436 438
f 429 431 433
f 426 427 429
f 421 424 426
f 418 419 421
f 414 415 418
f 410 412 414
f 406 408 410
f 402 404 406
f 398 400 402
f 394 396 398
f 390 392 394
f 386 388 390
f 380 384 386
f 371 376 380
f 364 366 371
f 356 360 364
f 345 350 356
f 337 342 345
f 330 334 337
f 324 326 330
f 314 320 324
f 306 310 314
f 299 304 306
f 291 296 299
f 282 285 291
f 275 280 282
f 268 270 275
f 257 264 268
f 4582 4581 257
f 4583 4582 257
f 257 268 275
f 275 282 291
f 291 299 306
f 306 314 324
f 324 330 337
f 337 345 356
f 356 364 371
f 371 380 386
f 386 390 394
f 394 398 402
f 402 406 410
f 410 414 418
f 418 421 426
f 426 429 433
f 433 438 442
f 442 445 449
f 449 454 457
f 457 461 466
f 466 469 473
f 473 478 481
f 481 486 489
f 489 493 498
f 498 501 505
f 505 511 4676
f 505 4676 4675
f 489 498 505
f 473 481 489
f 457 466 473
f 442 449 457
f 426 433 442
f 410 418 426
f 394 402 410
f 371 386 394
f 337 356 371
f 306 324 337
f 275 291 306
f 4583 257 275
f 4584 4583 275
f 275 306 337
f 337 371 394
f 394 410 426
f 426 442 457
f 457 473 489
f 489 505 4675
f 489 4675 4674
f 426 457 489
f 337 394 426
f 4584 275 337
f 4585 4584 337
f 489 4674 4673
f 489 4673 4672
f 4586 4585 337
f 4587 4586 337
f 489 4672 4671
f 489 4671 4670
f 4588 4587 337
f 4589 4588 337
f 489 4670 4669
f 489 4669 4668
f 4590 4589 337
f 4591 4590 337
f 489 4668 4667
f 489 4667 4666
f 4592 4591 337
f 4593 4592 337
f 489 4666 4665
f 489 4665 4664
f 4594 4593 337
f 4595 4594 337
f 489 4664 4663
f 489 4663 4662
f 4596 4595 337
f 4597 4596 337
f 489 4662 4661
f 489 4661 4660
f 4598 4597 337
f 4599 4598 337
f 489 4660 4659
f 489 4659 4658
f 4600 4599 337
f 4601 4600 337
f 489 4658 4657
f 489 4657 4656
f 4602 4601 337
f 4603 4602 337
f 489 4656 4655
f 489 4655 4654
f 4604 4603 337
f 4605 4604 337
f 426 489 4654
f 426 4654 4653
f 4606 4605 337
f 4607 4606 337
f 426 4653 4652
f 426 4652 4651
f 4608 4607 337
f 4609 4608 337
f 426 4651 4650
f 426 4650 4649
f 4610 4609 337
f 4611 4610 337
f 426 4649 4648
f 426 4648 4647
f 4612 4611 337
f 4613 4612 337
f 426 4647 4646
f 426 4646 4645
f 4613 337 426
f 4614 4613 426
f 426 4645 4644
f 426 4644 4643
f 4615 4614 426
f 4616 4615 426
f 426 4643 4642
f 426 4642 4641
f 4617 4616 426
f 4618 4617 426
f 426 4641 4640
f 426 4640 4639
f 4619 4618 426
f 4620 4619 426
f 426 4639 4638
f 426 4638 4637
f 4621 4620 426
f 4622 4621 426
f 426 4637 4636
f 426 4636 4635
f 4623 4622 426
f 4624 4623 426
f 426 4635 4634
f 426 4634 4633
f 4625 4624 426
f 4626 4625 426
f 426 4633 4632
f 426 4632 4631
f 4627 4626 426
f 4628 4627 426
f 426 4631 4630
f 4629 4628 426
f 4630 4629 426
f 4550 4549 7
f 7 12 21
f 21 32 34
f 34 44 50
f 50 57 66
f 66 74 87
f 87 91 103
f 103 112 119
f 119 126 134
f 134 142 149
f 149 154 163
f 163 174 182
f 182 186 198
f 198 202 211
f 211 223 231
f 231 239 247
f 247 252 257
f 257 4581 4580
f 257 4580 4579
f 231 247 257
f 198 211 231
f 163 182 198
f 134 149 163
f 103 119 134
f 66 87 103
f 34 50 66
f 7 21 34
f 4551 4550 7
f 4552 4551 7
f 7 34 66
f 66 103 134
f 134 163 198
f 198 231 257
f 257 4579 4578
f 257 4578 4577
f 134 198 257
f 7 66 134
f 4553 4552 7
f 4554 4553 7
f 7 134 257
f 257 4577 4576
f 257 4576 4575
f 4555 4554 7
f 4556 4555 7
f 257 4575 4574
f 257 4574 4573
f 4557 4556 7
f 4558 4557 7
f 257 4573 4572
f 257 4572 4571
f 4559 4558 7
f 4560 4559 7
f 257 4571 4570
f 257 4570 4569
f 4560 7 257
f 4561 4560 257
f 257 4569 4568
f 257 4568 4567
f 4562 4561 257
f 4563 4562 257
f 257 4567 4566
f 257 4566 4565
f 4564 4563 257
f 257 4565 4564
f 12 7 4500
f 12 4500 4501
f 21 12 4501
f 21 4501 4506
f 32 21 4506
f 32 4506 4507
f 34 32 4507
f 34 4507 4508
f 44 34 4508
f 44 4508 4509
f 50 44 4509
f 50 4509 4517
f 57 50 4517
f 57 4517 4518
f 66 57 4518
f 66 4518 4519
f 74 66 4519
f 74 4519 4520
f 87 74 4520
f 87 4520 4521
f 91 87 4521
f 91 4521 4522
f 103 91 4522
f 103 4522 4523
f 112 103 4523
f 112 4523 4524
f 119 112 4524
f 119 4524 4530
f 126 119 4530
f 126 4530 4531
f 134 126 4531
f 134 4531 4532
f 4533 142 134
f 4533 134 4532
f 4534 149 142
f 4534 142 4533
f 4535 154 149
f 4535 149 4534
f 4536 163 154
f 4536 154 4535
f 4537 174 163
f 4537 163 4536
f 4538 182 174
f 4538 174 4537
f 4539 186 182
f 4539 182 4538
f 4540 198 186
f 4540 186 4539
f 4541 202 198
f 4541 198 4540
f 4542 211 202
f 4542 202 4541
f 4543 223 211
f 4543 211 4542
f 4546 231 223
f 4546 223 4543
f 4547 239 231
f 4547 231 4546
f 4548 247 239
f 4548 239 4547
f 4545 252 247
f 4545 247 4548
f 4544 257 252
f 4544 252 4545
f 4497 264 257
f 4497 257 4544
f 4496 268 264
f 4496 264 4497
f 4495 270 268
f 4495 268 4496
f 4494 275 270
f 4494 270 4495
f 4493 280 275
f 4493 275 4494
f 4492 282 280
f 4492 280 4493
f 4491 285 282
f 4491 282 4492
f 4490 291 285
f 4490 285 4491
f 4489 296 291
f 4489 291 4490
f 4488 299 296
f 4488 296 4489
f 4487 304 299
f 4487 299 4488
f 4486 306 304
f 4486 304 4487
f 4485 310 306
f 4485 306 4486
f 4484 314 310
f 4484 310 4485
f 4483 320 314
f 4483 314 4484
f 4482 324 320
f 4482 320 4483
f 4481 326 324
f 4481 324 4482
f 4480 330 326
f 4480 326 4481
f 4479 334 330
f 4479 330 4480
f 4478 337 334
f 4478 334 4479
f 4477 342 337
f 4477 337 4478
f 4476 345 342
f 4476 342 4477
f 4475 350 345
f 4475 345 4476
f 4474 356 350
f 4474 350 4475
f 4473 360 356
f 4473 356 4474
f 4472 364 360
f 4472 360 4473
f 4471 366 364
f 4471 364 4472
f 4470 371 366
f 4470 366 4471
f 4469 376 371
f 4469 371 4470
f 4465 380 376
f 4465 376 4469
f 4464 384 380
f 4464 380 4465
f 4461 386 384
f 4461 384 4464
f 4463 388 386
f 4463 386 4461
f 4462 390 388
f 4462 388 4463
f 4468 392 390
f 4468 390 4462
f 4467 394 392
f 4467 392 4468
f 4466 396 394
f 4466 394 4467
f 4434 4435 398
f 398 396 4466
f 4434 398 4466
f 4433 400 398
f 4433 398 4435
f 4432 402 400
f 4432 400 4433
f 4431 404 402
f 4431 402 4432
f 4430 406 404
f 4430 404 4431
f 4429 408 406
f 4429 406 4430
f 4428 410 408
f 4428 408 4429
f 4427 412 410
f 4427 410 4428
f 4426 414 412
f 4426 412 4427
f 4425 415 414
f 4425 414 4426
f 4424 418 415
f 4424 415 4425
f 419 418 4424
f 419 4424 4423
f 421 419 4423
f 421 4423 4422
f 424 421 4422
f 424 4422 4421
f 426 424 4421
f 426 4421 4420
f 427 426 4420
f 427 4420 4419
f 429 427 4419
f 429 4419 4438
f 431 429 4438
f 431 4438 4437
f 433 431 4437
f 433 4437 4436
f 436 433 4436
f 436 4436 4451
f 438 436 4451
f 438 4451 4460
f 440 438 4460
f 440 4460 4459
f 442 440 4459
f 442 4459 4458
f 444 442 4458
f 444 4458 4457
f 445 444 4457
f 445 4457 4453
f 447 445 4453
f 447 4453 4452
f 449 447 4452
f 449 4452 4454
f 452 449 4454
f 452 4454 4455
f 454 452 4455
f 454 4455 4456
f 456 454 4456
f 456 4456 4450
f 457 456 4450
f 457 4450 4439
f 460 457 4439
f 460 4439 4440
f 461 460 4440
f 461 4440 4441
f 463 461 4441
f 463 4441 4442
f 466 463 4442
f 466 4442 4443
f 467 466 4443
f 467 4443 4444
f 469 467 4444
f 469 4444 4445
f 471 469 4445
f 471 4445 4446
f 473 471 4446
f 473 4446 4447
f 476 473 4447
f 476 4447 4448
f 4449 4525 478
f 478 476 4448
f 4449 478 4448
f 479 478 4525
f 479 4525 4526
f 481 479 4526
f 481 4526 4527
f 483 481 4527
f 483 4527 4528
f 486 483 4528
f 486 4528 4529
f 487 486 4529
f 487 4529 4510
f 489 487 4510
f 489 4510 4511
f 491 489 4511
f 491 4511 4512
f 493 491 4512
f 493 4512 4513
f 495 493 4513
f 495 4513 4514
f 498 495 4514
f 498 4514 4515
f 499 498 4515
f 499 4515 4516
f 501 499 4516
f 501 4516 4502
f 503 501 4502
f 503 4502 4503
f 505 503 4503
f 505 4503 4504
f 507 505 4504
f 507 4504 4505
f 509 507 4505
f 509 4505 4498
f 511 509 4498
f 511 4498 4499
f 7 511 4499
f 7 4499 4500
f 4842 4841 129
f 129 136 137
f 137 143 147
f 147 151 155
f 155 158 161
f 161 165 171
f 171 175 179
f 179 184 188
f 188 190 194
f 194 200 204
f 204 205 209
f 209 213 217
f 217 222 226
f 226 230 236
f 236 238 244
f 244 246 250
f 250 254 258
f 258 259 261
f 261 263 265
f 265 267 269
f 269 272 273
f 273 276 278
f 278 279 281
f 281 284 286
f 286 287 289
f 289 292 294
f 294 295 297
f 297 300 301
f 301 303 305
f 305 307 309
f 309 311 313
f 313 316 317
f 317 319 321
f 321 323 325
f 325 327 329
f 329 331 333
f 333 336 338
f 338 339 341
f 341 343 346
f 346 347 349
f 349 352 353
f 353 355 357
f 357 359 362
f 362 363 365
f 365 367 369
f 369 372 374
f 374 375 378
f 378 379 381
f 381 383 3
f 3 4809 4936
f 3 4936 4935
f 378 381 3
f 369 374 378
f 362 365 369
f 353 357 362
f 346 349 353
f 338 341 346
f 329 333 338
f 321 325 329
f 313 317 321
f 305 309 313
f 297 301 305
f 289 294 297
f 281 286 289
f 273 278 281
f 265 269 273
f 258 261 265
f 244 250 258
f 226 236 244
f 209 217 226
f 194 204 209
f 179 188 194
f 161 171 179
f 147 155 161
f 129 137 147
f 4843 4842 129
f 4844 4843 129
f 129 147 161
f 161 179 194
f 194 209 226
f 226 244 258
f 258 265 273
f 273 281 289
f 289 297 305
f 305 313 321
f 321 329 338
f 338 346 353
f 353 362 369
f 369 378 3
f 3 4935 4934
f 3 4934 4933
f 353 369 3
f 321 338 353
f 289 305 321
f 258 273 289
f 194 226 258
f 129 161 194
f 4845 4844 129
f 4846 4845 129
f 129 194 258
f 258 289 321
f 321 353 3
f 3 4933 4932
f 3 4932 4931
f 4847 4846 129
f 4848 4847 129
f 3 4931 4930
f 3 4930 4929
f 4849 4848 129
f 4850 4849 129
f 3 4929 4928
f 3 4928 4927
f 4851 4850 129
f 4852 4851 129
f 3 4927 4926
f 3 4926 4925
f 4852 129 258
f 4853 4852 258
f 321 3 4925
f 321 4925 4924
f 4854 4853 258
f 4855 4854 258
f 321 4924 4923
f 321 4923 4922
f 4856 4855 258
f 4857 4856 258
f 321 4922 4921
f 321 4921 4920
f 4858 4857 258
f 4859 4858 258
f 321 4920 4919
f 321 4919 4918
f 4860 4859 258
f 4861 4860 258
f 321 4918 4917
f 321 4917 4916
f 4862 4861 258
f 4863 4862 258
f 321 4916 4915
f 321 4915 4914
f 4864 4863 258
f 4865 4864 258
f 321 4914 4913
f 321 4913 4912
f 4866 4865 258
f 4867 4866 258
f 321 4912 4911
f 321 4911 4910
f 4868 4867 258
f 4869 4868 258
f 321 4910 4909
f 321 4909 4908
f 4870 4869 258
f 4871 4870 258
f 321 4908 4907
f 321 4907 4906
f 4872 4871 258
f 4873 4872 258
f 321 4906 4905
f 321 4905 4904
f 4874 4873 258
f 4875 4874 258
f 321 4904 4903
f 321 4903 4902
f 4876 4875 258
f 4877 4876 258
f 321 4902 4901
f 321 4901 4900
f 4878 4877 258
f 4879 4878 258
f 321 4900 4899
f 321 4899 4898
f 4880 4879 258
f 4881 4880 258
f 321 4898 4897
f 321 4897 4896
f 4882 4881 258
f 4883 4882 258
f 321 4896 4895
f 321 4895 4894
f 4884 4883 258
f 4885 4884 258
f 258 321 4894
f 258 4894 4893
f 4886 4885 258
f 4887 4886 258
f 258 4893 4892
f 258 4892 4891
f 4888 4887 258
f 4889 4888 258
f 258 4891 4890
f 258 4890 4889
f 4810 4809 3
f 3 5 10
f 10 16 20
f 20 23 25
f 25 30 35
f 35 39 42
f 42 45 52
f 52 56 60
f 60 63 67
f 67 69 75
f 75 80 81
f 81 85 89
f 89 93 98
f 98 101 106
f 106 110 115
f 115 117 123
f 123 127 129
f 129 4841 4840
f 129 4840 4839
f 115 123 129
f 98 106 115
f 81 89 98
f 67 75 81
f 52 60 67
f 35 42 52
f 20 25 35
f 3 10 20
f 4811 4810 3
f 4812 4811 3
f 3 20 35
f 35 52 67
f 67 81 98
f 98 115 129
f 129 4839 4838
f 129 4838 4837
f 67 98 129
f 3 35 67
f 4813 4812 3
f 4814 4813 3
f 3 67 129
f 129 4837 4836
f 129 4836 4835
f 4815 4814 3
f 4816 4815 3
f 129 4835 4834
f 129 4834 4833
f 4817 4816 3
f 4818 4817 3
f 129 4833 4832
f 129 4832 4831
f 4819 4818 3
f 4820 4819 3
f 129 4831 4830
f 129 4830 4829
f 4820 3 129
f 4821 4820 129
f 129 4829 4828
f 129 4828 4827
f 4822 4821 129
f 4823 4822 129
f 129 4827 4826
f 129 4826 4825
f 4824 4823 129
f 129 4825 4824
f 5 3 4769
f 5 4769 4770
f 10 5 4770
f 10 4770 4771
f 16 10 4771
f 16 4771 4772
f 20 16 4772
f 20 4772 4773
f 23 20 4773
f 23 4773 4774
f 25 23 4774
f 25 4774 4775
f 30 25 4775
f 30 4775 4776
f 35 30 4776
f 35 4776 4777
f 39 35 4777
f 39 4777 4778
f 4779 42 39
f 4779 39 4778
f 45 42 4779
f 45 4779 4785
f 52 45 4785
f 52 4785 4787
f 56 52 4787
f 56 4787 4799
f 60 56 4799
f 60 4799 4800
f 63 60 4800
f 63 4800 4801
f 67 63 4801
f 67 4801 4797
f 4798 69 67
f 4798 67 4797
f 4796 75 69
f 4796 69 4798
f 4795 80 75
f 4795 75 4796
f 4794 81 80
f 4794 80 4795
f 4793 85 81
f 4793 81 4794
f 4792 89 85
f 4792 85 4793
f 4791 93 89
f 4791 89 4792
f 4790 98 93
f 4790 93 4791
f 4803 101 98
f 4803 98 4790
f 4807 106 101
f 4807 101 4803
f 4808 110 106
f 4808 106 4807
f 4806 115 110
f 4806 110 4808
f 4805 117 115
f 4805 115 4806
f 4804 123 117
f 4804 117 4805
f 4802 127 123
f 4802 123 4804
f 4789 129 127
f 4789 127 4802
f 4788 136 129
f 4788 129 4789
f 4786 137 136
f 4786 136 4788
f 4784 143 137
f 4784 137 4786
f 4780 147 143
f 4780 143 4784
f 4781 151 147
f 4781 147 4780
f 4783 155 151
f 4783 151 4781
f 4782 158 155
f 4782 155 4783
f 4764 4713 4710
f 161 158 4782
f 4764 4710 161
f 161 4782 4764
f 4711 165 161
f 4711 161 4710
f 4712 171 165
f 4712 165 4711
f 4709 175 171
f 4709 171 4712
f 4708 179 175
f 4708 175 4709
f 4714 184 179
f 4714 179 4708
f 4691 188 184
f 4691 184 4714
f 4692 190 188
f 4692 188 4691
f 4693 194 190
f 4693 190 4692
f 4690 200 194
f 4690 194 4693
f 4694 204 200
f 4694 200 4690
f 4695 205 204
f 4695 204 4694
f 4696 209 205
f 4696 205 4695
f 4697 213 209
f 4697 209 4696
f 4698 217 213
f 4698 213 4697
f 4707 222 217
f 4707 217 4698
f 4706 226 222
f 4706 222 4707
f 4705 230 226
f 4705 226 4706
f 4689 236 230
f 4689 230 4705
f 4688 238 236
f 4688 236 4689
f 4687 244 238
f 4687 238 4688
f 4686 246 244
f 4686 244 4687
f 4685 250 246
f 4685 246 4686
f 4684 254 250
f 4684 250 4685
f 4677 258 254
f 4677 254 4684
f 4683 259 258
f 4683 258 4677
f 4682 261 259
f 4682 259 4683
f 4681 263 261
f 4681 261 4682
f 4680 265 263
f 4680 263 4681
f 4679 267 265
f 4679 265 4680
f 4678 269 267
f 4678 267 4679
f 4704 272 269
f 4704 269 4678
f 4703 273 272
f 4703 272 4704
f 4702 276 273
f 4702 273 4703
f 4701 278 276
f 4701 276 4702
f 4700 279 278
f 4700 278 4701
f 4699 281 279
f 4699 279 4700
f 4763 284 281
f 4763 281 4699
f 4762 286 284
f 4762 284 4763
f 4761 287 286
f 4761 286 4762
f 4760 289 287
f 4760 287 4761
f 292 289 4760
f 292 4760 4759
f 294 292 4759
f 294 4759 4758
f 295 294 4758
f 295 4758 4757
f 297 295 4757
f 297 4757 4756
f 300 297 4756
f 300 4756 4755
f 301 300 4755
f 301 4755 4754
f 4753 303 301
f 4753 301 4754
f 4752 305 303
f 4752 303 4753
f 307 305 4752
f 307 4752 4751
f 309 307 4751
f 309 4751 4750
f 311 309 4750
f 311 4750 4749
f 313 311 4749
f 313 4749 4748
f 316 313 4748
f 316 4748 4747
f 317 316 4747
f 317 4747 4740
f 319 317 4740
f 319 4740 4742
f 321 319 4742
f 321 4742 4741
f 323 321 4741
f 323 4741 4745
f 325 323 4745
f 325 4745 4746
f 327 325 4746
f 327 4746 4744
f 329 327 4744
f 329 4744 4743
f 4717 331 329
f 4717 329 4743
f 333 331 4717
f 333 4717 4718
f 336 333 4718
f 336 4718 4719
f 338 336 4719
f 338 4719 4720
f 339 338 4720
f 339 4720 4721
f 341 339 4721
f 341 4721 4722
f 343 341 4722
f 343 4722 4723
f 346 343 4723
f 346 4723 4724
f 347 346 4724
f 347 4724 4725
f 4726 349 347
f 4726 347 4725
f 352 349 4726
f 352 4726 4727
f 353 352 4727
f 353 4727 4728
f 355 353 4728
f 355 4728 4729
f 357 355 4729
f 357 4729 4730
f 359 357 4730
f 359 4730 4731
f 362 359 4731
f 362 4731 4732
f 363 362 4732
f 363 4732 4733
f 365 363 4733
f 365 4733 4734
f 367 365 4734
f 367 4734 4735
f 369 367 4735
f 369 4735 4736
f 372 369 4736
f 372 4736 4737
f 374 372 4737
f 374 4737 4738
f 375 374 4738
f 375 4738 4739
f 378 375 4739
f 378 4739 4716
f 4765 4766 379
f 378 4716 4715
f 4765 379 378
f 378 4715 4765
f 381 379 4766
f 381 4766 4767
f 383 381 4767
f 383 4767 4768
f 3 383 4768
f 3 4768 4769
f 255 2 5071
f 255 5071 5198
f 251 253 255
f 248 249 251
f 243 245 248
f 240 242 243
f 235 237 240
f 232 234 235
f 227 229 232
f 224 225 227
f 220 221 224
f 216 218 220
f 212 214 216
f 208 210 212
f 203 206 208
f 199 201 203
f 196 197 199
f 191 193 196
f 187 189 191
f 183 185 187
f 180 181 183
f 176 177 180
f 172 173 176
f 167 169 172
f 164 166 167
f 159 162 164
f 156 157 159
f 152 153 156
f 148 150 152
f 144 146 148
f 139 141 144
f 135 138 139
f 132 133 135
f 128 130 132
f 124 125 128
f 120 122 124
f 116 118 120
f 111 113 116
f 107 109 111
f 104 105 107
f 100 102 104
f 95 97 100
f 92 94 95
f 88 90 92
f 83 86 88
f 79 82 83
f 76 78 79
f 72 73 76
f 68 70 72
f 5103 65 68
f 5104 5103 68
f 68 72 76
f 76 79 83
f 83 88 92
f 92 95 100
f 100 104 107
f 107 111 116
f 116 120 124
f 124 128 132
f 132 135 139
f 139 144 148
f 148 152 156
f 156 159 164
f 164 167 172
f 172 176 180
f 180 183 187
f 187 191 196
f 196 199 203
f 203 208 212
f 212 216 220
f 220 224 227
f 227 232 235
f 235 240 243
f 243 248 251
f 251 255 5198
f 251 5198 5197
f 235 243 251
f 220 227 235
f 203 212 220
f 187 196 203
f 172 180 187
f 156 164 172
f 139 148 156
f 124 132 139
f 107 116 124
f 92 100 107
f 76 83 92
f 5104 68 76
f 5105 5104 76
f 76 92 107
f 107 124 139
f 139 156 172
f 172 187 203
f 203 220 235
f 235 251 5197
f 235 5197 5196
f 172 203 235
f 107 139 172
f 5105 76 107
f 5106 5105 107
f 235 5196 5195
f 235 5195 5194
f 5107 5106 107
f 5108 5107 107
f 235 5194 5193
f 235 5193 5192
f 5109 5108 107
f 5110 5109 107
f 235 5192 5191
f 235 5191 5190
f 5111 5110 107
f 5112 5111 107
f 235 5190 5189
f 235 5189 5188
f 5113 5112 107
f 5114 5113 107
f 235 5188 5187
f 235 5187 5186
f 5115 5114 107
f 5116 5115 107
f 235 5186 5185
f 235 5185 5184
f 5117 5116 107
f 5118 5117 107
f 235 5184 5183
f 235 5183 5182
f 5119 5118 107
f 5120 5119 107
f 235 5182 5181
f 235 5181 5180
f 5121 5120 107
f 5122 5121 107
f 235 5180 5179
f 235 5179 5178
f 5123 5122 107
f 5124 5123 107
f 235 5178 5177
f 235 5177 5176
f 5125 5124 107
f 5126 5125 107
f 172 235 5176
f 172 5176 5175
f 5127 5126 107
f 5128 5127 107
f 172 5175 5174
f 172 5174 5173
f 5129 5128 107
f 5130 5129 107
f 172 5173 5172
f 172 5172 5171
f 5131 5130 107
f 5132 5131 107
f 172 5171 5170
f 172 5170 5169
f 5133 5132 107
f 5134 5133 107
f 172 5169 5168
f 172 5168 5167
f 5135 5134 107
f 5136 5135 107
f 172 5167 5166
f 172 5166 5165
f 5136 107 172
f 5137 5136 172
f 172 5165 5164
f 172 5164 5163
f 5138 5137 172
f 5139 5138 172
f 172 5163 5162
f 172 5162 5161
f 5140 5139 172
f 5141 5140 172
f 172 5161 5160
f 172 5160 5159
f 5142 5141 172
f 5143 5142 172
f 172 5159 5158
f 172 5158 5157
f 5144 5143 172
f 5145 5144 172
f 172 5157 5156
f 172 5156 5155
f 5146 5145 172
f 5147 5146 172
f 172 5155 5154
f 172 5154 5153
f 5148 5147 172
f 5149 5148 172
f 172 5153 5152
f 172 5152 5151
f 5150 5149 172
f 5151 5150 172
f 5072 5071 2
f 2 4 6
f 6 8 9
f 9 11 13
f 13 15 18
f 18 19 22
f 22 24 26
f 26 28 29
f 29 31 33
f 33 36 38
f 38 40 41
f 41 43 46
f 46 47 49
f 49 51 53
f 53 55 58
f 58 59 62
f 62 64 65
f 65 5103 5102
f 65 5102 5101
f 58 62 65
f 49 53 58
f 41 46 49
f 33 38 41
f 26 29 33
f 18 22 26
f 9 13 18
f 2 6 9
f 5073 5072 2
f 5074 5073 2
f 2 9 18
f 18 26 33
f 33 41 49
f 49 58 65
f 65 5101 5100
f 65 5100 5099
f 33 49 65
f 2 18 33
f 5075 5074 2
f 5076 5075 2
f 2 33 65
f 65 5099 5098
f 65 5098 5097
f 5077 5076 2
f 5078 5077 2
f 65 5097 5096
f 65 5096 5095
f 5079 5078 2
f 5080 5079 2
f 65 5095 5094
f 65 5094 5093
f 5081 5080 2
f 5082 5081 2
f 65 5093 5092
f 65 5092 5091
f 5082 2 65
f 5083 5082 65
f 65 5091 5090
f 65 5090 5089
f 5084 5083 65
f 5085 5084 65
f 65 5089 5088
f 65 5088 5087
f 5086 5085 65
f 65 5087 5086
f 4 2 5031
f 4 5031 5030
f 6 4 5030
f 6 5030 5029
f 8 6 5029
f 8 5029 5028
f 5024 4977 4978
f 9 8 5028
f 9 5028 5026
f 5024 4978 9
f 9 5026 5025
f 9 5025 5024
f 11 9 4978
f 11 4978 4979
f 13 11 4979
f 13 4979 4980
f 15 13 4980
f 15 4980 4981
f 18 15 4981
f 18 4981 4982
f 19 18 4982
f 19 4982 4983
f 22 19 4983
f 22 4983 4984
f 24 22 4984
f 24 4984 4985
f 26 24 4985
f 26 4985 4986
f 28 26 4986
f 28 4986 4987
f 29 28 4987
f 29 4987 4988
f 31 29 4988
f 31 4988 4989
f 33 31 4989
f 33 4989 4990
f 4991 36 33
f 4991 33 4990
f 4992 38 36
f 4992 36 4991
f 4993 40 38
f 4993 38 4992
f 4994 41 40
f 4994 40 4993
f 4995 43 41
f 4995 41 4994
f 4996 46 43
f 4996 43 4995
f 4997 47 46
f 4997 46 4996
f 4998 49 47
f 4998 47 4997
f 4999 51 49
f 4999 49 4998
f 5000 53 51
f 5000 51 4999
f 5001 55 53
f 5001 53 5000
f 5020 58 55
f 5020 55 5001
f 5021 59 58
f 5021 58 5020
f 5022 62 59
f 5022 59 5021
f 5023 64 62
f 5023 62 5022
f 5018 65 64
f 5018 64 5023
f 5019 68 65
f 5019 65 5018
f 5017 70 68
f 5017 68 5019
f 5016 72 70
f 5016 70 5017
f 5015 73 72
f 5015 72 5016
f 5014 76 73
f 5014 73 5015
f 5013 78 76
f 5013 76 5014
f 5012 79 78
f 5012 78 5013
f 5011 82 79
f 5011 79 5012
f 5010 83 82
f 5010 82 5011
f 5009 86 83
f 5009 83 5010
f 5008 88 86
f 5008 86 5009
f 5007 90 88
f 5007 88 5008
f 5006 92 90
f 5006 90 5007
f 5005 94 92
f 5005 92 5006
f 5004 95 94
f 5004 94 5005
f 5003 97 95
f 5003 95 5004
f 4968 100 97
f 4968 97 5003
f 4967 102 100
f 4967 100 4968
f 4966 104 102
f 4966 102 4967
f 4965 105 104
f 4965 104 4966
f 4964 107 105
f 4964 105 4965
f 4963 109 107
f 4963 107 4964
f 4962 111 109
f 4962 109 4963
f 4961 113 111
f 4961 111 4962
f 4960 116 113
f 4960 113 4961
f 4959 118 116
f 4959 116 4960
f 4958 120 118
f 4958 118 4959
f 4957 122 120
f 4957 120 4958
f 4956 124 122
f 4956 122 4957
f 4955 125 124
f 4955 124 4956
f 4954 128 125
f 4954 125 4955
f 4938 130 128
f 4938 128 4954
f 4937 132 130
f 4937 130 4938
f 4953 133 132
f 4953 132 4937
f 4952 135 133
f 4952 133 4953
f 4951 138 135
f 4951 135 4952
f 4950 139 138
f 4950 138 4951
f 4949 141 139
f 4949 139 4950
f 4946 144 141
f 4946 141 4949
f 4948 146 144
f 4948 144 4946
f 4947 148 146
f 4947 146 4948
f 4944 150 148
f 4944 148 4947
f 4945 152 150
f 4945 150 4944
f 4941 153 152
f 4941 152 4945
f 4942 156 153
f 4942 153 4941
f 4943 157 156
f 4943 156 4942
f 4939 159 157
f 4939 157 4943
f 4940 162 159
f 4940 159 4939
f 164 162 4940
f 164 4940 5002
f 166 164 5002
f 166 5002 4969
f 167 166 4969
f 167 4969 4970
f 169 167 4970
f 169 4970 4972
f 172 169 4972
f 172 4972 4973
f 173 172 4973
f 173 4973 4971
f 176 173 4971
f 176 4971 4974
f 177 176 4974
f 177 4974 4976
f 5048 180 177
f 177 4976 4975
f 5027 5048 177
f 177 4975 5027
f 181 180 5048
f 181 5048 5049
f 183 181 5049
f 183 5049 5050
f 185 183 5050
f 185 5050 5051
f 5052 187 185
f 5052 185 5051
f 5053 189 187
f 5053 187 5052
f 5055 191 189
f 5055 189 5053
f 193 191 5055
f 193 5055 5057
f 196 193 5057
f 196 5057 5058
f 197 196 5058
f 197 5058 5060
f 199 197 5060
f 199 5060 5061
f 201 199 5061
f 201 5061 5062
f 203 201 5062
f 203 5062 5065
f 206 203 5065
f 206 5065 5066
f 208 206 5066
f 208 5066 5067
f 210 208 5067
f 210 5067 5069
f 5070 212 210
f 5070 210 5069
f 5068 214 212
f 5068 212 5070
f 5063 216 214
f 5063 214 5068
f 218 216 5063
f 218 5063 5033
f 220 218 5033
f 220 5033 5032
f 221 220 5032
f 221 5032 5037
f 224 221 5037
f 224 5037 5034
f 225 224 5034
f 225 5034 5036
f 227 225 5036
f 227 5036 5035
f 229 227 5035
f 229 5035 5044
f 232 229 5044
f 232 5044 5039
f 234 232 5039
f 234 5039 5038
f 235 234 5038
f 235 5038 5043
f 237 235 5043
f 237 5043 5040
f 240 237 5040
f 240 5040 5042
f 242 240 5042
f 242 5042 5041
f 243 242 5041
f 243 5041 5064
f 245 243 5064
f 245 5064 5059
f 5056 248 245
f 5056 245 5059
f 249 248 5056
f 249 5056 5054
f 5047 251 249
f 5047 249 5054
f 253 251 5047
f 253 5047 5046
f 255 253 5046
f 255 5046 5045
f 2 255 5045
f 2 5045 5031