v 0.00299999904633 0.0312999420166 -0.0213899917603
v -9.53680341809e-10 0.0328499412537 0.00560000801086
v -9.53683297666e-10 0.0342399406433 0.0108100090027
v 0.00298858356476 0.0315614089966 -0.0225899906158
v 0.000101373672485 0.032846622467 0.00560000801086
v 0.00298858356476 0.0315614089966 -0.0213899917603
v 0.00295442295074 0.0318208866119 -0.0225899906158
v 0.000202314376831 0.032836681366 0.00560000801086
v 0.000192284584045 0.0342336463928 0.0108100090027
v 0.00295442295074 0.0318208866119 -0.0213899917603
v 0.000302389144897 0.0328201599121 0.00560000801086
v 0.0028977766037 0.0320764007568 -0.0225899906158
v 0.000383746147156 0.0342147903442 0.0108100090027
v 0.000401168823242 0.03279712677 0.00560000801086
v 0.0028977766037 0.0320764007568 -0.0213899917603
v 0.00281907749176 0.0323260040283 -0.0225899906158
v 0.000498229980469 0.0327676849365 0.00560000801086
v 0.000573564529419 0.0341834487915 0.0108100090027
v 0.00281907749176 0.0323260040283 -0.0213899917603
v 0.000593158721924 0.0327319564819 0.00560000801086
v 0.00271892261505 0.0325677986145 -0.0225899906158
v 0.000685546875 0.0326900939941 0.00560000801086
v 0.000760927200317 0.0341397628784 0.0108100090027
v 0.00271892261505 0.0325677986145 -0.0213899917603
v 0.00259807491302 0.0327999420166 -0.0225899906158
v 0.000774998664856 0.0326422805786 0.00560000801086
v 0.000945031166077 0.0340839157104 0.0108100090027
v 0.00259807491302 0.0327999420166 -0.0213899917603
v 0.000861132621765 0.0325887184143 0.00560000801086
v 0.0024574546814 0.0330206718445 -0.0225899906158
v 0.00112508869171 0.0340161476135 0.0108100090027
v 0.000943579673767 0.0325296401978 0.00560000801086
v 0.0024574546814 0.0330206718445 -0.0213899917603
v 0.00229813289642 0.0332283058167 -0.0225899906158
v 0.00102198505402 0.0324652938843 0.00560000801086
v 0.0013003282547 0.0339367485046 0.0108100090027
v 0.00229813289642 0.0332283058167 -0.0213899917603
v 0.0010960149765 0.0323959579468 0.00560000801086
v 0.00212131881714 0.0334212608337 -0.0225899906158
v 0.001165350914 0.0323219261169 0.00560000801086
v 0.00146999931335 0.0338460578918 0.0108100090027
v 0.00212131881714 0.0334212608337 -0.0213899917603
v 0.0012296962738 0.032243522644 0.00560000801086
v 0.0019283618927 0.0335980758667 -0.0225899906158
v 0.00163337612152 0.0337444610596 0.0108100090027
v 0.0019283618927 0.0335980758667 -0.0213899917603
v 0.00128877735138 0.032161075592 0.00560000801086
v 0.00172072887421 0.033757396698 -0.0225899906158
v 0.00134233856201 0.0320749435425 0.00560000801086
v 0.00178975772858 0.0336324005127 0.0108100090027
v 0.00172072887421 0.033757396698 -0.0213899917603
v 0.00149999904633 0.0338980178833 -0.0225899906158
v 0.00139015197754 0.0319854888916 0.00560000801086
v 0.00193847560883 0.0335103492737 0.0108100090027
v 0.00149999904633 0.0338980178833 -0.0213899917603
v 0.00143201255798 0.0318931007385 0.00560000801086
v 0.00126785469055 0.034018863678 -0.0225899906158
v 0.00146774101257 0.0317981739044 0.00560000801086
v 0.00207889270782 0.0333788375854 0.0108100090027
v 0.00126785469055 0.034018863678 -0.0213899917603
v 0.00102606010437 0.0341190185547 -0.0225899906158
v 0.00149718379974 0.0317011108398 0.00560000801086
v 0.00221040821075 0.0332384185791 0.0108100090027
v 0.00102606010437 0.0341190185547 -0.0213899917603
v 0.00152021598816 0.0316023311615 0.00560000801086
v 0.000776455879211 0.034197719574 -0.0225899906158
v 0.00153673839569 0.0315022583008 0.00560000801086
v 0.00233245754242 0.0330896987915 0.0108100090027
v 0.000776455879211 0.034197719574 -0.0213899917603
v 0.000520943641663 0.0342543640137 -0.0225899906158
v 0.00154668045044 0.0314013175964 0.00560000801086
v 0.00244451999664 0.0329333190918 0.0108100090027
v 0.000520943641663 0.0342543640137 -0.0213899917603
v 0.00154999923706 0.0312999420166 0.00560000801086
v 0.000261466026306 0.0342885246277 -0.0225899906158
v 0.00154668045044 0.0311985664368 0.00560000801086
v 0.0025461139679 0.0327699432373 0.0108100090027
v 0.000261466026306 0.0342885246277 -0.0213899917603
v -9.53669200499e-10 0.0342999420166 -0.0225899906158
v 0.00153673839569 0.0310976257324 0.00560000801086
v 0.00263680553436 0.0326002693176 0.0108100090027
v 0.00152021598816 0.0309975528717 0.00560000801086
v -9.53669712089e-10 0.0342999420166 -0.0213899917603
v -0.000261467933655 0.0342885246277 -0.0225899906158
v 0.00271620464325 0.0324250297546 0.0108100090027
v 0.00149718379974 0.0308987731934 0.00560000801086
v -0.000261467933655 0.0342885246277 -0.0213899917603
v 0.00146774101257 0.0308017101288 0.00560000801086
v -0.000520945549011 0.0342543640137 -0.0225899906158
v 0.00278397369385 0.032244972229 0.0108100090027
v 0.00143201255798 0.0307067832947 0.00560000801086
v -0.000520945549011 0.0342543640137 -0.0213899917603
v -0.000776458740234 0.034197719574 -0.0225899906158
v 0.00139015197754 0.0306143951416 0.00560000801086
v 0.00283982086182 0.0320608711243 0.0108100090027
v -0.000776458740234 0.034197719574 -0.0213899917603
v -0.00102606105804 0.0341190185547 -0.0225899906158
v 0.00134233856201 0.0305249423981 0.00560000801086
v 0.00288350772858 0.0318735084534 0.0108100090027
v -0.00102606105804 0.0341190185547 -0.0213899917603
v 0.00128877735138 0.0304388084412 0.00560000801086
v -0.00126785564423 0.034018863678 -0.0225899906158
v 0.0012296962738 0.0303563613892 0.00560000801086
v 0.00291484737396 0.0316836891174 0.0108100090027
v -0.00126785564423 0.034018863678 -0.0213899917603
v 0.001165350914 0.0302779560089 0.00560000801086
v 0.00293370437622 0.0314922275543 0.0108100090027
v -0.00150000095367 0.0338980178833 -0.0225899906158
v -0.00150000095367 0.0338980178833 -0.0213899917603
v 0.0010960149765 0.0302039260864 0.00560000801086
v 0.00293999958038 0.0312999420166 0.0108100090027
v -0.00172072982788 0.033757396698 -0.0225899906158
v 0.00102198505402 0.0301345901489 0.00560000801086
v -0.00172072982788 0.033757396698 -0.0213899917603
v 0.00293370437622 0.0311076564789 0.0108100090027
v 0.000943579673767 0.0300702438354 0.00560000801086
v -0.00192836380005 0.0335980758667 -0.0225899906158
v 0.000861132621765 0.0300111637115 0.00560000801086
v -0.00192836380005 0.0335980758667 -0.0213899917603
v 0.00291484737396 0.0309161949158 0.0108100090027
v 0.000774998664856 0.0299576034546 0.00560000801086
v -0.00212132167816 0.0334212608337 -0.0225899906158
v -0.00212132167816 0.0334212608337 -0.0213899917603
v 0.000685546875 0.0299097900391 0.00560000801086
v 0.00288350772858 0.0307263755798 0.0108100090027
v -0.0022981338501 0.0332283058167 -0.0225899906158
v 0.000593158721924 0.0298679294586 0.00560000801086
v -0.0022981338501 0.0332283058167 -0.0213899917603
v -0.00245745754242 0.0330206718445 -0.0225899906158
v 0.000498229980469 0.029832201004 0.00560000801086
v 0.00283982086182 0.0305390148163 0.0108100090027
v -0.00245745754242 0.0330206718445 -0.0213899917603
v 0.000401168823242 0.0298027572632 0.00560000801086
v -0.00259807682037 0.0327999420166 -0.0225899906158
v 0.00278397369385 0.0303549098969 0.0108100090027
v 0.000302389144897 0.0297797241211 0.00560000801086
v -0.00259807682037 0.0327999420166 -0.0213899917603
v -0.0027189245224 0.0325677986145 -0.0225899906158
v 0.00271620464325 0.0301748523712 0.0108100090027
v 0.000202314376831 0.0297632026672 0.00560000801086
v -0.0027189245224 0.0325677986145 -0.0213899917603
v -0.00281907844543 0.0323260040283 -0.0225899906158
v 0.000101373672485 0.0297532615662 0.00560000801086
v 0.00263680553436 0.0299996128082 0.0108100090027
v -9.5367886388e-10 0.0297499427795 0.00560000801086
v -0.00281907844543 0.0323260040283 -0.0213899917603
v -0.00289777851105 0.0320764007568 -0.0225899906158
v -0.000101375579834 0.0297532615662 0.00560000801086
v 0.0025461139679 0.0298299427032 0.0108100090027
v -0.00289777851105 0.0320764007568 -0.0213899917603
v -0.00020231628418 0.0297632026672 0.00560000801086
v -0.00295442390442 0.0318208866119 -0.0225899906158
v 0.00244451999664 0.0296665649414 0.0108100090027
v -0.000302391052246 0.0297797241211 0.00560000801086
v -0.00295442390442 0.0318208866119 -0.0213899917603
v -0.00298858547211 0.0315614089966 -0.0225899906158
v -0.000401170730591 0.0298027572632 0.00560000801086
v 0.00233245754242 0.0295101833344 0.0108100090027
v -0.00298858547211 0.0315614089966 -0.0213899917603
v -0.000498231887817 0.029832201004 0.00560000801086
v -0.00300000095367 0.0312999420166 -0.0225899906158
v 0.00221040821075 0.0293614654541 0.0108100090027
v -0.00300000095367 0.0312999420166 -0.0213899917603
v -0.000593160629272 0.0298679294586 0.00560000801086
v -0.00298858547211 0.0310384750366 -0.0225899906158
v -0.000685548782349 0.0299097900391 0.00560000801086
v 0.00207889270782 0.0292210483551 0.0108100090027
v -0.00298858547211 0.0310384750366 -0.0213899917603
v -0.00295442390442 0.0307789974213 -0.0225899906158
v -0.000775000572205 0.0299576034546 0.00560000801086
v 0.00193847560883 0.0290895328522 0.0108100090027
v -0.000861134529114 0.0300111637115 0.00560000801086
v -0.00295442390442 0.0307789974213 -0.0213899917603
v -0.00289777851105 0.0305234851837 -0.0225899906158
v -0.000943581581116 0.0300702438354 0.00560000801086
v 0.00178975772858 0.0289674835205 0.0108100090027
v -0.00289777851105 0.0305234851837 -0.0213899917603
v -0.00281907844543 0.0302738819122 -0.0225899906158
v -0.00102198696136 0.0301345901489 0.00560000801086
v 0.00163337612152 0.0288554210663 0.0108100090027
v -0.00281907844543 0.0302738819122 -0.0213899917603
v -0.00109601688385 0.0302039260864 0.00560000801086
v -0.0027189245224 0.030032087326 -0.0225899906158
v 0.00146999931335 0.0287538280487 0.0108100090027
v -0.00116535282135 0.0302779560089 0.00560000801086
v -0.0027189245224 0.030032087326 -0.0213899917603
v -0.00122969818115 0.0303563613892 0.00560000801086
v -0.00259807682037 0.0297999420166 -0.0225899906158
v 0.0013003282547 0.0286631355286 0.0108100090027
v -0.00259807682037 0.0297999420166 -0.0213899917603
v -0.00128877925873 0.0304388084412 0.00560000801086
v -0.00245745754242 0.0295792121887 -0.0225899906158
v -0.00134234046936 0.0305249423981 0.00560000801086
v 0.00112508869171 0.0285837364197 0.0108100090027
v -0.00245745754242 0.0295792121887 -0.0213899917603
v -0.00139015388489 0.0306143951416 0.00560000801086
v -0.0022981338501 0.0293715782166 -0.0225899906158
v 0.000945031166077 0.0285159664154 0.0108100090027
v -0.00143201446533 0.0307067832947 0.00560000801086
v -0.0022981338501 0.0293715782166 -0.0213899917603
v -0.00212132167816 0.0291786212921 -0.0225899906158
v 0.000760927200317 0.0284601192474 0.0108100090027
v -0.00146774291992 0.0308017101288 0.00560000801086
v -0.00212132167816 0.0291786212921 -0.0213899917603
v -0.00192836380005 0.0290018081665 -0.0225899906158
v -0.00149718570709 0.0308987731934 0.00560000801086
v 0.000573564529419 0.0284164333344 0.0108100090027
v -0.00192836380005 0.0290018081665 -0.0213899917603
v -0.00152021789551 0.0309975528717 0.00560000801086
v -0.00172072982788 0.0288424854279 -0.0225899906158
v 0.000383746147156 0.028385093689 0.0108100090027
v -0.00153674030304 0.0310976257324 0.00560000801086
v -0.00172072982788 0.0288424854279 -0.0213899917603
v -0.00154668235779 0.0311985664368 0.00560000801086
v -0.00150000095367 0.0287018661499 -0.0225899906158
v 0.000192284584045 0.028366235733 0.0108100090027
v -0.00150000095367 0.0287018661499 -0.0213899917603
v -0.00155000114441 0.0312999420166 0.00560000801086
v -0.00126785564423 0.0285810184479 -0.0225899906158
v -0.00154668235779 0.0314013175964 0.00560000801086
v -9.53680455495e-10 0.0283599414825 0.0108100090027
v -0.00126785564423 0.0285810184479 -0.0213899917603
v -0.00153674030304 0.0315022583008 0.00560000801086
v -0.00102606105804 0.0284808635712 -0.0225899906158
v -0.000192286491394 0.028366235733 0.0108100090027
v -0.00152021789551 0.0316023311615 0.00560000801086
v -0.00102606105804 0.0284808635712 -0.0213899917603
v -0.000776458740234 0.0284021644592 -0.0225899906158
v -0.00149718570709 0.0317011108398 0.00560000801086
v -0.000383748054504 0.028385093689 0.0108100090027
v -0.000776458740234 0.0284021644592 -0.0213899917603
v -0.00146774291992 0.0317981739044 0.00560000801086
v -0.000520945549011 0.0283455181122 -0.0225899906158
v -0.000573566436768 0.0284164333344 0.0108100090027
v -0.00143201446533 0.0318931007385 0.00560000801086
v -0.000520945549011 0.0283455181122 -0.0213899917603
v -0.000261467933655 0.0283113574982 -0.0225899906158
v -0.00139015388489 0.0319854888916 0.00560000801086
v -0.000760929107666 0.0284601192474 0.0108100090027
v -0.000261467933655 0.0283113574982 -0.0213899917603
v -0.00134234046936 0.0320749435425 0.00560000801086
v -9.53666244641e-10 0.0282999420166 -0.0225899906158
v -0.000945033073425 0.0285159664154 0.0108100090027
v -0.00128877925873 0.032161075592 0.00560000801086
v -9.53666756232e-10 0.0282999420166 -0.0213899917603
v 0.000261466026306 0.0283113574982 -0.0225899906158
v -0.00122969818115 0.032243522644 0.00560000801086
v -0.00112509059906 0.0285837364197 0.0108100090027
v 0.000261466026306 0.0283113574982 -0.0213899917603
v -0.00116535282135 0.0323219261169 0.00560000801086
v -0.00130033016205 0.0286631355286 0.0108100090027
v 0.000520943641663 0.0283455181122 -0.0225899906158
v -0.00109601688385 0.0323959579468 0.00560000801086
v 0.000520943641663 0.0283455181122 -0.0213899917603
v -0.0014700012207 0.0287538280487 0.0108100090027
v -0.00102198696136 0.0324652938843 0.00560000801086
v 0.000776455879211 0.0284021644592 -0.0225899906158
v 0.000776455879211 0.0284021644592 -0.0213899917603
v -0.000943581581116 0.0325296401978 0.00560000801086
v -0.00163337802887 0.0288554210663 0.0108100090027
v 0.00102606010437 0.0284808635712 -0.0225899906158
v 0.00102606010437 0.0284808635712 -0.0213899917603
v -0.000861134529114 0.0325887184143 0.00560000801086
v -0.00178975963593 0.0289674835205 0.0108100090027
v 0.00126785469055 0.0285810184479 -0.0225899906158
v -0.000775000572205 0.0326422805786 0.00560000801086
v 0.00126785469055 0.0285810184479 -0.0213899917603
v -0.00193847751617 0.0290895328522 0.0108100090027
v -0.000685548782349 0.0326900939941 0.00560000801086
v 0.00149999904633 0.0287018661499 -0.0225899906158
v 0.00149999904633 0.0287018661499 -0.0213899917603
v -0.000593160629272 0.0327319564819 0.00560000801086
v 0.00172072887421 0.0288424854279 -0.0225899906158
v -0.00207889461517 0.0292210483551 0.0108100090027
v -0.000498231887817 0.0327676849365 0.00560000801086
v 0.00172072887421 0.0288424854279 -0.0213899917603
v 0.0019283618927 0.0290018081665 -0.0225899906158
v -0.000401170730591 0.03279712677 0.00560000801086
v -0.0022104101181 0.0293614654541 0.0108100090027
v 0.0019283618927 0.0290018081665 -0.0213899917603
v -0.000302391052246 0.0328201599121 0.00560000801086
v 0.00212131881714 0.0291786212921 -0.0225899906158
v -0.00233245944977 0.0295101833344 0.0108100090027
v -0.00020231628418 0.032836681366 0.00560000801086
v 0.00212131881714 0.0291786212921 -0.0213899917603
v 0.00229813289642 0.0293715782166 -0.0225899906158
v -0.000101375579834 0.032846622467 0.00560000801086
v -0.00244452190399 0.0296665649414 0.0108100090027
v 0.00229813289642 0.0293715782166 -0.0213899917603
v -0.00254611587524 0.0298299427032 0.0108100090027
v 0.0024574546814 0.0295792121887 -0.0225899906158
v 0.0024574546814 0.0295792121887 -0.0213899917603
v -0.00263680744171 0.0299996128082 0.0108100090027
v 0.00259807491302 0.0297999420166 -0.0225899906158
v 0.00259807491302 0.0297999420166 -0.0213899917603
v -0.0027162065506 0.0301748523712 0.0108100090027
v 0.00271892261505 0.030032087326 -0.0225899906158
v 0.00271892261505 0.030032087326 -0.0213899917603
v -0.0027839756012 0.0303549098969 0.0108100090027
v 0.00281907749176 0.0302738819122 -0.0225899906158
v 0.00281907749176 0.0302738819122 -0.0213899917603
v -0.00283982276917 0.0305390148163 0.0108100090027
v 0.0028977766037 0.0305234851837 -0.0225899906158
v 0.0028977766037 0.0305234851837 -0.0213899917603
v -0.00288350963593 0.0307263755798 0.0108100090027
v 0.00295442295074 0.0307789974213 -0.0225899906158
v 0.00295442295074 0.0307789974213 -0.0213899917603
v 0.00298858356476 0.0310384750366 -0.0225899906158
v -0.00291484928131 0.0309161949158 0.0108100090027
v 0.00298858356476 0.0310384750366 -0.0213899917603
v -0.00293370628357 0.0311076564789 0.0108100090027
v 0.00299999904633 0.0312999420166 -0.0225899906158
v -0.0329023590088 0.0221607570648 0.00881000709534
v -0.0329500007629 0.0221724395752 0.00881000709534
v -0.00294000148773 0.0312999420166 0.0108100090027
v -0.0329500007629 0.0212999420166 0.00881000709534
v -0.032806678772 0.0221305885315 0.00881000709534
v -0.00293370628357 0.0314922275543 0.0108100090027
v -0.0320775032043 0.0212999420166 0.00881000709534
v -0.0320891876221 0.0213475837708 0.00881000709534
v -0.00291484928131 0.0316836891174 0.0108100090027
v -0.032119354248 0.0214432659149 0.00881000709534
v -0.0321577453613 0.0215359535217 0.00881000709534
v -0.00288350963593 0.0318735084534 0.0108100090027
v -0.0322040710449 0.0216249427795 0.00881000709534
v -0.032257976532 0.0217095546722 0.00881000709534
v -0.00283982276917 0.0320608711243 0.0108100090027
v -0.0323190498352 0.0217891483307 0.00881000709534
v -0.0323868293762 0.0218631153107 0.00881000709534
v -0.0027839756012 0.032244972229 0.0108100090027
v -0.0324607963562 0.0219308929443 0.00881000709534
v -0.0027162065506 0.0324250297546 0.0108100090027
v -0.0325403900146 0.0219919681549 0.00881000709534
v -0.032625 0.0220458717346 0.00881000709534
v -0.00263680744171 0.0326002693176 0.0108100090027
v -0.0327139892578 0.0220921974182 0.00881000709534
v -0.0334500007629 0.0221724395752 0.00881000709534
v -0.00254611587524 0.0327699432373 0.0108100090027
v -0.0334976425171 0.0221607570648 0.00881000709534
v -0.0334500007629 0.0212999420166 0.00881000709534
v -0.00244452190399 0.0329333190918 0.0108100090027
v -0.0335933265686 0.0221305885315 0.00881000709534
v -0.0336860122681 0.0220921974182 0.00881000709534
v -0.00233245944977 0.0330896987915 0.0108100090027
v -0.0337750015259 0.0220458717346 0.00881000709534
v -0.0338596153259 0.0219919681549 0.00881000709534
v -0.0022104101181 0.0332384185791 0.0108100090027
v -0.0339392051697 0.0219308929443 0.00881000709534
v -0.0340131759644 0.0218631153107 0.00881000709534
v -0.00207889461517 0.0333788375854 0.0108100090027
v -0.0340809516907 0.0217891483307 0.00881000709534
v -0.0342422561646 0.0215359535217 0.00881000709534
v -0.00193847751617 0.0335103492737 0.0108100090027
v -0.0342806472778 0.0214432659149 0.00881000709534
v -0.0343108139038 0.0213475837708 0.00881000709534
v -0.00178975963593 0.0336324005127 0.0108100090027
v -0.0343224983215 0.0212999420166 0.00881000709534
v -0.0341420249939 0.0217095546722 0.00881000709534
v -0.00163337802887 0.0337444610596 0.0108100090027
v -0.034195930481 0.0216249427795 0.00881000709534
v -0.0321577453613 0.0205639324188 0.00881000709534
v -0.0014700012207 0.0338460578918 0.0108100090027
v -0.032119354248 0.0206566200256 0.00881000709534
v -0.0329500007629 0.0207999420166 0.00881000709534
v -0.00130033016205 0.0339367485046 0.0108100090027
v -0.0320891876221 0.0207523002625 0.00881000709534
v -0.0320775032043 0.0207999420166 0.00881000709534
v -0.0329500007629 0.019927444458 0.00881000709534
v -0.00112509059906 0.0340161476135 0.0108100090027
v -0.0329023590088 0.0199391269684 0.00881000709534
v -0.000945033073425 0.0340839157104 0.0108100090027
v -0.032806678772 0.0199692955017 0.00881000709534
v -0.0323190498352 0.0203107357025 0.00881000709534
v -0.032257976532 0.020390329361 0.00881000709534
v -0.000760929107666 0.0341397628784 0.0108100090027
v -0.0322040710449 0.020474943161 0.00881000709534
v -0.0327139892578 0.0200076885223 0.00881000709534
v -0.000573566436768 0.0341834487915 0.0108100090027
v -0.032625 0.0200540122986 0.00881000709534
v -0.000383748054504 0.0342147903442 0.0108100090027
v -0.0325403900146 0.0201079177856 0.00881000709534
v -0.0324607963562 0.0201689910889 0.00881000709534
v -0.000192286491394 0.0342336463928 0.0108100090027
v -0.0323868293762 0.0202367706299 0.00881000709534
v -0.00863019180298 0.0247999420166 -0.0221395454407
v -0.00837738990784 0.0247999420166 -0.0213899917603
v -0.00809045314789 0.0244460945129 -0.0213899917603
v -0.00530000114441 0.0221162242889 -0.0213899917603
v -0.00530000114441 0.0216549606323 -0.0228899917603
v -0.00575283241272 0.0223928890228 -0.0213899917603
v -0.00597089576721 0.0220552635193 -0.0228899917603
v -0.00639241266251 0.0228401699066 -0.0213899917603
v -0.00663471984863 0.0225194988251 -0.0228899917603
v -0.00699736022949 0.0233332862854 -0.0213899917603
v -0.00726259803772 0.0230313053131 -0.0228899917603
v -0.00756439828873 0.023869562149 -0.0213899917603
v -0.00785112953186 0.0235879096985 -0.0228899917603
v -0.00839712524414 0.024186296463 -0.0228899917603
v -0.00888063430786 0.0247999420166 -0.0228899917603
v -0.0352000007629 0.0396999435425 0.00741000747681
v -0.0352000007629 0.0416999435425 0.00741000747681
v -0.0352000007629 0.0416999435425 -0.0213899917603
v -0.0352000007629 0.0228999423981 0.00741000747681
v -0.0352000007629 0.0208999423981 -0.0213899917603
v -0.0352000007629 0.0208999423981 0.00741000747681
v 0.00659999752045 0.0188999404907 -0.0213899917603
v 0.00719999980927 0.0188999404907 -0.0213899917603
v 0.00719999980927 0.0188999404907 0.00741000747681
v -0.00530000114441 0.0188999404907 -0.0213899917603
v -0.0332000007629 0.0188999423981 0.00741000747681
v -0.0332000007629 0.0188999423981 -0.0213899917603
v -0.0312000026703 0.0188999423981 0.00741000747681
v -0.00530000114441 0.0188999404907 0.00741000747681
v -0.0075613951683 0.0414197044373 0.00741000747681
v -0.0075528550148 0.0414845733643 0.00741000747681
v -0.00830000114441 0.0415499420166 0.00741000747681
v -0.00755000114441 0.0415499420166 0.00741000747681
v -0.0075528550148 0.0416153068542 0.00741000747681
v -0.00762027025223 0.0412329788208 0.00741000747681
v -0.00759523153305 0.0412934265137 0.00741000747681
v -0.00757555627823 0.0413558273315 0.00741000747681
v -0.00772546768188 0.0410678520203 0.00741000747681
v -0.00768563699722 0.041119758606 0.00741000747681
v -0.0076504817009 0.0411749420166 0.00741000747681
v -0.00786981868744 0.0409355773926 0.00741000747681
v -0.0078179101944 0.0409754066467 0.00741000747681
v -0.00776967048645 0.0410196113586 0.00741000747681
v -0.00804348659515 0.0408451728821 0.00741000747681
v -0.00798303699493 0.0408702087402 0.00741000747681
v -0.00792500066757 0.0409004211426 0.00741000747681
v -0.00823463439941 0.0408027954102 0.00741000747681
v -0.00816976547241 0.0408113365173 0.00741000747681
v -0.00810588645935 0.0408254966736 0.00741000747681
v -0.00843023777008 0.0408113365173 0.00741000747681
v -0.0083653678894 0.0408027954102 0.00741000747681
v -0.00830000114441 0.0407999420166 0.00741000747681
v -0.00861696434021 0.0408702087402 0.00741000747681
v -0.00855651664734 0.0408451728821 0.00741000747681
v -0.00849411582947 0.0408254966736 0.00741000747681
v -0.00878209209442 0.0409754066467 0.00741000747681
v -0.00873018360138 0.0409355773926 0.00741000747681
v -0.00867500114441 0.0409004211426 0.00741000747681
v -0.00891436481476 0.041119758606 0.00741000747681
v -0.00887453460693 0.0410678520203 0.00741000747681
v -0.00883033084869 0.0410196113586 0.00741000747681
v -0.00900477027893 0.0412934265137 0.00741000747681
v -0.00897973155975 0.0412329788208 0.00741000747681
v -0.00894952011108 0.0411749420166 0.00741000747681
v -0.00904714679718 0.0414845733643 0.00741000747681
v -0.00903860664368 0.0414197044373 0.00741000747681
v -0.00902444553375 0.0413558273315 0.00741000747681
v -0.00903860664368 0.0416801795959 0.00741000747681
v -0.00904714679718 0.0416153068542 0.00741000747681
v -0.00905000114441 0.0415499420166 0.00741000747681
v -0.00897973155975 0.0418669052124 0.00741000747681
v -0.00900477027893 0.0418064575195 0.00741000747681
v -0.00902444553375 0.0417440567017 0.00741000747681
v -0.00887453460693 0.0420320320129 0.00741000747681
v -0.00891436481476 0.0419801216125 0.00741000747681
v -0.00894952011108 0.0419249420166 0.00741000747681
v -0.00873018360138 0.0421643066406 0.00741000747681
v -0.00878209209442 0.0421244735718 0.00741000747681
v -0.00883033084869 0.0420802726746 0.00741000747681
v -0.00855651664734 0.0422547111511 0.00741000747681
v -0.00861696434021 0.0422296714783 0.00741000747681
v -0.00867500114441 0.0421994590759 0.00741000747681
v -0.0083653678894 0.042297088623 0.00741000747681
v -0.00843023777008 0.0422885475159 0.00741000747681
v -0.00849411582947 0.0422743873596 0.00741000747681
v -0.00816976547241 0.0422885475159 0.00741000747681
v -0.00823463439941 0.042297088623 0.00741000747681
v -0.00830000114441 0.0422999420166 0.00741000747681
v -0.00798303699493 0.0422296714783 0.00741000747681
v -0.00804348659515 0.0422547111511 0.00741000747681
v -0.00810588645935 0.0422743873596 0.00741000747681
v -0.0078179101944 0.0421244735718 0.00741000747681
v -0.00786981868744 0.0421643066406 0.00741000747681
v -0.00792500066757 0.0421994590759 0.00741000747681
v -0.00768563699722 0.0419801216125 0.00741000747681
v -0.00772546768188 0.0420320320129 0.00741000747681
v -0.00776967048645 0.0420802726746 0.00741000747681
v -0.00759523153305 0.0418064575195 0.00741000747681
v -0.00762027025223 0.0418669052124 0.00741000747681
v -0.0076504817009 0.0419249420166 0.00741000747681
v -0.0075613951683 0.0416801795959 0.00741000747681
v -0.00757555627823 0.0417440567017 0.00741000747681
v -0.00755000114441 0.0415499420166 0.00891000843048
v -0.0075528550148 0.0416153068542 0.00891000843048
v -0.0075613951683 0.0416801795959 0.00891000843048
v -0.00757555627823 0.0417440567017 0.00891000843048
v -0.00759523153305 0.0418064575195 0.00891000843048
v -0.00762027025223 0.0418669052124 0.00891000843048
v -0.0076504817009 0.0419249420166 0.00891000843048
v -0.00768563699722 0.0419801216125 0.00891000843048
v -0.00772546768188 0.0420320320129 0.00891000843048
v -0.00776967048645 0.0420802726746 0.00891000843048
v -0.0078179101944 0.0421244735718 0.00891000843048
v -0.00786981868744 0.0421643066406 0.00891000843048
v -0.00792500066757 0.0421994590759 0.00891000843048
v -0.00798303699493 0.0422296714783 0.00891000843048
v -0.00804348659515 0.0422547111511 0.00891000843048
v -0.00810588645935 0.0422743873596 0.00891000843048
v -0.00816976547241 0.0422885475159 0.00891000843048
v -0.00823463439941 0.042297088623 0.00891000843048
v -0.00830000114441 0.0422999420166 0.00891000843048
v -0.0083653678894 0.042297088623 0.00891000843048
v -0.00843023777008 0.0422885475159 0.00891000843048
v -0.00849411582947 0.0422743873596 0.00891000843048
v -0.00855651664734 0.0422547111511 0.00891000843048
v -0.00861696434021 0.0422296714783 0.00891000843048
v -0.00867500114441 0.0421994590759 0.00891000843048
v -0.00873018360138 0.0421643066406 0.00891000843048
v -0.00878209209442 0.0421244735718 0.00891000843048
v -0.00883033084869 0.0420802726746 0.00891000843048
v -0.00887453460693 0.0420320320129 0.00891000843048
v -0.00891436481476 0.0419801216125 0.00891000843048
v -0.00894952011108 0.0419249420166 0.00891000843048
v -0.00897973155975 0.0418669052124 0.00891000843048
v -0.00900477027893 0.0418064575195 0.00891000843048
v -0.00902444553375 0.0417440567017 0.00891000843048
v -0.00903860664368 0.0416801795959 0.00891000843048
v -0.00904714679718 0.0416153068542 0.00891000843048
v -0.00905000114441 0.0415499420166 0.00891000843048
v -0.00904714679718 0.0414845733643 0.00891000843048
v -0.00903860664368 0.0414197044373 0.00891000843048
v -0.00902444553375 0.0413558273315 0.00891000843048
v -0.00900477027893 0.0412934265137 0.00891000843048
v -0.00897973155975 0.0412329788208 0.00891000843048
v -0.00894952011108 0.0411749420166 0.00891000843048
v -0.00891436481476 0.041119758606 0.00891000843048
v -0.00887453460693 0.0410678520203 0.00891000843048
v -0.00883033084869 0.0410196113586 0.00891000843048
v -0.00878209209442 0.0409754066467 0.00891000843048
v -0.00873018360138 0.0409355773926 0.00891000843048
v -0.00867500114441 0.0409004211426 0.00891000843048
v -0.00861696434021 0.0408702087402 0.00891000843048
v -0.00855651664734 0.0408451728821 0.00891000843048
v -0.00849411582947 0.0408254966736 0.00891000843048
v -0.00843023777008 0.0408113365173 0.00891000843048
v -0.0083653678894 0.0408027954102 0.00891000843048
v -0.00830000114441 0.0407999420166 0.00891000843048
v -0.00823463439941 0.0408027954102 0.00891000843048
v -0.00816976547241 0.0408113365173 0.00891000843048
v -0.00810588645935 0.0408254966736 0.00891000843048
v -0.00804348659515 0.0408451728821 0.00891000843048
v -0.00798303699493 0.0408702087402 0.00891000843048
v -0.00792500066757 0.0409004211426 0.00891000843048
v -0.00786981868744 0.0409355773926 0.00891000843048
v -0.0078179101944 0.0409754066467 0.00891000843048
v -0.00776967048645 0.0410196113586 0.00891000843048
v -0.00772546768188 0.0410678520203 0.00891000843048
v -0.00768563699722 0.041119758606 0.00891000843048
v -0.0076504817009 0.0411749420166 0.00891000843048
v -0.00762027025223 0.0412329788208 0.00891000843048
v -0.00759523153305 0.0412934265137 0.00891000843048
v -0.00757555627823 0.0413558273315 0.00891000843048
v -0.0075613951683 0.0414197044373 0.00891000843048
v -0.0075528550148 0.0414845733643 0.00891000843048
v -0.0282613964081 0.041419708252 0.00741000747681
v -0.0282528553009 0.041484577179 0.00741000747681
v -0.0290000019073 0.0415499420166 0.00741000747681
v -0.0282500019073 0.0415499420166 0.00741000747681
v -0.0282528553009 0.0416153106689 0.00741000747681
v -0.0283202705383 0.0412329788208 0.00741000747681
v -0.0282952327728 0.0412934265137 0.00741000747681
v -0.0282755565643 0.0413558273315 0.00741000747681
v -0.0284254684448 0.0410678520203 0.00741000747681
v -0.0283856372833 0.041119758606 0.00741000747681
v -0.0283504829407 0.0411749420166 0.00741000747681
v -0.0285698204041 0.0409355773926 0.00741000747681
v -0.028517911911 0.0409754104614 0.00741000747681
v -0.0284696712494 0.0410196113586 0.00741000747681
v -0.0287434883118 0.0408451728821 0.00741000747681
v -0.0286830368042 0.0408702125549 0.00741000747681
v -0.0286250019073 0.0409004249573 0.00741000747681
v -0.0289346351624 0.0408027954102 0.00741000747681
v -0.0288697662354 0.0408113365173 0.00741000747681
v -0.0288058872223 0.0408254966736 0.00741000747681
v -0.0291302375793 0.0408113365173 0.00741000747681
v -0.0290653686523 0.0408027954102 0.00741000747681
v -0.0290000019073 0.0407999420166 0.00741000747681
v -0.0293169670105 0.0408702125549 0.00741000747681
v -0.0292565174103 0.0408451728821 0.00741000747681
v -0.0291941146851 0.0408254966736 0.00741000747681
v -0.029482093811 0.0409754104614 0.00741000747681
v -0.0294301834106 0.0409355773926 0.00741000747681
v -0.0293750019073 0.0409004249573 0.00741000747681
v -0.029614364624 0.041119758606 0.00741000747681
v -0.0295745353699 0.0410678520203 0.00741000747681
v -0.0295303325653 0.0410196113586 0.00741000747681
v -0.0297047710419 0.0412934265137 0.00741000747681
v -0.0296797332764 0.0412329788208 0.00741000747681
v -0.029649520874 0.0411749420166 0.00741000747681
v -0.0297471485138 0.041484577179 0.00741000747681
v -0.0297386074066 0.041419708252 0.00741000747681
v -0.029724445343 0.0413558273315 0.00741000747681
v -0.0297386074066 0.0416801795959 0.00741000747681
v -0.0297471485138 0.0416153106689 0.00741000747681
v -0.0297500019073 0.0415499420166 0.00741000747681
v -0.0296797332764 0.0418669052124 0.00741000747681
v -0.0297047710419 0.0418064575195 0.00741000747681
v -0.029724445343 0.0417440567017 0.00741000747681
v -0.0295745353699 0.0420320320129 0.00741000747681
v -0.029614364624 0.0419801254272 0.00741000747681
v -0.029649520874 0.0419249420166 0.00741000747681
v -0.0294301834106 0.0421643066406 0.00741000747681
v -0.029482093811 0.0421244773865 0.00741000747681
v -0.0295303325653 0.0420802726746 0.00741000747681
v -0.0292565174103 0.0422547111511 0.00741000747681
v -0.0293169670105 0.0422296714783 0.00741000747681
v -0.0293750019073 0.0421994628906 0.00741000747681
v -0.0290653686523 0.042297088623 0.00741000747681
v -0.0291302375793 0.0422885475159 0.00741000747681
v -0.0291941146851 0.0422743873596 0.00741000747681
v -0.0288697662354 0.0422885475159 0.00741000747681
v -0.0289346351624 0.042297088623 0.00741000747681
v -0.0290000019073 0.0422999420166 0.00741000747681
v -0.0286830368042 0.0422296714783 0.00741000747681
v -0.0287434883118 0.0422547111511 0.00741000747681
v -0.0288058872223 0.0422743873596 0.00741000747681
v -0.028517911911 0.0421244773865 0.00741000747681
v -0.0285698204041 0.0421643066406 0.00741000747681
v -0.0286250019073 0.0421994628906 0.00741000747681
v -0.0283856372833 0.0419801254272 0.00741000747681
v -0.0284254684448 0.0420320320129 0.00741000747681
v -0.0284696712494 0.0420802726746 0.00741000747681
v -0.0282952327728 0.0418064575195 0.00741000747681
v -0.0283202705383 0.0418669052124 0.00741000747681
v -0.0283504829407 0.0419249420166 0.00741000747681
v -0.0282613964081 0.0416801795959 0.00741000747681
v -0.0282755565643 0.0417440567017 0.00741000747681
v -0.0282500019073 0.0415499420166 0.00891000843048
v -0.0282528553009 0.0416153106689 0.00891000843048
v -0.0282613964081 0.0416801795959 0.00891000843048
v -0.0282755565643 0.0417440567017 0.00891000843048
v -0.0282952327728 0.0418064575195 0.00891000843048
v -0.0283202705383 0.0418669052124 0.00891000843048
v -0.0283504829407 0.0419249420166 0.00891000843048
v -0.0283856372833 0.0419801254272 0.00891000843048
v -0.0284254684448 0.0420320320129 0.00891000843048
v -0.0284696712494 0.0420802726746 0.00891000843048
v -0.028517911911 0.0421244773865 0.00891000843048
v -0.0285698204041 0.0421643066406 0.00891000843048
v -0.0286250019073 0.0421994628906 0.00891000843048
v -0.0286830368042 0.0422296714783 0.00891000843048
v -0.0287434883118 0.0422547111511 0.00891000843048
v -0.0288058872223 0.0422743873596 0.00891000843048
v -0.0288697662354 0.0422885475159 0.00891000843048
v -0.0289346351624 0.042297088623 0.00891000843048
v -0.0290000019073 0.0422999420166 0.00891000843048
v -0.0290653686523 0.042297088623 0.00891000843048
v -0.0291302375793 0.0422885475159 0.00891000843048
v -0.0291941146851 0.0422743873596 0.00891000843048
v -0.0292565174103 0.0422547111511 0.00891000843048
v -0.0293169670105 0.0422296714783 0.00891000843048
v -0.0293750019073 0.0421994628906 0.00891000843048
v -0.0294301834106 0.0421643066406 0.00891000843048
v -0.029482093811 0.0421244773865 0.00891000843048
v -0.0295303325653 0.0420802726746 0.00891000843048
v -0.0295745353699 0.0420320320129 0.00891000843048
v -0.029614364624 0.0419801254272 0.00891000843048
v -0.029649520874 0.0419249420166 0.00891000843048
v -0.0296797332764 0.0418669052124 0.00891000843048
v -0.0297047710419 0.0418064575195 0.00891000843048
v -0.029724445343 0.0417440567017 0.00891000843048
v -0.0297386074066 0.0416801795959 0.00891000843048
v -0.0297471485138 0.0416153106689 0.00891000843048
v -0.0297500019073 0.0415499420166 0.00891000843048
v -0.0297471485138 0.041484577179 0.00891000843048
v -0.0297386074066 0.041419708252 0.00891000843048
v -0.029724445343 0.0413558273315 0.00891000843048
v -0.0297047710419 0.0412934265137 0.00891000843048
v -0.0296797332764 0.0412329788208 0.00891000843048
v -0.029649520874 0.0411749420166 0.00891000843048
v -0.029614364624 0.041119758606 0.00891000843048
v -0.0295745353699 0.0410678520203 0.00891000843048
v -0.0295303325653 0.0410196113586 0.00891000843048
v -0.029482093811 0.0409754104614 0.00891000843048
v -0.0294301834106 0.0409355773926 0.00891000843048
v -0.0293750019073 0.0409004249573 0.00891000843048
v -0.0293169670105 0.0408702125549 0.00891000843048
v -0.0292565174103 0.0408451728821 0.00891000843048
v -0.0291941146851 0.0408254966736 0.00891000843048
v -0.0291302375793 0.0408113365173 0.00891000843048
v -0.0290653686523 0.0408027954102 0.00891000843048
v -0.0290000019073 0.0407999420166 0.00891000843048
v -0.0289346351624 0.0408027954102 0.00891000843048
v -0.0288697662354 0.0408113365173 0.00891000843048
v -0.0288058872223 0.0408254966736 0.00891000843048
v -0.0287434883118 0.0408451728821 0.00891000843048
v -0.0286830368042 0.0408702125549 0.00891000843048
v -0.0286250019073 0.0409004249573 0.00891000843048
v -0.0285698204041 0.0409355773926 0.00891000843048
v -0.028517911911 0.0409754104614 0.00891000843048
v -0.0284696712494 0.0410196113586 0.00891000843048
v -0.0284254684448 0.0410678520203 0.00891000843048
v -0.0283856372833 0.041119758606 0.00891000843048
v -0.0283504829407 0.0411749420166 0.00891000843048
v -0.0283202705383 0.0412329788208 0.00891000843048
v -0.0282952327728 0.0412934265137 0.00891000843048
v -0.0282755565643 0.0413558273315 0.00891000843048
v -0.0282613964081 0.041419708252 0.00891000843048
v -0.0282528553009 0.041484577179 0.00891000843048
v -0.0298999996185 0.0404999427795 -0.0228899936676
v -0.0165500011444 0.0404999427795 -0.0228899936676
v -0.0298999996185 0.0404999427795 -0.0246899909973
v -0.0199000015259 0.0404999427795 -0.0246899909973
v -0.00903860664368 0.0414197044373 -0.0213899917603
v -0.00904714679718 0.0414845733643 -0.0213899917603
v -0.00830000114441 0.0415499420166 -0.0213899917603
v -0.00905000114441 0.0415499420166 -0.0213899917603
v -0.00904714679718 0.0416153068542 -0.0213899917603
v -0.00897973155975 0.0412329788208 -0.0213899917603
v -0.00900477027893 0.0412934265137 -0.0213899917603
v -0.00902444553375 0.0413558273315 -0.0213899917603
v -0.00887453365326 0.0410678520203 -0.0213899917603
v -0.00891436481476 0.041119758606 -0.0213899917603
v -0.00894952011108 0.0411749420166 -0.0213899917603
v -0.00873018264771 0.0409355773926 -0.0213899917603
v -0.00878209114075 0.0409754066467 -0.0213899917603
v -0.00883033084869 0.0410196113586 -0.0213899917603
v -0.00855651569366 0.0408451728821 -0.0213899917603
v -0.00861696434021 0.0408702087402 -0.0213899917603
v -0.00867500114441 0.0409004211426 -0.0213899917603
v -0.0083653678894 0.0408027954102 -0.0213899917603
v -0.00843023681641 0.0408113365173 -0.0213899917603
v -0.00849411487579 0.0408254966736 -0.0213899917603
v -0.00816976451874 0.0408113365173 -0.0213899917603
v -0.00823463439941 0.0408027954102 -0.0213899917603
v -0.00830000114441 0.0407999420166 -0.0213899917603
v -0.00798303699493 0.0408702087402 -0.0213899917603
v -0.00804348564148 0.0408451728821 -0.0213899917603
v -0.00810588645935 0.0408254966736 -0.0213899917603
v -0.0078179101944 0.0409754066467 -0.0213899917603
v -0.00786981868744 0.0409355773926 -0.0213899917603
v -0.00792500066757 0.0409004211426 -0.0213899917603
v -0.00768563699722 0.041119758606 -0.0213899917603
v -0.00772546768188 0.0410678520203 -0.0213899917603
v -0.00776967048645 0.0410196113586 -0.0213899917603
v -0.00759523153305 0.0412934265137 -0.0213899917603
v -0.00762027025223 0.0412329788208 -0.0213899917603
v -0.0076504817009 0.0411749420166 -0.0213899917603
v -0.0075528550148 0.0414845733643 -0.0213899917603
v -0.0075613951683 0.0414197044373 -0.0213899917603
v -0.00757555627823 0.0413558273315 -0.0213899917603
v -0.0075613951683 0.0416801795959 -0.0213899917603
v -0.0075528550148 0.0416153068542 -0.0213899917603
v -0.00755000114441 0.0415499420166 -0.0213899917603
v -0.00762027025223 0.0418669052124 -0.0213899917603
v -0.00759523153305 0.0418064575195 -0.0213899917603
v -0.00757555627823 0.0417440567017 -0.0213899917603
v -0.00772546768188 0.0420320320129 -0.0213899917603
v -0.00768563699722 0.0419801216125 -0.0213899917603
v -0.0076504817009 0.0419249420166 -0.0213899917603
v -0.00786981868744 0.0421643066406 -0.0213899917603
v -0.0078179101944 0.0421244735718 -0.0213899917603
v -0.00776967048645 0.0420802726746 -0.0213899917603
v -0.00804348564148 0.0422547111511 -0.0213899917603
v -0.00798303699493 0.0422296714783 -0.0213899917603
v -0.00792500066757 0.0421994590759 -0.0213899917603
v -0.00823463439941 0.042297088623 -0.0213899917603
v -0.00816976451874 0.0422885475159 -0.0213899917603
v -0.00810588645935 0.0422743873596 -0.0213899917603
v -0.00843023681641 0.0422885475159 -0.0213899917603
v -0.0083653678894 0.042297088623 -0.0213899917603
v -0.00830000114441 0.0422999420166 -0.0213899917603
v -0.00861696434021 0.0422296714783 -0.0213899917603
v -0.00855651569366 0.0422547111511 -0.0213899917603
v -0.00849411487579 0.0422743873596 -0.0213899917603
v -0.00878209114075 0.0421244735718 -0.0213899917603
v -0.00873018264771 0.0421643066406 -0.0213899917603
v -0.00867500114441 0.0421994590759 -0.0213899917603
v -0.00891436481476 0.0419801216125 -0.0213899917603
v -0.00887453365326 0.0420320320129 -0.0213899917603
v -0.00883033084869 0.0420802726746 -0.0213899917603
v -0.00900477027893 0.0418064575195 -0.0213899917603
v -0.00897973155975 0.0418669052124 -0.0213899917603
v -0.00894952011108 0.0419249420166 -0.0213899917603
v -0.00903860664368 0.0416801795959 -0.0213899917603
v -0.00902444553375 0.0417440567017 -0.0213899917603
v -0.00755000114441 0.0415499420166 -0.0228899917603
v -0.0075528550148 0.0416153068542 -0.0228899917603
v -0.0075613951683 0.0416801795959 -0.0228899917603
v -0.00757555627823 0.0417440567017 -0.0228899917603
v -0.00759523153305 0.0418064575195 -0.0228899917603
v -0.00762027025223 0.0418669052124 -0.0228899917603
v -0.0076504817009 0.0419249420166 -0.0228899917603
v -0.00768563699722 0.0419801216125 -0.0228899917603
v -0.00772546768188 0.0420320320129 -0.0228899917603
v -0.00776967048645 0.0420802726746 -0.0228899917603
v -0.0078179101944 0.0421244735718 -0.0228899917603
v -0.00786981868744 0.0421643066406 -0.0228899917603
v -0.00792500066757 0.0421994590759 -0.0228899917603
v -0.00798303699493 0.0422296714783 -0.0228899917603
v -0.00804348564148 0.0422547111511 -0.0228899917603
v -0.00810588645935 0.0422743873596 -0.0228899917603
v -0.00816976451874 0.0422885475159 -0.0228899917603
v -0.00823463439941 0.042297088623 -0.0228899917603
v -0.00830000114441 0.0422999420166 -0.0228899917603
v -0.0083653678894 0.042297088623 -0.0228899917603
v -0.00843023681641 0.0422885475159 -0.0228899917603
v -0.00849411487579 0.0422743873596 -0.0228899917603
v -0.00855651569366 0.0422547111511 -0.0228899917603
v -0.00861696434021 0.0422296714783 -0.0228899917603
v -0.00867500114441 0.0421994590759 -0.0228899917603
v -0.00873018264771 0.0421643066406 -0.0228899917603
v -0.00878209114075 0.0421244735718 -0.0228899917603
v -0.00883033084869 0.0420802726746 -0.0228899917603
v -0.00887453365326 0.0420320320129 -0.0228899917603
v -0.00891436481476 0.0419801216125 -0.0228899917603
v -0.00894952011108 0.0419249420166 -0.0228899917603
v -0.00897973155975 0.0418669052124 -0.0228899917603
v -0.00900477027893 0.0418064575195 -0.0228899917603
v -0.00902444553375 0.0417440567017 -0.0228899917603
v -0.00903860664368 0.0416801795959 -0.0228899917603
v -0.00904714679718 0.0416153068542 -0.0228899917603
v -0.00905000114441 0.0415499420166 -0.0228899917603
v -0.00904714679718 0.0414845733643 -0.0228899917603
v -0.00903860664368 0.0414197044373 -0.0228899917603
v -0.00902444553375 0.0413558273315 -0.0228899917603
v -0.00900477027893 0.0412934265137 -0.0228899917603
v -0.00897973155975 0.0412329788208 -0.0228899917603
v -0.00894952011108 0.0411749420166 -0.0228899917603
v -0.00891436481476 0.041119758606 -0.0228899917603
v -0.00887453365326 0.0410678520203 -0.0228899917603
v -0.00883033084869 0.0410196113586 -0.0228899917603
v -0.00878209114075 0.0409754066467 -0.0228899917603
v -0.00873018264771 0.0409355773926 -0.0228899917603
v -0.00867500114441 0.0409004211426 -0.0228899917603
v -0.00861696434021 0.0408702087402 -0.0228899917603
v -0.00855651569366 0.0408451728821 -0.0228899917603
v -0.00849411487579 0.0408254966736 -0.0228899917603
v -0.00843023681641 0.0408113365173 -0.0228899917603
v -0.0083653678894 0.0408027954102 -0.0228899917603
v -0.00830000114441 0.0407999420166 -0.0228899917603
v -0.00823463439941 0.0408027954102 -0.0228899917603
v -0.00816976451874 0.0408113365173 -0.0228899917603
v -0.00810588645935 0.0408254966736 -0.0228899917603
v -0.00804348564148 0.0408451728821 -0.0228899917603
v -0.00798303699493 0.0408702087402 -0.0228899917603
v -0.00792500066757 0.0409004211426 -0.0228899917603
v -0.00786981868744 0.0409355773926 -0.0228899917603
v -0.0078179101944 0.0409754066467 -0.0228899917603
v -0.00776967048645 0.0410196113586 -0.0228899917603
v -0.00772546768188 0.0410678520203 -0.0228899917603
v -0.00768563699722 0.041119758606 -0.0228899917603
v -0.0076504817009 0.0411749420166 -0.0228899917603
v -0.00762027025223 0.0412329788208 -0.0228899917603
v -0.00759523153305 0.0412934265137 -0.0228899917603
v -0.00757555627823 0.0413558273315 -0.0228899917603
v -0.0075613951683 0.0414197044373 -0.0228899917603
v -0.0075528550148 0.0414845733643 -0.0228899917603
v -0.0335386047363 0.041419708252 -0.0213899917603
v -0.0335471458435 0.041484577179 -0.0213899917603
v -0.0328000030518 0.0415499420166 -0.0213899917603
v -0.0335500030518 0.0415499420166 -0.0213899917603
v -0.0335471458435 0.0416153106689 -0.0213899917603
v -0.0334797325134 0.0412329788208 -0.0213899917603
v -0.0335047721863 0.0412934265137 -0.0213899917603
v -0.0335244445801 0.0413558273315 -0.0213899917603
v -0.0333745346069 0.0410678520203 -0.0213899917603
v -0.0334143638611 0.041119758606 -0.0213899917603
v -0.0334495201111 0.0411749420166 -0.0213899917603
v -0.0332301826477 0.0409355773926 -0.0213899917603
v -0.0332820930481 0.0409754104614 -0.0213899917603
v -0.033330329895 0.0410196113586 -0.0213899917603
v -0.03305651474 0.0408451728821 -0.0213899917603
v -0.0331169662476 0.0408702125549 -0.0213899917603
v -0.0331749992371 0.0409004249573 -0.0213899917603
v -0.0328653678894 0.0408027954102 -0.0213899917603
v -0.0329302368164 0.0408113365173 -0.0213899917603
v -0.0329941139221 0.0408254966736 -0.0213899917603
v -0.0326697654724 0.0408113365173 -0.0213899917603
v -0.0327346343994 0.0408027954102 -0.0213899917603
v -0.0328000030518 0.0407999420166 -0.0213899917603
v -0.0324830360413 0.0408702125549 -0.0213899917603
v -0.0325434875488 0.0408451728821 -0.0213899917603
v -0.032605884552 0.0408254966736 -0.0213899917603
v -0.0323179092407 0.0409754104614 -0.0213899917603
v -0.0323698196411 0.0409355773926 -0.0213899917603
v -0.0324249992371 0.0409004249573 -0.0213899917603
v -0.032185634613 0.041119758606 -0.0213899917603
v -0.0322254676819 0.0410678520203 -0.0213899917603
v -0.0322696723938 0.0410196113586 -0.0213899917603
v -0.0320952301025 0.0412934265137 -0.0213899917603
v -0.0321202697754 0.0412329788208 -0.0213899917603
v -0.0321504821777 0.0411749420166 -0.0213899917603
v -0.0320528564453 0.041484577179 -0.0213899917603
v -0.0320613975525 0.041419708252 -0.0213899917603
v -0.0320755577087 0.0413558273315 -0.0213899917603
v -0.0320613975525 0.0416801795959 -0.0213899917603
v -0.0320528564453 0.0416153106689 -0.0213899917603
v -0.0320499992371 0.0415499420166 -0.0213899917603
v -0.0321202697754 0.0418669052124 -0.0213899917603
v -0.0320952301025 0.0418064575195 -0.0213899917603
v -0.0320755577087 0.0417440567017 -0.0213899917603
v -0.0322254676819 0.0420320320129 -0.0213899917603
v -0.032185634613 0.0419801254272 -0.0213899917603
v -0.0321504821777 0.0419249420166 -0.0213899917603
v -0.0323698196411 0.0421643066406 -0.0213899917603
v -0.0323179092407 0.0421244773865 -0.0213899917603
v -0.0322696723938 0.0420802726746 -0.0213899917603
v -0.0325434875488 0.0422547111511 -0.0213899917603
v -0.0324830360413 0.0422296714783 -0.0213899917603
v -0.0324249992371 0.0421994628906 -0.0213899917603
v -0.0327346343994 0.042297088623 -0.0213899917603
v -0.0326697654724 0.0422885475159 -0.0213899917603
v -0.032605884552 0.0422743873596 -0.0213899917603
v -0.0329302368164 0.0422885475159 -0.0213899917603
v -0.0328653678894 0.042297088623 -0.0213899917603
v -0.0328000030518 0.0422999420166 -0.0213899917603
v -0.0331169662476 0.0422296714783 -0.0213899917603
v -0.03305651474 0.0422547111511 -0.0213899917603
v -0.0329941139221 0.0422743873596 -0.0213899917603
v -0.0332820930481 0.0421244773865 -0.0213899917603
v -0.0332301826477 0.0421643066406 -0.0213899917603
v -0.0331749992371 0.0421994628906 -0.0213899917603
v -0.0334143638611 0.0419801254272 -0.0213899917603
v -0.0333745346069 0.0420320320129 -0.0213899917603
v -0.033330329895 0.0420802726746 -0.0213899917603
v -0.0335047721863 0.0418064575195 -0.0213899917603
v -0.0334797325134 0.0418669052124 -0.0213899917603
v -0.0334495201111 0.0419249420166 -0.0213899917603
v -0.0335386047363 0.0416801795959 -0.0213899917603
v -0.0335244445801 0.0417440567017 -0.0213899917603
v -0.0320499992371 0.0415499420166 -0.0228899936676
v -0.0320528564453 0.0416153106689 -0.0228899936676
v -0.0320613975525 0.0416801795959 -0.0228899936676
v -0.0320755577087 0.0417440567017 -0.0228899936676
v -0.0320952301025 0.0418064575195 -0.0228899936676
v -0.0321202697754 0.0418669052124 -0.0228899936676
v -0.0321504821777 0.0419249420166 -0.0228899936676
v -0.032185634613 0.0419801254272 -0.0228899936676
v -0.0322254676819 0.0420320320129 -0.0228899936676
v -0.0322696723938 0.0420802726746 -0.0228899936676
v -0.0323179092407 0.0421244773865 -0.0228899936676
v -0.0323698196411 0.0421643066406 -0.0228899936676
v -0.0324249992371 0.0421994628906 -0.0228899936676
v -0.0324830360413 0.0422296714783 -0.0228899936676
v -0.0325434875488 0.0422547111511 -0.0228899936676
v -0.032605884552 0.0422743873596 -0.0228899936676
v -0.0326697654724 0.0422885475159 -0.0228899936676
v -0.0327346343994 0.042297088623 -0.0228899936676
v -0.0328000030518 0.0422999420166 -0.0228899936676
v -0.0328653678894 0.042297088623 -0.0228899936676
v -0.0329302368164 0.0422885475159 -0.0228899936676
v -0.0329941139221 0.0422743873596 -0.0228899936676
v -0.03305651474 0.0422547111511 -0.0228899936676
v -0.0331169662476 0.0422296714783 -0.0228899936676
v -0.0331749992371 0.0421994628906 -0.0228899936676
v -0.0332301826477 0.0421643066406 -0.0228899936676
v -0.0332820930481 0.0421244773865 -0.0228899936676
v -0.033330329895 0.0420802726746 -0.0228899936676
v -0.0333745346069 0.0420320320129 -0.0228899936676
v -0.0334143638611 0.0419801254272 -0.0228899936676
v -0.0334495201111 0.0419249420166 -0.0228899936676
v -0.0334797325134 0.0418669052124 -0.0228899936676
v -0.0335047721863 0.0418064575195 -0.0228899936676
v -0.0335244445801 0.0417440567017 -0.0228899936676
v -0.0335386047363 0.0416801795959 -0.0228899936676
v -0.0335471458435 0.0416153106689 -0.0228899936676
v -0.0335500030518 0.0415499420166 -0.0228899936676
v -0.0335471458435 0.041484577179 -0.0228899936676
v -0.0335386047363 0.041419708252 -0.0228899936676
v -0.0335244445801 0.0413558273315 -0.0228899936676
v -0.0335047721863 0.0412934265137 -0.0228899936676
v -0.0334797325134 0.0412329788208 -0.0228899936676
v -0.0334495201111 0.0411749420166 -0.0228899936676
v -0.0334143638611 0.041119758606 -0.0228899936676
v -0.0333745346069 0.0410678520203 -0.0228899936676
v -0.033330329895 0.0410196113586 -0.0228899936676
v -0.0332820930481 0.0409754104614 -0.0228899936676
v -0.0332301826477 0.0409355773926 -0.0228899936676
v -0.0331749992371 0.0409004249573 -0.0228899936676
v -0.0331169662476 0.0408702125549 -0.0228899936676
v -0.03305651474 0.0408451728821 -0.0228899936676
v -0.0329941139221 0.0408254966736 -0.0228899936676
v -0.0329302368164 0.0408113365173 -0.0228899936676
v -0.0328653678894 0.0408027954102 -0.0228899936676
v -0.0328000030518 0.0407999420166 -0.0228899936676
v -0.0327346343994 0.0408027954102 -0.0228899936676
v -0.0326697654724 0.0408113365173 -0.0228899936676
v -0.032605884552 0.0408254966736 -0.0228899936676
v -0.0325434875488 0.0408451728821 -0.0228899936676
v -0.0324830360413 0.0408702125549 -0.0228899936676
v -0.0324249992371 0.0409004249573 -0.0228899936676
v -0.0323698196411 0.0409355773926 -0.0228899936676
v -0.0323179092407 0.0409754104614 -0.0228899936676
v -0.0322696723938 0.0410196113586 -0.0228899936676
v -0.0322254676819 0.0410678520203 -0.0228899936676
v -0.032185634613 0.041119758606 -0.0228899936676
v -0.0321504821777 0.0411749420166 -0.0228899936676
v -0.0321202697754 0.0412329788208 -0.0228899936676
v -0.0320952301025 0.0412934265137 -0.0228899936676
v -0.0320755577087 0.0413558273315 -0.0228899936676
v -0.0320613975525 0.041419708252 -0.0228899936676
v -0.0320528564453 0.041484577179 -0.0228899936676
v -0.0327577438354 0.0436495170593 -0.0215781822205
v -0.0328030090332 0.0436499404907 -0.0215766029358
v -0.0332000007629 0.0436999435425 -0.0213899917603
v -0.0327124938965 0.0436481170654 -0.0215834026337
v -0.032848274231 0.0436493873596 -0.021578666687
v -0.0328935165405 0.043647857666 -0.0215843696594
v -0.0329387168884 0.0436453552246 -0.021593711853
v -0.00816635417938 0.0436456832886 -0.0215924816132
v -0.00821086883545 0.0436480484009 -0.021583656311
v -0.00530000114441 0.0436999435425 -0.0213899917603
v -0.00932421302795 0.0433832435608 -0.022571931839
v -0.00946371459961 0.0432980194092 -0.0228899917603
v -0.0316362857819 0.0432980194092 -0.0228899936676
v -0.0326221427917 0.0436423988342 -0.0216047554016
v -0.0326672897339 0.0436457443237 -0.0215922622681
v -0.00834457683563 0.0436494674683 -0.0215783596039
v -0.0329838523865 0.0436418800354 -0.0216066894531
v -0.0330289039612 0.0436374282837 -0.021623292923
v -0.0330738449097 0.0436320114136 -0.0216435165405
v -0.00530000114441 0.0432980194092 -0.0228899917603
v -0.00713628768921 0.0432980194092 -0.0228899917603
v -0.0325770797729 0.0436380767822 -0.0216208782196
v -0.00825542449951 0.0436494674683 -0.0215783596039
v -0.00830000114441 0.0436499404907 -0.021576593399
v -0.00803324794769 0.0436329307556 -0.0216400794983
v -0.00807752323151 0.0436381225586 -0.0216206989288
v -0.00812189865112 0.043642375946 -0.0216048316956
v -0.00843364810944 0.0436456832886 -0.0215924816132
v -0.0084781036377 0.043642375946 -0.0216048316956
v -0.0091650390625 0.0434635009766 -0.0222724018097
v -0.0331186637878 0.0436256256104 -0.0216673526764
v -0.0331633300781 0.0436182746887 -0.0216947879791
v -0.0332000007629 0.0436114959717 -0.0217200813293
v -0.00727578878403 0.0433832435608 -0.022571931839
v -0.00743496274948 0.0434635009766 -0.0222724018097
v -0.00751696062088 0.0434984893799 -0.0221418132782
v -0.00760036993027 0.0435299720764 -0.0220243301392
v -0.00768503952026 0.0435578804016 -0.021920167923
v -0.00777081823349 0.0435821723938 -0.0218295097351
v -0.0320082244873 0.0434949569702 -0.0221550045013
v -0.032092792511 0.0435272789001 -0.0220343875885
v -0.00874245166779 0.0436028022766 -0.0217525215149
v -0.00878592777252 0.0435929489136 -0.0217892971039
v -0.00882918357849 0.0435821723938 -0.0218295097351
v -0.00891496276855 0.0435578804016 -0.021920167923
v -0.00838913249969 0.0436480484009 -0.021583656311
v -0.031763961792 0.0433765869141 -0.0225967750549
v -0.0319251251221 0.0434590263367 -0.0222891101837
v -0.00852247810364 0.0436381225586 -0.0216206989288
v -0.00856675338745 0.0436329307556 -0.0216400794983
v -0.00861090755463 0.0436267967224 -0.0216629638672
v -0.00899963283539 0.0435299720764 -0.0220243301392
v -0.0090830411911 0.0434984893799 -0.0221418132782
v -0.00790122509003 0.0436117324829 -0.0217191963196
v -0.00794507980347 0.0436197319031 -0.0216893386841
v -0.00798909378052 0.0436267967224 -0.0216629638672
v -0.0321786727905 0.0435559196472 -0.021927488327
v -0.0322657089233 0.0435808372498 -0.0218345012665
v -0.0323096084595 0.0435918807983 -0.0217932796478
v -0.0324425964355 0.043619304657 -0.0216909351349
v -0.032487285614 0.0436265296936 -0.0216639766693
v -0.0325321235657 0.0436327857971 -0.0216406211853
v -0.00865492248535 0.0436197319031 -0.0216893386841
v -0.00869877719879 0.0436117324829 -0.0217191963196
v -0.00781407403946 0.0435929489136 -0.0217892971039
v -0.00785754966736 0.0436028022766 -0.0217525215149
v -0.0323537368774 0.043601978302 -0.0217555999756
v -0.0323980751038 0.0436111221313 -0.0217214794159
v -0.0348946380615 0.0416999435425 -0.0225296268463
v -0.0348887672424 0.0417668647766 -0.0225465869904
v -0.0351923904419 0.041874256134 -0.0213899917603
v -0.0348789100647 0.0418468284607 -0.0225643882751
v -0.034862323761 0.0419459457397 -0.0225826511383
v -0.0351696166992 0.0420472373962 -0.0213899917603
v -0.0348530693054 0.0419914245605 -0.0225895824432
v -0.0348205566406 0.0421220855713 -0.0226042613983
v -0.0351318511963 0.0422175827026 -0.0213899917603
v -0.0348173522949 0.0421332969666 -0.0226051502228
v -0.0347958564758 0.0422030639648 -0.0226093120575
v -0.0350793876648 0.0423839836121 -0.0213899917603
v -0.0347719345093 0.0422720794678 -0.0226110610962
v -0.0347637786865 0.0422939758301 -0.0226111087799
v -0.0350126152039 0.0425451774597 -0.0213899917603
v -0.034716999054 0.0424073295593 -0.022607301712
v -0.0346924057007 0.0424603347778 -0.0226030921936
v -0.0349320526123 0.0426999435425 -0.0213899917603
v -0.0346526908875 0.0425386543274 -0.0225938777924
v -0.034606967926 0.0426199264526 -0.0225803279877
v -0.034838306427 0.0428470954895 -0.0213899917603
v -0.0345791244507 0.0426656150818 -0.0225708236694
v -0.0345081062317 0.042771572113 -0.0225431442261
v -0.0347320899963 0.0429855194092 -0.0213899917603
v -0.0344963607788 0.0427878265381 -0.0225381622314
v -0.0344514884949 0.0428470878601 -0.0225182132721
v -0.0346142158508 0.0431141548157 -0.0213899917603
v -0.0344046554565 0.0429045944214 -0.0224960327148
v -0.0343964805603 0.0429142189026 -0.0224920330048
v -0.0344855766296 0.0432320327759 -0.0213899917603
v -0.0343039588928 0.043015586853 -0.0224444770813
v -0.0342729148865 0.0430467796326 -0.0224276828766
v -0.03434715271 0.0433382453918 -0.0213899917603
v -0.0341944389343 0.0431201477051 -0.0223836517334
v -0.0341384735107 0.0431681175232 -0.0223510360718
v -0.0342000007629 0.0434319915771 -0.0213899917603
v -0.0340762443542 0.0432176361084 -0.0223137359619
v -0.0339944534302 0.0432771606445 -0.0222632751465
v -0.0340452384949 0.0435125579834 -0.0213899917603
v -0.0339491081238 0.0433076553345 -0.022234670639
v -0.0336716308594 0.0434605064392 -0.0220519008636
v -0.0336803398132 0.0434565124512 -0.0220578079224
v -0.0338840408325 0.0435793266296 -0.0213899917603
v -0.0338143081665 0.0433887405396 -0.0221473865509
v -0.0338412666321 0.0433736114502 -0.0221650905609
v -0.0337176399231 0.0436317939758 -0.0213899917603
v -0.0335472984314 0.0436695594788 -0.0213899917603
v -0.0335213088989 0.0435221786499 -0.021948507309
v -0.0333743133545 0.0436923332214 -0.0213899917603
v -0.0333399810791 0.0435793304443 -0.0218206882477
v -0.0333638572693 0.0435728302002 -0.0218376903534
v -0.0335128135681 0.04352526474 -0.0219425888062
v -0.0130500011444 0.0388999404907 -0.0213899917603
v -0.0130538063049 0.0389870986938 -0.0263899936676
v -0.0130538063049 0.0389870986938 -0.0213899917603
v -0.0130651931763 0.039073589325 -0.0263899936676
v -0.0130651931763 0.039073589325 -0.0213899917603
v -0.0130840749741 0.0391587600708 -0.0263899936676
v -0.0130840749741 0.0391587600708 -0.0213899917603
v -0.0131103086472 0.0392419624329 -0.0263899936676
v -0.0131103086472 0.0392419624329 -0.0213899917603
v -0.0131436929703 0.0393225593567 -0.0263899936676
v -0.0131436929703 0.0393225593567 -0.0213899917603
v -0.0131839752197 0.0393999443054 -0.0263899936676
v -0.0131839752197 0.0393999443054 -0.0213899917603
v -0.0132308492661 0.0394735183716 -0.0263899936676
v -0.0132308492661 0.0394735183716 -0.0213899917603
v -0.0132839565277 0.0395427284241 -0.0263899936676
v -0.0132839565277 0.0395427284241 -0.0213899917603
v -0.0133428945541 0.0396070480347 -0.0263899936676
v -0.0133428945541 0.0396070480347 -0.0213899917603
v -0.0134072132111 0.0396659889221 -0.0263899936676
v -0.0134072132111 0.0396659889221 -0.0213899917603
v -0.0134764242172 0.0397190933228 -0.0263899936676
v -0.0134764242172 0.0397190933228 -0.0213899917603
v -0.0135500011444 0.0397659683228 -0.0263899936676
v -0.0135500011444 0.0397659683228 -0.0213899917603
v -0.0136273822784 0.0398062515259 -0.0263899936676
v -0.0136273822784 0.0398062515259 -0.0213899917603
v -0.0137079811096 0.0398396339417 -0.0263899936676
v -0.0137079811096 0.0398396339417 -0.0213899917603
v -0.0137911815643 0.0398658676147 -0.0263899936676
v -0.0137911815643 0.0398658676147 -0.0213899917603
v -0.0138763523102 0.0398847503662 -0.0263899936676
v -0.0138763523102 0.0398847503662 -0.0213899917603
v -0.0139628448486 0.0398961372375 -0.0263899936676
v -0.0139628448486 0.0398961372375 -0.0213899917603
v -0.0140500011444 0.0398999443054 -0.0263899936676
v -0.0140500011444 0.0398999443054 -0.0213899917603
v -0.0141371564865 0.0398961372375 -0.0263899936676
v -0.0141371564865 0.0398961372375 -0.0213899917603
v -0.014223649025 0.0398847503662 -0.0263899936676
v -0.014223649025 0.0398847503662 -0.0213899917603
v -0.0143088197708 0.0398658676147 -0.0263899936676
v -0.0143088197708 0.0398658676147 -0.0213899917603
v -0.0143920211792 0.0398396339417 -0.0263899936676
v -0.0143920211792 0.0398396339417 -0.0213899917603
v -0.0144726190567 0.0398062515259 -0.0263899936676
v -0.0144726190567 0.0398062515259 -0.0213899917603
v -0.0145500011444 0.0397659683228 -0.0263899936676
v -0.0145500011444 0.0397659683228 -0.0213899917603
v -0.0146235771179 0.0397190933228 -0.0263899936676
v -0.0146235771179 0.0397190933228 -0.0213899917603
v -0.0146927881241 0.0396659889221 -0.0263899936676
v -0.0146927881241 0.0396659889221 -0.0213899917603
v -0.0147571077347 0.0396070480347 -0.0263899936676
v -0.0147571077347 0.0396070480347 -0.0213899917603
v -0.0148160448074 0.0395427284241 -0.0263899936676
v -0.0148160448074 0.0395427284241 -0.0213899917603
v -0.0148691530228 0.0394735183716 -0.0263899936676
v -0.0148691530228 0.0394735183716 -0.0213899917603
v -0.0149160261154 0.0393999443054 -0.0263899936676
v -0.0149160261154 0.0393999443054 -0.0213899917603
v -0.0149563083649 0.0393225593567 -0.0263899936676
v -0.0149563083649 0.0393225593567 -0.0213899917603
v -0.0149896936417 0.0392419624329 -0.0263899936676
v -0.0149896936417 0.0392419624329 -0.0213899917603
v -0.0150159263611 0.0391587600708 -0.0263899936676
v -0.0150159263611 0.0391587600708 -0.0213899917603
v -0.0150348081589 0.039073589325 -0.0263899936676
v -0.0150348081589 0.039073589325 -0.0213899917603
v -0.0150461959839 0.0389870986938 -0.0263899936676
v -0.0150461959839 0.0389870986938 -0.0213899917603
v -0.0150500011444 0.0388999404907 -0.0263899936676
v -0.0150500011444 0.0388999404907 -0.0213899917603
v -0.0150461959839 0.0388127861023 -0.0263899936676
v -0.0150461959839 0.0388127861023 -0.0213899917603
v -0.0150348081589 0.0387262954712 -0.0263899936676
v -0.0150348081589 0.0387262954712 -0.0213899917603
v -0.0150159263611 0.0386411247253 -0.0263899936676
v -0.0150159263611 0.0386411247253 -0.0213899917603
v -0.0149896936417 0.0385579223633 -0.0263899936676
v -0.0149896936417 0.0385579223633 -0.0213899917603
v -0.0149563083649 0.0384773254395 -0.0263899936676
v -0.0149563083649 0.0384773254395 -0.0213899917603
v -0.0149160261154 0.0383999404907 -0.0263899936676
v -0.0149160261154 0.0383999404907 -0.0213899917603
v -0.0148691530228 0.0383263664246 -0.0263899936676
v -0.0148691530228 0.0383263664246 -0.0213899917603
v -0.0148160448074 0.0382571563721 -0.0263899936676
v -0.0148160448074 0.0382571563721 -0.0213899917603
v -0.0147571077347 0.0381928367615 -0.0263899936676
v -0.0147571077347 0.0381928367615 -0.0213899917603
v -0.0146927881241 0.0381338996887 -0.0263899936676
v -0.0146927881241 0.0381338996887 -0.0213899917603
v -0.0146235771179 0.0380807914734 -0.0263899936676
v -0.0146235771179 0.0380807914734 -0.0213899917603
v -0.0145500011444 0.0380339164734 -0.0263899936676
v -0.0145500011444 0.0380339164734 -0.0213899917603
v -0.0144726190567 0.0379936332703 -0.0263899936676
v -0.0144726190567 0.0379936332703 -0.0213899917603
v -0.0143920211792 0.0379602508545 -0.0263899936676
v -0.0143920211792 0.0379602508545 -0.0213899917603
v -0.0143088197708 0.0379340171814 -0.0263899936676
v -0.0143088197708 0.0379340171814 -0.0213899917603
v -0.014223649025 0.0379151344299 -0.0263899936676
v -0.014223649025 0.0379151344299 -0.0213899917603
v -0.0141371564865 0.0379037475586 -0.0263899936676
v -0.0141371564865 0.0379037475586 -0.0213899917603
v -0.0140500011444 0.0378999404907 -0.0263899936676
v -0.0140500011444 0.0378999404907 -0.0213899917603
v -0.0139628448486 0.0379037475586 -0.0263899936676
v -0.0139628448486 0.0379037475586 -0.0213899917603
v -0.0138763523102 0.0379151344299 -0.0263899936676
v -0.0138763523102 0.0379151344299 -0.0213899917603
v -0.0137911815643 0.0379340171814 -0.0263899936676
v -0.0137911815643 0.0379340171814 -0.0213899917603
v -0.0137079811096 0.0379602508545 -0.0263899936676
v -0.0137079811096 0.0379602508545 -0.0213899917603
v -0.0136273822784 0.0379936332703 -0.0263899936676
v -0.0136273822784 0.0379936332703 -0.0213899917603
v -0.0135500011444 0.0380339164734 -0.0263899936676
v -0.0135500011444 0.0380339164734 -0.0213899917603
v -0.0134764242172 0.0380807914734 -0.0263899936676
v -0.0134764242172 0.0380807914734 -0.0213899917603
v -0.0134072132111 0.0381338996887 -0.0263899936676
v -0.0134072132111 0.0381338996887 -0.0213899917603
v -0.0133428945541 0.0381928367615 -0.0263899936676
v -0.0133428945541 0.0381928367615 -0.0213899917603
v -0.0132839565277 0.0382571563721 -0.0263899936676
v -0.0132839565277 0.0382571563721 -0.0213899917603
v -0.0132308492661 0.0383263664246 -0.0263899936676
v -0.0132308492661 0.0383263664246 -0.0213899917603
v -0.0131839752197 0.0383999404907 -0.0263899936676
v -0.0131839752197 0.0383999404907 -0.0213899917603
v -0.0131436929703 0.0384773254395 -0.0263899936676
v -0.0131436929703 0.0384773254395 -0.0213899917603
v -0.0131103086472 0.0385579223633 -0.0263899936676
v -0.0131103086472 0.0385579223633 -0.0213899917603
v -0.0130840749741 0.0386411247253 -0.0263899936676
v -0.0130840749741 0.0386411247253 -0.0213899917603
v -0.0130651931763 0.0387262954712 -0.0263899936676
v -0.0130651931763 0.0387262954712 -0.0213899917603
v -0.0130538063049 0.0388127861023 -0.0263899936676
v -0.0130538063049 0.0388127861023 -0.0213899917603
v -0.0130500011444 0.0388999404907 -0.0263899936676
v -0.0140500011444 0.0388999404907 -0.0263899936676
v -0.0130500011444 0.0364999427795 -0.0213899917603
v -0.0130538063049 0.036587097168 -0.0263899936676
v -0.0130538063049 0.036587097168 -0.0213899917603
v -0.0130651931763 0.0366735916138 -0.0263899936676
v -0.0130651931763 0.0366735916138 -0.0213899917603
v -0.0130840749741 0.0367587623596 -0.0263899936676
v -0.0130840749741 0.0367587623596 -0.0213899917603
v -0.0131103086472 0.036841960907 -0.0263899936676
v -0.0131103086472 0.036841960907 -0.0213899917603
v -0.0131436929703 0.0369225616455 -0.0263899936676
v -0.0131436929703 0.0369225616455 -0.0213899917603
v -0.0131839752197 0.0369999427795 -0.0263899936676
v -0.0131839752197 0.0369999427795 -0.0213899917603
v -0.0132308492661 0.0370735168457 -0.0263899936676
v -0.0132308492661 0.0370735168457 -0.0213899917603
v -0.0132839565277 0.0371427307129 -0.0263899936676
v -0.0132839565277 0.0371427307129 -0.0213899917603
v -0.0133428945541 0.0372070503235 -0.0263899936676
v -0.0133428945541 0.0372070503235 -0.0213899917603
v -0.0134072132111 0.0372659873962 -0.0263899936676
v -0.0134072132111 0.0372659873962 -0.0213899917603
v -0.0134764242172 0.0373190956116 -0.0263899936676
v -0.0134764242172 0.0373190956116 -0.0213899917603
v -0.0135500011444 0.0373659667969 -0.0263899936676
v -0.0135500011444 0.0373659667969 -0.0213899917603
v -0.0136273822784 0.03740625 -0.0263899936676
v -0.0136273822784 0.03740625 -0.0213899917603
v -0.0137079811096 0.0374396362305 -0.0263899936676
v -0.0137079811096 0.0374396362305 -0.0213899917603
v -0.0137911815643 0.0374658699036 -0.0263899936676
v -0.0137911815643 0.0374658699036 -0.0213899917603
v -0.0138763523102 0.0374847488403 -0.0263899936676
v -0.0138763523102 0.0374847488403 -0.0213899917603
v -0.0139628448486 0.0374961357117 -0.0263899936676
v -0.0139628448486 0.0374961357117 -0.0213899917603
v -0.0140500011444 0.0374999427795 -0.0263899936676
v -0.0140500011444 0.0374999427795 -0.0213899917603
v -0.0141371564865 0.0374961357117 -0.0263899936676
v -0.0141371564865 0.0374961357117 -0.0213899917603
v -0.014223649025 0.0374847488403 -0.0263899936676
v -0.014223649025 0.0374847488403 -0.0213899917603
v -0.0143088197708 0.0374658699036 -0.0263899936676
v -0.0143088197708 0.0374658699036 -0.0213899917603
v -0.0143920211792 0.0374396362305 -0.0263899936676
v -0.0143920211792 0.0374396362305 -0.0213899917603
v -0.0144726190567 0.03740625 -0.0263899936676
v -0.0144726190567 0.03740625 -0.0213899917603
v -0.0145500011444 0.0373659667969 -0.0263899936676
v -0.0145500011444 0.0373659667969 -0.0213899917603
v -0.0146235771179 0.0373190956116 -0.0263899936676
v -0.0146235771179 0.0373190956116 -0.0213899917603
v -0.0146927881241 0.0372659873962 -0.0263899936676
v -0.0146927881241 0.0372659873962 -0.0213899917603
v -0.0147571077347 0.0372070503235 -0.0263899936676
v -0.0147571077347 0.0372070503235 -0.0213899917603
v -0.0148160448074 0.0371427307129 -0.0263899936676
v -0.0148160448074 0.0371427307129 -0.0213899917603
v -0.0148691530228 0.0370735168457 -0.0263899936676
v -0.0148691530228 0.0370735168457 -0.0213899917603
v -0.0149160261154 0.0369999427795 -0.0263899936676
v -0.0149160261154 0.0369999427795 -0.0213899917603
v -0.0149563083649 0.0369225616455 -0.0263899936676
v -0.0149563083649 0.0369225616455 -0.0213899917603
v -0.0149896936417 0.036841960907 -0.0263899936676
v -0.0149896936417 0.036841960907 -0.0213899917603
v -0.0150159263611 0.0367587623596 -0.0263899936676
v -0.0150159263611 0.0367587623596 -0.0213899917603
v -0.0150348081589 0.0366735916138 -0.0263899936676
v -0.0150348081589 0.0366735916138 -0.0213899917603
v -0.0150461959839 0.036587097168 -0.0263899936676
v -0.0150461959839 0.036587097168 -0.0213899917603
v -0.0150500011444 0.0364999427795 -0.0263899936676
v -0.0150500011444 0.0364999427795 -0.0213899917603
v -0.0150461959839 0.0364127845764 -0.0263899936676
v -0.0150461959839 0.0364127845764 -0.0213899917603
v -0.0150348081589 0.0363262939453 -0.0263899936676
v -0.0150348081589 0.0363262939453 -0.0213899917603
v -0.0150159263611 0.0362411231995 -0.0263899936676
v -0.0150159263611 0.0362411231995 -0.0213899917603
v -0.0149896936417 0.0361579208374 -0.0263899936676
v -0.0149896936417 0.0361579208374 -0.0213899917603
v -0.0149563083649 0.0360773239136 -0.0263899936676
v -0.0149563083649 0.0360773239136 -0.0213899917603
v -0.0149160261154 0.0359999427795 -0.0263899936676
v -0.0149160261154 0.0359999427795 -0.0213899917603
v -0.0148691530228 0.0359263648987 -0.0263899936676
v -0.0148691530228 0.0359263648987 -0.0213899917603
v -0.0148160448074 0.0358571548462 -0.0263899936676
v -0.0148160448074 0.0358571548462 -0.0213899917603
v -0.0147571077347 0.0357928352356 -0.0263899936676
v -0.0147571077347 0.0357928352356 -0.0213899917603
v -0.0146927881241 0.0357338981628 -0.0263899936676
v -0.0146927881241 0.0357338981628 -0.0213899917603
v -0.0146235771179 0.0356807899475 -0.0263899936676
v -0.0146235771179 0.0356807899475 -0.0213899917603
v -0.0145500011444 0.0356339187622 -0.0263899936676
v -0.0145500011444 0.0356339187622 -0.0213899917603
v -0.0144726190567 0.0355936355591 -0.0263899936676
v -0.0144726190567 0.0355936355591 -0.0213899917603
v -0.0143920211792 0.0355602493286 -0.0263899936676
v -0.0143920211792 0.0355602493286 -0.0213899917603
v -0.0143088197708 0.0355340156555 -0.0263899936676
v -0.0143088197708 0.0355340156555 -0.0213899917603
v -0.014223649025 0.0355151329041 -0.0263899936676
v -0.014223649025 0.0355151329041 -0.0213899917603
v -0.0141371564865 0.0355037460327 -0.0263899936676
v -0.0141371564865 0.0355037460327 -0.0213899917603
v -0.0140500011444 0.0354999427795 -0.0263899936676
v -0.0140500011444 0.0354999427795 -0.0213899917603
v -0.0139628448486 0.0355037460327 -0.0263899936676
v -0.0139628448486 0.0355037460327 -0.0213899917603
v -0.0138763523102 0.0355151329041 -0.0263899936676
v -0.0138763523102 0.0355151329041 -0.0213899917603
v -0.0137911815643 0.0355340156555 -0.0263899936676
v -0.0137911815643 0.0355340156555 -0.0213899917603
v -0.0137079811096 0.0355602493286 -0.0263899936676
v -0.0137079811096 0.0355602493286 -0.0213899917603
v -0.0136273822784 0.0355936355591 -0.0263899936676
v -0.0136273822784 0.0355936355591 -0.0213899917603
v -0.0135500011444 0.0356339187622 -0.0263899936676
v -0.0135500011444 0.0356339187622 -0.0213899917603
v -0.0134764242172 0.0356807899475 -0.0263899936676
v -0.0134764242172 0.0356807899475 -0.0213899917603
v -0.0134072132111 0.0357338981628 -0.0263899936676
v -0.0134072132111 0.0357338981628 -0.0213899917603
v -0.0133428945541 0.0357928352356 -0.0263899936676
v -0.0133428945541 0.0357928352356 -0.0213899917603
v -0.0132839565277 0.0358571548462 -0.0263899936676
v -0.0132839565277 0.0358571548462 -0.0213899917603
v -0.0132308492661 0.0359263648987 -0.0263899936676
v -0.0132308492661 0.0359263648987 -0.0213899917603
v -0.0131839752197 0.0359999427795 -0.0263899936676
v -0.0131839752197 0.0359999427795 -0.0213899917603
v -0.0131436929703 0.0360773239136 -0.0263899936676
v -0.0131436929703 0.0360773239136 -0.0213899917603
v -0.0131103086472 0.0361579208374 -0.0263899936676
v -0.0131103086472 0.0361579208374 -0.0213899917603
v -0.0130840749741 0.0362411231995 -0.0263899936676
v -0.0130840749741 0.0362411231995 -0.0213899917603
v -0.0130651931763 0.0363262939453 -0.0263899936676
v -0.0130651931763 0.0363262939453 -0.0213899917603
v -0.0130538063049 0.0364127845764 -0.0263899936676
v -0.0130538063049 0.0364127845764 -0.0213899917603
v -0.0130500011444 0.0364999427795 -0.0263899936676
v -0.0140500011444 0.0364999427795 -0.0263899936676
v -0.0130500011444 0.0340999412537 -0.0213899917603
v -0.0130538063049 0.0341870994568 -0.0263899936676
v -0.0130538063049 0.0341870994568 -0.0213899917603
v -0.0130651931763 0.0342735900879 -0.0263899936676
v -0.0130651931763 0.0342735900879 -0.0213899917603
v -0.0130840749741 0.0343587608337 -0.0263899936676
v -0.0130840749741 0.0343587608337 -0.0213899917603
v -0.0131103086472 0.0344419631958 -0.0263899936676
v -0.0131103086472 0.0344419631958 -0.0213899917603
v -0.0131436929703 0.0345225601196 -0.0263899936676
v -0.0131436929703 0.0345225601196 -0.0213899917603
v -0.0131839752197 0.0345999412537 -0.0263899936676
v -0.0131839752197 0.0345999412537 -0.0213899917603
v -0.0132308492661 0.0346735191345 -0.0263899936676
v -0.0132308492661 0.0346735191345 -0.0213899917603
v -0.0132839565277 0.034742729187 -0.0263899936676
v -0.0132839565277 0.034742729187 -0.0213899917603
v -0.0133428945541 0.0348070487976 -0.0263899936676
v -0.0133428945541 0.0348070487976 -0.0213899917603
v -0.0134072132111 0.0348659858704 -0.0263899936676
v -0.0134072132111 0.0348659858704 -0.0213899917603
v -0.0134764242172 0.0349190940857 -0.0263899936676
v -0.0134764242172 0.0349190940857 -0.0213899917603
v -0.0135500011444 0.0349659690857 -0.0263899936676
v -0.0135500011444 0.0349659690857 -0.0213899917603
v -0.0136273822784 0.0350062484741 -0.0263899936676
v -0.0136273822784 0.0350062484741 -0.0213899917603
v -0.0137079811096 0.0350396347046 -0.0263899936676
v -0.0137079811096 0.0350396347046 -0.0213899917603
v -0.0137911815643 0.0350658683777 -0.0263899936676
v -0.0137911815643 0.0350658683777 -0.0213899917603
v -0.0138763523102 0.0350847511292 -0.0263899936676
v -0.0138763523102 0.0350847511292 -0.0213899917603
v -0.0139628448486 0.0350961380005 -0.0263899936676
v -0.0139628448486 0.0350961380005 -0.0213899917603
v -0.0140500011444 0.0350999412537 -0.0263899936676
v -0.0140500011444 0.0350999412537 -0.0213899917603
v -0.0141371564865 0.0350961380005 -0.0263899936676
v -0.0141371564865 0.0350961380005 -0.0213899917603
v -0.014223649025 0.0350847511292 -0.0263899936676
v -0.014223649025 0.0350847511292 -0.0213899917603
v -0.0143088197708 0.0350658683777 -0.0263899936676
v -0.0143088197708 0.0350658683777 -0.0213899917603
v -0.0143920211792 0.0350396347046 -0.0263899936676
v -0.0143920211792 0.0350396347046 -0.0213899917603
v -0.0144726190567 0.0350062484741 -0.0263899936676
v -0.0144726190567 0.0350062484741 -0.0213899917603
v -0.0145500011444 0.0349659690857 -0.0263899936676
v -0.0145500011444 0.0349659690857 -0.0213899917603
v -0.0146235771179 0.0349190940857 -0.0263899936676
v -0.0146235771179 0.0349190940857 -0.0213899917603
v -0.0146927881241 0.0348659858704 -0.0263899936676
v -0.0146927881241 0.0348659858704 -0.0213899917603
v -0.0147571077347 0.0348070487976 -0.0263899936676
v -0.0147571077347 0.0348070487976 -0.0213899917603
v -0.0148160448074 0.034742729187 -0.0263899936676
v -0.0148160448074 0.034742729187 -0.0213899917603
v -0.0148691530228 0.0346735191345 -0.0263899936676
v -0.0148691530228 0.0346735191345 -0.0213899917603
v -0.0149160261154 0.0345999412537 -0.0263899936676
v -0.0149160261154 0.0345999412537 -0.0213899917603
v -0.0149563083649 0.0345225601196 -0.0263899936676
v -0.0149563083649 0.0345225601196 -0.0213899917603
v -0.0149896936417 0.0344419631958 -0.0263899936676
v -0.0149896936417 0.0344419631958 -0.0213899917603
v -0.0150159263611 0.0343587608337 -0.0263899936676
v -0.0150159263611 0.0343587608337 -0.0213899917603
v -0.0150348081589 0.0342735900879 -0.0263899936676
v -0.0150348081589 0.0342735900879 -0.0213899917603
v -0.0150461959839 0.0341870994568 -0.0263899936676
v -0.0150461959839 0.0341870994568 -0.0213899917603
v -0.0150500011444 0.0340999412537 -0.0263899936676
v -0.0150500011444 0.0340999412537 -0.0213899917603
v -0.0150461959839 0.0340127868652 -0.0263899936676
v -0.0150461959839 0.0340127868652 -0.0213899917603
v -0.0150348081589 0.0339262924194 -0.0263899936676
v -0.0150348081589 0.0339262924194 -0.0213899917603
v -0.0150159263611 0.0338411216736 -0.0263899936676
v -0.0150159263611 0.0338411216736 -0.0213899917603
v -0.0149896936417 0.0337579231262 -0.0263899936676
v -0.0149896936417 0.0337579231262 -0.0213899917603
v -0.0149563083649 0.0336773223877 -0.0263899936676
v -0.0149563083649 0.0336773223877 -0.0213899917603
v -0.0149160261154 0.0335999412537 -0.0263899936676
v -0.0149160261154 0.0335999412537 -0.0213899917603
v -0.0148691530228 0.0335263671875 -0.0263899936676
v -0.0148691530228 0.0335263671875 -0.0213899917603
v -0.0148160448074 0.0334571533203 -0.0263899936676
v -0.0148160448074 0.0334571533203 -0.0213899917603
v -0.0147571077347 0.0333928337097 -0.0263899936676
v -0.0147571077347 0.0333928337097 -0.0213899917603
v -0.0146927881241 0.033333896637 -0.0263899936676
v -0.0146927881241 0.033333896637 -0.0213899917603
v -0.0146235771179 0.0332807884216 -0.0263899936676
v -0.0146235771179 0.0332807884216 -0.0213899917603
v -0.0145500011444 0.0332339172363 -0.0263899936676
v -0.0145500011444 0.0332339172363 -0.0213899917603
v -0.0144726190567 0.0331936340332 -0.0263899936676
v -0.0144726190567 0.0331936340332 -0.0213899917603
v -0.0143920211792 0.0331602478027 -0.0263899936676
v -0.0143920211792 0.0331602478027 -0.0213899917603
v -0.0143088197708 0.0331340179443 -0.0263899936676
v -0.0143088197708 0.0331340179443 -0.0213899917603
v -0.014223649025 0.0331151351929 -0.0263899936676
v -0.014223649025 0.0331151351929 -0.0213899917603
v -0.0141371564865 0.0331037483215 -0.0263899936676
v -0.0141371564865 0.0331037483215 -0.0213899917603
v -0.0140500011444 0.0330999412537 -0.0263899936676
v -0.0140500011444 0.0330999412537 -0.0213899917603
v -0.0139628448486 0.0331037483215 -0.0263899936676
v -0.0139628448486 0.0331037483215 -0.0213899917603
v -0.0138763523102 0.0331151351929 -0.0263899936676
v -0.0138763523102 0.0331151351929 -0.0213899917603
v -0.0137911815643 0.0331340179443 -0.0263899936676
v -0.0137911815643 0.0331340179443 -0.0213899917603
v -0.0137079811096 0.0331602478027 -0.0263899936676
v -0.0137079811096 0.0331602478027 -0.0213899917603
v -0.0136273822784 0.0331936340332 -0.0263899936676
v -0.0136273822784 0.0331936340332 -0.0213899917603
v -0.0135500011444 0.0332339172363 -0.0263899936676
v -0.0135500011444 0.0332339172363 -0.0213899917603
v -0.0134764242172 0.0332807884216 -0.0263899936676
v -0.0134764242172 0.0332807884216 -0.0213899917603
v -0.0134072132111 0.033333896637 -0.0263899936676
v -0.0134072132111 0.033333896637 -0.0213899917603
v -0.0133428945541 0.0333928337097 -0.0263899936676
v -0.0133428945541 0.0333928337097 -0.0213899917603
v -0.0132839565277 0.0334571533203 -0.0263899936676
v -0.0132839565277 0.0334571533203 -0.0213899917603
v -0.0132308492661 0.0335263671875 -0.0263899936676
v -0.0132308492661 0.0335263671875 -0.0213899917603
v -0.0131839752197 0.0335999412537 -0.0263899936676
v -0.0131839752197 0.0335999412537 -0.0213899917603
v -0.0131436929703 0.0336773223877 -0.0263899936676
v -0.0131436929703 0.0336773223877 -0.0213899917603
v -0.0131103086472 0.0337579231262 -0.0263899936676
v -0.0131103086472 0.0337579231262 -0.0213899917603
v -0.0130840749741 0.0338411216736 -0.0263899936676
v -0.0130840749741 0.0338411216736 -0.0213899917603
v -0.0130651931763 0.0339262924194 -0.0263899936676
v -0.0130651931763 0.0339262924194 -0.0213899917603
v -0.0130538063049 0.0340127868652 -0.0263899936676
v -0.0130538063049 0.0340127868652 -0.0213899917603
v -0.0130500011444 0.0340999412537 -0.0263899936676
v -0.0140500011444 0.0340999412537 -0.0263899936676
v -0.0349500007629 0.0415499420166 0.00741000747681
v -0.0349433403015 0.0417024650574 0.00821000766754
v -0.0349433403015 0.0417024650574 0.00741000747681
v -0.034923412323 0.0418538284302 0.00821000766754
v -0.034923412323 0.0418538284302 0.00741000747681
v -0.0348903694153 0.0420028762817 0.00821000766754
v -0.0348903694153 0.0420028762817 0.00741000747681
v -0.0348444633484 0.0421484794617 0.00821000766754
v -0.0348444633484 0.0421484794617 0.00741000747681
v -0.0347860412598 0.0422895240784 0.00821000766754
v -0.0347860412598 0.0422895240784 0.00741000747681
v -0.0347155456543 0.0424249420166 0.00821000766754
v -0.0347155456543 0.0424249420166 0.00741000747681
v -0.034633518219 0.0425536994934 0.00821000766754
v -0.034633518219 0.0425536994934 0.00741000747681
v -0.0345405769348 0.0426748199463 0.00821000766754
v -0.0345405769348 0.0426748199463 0.00741000747681
v -0.0344374389648 0.0427873802185 0.00821000766754
v -0.0344374389648 0.0427873802185 0.00741000747681
v -0.0343248786926 0.0428905220032 0.00821000766754
v -0.0343248786926 0.0428905220032 0.00741000747681
v -0.0342037620544 0.0429834594727 0.00821000766754
v -0.0342037620544 0.0429834594727 0.00741000747681
v -0.0340750007629 0.043065486908 0.00821000766754
v -0.0340750007629 0.043065486908 0.00741000747681
v -0.0339395828247 0.0431359825134 0.00821000766754
v -0.0339395828247 0.0431359825134 0.00741000747681
v -0.0337985343933 0.0431944046021 0.00821000766754
v -0.0337985343933 0.0431944046021 0.00741000747681
v -0.0336529350281 0.0432403144836 0.00821000766754
v -0.0336529350281 0.0432403144836 0.00741000747681
v -0.0335038871765 0.0432733573914 0.00821000766754
v -0.0335038871765 0.0432733573914 0.00741000747681
v -0.0333525238037 0.0432932853699 0.00821000766754
v -0.0333525238037 0.0432932853699 0.00741000747681
v -0.0332000007629 0.0432999420166 0.00821000766754
v -0.0332000007629 0.0432999420166 0.00741000747681
v -0.0330474777222 0.0432932853699 0.00821000766754
v -0.0330474777222 0.0432932853699 0.00741000747681
v -0.0328961143494 0.0432733573914 0.00821000766754
v -0.0328961143494 0.0432733573914 0.00741000747681
v -0.0327470664978 0.0432403144836 0.00821000766754
v -0.0327470664978 0.0432403144836 0.00741000747681
v -0.0326014671326 0.0431944046021 0.00821000766754
v -0.0326014671326 0.0431944046021 0.00741000747681
v -0.0324604187012 0.0431359825134 0.00821000766754
v -0.0324604187012 0.0431359825134 0.00741000747681
v -0.0323250007629 0.043065486908 0.00821000766754
v -0.0323250007629 0.043065486908 0.00741000747681
v -0.0321962432861 0.0429834594727 0.00821000766754
v -0.0321962432861 0.0429834594727 0.00741000747681
v -0.0320751228333 0.0428905220032 0.00821000766754
v -0.0320751228333 0.0428905220032 0.00741000747681
v -0.0319625644684 0.0427873802185 0.00821000766754
v -0.0319625644684 0.0427873802185 0.00741000747681
v -0.0318594245911 0.0426748199463 0.00821000766754
v -0.0318594245911 0.0426748199463 0.00741000747681
v -0.0317664871216 0.0425536994934 0.00821000766754
v -0.0317664871216 0.0425536994934 0.00741000747681
v -0.0316844577789 0.0424249420166 0.00821000766754
v -0.0316844577789 0.0424249420166 0.00741000747681
v -0.0316139640808 0.0422895240784 0.00821000766754
v -0.0316139640808 0.0422895240784 0.00741000747681
v -0.0315555400848 0.0421484794617 0.00821000766754
v -0.0315555400848 0.0421484794617 0.00741000747681
v -0.0315096321106 0.0420028762817 0.00821000766754
v -0.0315096321106 0.0420028762817 0.00741000747681
v -0.0314765872955 0.0418538284302 0.00821000766754
v -0.0314765872955 0.0418538284302 0.00741000747681
v -0.0314566612244 0.0417024650574 0.00821000766754
v -0.0314566612244 0.0417024650574 0.00741000747681
v -0.0314500026703 0.0415499420166 0.00821000766754
v -0.0314500026703 0.0415499420166 0.00741000747681
v -0.0314566612244 0.0413974189758 0.00821000766754
v -0.0314566612244 0.0413974189758 0.00741000747681
v -0.0314765872955 0.0412460594177 0.00821000766754
v -0.0314765872955 0.0412460594177 0.00741000747681
v -0.0315096321106 0.0410970077515 0.00821000766754
v -0.0315096321106 0.0410970077515 0.00741000747681
v -0.0315555400848 0.0409514083862 0.00821000766754
v -0.0315555400848 0.0409514083862 0.00741000747681
v -0.0316139640808 0.0408103599548 0.00821000766754
v -0.0316139640808 0.0408103599548 0.00741000747681
v -0.0316844577789 0.0406749420166 0.00821000766754
v -0.0316844577789 0.0406749420166 0.00741000747681
v -0.0317664871216 0.0405461845398 0.00821000766754
v -0.0317664871216 0.0405461845398 0.00741000747681
v -0.0318594245911 0.0404250640869 0.00821000766754
v -0.0318594245911 0.0404250640869 0.00741000747681
v -0.0319625644684 0.0403125038147 0.00821000766754
v -0.0319625644684 0.0403125038147 0.00741000747681
v -0.0320751228333 0.0402093658447 0.00821000766754
v -0.0320751228333 0.0402093658447 0.00741000747681
v -0.0321962432861 0.0401164283752 0.00821000766754
v -0.0321962432861 0.0401164283752 0.00741000747681
v -0.0323250007629 0.0400343971252 0.00821000766754
v -0.0323250007629 0.0400343971252 0.00741000747681
v -0.0324604187012 0.0399639053345 0.00821000766754
v -0.0324604187012 0.0399639053345 0.00741000747681
v -0.0326014671326 0.0399054794312 0.00821000766754
v -0.0326014671326 0.0399054794312 0.00741000747681
v -0.0327470664978 0.0398595733643 0.00821000766754
v -0.0327470664978 0.0398595733643 0.00741000747681
v -0.0328961143494 0.0398265266418 0.00821000766754
v -0.0328961143494 0.0398265266418 0.00741000747681
v -0.0330474777222 0.039806602478 0.00821000766754
v -0.0330474777222 0.039806602478 0.00741000747681
v -0.0332000007629 0.0397999420166 0.00821000766754
v -0.0332000007629 0.0397999420166 0.00741000747681
v -0.0333525238037 0.039806602478 0.00821000766754
v -0.0333525238037 0.039806602478 0.00741000747681
v -0.0335038871765 0.0398265266418 0.00821000766754
v -0.0335038871765 0.0398265266418 0.00741000747681
v -0.0336529350281 0.0398595733643 0.00821000766754
v -0.0336529350281 0.0398595733643 0.00741000747681
v -0.0337985343933 0.0399054794312 0.00821000766754
v -0.0337985343933 0.0399054794312 0.00741000747681
v -0.0339395828247 0.0399639053345 0.00821000766754
v -0.0339395828247 0.0399639053345 0.00741000747681
v -0.0340750007629 0.0400343971252 0.00821000766754
v -0.0340750007629 0.0400343971252 0.00741000747681
v -0.0342037620544 0.0401164283752 0.00821000766754
v -0.0342037620544 0.0401164283752 0.00741000747681
v -0.0343248786926 0.0402093658447 0.00821000766754
v -0.0343248786926 0.0402093658447 0.00741000747681
v -0.0344374389648 0.0403125038147 0.00821000766754
v -0.0344374389648 0.0403125038147 0.00741000747681
v -0.0345405769348 0.0404250640869 0.00821000766754
v -0.0345405769348 0.0404250640869 0.00741000747681
v -0.034633518219 0.0405461845398 0.00821000766754
v -0.034633518219 0.0405461845398 0.00741000747681
v -0.0347155456543 0.0406749420166 0.00821000766754
v -0.0347155456543 0.0406749420166 0.00741000747681
v -0.0347860412598 0.0408103599548 0.00821000766754
v -0.0347860412598 0.0408103599548 0.00741000747681
v -0.0348444633484 0.0409514083862 0.00821000766754
v -0.0348444633484 0.0409514083862 0.00741000747681
v -0.0348903694153 0.0410970077515 0.00821000766754
v -0.0348903694153 0.0410970077515 0.00741000747681
v -0.034923412323 0.0412460594177 0.00821000766754
v -0.034923412323 0.0412460594177 0.00741000747681
v -0.0349433403015 0.0413974189758 0.00821000766754
v -0.0349433403015 0.0413974189758 0.00741000747681
v -0.0349500007629 0.0415499420166 0.00821000766754
v -0.032 0.0417999420166 0.00880520534515
v -0.032 0.0417627944946 0.00880605792999
v -0.0319648666382 0.0417677307129 0.0088008928299
v -0.0329500007629 0.0403499412537 0.00880520534515
v -0.0329871482849 0.0403499412537 0.00880605792999
v -0.0329822120667 0.0403148078918 0.0088008928299
v -0.0344000015259 0.0412999420166 0.00880520534515
v -0.0344000015259 0.0413370895386 0.00880605792999
v -0.0344351348877 0.0413321533203 0.0088008928299
v -0.0334500007629 0.0427499427795 0.00880520534515
v -0.033412853241 0.0427499427795 0.00880605792999
v -0.0334177894592 0.0427850761414 0.0088008928299
v -0.0329500007629 0.0426724395752 0.00881000709534
v -0.0329023590088 0.0426607589722 0.00881000709534
v -0.0329500007629 0.0426955223083 0.00880958461761
v -0.0328888244629 0.0427112693787 0.0088077249527
v -0.0328753929138 0.0427613945007 0.0088008928299
v -0.0329500007629 0.0427499427795 0.00880520534515
v -0.0329500007629 0.0427259292603 0.00880772686005
v -0.0335246086121 0.0427613945007 0.0088008928299
v -0.033511177063 0.0427112693787 0.0088077249527
v -0.0334500007629 0.0427259292603 0.00880772686005
v -0.0334500007629 0.0426955223083 0.00880958461761
v -0.0334976425171 0.0426607589722 0.00881000709534
v -0.0334500007629 0.0426724395752 0.00881000709534
v -0.0343224983215 0.0417999420166 0.00881000709534
v -0.0343108139038 0.0418475837708 0.00881000709534
v -0.0343455810547 0.0417999420166 0.00880958461761
v -0.034361328125 0.0418611183167 0.0088077249527
v -0.0344114532471 0.0418745498657 0.0088008928299
v -0.0344000015259 0.0417999420166 0.00880520534515
v -0.0343759841919 0.0417999420166 0.00880772686005
v -0.0344114532471 0.0412253341675 0.0088008928299
v -0.034361328125 0.0412387657166 0.0088077249527
v -0.0343759841919 0.0412999420166 0.00880772686005
v -0.0343455810547 0.0412999420166 0.00880958461761
v -0.0343108139038 0.0412523002625 0.00881000709534
v -0.0343224983215 0.0412999420166 0.00881000709534
v -0.0334976425171 0.0404391288757 0.00881000709534
v -0.033511177063 0.0403886146545 0.0088077249527
v -0.0334500007629 0.040427444458 0.00881000709534
v -0.0334500007629 0.0403739318848 0.0088077249527
v -0.0334500007629 0.0403727455139 0.00880762290955
v -0.0335246086121 0.0403384895325 0.0088008928299
v -0.0334500007629 0.0403499412537 0.00880520534515
v -0.0328753929138 0.0403384895325 0.0088008928299
v -0.0328888244629 0.0403886146545 0.0088077249527
v -0.0329500007629 0.0403727455139 0.00880762290955
v -0.0329500007629 0.0403739318848 0.0088077249527
v -0.0329023590088 0.0404391288757 0.00881000709534
v -0.0329500007629 0.040427444458 0.00881000709534
v -0.0320891876221 0.0412523002625 0.00881000709534
v -0.0320386772156 0.0412387657166 0.0088077249527
v -0.0320775032043 0.0412999420166 0.00881000709534
v -0.0320239868164 0.0412999420166 0.0088077249527
v -0.0320228042603 0.0412999420166 0.00880762290955
v -0.0319885482788 0.0412253341675 0.0088008928299
v -0.032 0.0412999420166 0.00880520534515
v -0.0319885482788 0.0418745498657 0.0088008928299
v -0.0320386772156 0.0418611183167 0.0088077249527
v -0.0320228042603 0.0417999420166 0.00880762290955
v -0.0320239868164 0.0417999420166 0.0088077249527
v -0.0320891876221 0.0418475837708 0.00881000709534
v -0.0320775032043 0.0417999420166 0.00881000709534
v -0.0349477157593 0.0415499420166 0.00826230049133
v -0.0349410667419 0.0413976211548 0.00826230049133
v -0.0349408836365 0.0415499420166 0.00831419658661
v -0.034934261322 0.0413982162476 0.00831419658661
v -0.0349295578003 0.0415499420166 0.00836529922485
v -0.0349229774475 0.0413992004395 0.00836529922485
v -0.0349138183594 0.0415499420166 0.00841522026062
v -0.0349072952271 0.0414005737305 0.00841522026062
v -0.034893787384 0.0415499420166 0.00846357822418
v -0.0348873405457 0.0414023208618 0.00846357822418
v -0.0348696174622 0.0415499420166 0.00851000785828
v -0.0348632621765 0.0414044265747 0.00851000785828
v -0.0348414916992 0.0415499420166 0.00855415439606
v -0.0348352470398 0.0414068756104 0.00855415439606
v -0.034809627533 0.0415499420166 0.00859568023682
v -0.0348035011292 0.04140965271 0.00859568023682
v -0.0347742652893 0.0415499420166 0.00863427257538
v -0.0347682723999 0.0414127349854 0.00863427257538
v -0.0347356719971 0.0415499420166 0.00866963481903
v -0.0347298278809 0.0414160995483 0.00866963481903
v -0.0346941452026 0.0415499420166 0.00870149898529
v -0.0346884613037 0.041419719696 0.00870149898529
v -0.0346500015259 0.0415499420166 0.00872962284088
v -0.0346444816589 0.0414235687256 0.00872962284088
v -0.0346035728455 0.0415499420166 0.00875379276276
v -0.0345982322693 0.0414276123047 0.00875379276276
v -0.0345552139282 0.0415499420166 0.0087738237381
v -0.0345500564575 0.0414318275452 0.0087738237381
v -0.0345052909851 0.0415499420166 0.00878956222534
v -0.0345003242493 0.0414361801147 0.00878956222534
v -0.0344541893005 0.0415499420166 0.0088008928299
v -0.0344494171143 0.0414406318665 0.0088008928299
v -0.0344000015259 0.0415499420166 0.00880792045593
v -0.0344000015259 0.0414431114197 0.0088075056076
v -0.0349211654663 0.0412464561462 0.00826230049133
v -0.0349144363403 0.0412476425171 0.00831419658661
v -0.0349032821655 0.0412496070862 0.00836529922485
v -0.0348877792358 0.0412523422241 0.00841522026062
v -0.0348680534363 0.041255821228 0.00846357822418
v -0.0348442497253 0.041260017395 0.00851000785828
v -0.0348165550232 0.0412649002075 0.00855415439606
v -0.0347851753235 0.0412704315186 0.00859568023682
v -0.0347503471375 0.0412765731812 0.00863427257538
v -0.0347123413086 0.0412832756042 0.00866963481903
v -0.0346714477539 0.0412904853821 0.00870149898529
v -0.0346279716492 0.0412981529236 0.00872962284088
v -0.0345822486877 0.0413062133789 0.00875379276276
v -0.0345346221924 0.0413146133423 0.0087738237381
v -0.0344854621887 0.0413232803345 0.00878956222534
v -0.0348881645203 0.0410975990295 0.00826230049133
v -0.034881565094 0.0410993690491 0.00831419658661
v -0.0348706207275 0.0411023025513 0.00836529922485
v -0.0348554191589 0.0411063728333 0.00841522026062
v -0.0348360710144 0.0411115608215 0.00846357822418
v -0.0348127250671 0.0411178131104 0.00851000785828
v -0.0347855606079 0.0411250915527 0.00855415439606
v -0.0347547798157 0.0411333389282 0.00859568023682
v -0.0347206230164 0.0411424942017 0.00863427257538
v -0.0346833457947 0.0411524810791 0.00866963481903
v -0.0346432342529 0.0411632270813 0.00870149898529
v -0.0346005935669 0.0411746559143 0.00872962284088
v -0.0345557441711 0.0411866722107 0.00875379276276
v -0.0345090332031 0.0411991882324 0.0087738237381
v -0.0344608154297 0.0412121086121 0.00878956222534
v -0.03365234375 0.0398617782593 0.00826230049133
v -0.033503490448 0.0398287773132 0.00826230049133
v -0.0336505737305 0.0398683776855 0.00831419658661
v -0.0335023040771 0.0398355064392 0.00831419658661
v -0.033647644043 0.039879322052 0.00836529922485
v -0.0335003356934 0.0398466644287 0.00836529922485
v -0.0336435699463 0.0398945236206 0.00841522026062
v -0.0334976005554 0.0398621635437 0.00841522026062
v -0.0336383857727 0.0399138717651 0.00846357822418
v -0.0334941253662 0.0398818893433 0.00846357822418
v -0.0336321296692 0.0399372177124 0.00851000785828
v -0.0334899291992 0.0399056930542 0.00851000785828
v -0.0336248512268 0.0399643821716 0.00855415439606
v -0.033485042572 0.0399333877563 0.00855415439606
v -0.0336166038513 0.0399951629639 0.00859568023682
v -0.033479511261 0.0399647674561 0.00859568023682
v -0.0336074523926 0.0400293197632 0.00863427257538
v -0.0334733695984 0.0399995956421 0.00863427257538
v -0.0335974617004 0.0400665969849 0.00866963481903
v -0.0334666671753 0.0400376014709 0.00866963481903
v -0.0335867156982 0.0401067085266 0.00870149898529
v -0.0334594573975 0.0400784950256 0.00870149898529
v -0.0335752906799 0.0401493492126 0.00872962284088
v -0.033451789856 0.0401219711304 0.00872962284088
v -0.0335632705688 0.0401941986084 0.00875379276276
v -0.0334437294006 0.0401676940918 0.00875379276276
v -0.0335507545471 0.0402409095764 0.0087738237381
v -0.033435333252 0.0402153205872 0.0087738237381
v -0.0335378341675 0.0402891273499 0.00878956222534
v -0.0334266624451 0.0402644805908 0.00878956222534
v -0.0334177894592 0.0403148078918 0.0088008928299
v -0.033412853241 0.0403499412537 0.00880605792999
v -0.0333523254395 0.0398088760376 0.00826230049133
v -0.0333517303467 0.0398156814575 0.00831419658661
v -0.0333507423401 0.0398269691467 0.00836529922485
v -0.0333493690491 0.0398426475525 0.00841522026062
v -0.0333476219177 0.0398626022339 0.00846357822418
v -0.0333455162048 0.039886680603 0.00851000785828
v -0.0333430671692 0.0399146995544 0.00855415439606
v -0.0333402900696 0.0399464416504 0.00859568023682
v -0.0333372077942 0.0399816703796 0.00863427257538
v -0.0333338432312 0.0400201148987 0.00866963481903
v -0.0333302230835 0.0400614814758 0.00870149898529
v -0.0333263778687 0.0401054611206 0.00872962284088
v -0.0333223304749 0.040151714325 0.00875379276276
v -0.0333181152344 0.040199886322 0.0087738237381
v -0.0333137626648 0.0402496185303 0.00878956222534
v -0.0333093109131 0.0403005256653 0.0088008928299
v -0.0333068313599 0.0403499412537 0.0088075056076
v -0.0332000007629 0.0398022270203 0.00826230049133
v -0.0332000007629 0.0398090591431 0.00831419658661
v -0.0332000007629 0.0398203887939 0.00836529922485
v -0.0332000007629 0.0398361282349 0.00841522026062
v -0.0332000007629 0.0398561592102 0.00846357822418
v -0.0332000007629 0.0398803291321 0.00851000785828
v -0.0332000007629 0.0399084510803 0.00855415439606
v -0.0332000007629 0.0399403152466 0.00859568023682
v -0.0332000007629 0.0399756774902 0.00863427257538
v -0.0332000007629 0.0400142707825 0.00866963481903
v -0.0332000007629 0.0400557975769 0.00870149898529
v -0.0332000007629 0.0400999412537 0.00872962284088
v -0.0332000007629 0.0401463699341 0.00875379276276
v -0.0332000007629 0.0401947288513 0.0087738237381
v -0.0332000007629 0.0402446517944 0.00878956222534
v -0.0332000007629 0.040295753479 0.0088008928299
v -0.0332000007629 0.0403499412537 0.00880792045593
v -0.0330476760864 0.0398088760376 0.00826230049133
v -0.0330482711792 0.0398156814575 0.00831419658661
v -0.0330492591858 0.0398269691467 0.00836529922485
v -0.0330506324768 0.0398426475525 0.00841522026062
v -0.0330523757935 0.0398626022339 0.00846357822418
v -0.033054485321 0.039886680603 0.00851000785828
v -0.0330569343567 0.0399146995544 0.00855415439606
v -0.0330597114563 0.0399464416504 0.00859568023682
v -0.0330627937317 0.0399816703796 0.00863427257538
v -0.0330661582947 0.0400201148987 0.00866963481903
v -0.0330697784424 0.0400614814758 0.00870149898529
v -0.0330736236572 0.0401054611206 0.00872962284088
v -0.033077671051 0.040151714325 0.00875379276276
v -0.0330818862915 0.040199886322 0.0087738237381
v -0.0330862350464 0.0402496185303 0.00878956222534
v -0.0330906906128 0.0403005256653 0.0088008928299
v -0.033093170166 0.0403499412537 0.0088075056076
v -0.0328965110779 0.0398287773132 0.00826230049133
v -0.0328977012634 0.0398355064392 0.00831419658661
v -0.0328996658325 0.0398466644287 0.00836529922485
v -0.0329024009705 0.0398621635437 0.00841522026062
v -0.0329058799744 0.0398818893433 0.00846357822418
v -0.0329100761414 0.0399056930542 0.00851000785828
v -0.0329149589539 0.0399333877563 0.00855415439606
v -0.0329204940796 0.0399647674561 0.00859568023682
v -0.0329266319275 0.0399995956421 0.00863427257538
v -0.0329333343506 0.0400376014709 0.00866963481903
v -0.0329405441284 0.0400784950256 0.00870149898529
v -0.0329482116699 0.0401219711304 0.00872962284088
v -0.0329562759399 0.0401676940918 0.00875379276276
v -0.0329646720886 0.0402153205872 0.0087738237381
v -0.0329733390808 0.0402644805908 0.00878956222534
v -0.0327476577759 0.0398617782593 0.00826230049133
v -0.0327494277954 0.0398683776855 0.00831419658661
v -0.0327523574829 0.039879322052 0.00836529922485
v -0.0327564315796 0.0398945236206 0.00841522026062
v -0.0327616157532 0.0399138717651 0.00846357822418
v -0.0327678718567 0.0399372177124 0.00851000785828
v -0.0327751541138 0.0399643821716 0.00855415439606
v -0.0327833976746 0.0399951629639 0.00859568023682
v -0.032792552948 0.0400293197632 0.00863427257538
v -0.0328025398254 0.0400665969849 0.00866963481903
v -0.0328132896423 0.0401067085266 0.00870149898529
v -0.0328247146606 0.0401493492126 0.00872962284088
v -0.032836730957 0.0401941986084 0.00875379276276
v -0.0328492469788 0.0402409095764 0.0087738237381
v -0.0328621673584 0.0402891273499 0.00878956222534
v -0.0315118370056 0.0410975990295 0.00826230049133
v -0.0314788360596 0.0412464561462 0.00826230049133
v -0.0315184364319 0.0410993690491 0.00831419658661
v -0.0314855651855 0.0412476425171 0.00831419658661
v -0.031529378891 0.0411023025513 0.00836529922485
v -0.031496723175 0.0412496070862 0.00836529922485
v -0.0315445842743 0.0411063728333 0.00841522026062
v -0.0315122241974 0.0412523422241 0.00841522026062
v -0.0315639305115 0.0411115608215 0.00846357822418
v -0.0315319499969 0.041255821228 0.00846357822418
v -0.0315872764587 0.0411178131104 0.00851000785828
v -0.0315557518005 0.041260017395 0.00851000785828
v -0.0316144428253 0.0411250915527 0.00855415439606
v -0.03158344841 0.0412649002075 0.00855415439606
v -0.0316452217102 0.0411333389282 0.00859568023682
v -0.0316148300171 0.0412704315186 0.00859568023682
v -0.0316793804169 0.0411424942017 0.00863427257538
v -0.0316496543884 0.0412765731812 0.00863427257538
v -0.0317166576385 0.0411524810791 0.00866963481903
v -0.0316876583099 0.0412832756042 0.00866963481903
v -0.0317567672729 0.0411632270813 0.00870149898529
v -0.0317285556793 0.0412904853821 0.00870149898529
v -0.0317994098663 0.0411746559143 0.00872962284088
v -0.0317720317841 0.0412981529236 0.00872962284088
v -0.0318442573547 0.0411866722107 0.00875379276276
v -0.0318177528381 0.0413062133789 0.00875379276276
v -0.0318909664154 0.0411991882324 0.0087738237381
v -0.0318653774261 0.0413146133423 0.0087738237381
v -0.0319391860962 0.0412121086121 0.00878956222534
v -0.0319145412445 0.0413232803345 0.00878956222534
v -0.0319648666382 0.0413321533203 0.0088008928299
v -0.032 0.0413370895386 0.00880605792999
v -0.0314589347839 0.0413976211548 0.00826230049133
v -0.0314657421112 0.0413982162476 0.00831419658661
v -0.0314770278931 0.0413992004395 0.00836529922485
v -0.0314927062988 0.0414005737305 0.00841522026062
v -0.0315126609802 0.0414023208618 0.00846357822418
v -0.0315367393494 0.0414044265747 0.00851000785828
v -0.0315647563934 0.0414068756104 0.00855415439606
v -0.0315965003967 0.04140965271 0.00859568023682
v -0.0316317272186 0.0414127349854 0.00863427257538
v -0.0316701717377 0.0414160995483 0.00866963481903
v -0.0317115421295 0.041419719696 0.00870149898529
v -0.0317555198669 0.0414235687256 0.00872962284088
v -0.0318017730713 0.0414276123047 0.00875379276276
v -0.0318499469757 0.0414318275452 0.0087738237381
v -0.031899679184 0.0414361801147 0.00878956222534
v -0.031950586319 0.0414406318665 0.0088008928299
v -0.032 0.0414431114197 0.0088075056076
v -0.0314522857666 0.0415499420166 0.00826230049133
v -0.0314591178894 0.0415499420166 0.00831419658661
v -0.0314704475403 0.0415499420166 0.00836529922485
v -0.0314861869812 0.0415499420166 0.00841522026062
v -0.0315062160492 0.0415499420166 0.00846357822418
v -0.0315303859711 0.0415499420166 0.00851000785828
v -0.0315585098267 0.0415499420166 0.00855415439606
v -0.0315903759003 0.0415499420166 0.00859568023682
v -0.0316257381439 0.0415499420166 0.00863427257538
v -0.0316643295288 0.0415499420166 0.00866963481903
v -0.0317058544159 0.0415499420166 0.00870149898529
v -0.0317500019073 0.0415499420166 0.00872962284088
v -0.0317964305878 0.0415499420166 0.00875379276276
v -0.031844789505 0.0415499420166 0.0087738237381
v -0.0318947105408 0.0415499420166 0.00878956222534
v -0.0319458122253 0.0415499420166 0.0088008928299
v -0.032 0.0415499420166 0.00880792045593
v -0.0314589347839 0.0417022666931 0.00826230049133
v -0.0314657421112 0.0417016716003 0.00831419658661
v -0.0314770278931 0.0417006835938 0.00836529922485
v -0.0314927062988 0.0416993103027 0.00841522026062
v -0.0315126609802 0.0416975669861 0.00846357822418
v -0.0315367393494 0.0416954574585 0.00851000785828
v -0.0315647563934 0.0416930084229 0.00855415439606
v -0.0315965003967 0.0416902313232 0.00859568023682
v -0.0316317272186 0.0416871490479 0.00863427257538
v -0.0316701717377 0.0416837844849 0.00866963481903
v -0.0317115421295 0.0416801643372 0.00870149898529
v -0.0317555198669 0.0416763191223 0.00872962284088
v -0.0318017730713 0.0416722717285 0.00875379276276
v -0.0318499469757 0.041668056488 0.0087738237381
v -0.031899679184 0.0416637039185 0.00878956222534
v -0.031950586319 0.0416592521667 0.0088008928299
v -0.032 0.0416567764282 0.0088075056076
v -0.0314788360596 0.0418534317017 0.00826230049133
v -0.0314855651855 0.0418522453308 0.00831419658661
v -0.031496723175 0.041850276947 0.00836529922485
v -0.0315122241974 0.0418475418091 0.00841522026062
v -0.0315319499969 0.0418440628052 0.00846357822418
v -0.0315557518005 0.0418398666382 0.00851000785828
v -0.03158344841 0.0418349838257 0.00855415439606
v -0.0316148300171 0.0418294525146 0.00859568023682
v -0.0316496543884 0.0418233108521 0.00863427257538
v -0.0316876583099 0.041816608429 0.00866963481903
v -0.0317285556793 0.0418093986511 0.00870149898529
v -0.0317720317841 0.0418017311096 0.00872962284088
v -0.0318177528381 0.0417936706543 0.00875379276276
v -0.0318653774261 0.0417852706909 0.0087738237381
v -0.0319145412445 0.0417766036987 0.00878956222534
v -0.0315118370056 0.0420022850037 0.00826230049133
v -0.0315184364319 0.0420005149841 0.00831419658661
v -0.031529378891 0.0419975852966 0.00836529922485
v -0.0315445842743 0.0419935112 0.00841522026062
v -0.0315639305115 0.0419883270264 0.00846357822418
v -0.0315872764587 0.0419820709229 0.00851000785828
v -0.0316144428253 0.0419747924805 0.00855415439606
v -0.0316452217102 0.041966545105 0.00859568023682
v -0.0316793804169 0.0419573936462 0.00863427257538
v -0.0317166576385 0.0419474029541 0.00866963481903
v -0.0317567672729 0.0419366569519 0.00870149898529
v -0.0317994098663 0.0419252319336 0.00872962284088
v -0.0318442573547 0.0419132118225 0.00875379276276
v -0.0318909664154 0.0419006958008 0.0087738237381
v -0.0319391860962 0.0418877754211 0.00878956222534
v -0.0327476577759 0.0432381057739 0.00826230049133
v -0.0328965110779 0.04327110672 0.00826230049133
v -0.0327494277954 0.0432315063477 0.00831419658661
v -0.0328977012634 0.043264377594 0.00831419658661
v -0.0327523574829 0.0432205657959 0.00836529922485
v -0.0328996658325 0.0432532234192 0.00836529922485
v -0.0327564315796 0.0432053604126 0.00841522026062
v -0.0329024009705 0.0432377204895 0.00841522026062
v -0.0327616157532 0.0431860122681 0.00846357822418
v -0.0329058799744 0.0432179946899 0.00846357822418
v -0.0327678718567 0.0431626663208 0.00851000785828
v -0.0329100761414 0.043194190979 0.00851000785828
v -0.0327751541138 0.0431355018616 0.00855415439606
v -0.0329149589539 0.0431664962769 0.00855415439606
v -0.0327833976746 0.0431047210693 0.00859568023682
v -0.0329204940796 0.0431351165771 0.00859568023682
v -0.032792552948 0.04307056427 0.00863427257538
v -0.0329266319275 0.0431002922058 0.00863427257538
v -0.0328025398254 0.0430332870483 0.00866963481903
v -0.0329333343506 0.043062286377 0.00866963481903
v -0.0328132896423 0.0429931755066 0.00870149898529
v -0.0329405441284 0.0430213890076 0.00870149898529
v -0.0328247146606 0.0429505348206 0.00872962284088
v -0.0329482116699 0.0429779129028 0.00872962284088
v -0.032836730957 0.0429056892395 0.00875379276276
v -0.0329562759399 0.0429321899414 0.00875379276276
v -0.0328492469788 0.0428589782715 0.0087738237381
v -0.0329646720886 0.0428845672607 0.0087738237381
v -0.0328621673584 0.0428107566833 0.00878956222534
v -0.0329733390808 0.0428354034424 0.00878956222534
v -0.0329822120667 0.0427850761414 0.0088008928299
v -0.0329871482849 0.0427499427795 0.00880605792999
v -0.0330476760864 0.0432910079956 0.00826230049133
v -0.0330482711792 0.0432842025757 0.00831419658661
v -0.0330492591858 0.0432729148865 0.00836529922485
v -0.0330506324768 0.0432572364807 0.00841522026062
v -0.0330523757935 0.0432372817993 0.00846357822418
v -0.033054485321 0.0432132034302 0.00851000785828
v -0.0330569343567 0.0431851882935 0.00855415439606
v -0.0330597114563 0.0431534423828 0.00859568023682
v -0.0330627937317 0.0431182174683 0.00863427257538
v -0.0330661582947 0.0430797729492 0.00866963481903
v -0.0330697784424 0.0430384025574 0.00870149898529
v -0.0330736236572 0.0429944267273 0.00872962284088
v -0.033077671051 0.0429481735229 0.00875379276276
v -0.0330818862915 0.0428999977112 0.0087738237381
v -0.0330862350464 0.0428502655029 0.00878956222534
v -0.0330906906128 0.0427993583679 0.0088008928299
v -0.033093170166 0.0427499427795 0.0088075056076
v -0.0332000007629 0.0432976608276 0.00826230049133
v -0.0332000007629 0.0432908287048 0.00831419658661
v -0.0332000007629 0.043279499054 0.00836529922485
v -0.0332000007629 0.043263759613 0.00841522026062
v -0.0332000007629 0.0432437286377 0.00846357822418
v -0.0332000007629 0.0432195587158 0.00851000785828
v -0.0332000007629 0.0431914329529 0.00855415439606
v -0.0332000007629 0.0431595687866 0.00859568023682
v -0.0332000007629 0.043124206543 0.00863427257538
v -0.0332000007629 0.0430856170654 0.00866963481903
v -0.0332000007629 0.043044090271 0.00870149898529
v -0.0332000007629 0.0429999427795 0.00872962284088
v -0.0332000007629 0.0429535140991 0.00875379276276
v -0.0332000007629 0.0429051551819 0.0087738237381
v -0.0332000007629 0.0428552360535 0.00878956222534
v -0.0332000007629 0.0428041305542 0.0088008928299
v -0.0332000007629 0.0427499427795 0.00880792045593
v -0.0333523254395 0.0432910079956 0.00826230049133
v -0.0333517303467 0.0432842025757 0.00831419658661
v -0.0333507423401 0.0432729148865 0.00836529922485
v -0.0333493690491 0.0432572364807 0.00841522026062
v -0.0333476219177 0.0432372817993 0.00846357822418
v -0.0333455162048 0.0432132034302 0.00851000785828
v -0.0333430671692 0.0431851882935 0.00855415439606
v -0.0333402900696 0.0431534423828 0.00859568023682
v -0.0333372077942 0.0431182174683 0.00863427257538
v -0.0333338432312 0.0430797729492 0.00866963481903
v -0.0333302230835 0.0430384025574 0.00870149898529
v -0.0333263778687 0.0429944267273 0.00872962284088
v -0.0333223304749 0.0429481735229 0.00875379276276
v -0.0333181152344 0.0428999977112 0.0087738237381
v -0.0333137626648 0.0428502655029 0.00878956222534
v -0.0333093109131 0.0427993583679 0.0088008928299
v -0.0333068313599 0.0427499427795 0.0088075056076
v -0.033503490448 0.04327110672 0.00826230049133
v -0.0335023040771 0.043264377594 0.00831419658661
v -0.0335003356934 0.0432532234192 0.00836529922485
v -0.0334976005554 0.0432377204895 0.00841522026062
v -0.0334941253662 0.0432179946899 0.00846357822418
v -0.0334899291992 0.043194190979 0.00851000785828
v -0.033485042572 0.0431664962769 0.00855415439606
v -0.033479511261 0.0431351165771 0.00859568023682
v -0.0334733695984 0.0431002922058 0.00863427257538
v -0.0334666671753 0.043062286377 0.00866963481903
v -0.0334594573975 0.0430213890076 0.00870149898529
v -0.033451789856 0.0429779129028 0.00872962284088
v -0.0334437294006 0.0429321899414 0.00875379276276
v -0.033435333252 0.0428845672607 0.0087738237381
v -0.0334266624451 0.0428354034424 0.00878956222534
v -0.03365234375 0.0432381057739 0.00826230049133
v -0.0336505737305 0.0432315063477 0.00831419658661
v -0.033647644043 0.0432205657959 0.00836529922485
v -0.0336435699463 0.0432053604126 0.00841522026062
v -0.0336383857727 0.0431860122681 0.00846357822418
v -0.0336321296692 0.0431626663208 0.00851000785828
v -0.0336248512268 0.0431355018616 0.00855415439606
v -0.0336166038513 0.0431047210693 0.00859568023682
v -0.0336074523926 0.04307056427 0.00863427257538
v -0.0335974617004 0.0430332870483 0.00866963481903
v -0.0335867156982 0.0429931755066 0.00870149898529
v -0.0335752906799 0.0429505348206 0.00872962284088
v -0.0335632705688 0.0429056892395 0.00875379276276
v -0.0335507545471 0.0428589782715 0.0087738237381
v -0.0335378341675 0.0428107566833 0.00878956222534
v -0.0348881645203 0.0420022850037 0.00826230049133
v -0.0349211654663 0.0418534317017 0.00826230049133
v -0.034881565094 0.0420005149841 0.00831419658661
v -0.0349144363403 0.0418522453308 0.00831419658661
v -0.0348706207275 0.0419975852966 0.00836529922485
v -0.0349032821655 0.041850276947 0.00836529922485
v -0.0348554191589 0.0419935112 0.00841522026062
v -0.0348877792358 0.0418475418091 0.00841522026062
v -0.0348360710144 0.0419883270264 0.00846357822418
v -0.0348680534363 0.0418440628052 0.00846357822418
v -0.0348127250671 0.0419820709229 0.00851000785828
v -0.0348442497253 0.0418398666382 0.00851000785828
v -0.0347855606079 0.0419747924805 0.00855415439606
v -0.0348165550232 0.0418349838257 0.00855415439606
v -0.0347547798157 0.041966545105 0.00859568023682
v -0.0347851753235 0.0418294525146 0.00859568023682
v -0.0347206230164 0.0419573936462 0.00863427257538
v -0.0347503471375 0.0418233108521 0.00863427257538
v -0.0346833457947 0.0419474029541 0.00866963481903
v -0.0347123413086 0.041816608429 0.00866963481903
v -0.0346432342529 0.0419366569519 0.00870149898529
v -0.0346714477539 0.0418093986511 0.00870149898529
v -0.0346005935669 0.0419252319336 0.00872962284088
v -0.0346279716492 0.0418017311096 0.00872962284088
v -0.0345557441711 0.0419132118225 0.00875379276276
v -0.0345822486877 0.0417936706543 0.00875379276276
v -0.0345090332031 0.0419006958008 0.0087738237381
v -0.0345346221924 0.0417852706909 0.0087738237381
v -0.0344608154297 0.0418877754211 0.00878956222534
v -0.0344854621887 0.0417766036987 0.00878956222534
v -0.0344351348877 0.0417677307129 0.0088008928299
v -0.0344000015259 0.0417627944946 0.00880605792999
v -0.0349410667419 0.0417022666931 0.00826230049133
v -0.034934261322 0.0417016716003 0.00831419658661
v -0.0349229774475 0.0417006835938 0.00836529922485
v -0.0349072952271 0.0416993103027 0.00841522026062
v -0.0348873405457 0.0416975669861 0.00846357822418
v -0.0348632621765 0.0416954574585 0.00851000785828
v -0.0348352470398 0.0416930084229 0.00855415439606
v -0.0348035011292 0.0416902313232 0.00859568023682
v -0.0347682723999 0.0416871490479 0.00863427257538
v -0.0347298278809 0.0416837844849 0.00866963481903
v -0.0346884613037 0.0416801643372 0.00870149898529
v -0.0346444816589 0.0416763191223 0.00872962284088
v -0.0345982322693 0.0416722717285 0.00875379276276
v -0.0345500564575 0.041668056488 0.0087738237381
v -0.0345003242493 0.0416637039185 0.00878956222534
v -0.0344494171143 0.0416592521667 0.0088008928299
v -0.0344000015259 0.0416567764282 0.0088075056076
v -0.0348423194885 0.0409521865845 0.00826230049133
v -0.0348358955383 0.0409545249939 0.00831419658661
v -0.034825252533 0.0409584007263 0.00836529922485
v -0.034810459137 0.0409637832642 0.00841522026062
v -0.0347916374207 0.0409706344604 0.00846357822418
v -0.0347689247131 0.0409789009094 0.00851000785828
v -0.0347425003052 0.0409885177612 0.00855415439606
v -0.0347125549316 0.0409994163513 0.00859568023682
v -0.0346793251038 0.0410115127563 0.00863427257538
v -0.0346430625916 0.0410247116089 0.00866963481903
v -0.0346040382385 0.0410389137268 0.00870149898529
v -0.0345625572205 0.0410540122986 0.00872962284088
v -0.0345189247131 0.0410698928833 0.00875379276276
v -0.0344734840393 0.0410864334106 0.0087738237381
v -0.034426574707 0.0411035079956 0.00878956222534
v -0.0343785514832 0.0411209831238 0.0088008928299
v -0.034329788208 0.0411387329102 0.0088077249527
v -0.0342806472778 0.0411566200256 0.00881000709534
v -0.0347839698792 0.0408113250732 0.00826230049133
v -0.0347777786255 0.0408142127991 0.00831419658661
v -0.0347675094604 0.0408190002441 0.00836529922485
v -0.0347532463074 0.0408256530762 0.00841522026062
v -0.0347350921631 0.0408341178894 0.00846357822418
v -0.0347131843567 0.0408443336487 0.00851000785828
v -0.0346876983643 0.0408562164307 0.00855415439606
v -0.0346588172913 0.0408696861267 0.00859568023682
v -0.0346267700195 0.0408846282959 0.00863427257538
v -0.0345917930603 0.0409009399414 0.00866963481903
v -0.0345541572571 0.0409184875488 0.00870149898529
v -0.0345141487122 0.0409371452332 0.00872962284088
v -0.0344720687866 0.0409567680359 0.00875379276276
v -0.0344282417297 0.0409772071838 0.0087738237381
v -0.0343829956055 0.0409983024597 0.00878956222534
v -0.034336681366 0.0410198974609 0.0088008928299
v -0.0342896499634 0.0410418319702 0.0088077249527
v -0.0342422561646 0.0410639305115 0.00881000709534
v -0.0347135696411 0.0406760826111 0.00826230049133
v -0.034707649231 0.0406795005798 0.00831419658661
v -0.0346978416443 0.0406851654053 0.00836529922485
v -0.0346842079163 0.0406930351257 0.00841522026062
v -0.0346668624878 0.0407030487061 0.00846357822418
v -0.0346459312439 0.040715133667 0.00851000785828
v -0.0346215744019 0.0407291984558 0.00855415439606
v -0.0345939788818 0.0407451286316 0.00859568023682
v -0.0345633544922 0.0407628097534 0.00863427257538
v -0.0345299301147 0.0407821083069 0.00866963481903
v -0.0344939689636 0.0408028678894 0.00870149898529
v -0.0344557380676 0.0408249435425 0.00872962284088
v -0.0344155311584 0.0408481559753 0.00875379276276
v -0.0343736495972 0.0408723373413 0.0087738237381
v -0.0343304176331 0.0408972969055 0.00878956222534
v -0.0342861595154 0.0409228477478 0.0088008928299
v -0.0342412185669 0.0409487953186 0.0088077249527
v -0.034195930481 0.0409749412537 0.00881000709534
v -0.0346316452026 0.040547492981 0.00826230049133
v -0.0346260490417 0.040551410675 0.00831419658661
v -0.034616771698 0.0405579109192 0.00836529922485
v -0.0346038780212 0.0405669364929 0.00841522026062
v -0.0345874671936 0.0405784263611 0.00846357822418
v -0.0345676689148 0.0405922889709 0.00851000785828
v -0.034544631958 0.0406084213257 0.00855415439606
v -0.0345185317993 0.0406266975403 0.00859568023682
v -0.0344895629883 0.0406469802856 0.00863427257538
v -0.034457950592 0.0406691169739 0.00866963481903
v -0.0344239349365 0.0406929359436 0.00870149898529
v -0.0343877716064 0.0407182579041 0.00872962284088
v -0.0343497390747 0.0407448883057 0.00875379276276
v -0.0343101272583 0.0407726249695 0.0087738237381
v -0.0342692337036 0.0408012580872 0.00878956222534
v -0.0342273712158 0.0408305702209 0.0088008928299
v -0.0341848602295 0.0408603363037 0.0088077249527
v -0.0341420249939 0.0408903312683 0.00881000709534
v -0.0345388298035 0.0404265327454 0.00826230049133
v -0.0345335960388 0.0404309234619 0.00831419658661
v -0.0345249176025 0.040438205719 0.00836529922485
v -0.0345128593445 0.0404483222961 0.00841522026062
v -0.0344975166321 0.0404611968994 0.00846357822418
v -0.0344790000916 0.0404767341614 0.00851000785828
v -0.0344574546814 0.0404948120117 0.00855415439606
v -0.0344330444336 0.0405152931213 0.00859568023682
v -0.0344059562683 0.0405380249023 0.00863427257538
v -0.0343763923645 0.0405628318787 0.00866963481903
v -0.0343445854187 0.0405895233154 0.00870149898529
v -0.0343107643127 0.0406179008484 0.00872962284088
v -0.0342751998901 0.0406477432251 0.00875379276276
v -0.034238155365 0.0406788291931 0.0087738237381
v -0.0341999130249 0.0407109184265 0.00878956222534
v -0.0341607666016 0.0407437667847 0.0088008928299
v -0.0341210098267 0.0407771224976 0.0088077249527
v -0.0340809516907 0.0408107376099 0.00881000709534
v -0.0344358215332 0.0403141212463 0.00826230049133
v -0.0344309921265 0.0403189506531 0.00831419658661
v -0.0344229812622 0.0403269615173 0.00836529922485
v -0.0344118499756 0.040338092804 0.00841522026062
v -0.0343976860046 0.0403522567749 0.00846357822418
v -0.0343805961609 0.0403693466187 0.00851000785828
v -0.034360710144 0.0403892326355 0.00855415439606
v -0.034338180542 0.0404117660522 0.00859568023682
v -0.0343131752014 0.0404367713928 0.00863427257538
v -0.0342858848572 0.0404640579224 0.00866963481903
v -0.0342565231323 0.0404934234619 0.00870149898529
v -0.0342253036499 0.0405246391296 0.00872962284088
v -0.0341924743652 0.0405574684143 0.00875379276276
v -0.0341582794189 0.0405916633606 0.0087738237381
v -0.0341229820251 0.0406269607544 0.00878956222534
v -0.0340868453979 0.0406630973816 0.0088008928299
v -0.034050151825 0.0406997909546 0.0088077249527
v -0.0340131759644 0.0407367706299 0.00881000709534
v -0.0343234100342 0.0402111129761 0.00826230049133
v -0.0343190193176 0.0402163467407 0.00831419658661
v -0.0343117370605 0.040225025177 0.00836529922485
v -0.0343016204834 0.0402370834351 0.00841522026062
v -0.0342887458801 0.0402524261475 0.00846357822418
v -0.0342732086182 0.040270942688 0.00851000785828
v -0.0342551307678 0.0402924880981 0.00855415439606
v -0.0342346496582 0.0403168983459 0.00859568023682
v -0.0342119178772 0.0403439865112 0.00863427257538
v -0.0341871109009 0.040373550415 0.00866963481903
v -0.0341604194641 0.0404053611755 0.00870149898529
v -0.0341320419312 0.0404391784668 0.00872962284088
v -0.0341021995544 0.0404747467041 0.00875379276276
v -0.0340711135864 0.0405117912292 0.0087738237381
v -0.034039024353 0.0405500297546 0.00878956222534
v -0.0340061798096 0.0405891799927 0.0088008928299
v -0.033972820282 0.0406289329529 0.0088077249527
v -0.0339392051697 0.0406689910889 0.00881000709534
v -0.0342024497986 0.0401182975769 0.00826230049133
v -0.0341985321045 0.0401238937378 0.00831419658661
v -0.0341920318604 0.0401331748962 0.00836529922485
v -0.0341830062866 0.040146068573 0.00841522026062
v -0.0341715164185 0.0401624755859 0.00846357822418
v -0.0341576538086 0.0401822738647 0.00851000785828
v -0.0341415214539 0.0402053108215 0.00855415439606
v -0.0341232452393 0.0402314147949 0.00859568023682
v -0.0341029624939 0.0402603797913 0.00863427257538
v -0.0340808258057 0.0402919921875 0.00866963481903
v -0.0340570068359 0.0403260116577 0.00870149898529
v -0.0340316886902 0.0403621711731 0.00872962284088
v -0.0340050582886 0.0404002037048 0.00875379276276
v -0.0339773178101 0.0404398193359 0.0087738237381
v -0.0339486846924 0.0404807090759 0.00878956222534
v -0.0339193725586 0.0405225715637 0.0088008928299
v -0.0338896064758 0.04056508255 0.0088077249527
v -0.0338596153259 0.0406079177856 0.00881000709534
v -0.0340738601685 0.0400363731384 0.00826230049133
v -0.0340704421997 0.0400422935486 0.00831419658661
v -0.0340647773743 0.04005210495 0.00836529922485
v -0.0340569076538 0.0400657348633 0.00841522026062
v -0.0340468940735 0.0400830802917 0.00846357822418
v -0.0340348091125 0.0401040115356 0.00851000785828
v -0.0340207443237 0.0401283683777 0.00855415439606
v -0.0340048141479 0.0401559638977 0.00859568023682
v -0.0339871330261 0.0401865882874 0.00863427257538
v -0.0339678382874 0.0402200126648 0.00866963481903
v -0.0339470748901 0.0402559738159 0.00870149898529
v -0.0339249992371 0.0402942047119 0.00872962284088
v -0.0339017868042 0.0403344154358 0.00875379276276
v -0.0338776054382 0.0403762931824 0.0087738237381
v -0.033852645874 0.0404195251465 0.00878956222534
v -0.0338270950317 0.0404637832642 0.0088008928299
v -0.0338011474609 0.0405087242126 0.0088077249527
v -0.0337750015259 0.0405540122986 0.00881000709534
v -0.0339386177063 0.0399659729004 0.00826230049133
v -0.0339357299805 0.0399721641541 0.00831419658661
v -0.0339309425354 0.0399824333191 0.00836529922485
v -0.0339242897034 0.0399966964722 0.00841522026062
v -0.0339158248901 0.0400148506165 0.00846357822418
v -0.0339056091309 0.0400367584229 0.00851000785828
v -0.0338937263489 0.0400622444153 0.00855415439606
v -0.0338802566528 0.0400911254883 0.00859568023682
v -0.0338653144836 0.04012317276 0.00863427257538
v -0.0338490028381 0.0401581497192 0.00866963481903
v -0.0338314552307 0.0401957855225 0.00870149898529
v -0.0338127975464 0.0402357978821 0.00872962284088
v -0.0337931747437 0.0402778739929 0.00875379276276
v -0.0337727394104 0.0403217048645 0.0087738237381
v -0.0337516403198 0.0403669471741 0.00878956222534
v -0.0337300453186 0.0404132614136 0.0088008928299
v -0.0337081108093 0.0404602928162 0.0088077249527
v -0.0336860122681 0.040507686615 0.00881000709534
v -0.0337977561951 0.0399076271057 0.00826230049133
v -0.0337954177856 0.0399140472412 0.00831419658661
v -0.0337915420532 0.0399246902466 0.00836529922485
v -0.0337861595154 0.0399394836426 0.00841522026062
v -0.0337793083191 0.0399583053589 0.00846357822418
v -0.0337710418701 0.0399810180664 0.00851000785828
v -0.0337614250183 0.0400074462891 0.00855415439606
v -0.0337505264282 0.0400373878479 0.00859568023682
v -0.0337384300232 0.0400706176758 0.00863427257538
v -0.0337252311707 0.0401068840027 0.00866963481903
v -0.0337110290527 0.040145904541 0.00870149898529
v -0.033695930481 0.0401873893738 0.00872962284088
v -0.0336800498962 0.0402310180664 0.00875379276276
v -0.0336635093689 0.0402764587402 0.0087738237381
v -0.0336464347839 0.0403233680725 0.00878956222534
v -0.0336289596558 0.0403713912964 0.0088008928299
v -0.0336112098694 0.0404201545715 0.0088077249527
v -0.0335933265686 0.0404692955017 0.00881000709534
v -0.0326022453308 0.0399076271057 0.00826230049133
v -0.0326045837402 0.0399140472412 0.00831419658661
v -0.0326084594727 0.0399246902466 0.00836529922485
v -0.0326138420105 0.0399394836426 0.00841522026062
v -0.0326206932068 0.0399583053589 0.00846357822418
v -0.0326289596558 0.0399810180664 0.00851000785828
v -0.0326385765076 0.0400074462891 0.00855415439606
v -0.0326494750977 0.0400373878479 0.00859568023682
v -0.0326615715027 0.0400706176758 0.00863427257538
v -0.0326747703552 0.0401068840027 0.00866963481903
v -0.0326889724731 0.040145904541 0.00870149898529
v -0.0327040710449 0.0401873893738 0.00872962284088
v -0.0327199516296 0.0402310180664 0.00875379276276
v -0.032736492157 0.0402764587402 0.0087738237381
v -0.0327535629272 0.0403233680725 0.00878956222534
v -0.0327710418701 0.0403713912964 0.0088008928299
v -0.0327887916565 0.0404201545715 0.0088077249527
v -0.032806678772 0.0404692955017 0.00881000709534
v -0.0324613838196 0.0399659729004 0.00826230049133
v -0.0324642715454 0.0399721641541 0.00831419658661
v -0.0324690589905 0.0399824333191 0.00836529922485
v -0.0324757118225 0.0399966964722 0.00841522026062
v -0.0324841766357 0.0400148506165 0.00846357822418
v -0.0324943885803 0.0400367584229 0.00851000785828
v -0.0325062789917 0.0400622444153 0.00855415439606
v -0.0325197410583 0.0400911254883 0.00859568023682
v -0.0325346870422 0.04012317276 0.00863427257538
v -0.0325509986877 0.0401581497192 0.00866963481903
v -0.0325685462952 0.0401957855225 0.00870149898529
v -0.0325872039795 0.0402357978821 0.00872962284088
v -0.0326068267822 0.0402778739929 0.00875379276276
v -0.0326272621155 0.0403217048645 0.0087738237381
v -0.0326483612061 0.0403669471741 0.00878956222534
v -0.0326699562073 0.0404132614136 0.0088008928299
v -0.0326918907166 0.0404602928162 0.0088077249527
v -0.0327139892578 0.040507686615 0.00881000709534
v -0.0323261413574 0.0400363731384 0.00826230049133
v -0.0323295593262 0.0400422935486 0.00831419658661
v -0.0323352241516 0.04005210495 0.00836529922485
v -0.0323430938721 0.0400657348633 0.00841522026062
v -0.0323531074524 0.0400830802917 0.00846357822418
v -0.0323651924133 0.0401040115356 0.00851000785828
v -0.0323792533875 0.0401283683777 0.00855415439606
v -0.0323951873779 0.0401559638977 0.00859568023682
v -0.0324128684998 0.0401865882874 0.00863427257538
v -0.0324321632385 0.0402200126648 0.00866963481903
v -0.0324529266357 0.0402559738159 0.00870149898529
v -0.0324749984741 0.0402942047119 0.00872962284088
v -0.0324982147217 0.0403344154358 0.00875379276276
v -0.0325223960876 0.0403762931824 0.0087738237381
v -0.0325473556519 0.0404195251465 0.00878956222534
v -0.0325729064941 0.0404637832642 0.0088008928299
v -0.0325988540649 0.0405087242126 0.0088077249527
v -0.032625 0.0405540122986 0.00881000709534
v -0.0321975517273 0.0401182975769 0.00826230049133
v -0.0322014694214 0.0401238937378 0.00831419658661
v -0.0322079696655 0.0401331748962 0.00836529922485
v -0.032216999054 0.040146068573 0.00841522026062
v -0.0322284851074 0.0401624755859 0.00846357822418
v -0.0322423477173 0.0401822738647 0.00851000785828
v -0.032258480072 0.0402053108215 0.00855415439606
v -0.0322767562866 0.0402314147949 0.00859568023682
v -0.0322970428467 0.0402603797913 0.00863427257538
v -0.0323191757202 0.0402919921875 0.00866963481903
v -0.0323429946899 0.0403260116577 0.00870149898529
v -0.0323683166504 0.0403621711731 0.00872962284088
v -0.032394947052 0.0404002037048 0.00875379276276
v -0.0324226837158 0.0404398193359 0.0087738237381
v -0.0324513168335 0.0404807090759 0.00878956222534
v -0.0324806289673 0.0405225715637 0.0088008928299
v -0.03251039505 0.04056508255 0.0088077249527
v -0.0325403900146 0.0406079177856 0.00881000709534
v -0.0320765914917 0.0402111129761 0.00826230049133
v -0.0320809822083 0.0402163467407 0.00831419658661
v -0.0320882644653 0.040225025177 0.00836529922485
v -0.0320983810425 0.0402370834351 0.00841522026062
v -0.0321112556458 0.0402524261475 0.00846357822418
v -0.0321267929077 0.040270942688 0.00851000785828
v -0.0321448707581 0.0402924880981 0.00855415439606
v -0.0321653518677 0.0403168983459 0.00859568023682
v -0.0321880836487 0.0403439865112 0.00863427257538
v -0.032212890625 0.040373550415 0.00866963481903
v -0.0322395820618 0.0404053611755 0.00870149898529
v -0.0322679595947 0.0404391784668 0.00872962284088
v -0.0322978019714 0.0404747467041 0.00875379276276
v -0.0323288879395 0.0405117912292 0.0087738237381
v -0.0323609771729 0.0405500297546 0.00878956222534
v -0.032393825531 0.0405891799927 0.0088008928299
v -0.0324271812439 0.0406289329529 0.0088077249527
v -0.0324607963562 0.0406689910889 0.00881000709534
v -0.0319641799927 0.0403141212463 0.00826230049133
v -0.0319690093994 0.0403189506531 0.00831419658661
v -0.0319770202637 0.0403269615173 0.00836529922485
v -0.0319881515503 0.040338092804 0.00841522026062
v -0.0320023155212 0.0403522567749 0.00846357822418
v -0.032019405365 0.0403693466187 0.00851000785828
v -0.0320392913818 0.0403892326355 0.00855415439606
v -0.0320618209839 0.0404117660522 0.00859568023682
v -0.0320868301392 0.0404367713928 0.00863427257538
v -0.0321141166687 0.0404640579224 0.00866963481903
v -0.0321434822083 0.0404934234619 0.00870149898529
v -0.032174697876 0.0405246391296 0.00872962284088
v -0.0322075271606 0.0405574684143 0.00875379276276
v -0.0322417221069 0.0405916633606 0.0087738237381
v -0.0322770195007 0.0406269607544 0.00878956222534
v -0.0323131561279 0.0406630973816 0.0088008928299
v -0.0323498497009 0.0406997909546 0.0088077249527
v -0.0323868293762 0.0407367706299 0.00881000709534
v -0.0318611736298 0.0404265327454 0.00826230049133
v -0.0318664073944 0.0404309234619 0.00831419658661
v -0.0318750858307 0.040438205719 0.00836529922485
v -0.0318871421814 0.0404483222961 0.00841522026062
v -0.0319024868011 0.0404611968994 0.00846357822418
v -0.0319210014343 0.0404767341614 0.00851000785828
v -0.0319425468445 0.0404948120117 0.00855415439606
v -0.0319669570923 0.0405152931213 0.00859568023682
v -0.0319940452576 0.0405380249023 0.00863427257538
v -0.0320236053467 0.0405628318787 0.00866963481903
v -0.0320554199219 0.0405895233154 0.00870149898529
v -0.0320892372131 0.0406179008484 0.00872962284088
v -0.0321248016357 0.0406477432251 0.00875379276276
v -0.0321618499756 0.0406788291931 0.0087738237381
v -0.0322000923157 0.0407109184265 0.00878956222534
v -0.0322392349243 0.0407437667847 0.0088008928299
v -0.0322789916992 0.0407771224976 0.0088077249527
v -0.0323190498352 0.0408107376099 0.00881000709534
v -0.0317683563232 0.040547492981 0.00826230049133
v -0.0317739543915 0.040551410675 0.00831419658661
v -0.0317832336426 0.0405579109192 0.00836529922485
v -0.0317961273193 0.0405669364929 0.00841522026062
v -0.0318125343323 0.0405784263611 0.00846357822418
v -0.0318323326111 0.0405922889709 0.00851000785828
v -0.0318553714752 0.0406084213257 0.00855415439606
v -0.0318814735413 0.0406266975403 0.00859568023682
v -0.0319104404449 0.0406469802856 0.00863427257538
v -0.0319420509338 0.0406691169739 0.00866963481903
v -0.0319760684967 0.0406929359436 0.00870149898529
v -0.0320122299194 0.0407182579041 0.00872962284088
v -0.0320502624512 0.0407448883057 0.00875379276276
v -0.0320898742676 0.0407726249695 0.0087738237381
v -0.0321307678223 0.0408012580872 0.00878956222534
v -0.0321726303101 0.0408305702209 0.0088008928299
v -0.0322151412964 0.0408603363037 0.0088077249527
v -0.032257976532 0.0408903312683 0.00881000709534
v -0.0316864356995 0.0406760826111 0.00826230049133
v -0.0316923503876 0.0406795005798 0.00831419658661
v -0.0317021636963 0.0406851654053 0.00836529922485
v -0.0317157936096 0.0406930351257 0.00841522026062
v -0.0317331409454 0.0407030487061 0.00846357822418
v -0.0317540740967 0.040715133667 0.00851000785828
v -0.0317784290314 0.0407291984558 0.00855415439606
v -0.0318060245514 0.0407451286316 0.00859568023682
v -0.031836648941 0.0407628097534 0.00863427257538
v -0.0318700695038 0.0407821083069 0.00866963481903
v -0.0319060344696 0.0408028678894 0.00870149898529
v -0.0319442653656 0.0408249435425 0.00872962284088
v -0.0319844741821 0.0408481559753 0.00875379276276
v -0.0320263519287 0.0408723373413 0.0087738237381
v -0.0320695877075 0.0408972969055 0.00878956222534
v -0.0321138420105 0.0409228477478 0.0088008928299
v -0.032158782959 0.0409487953186 0.0088077249527
v -0.0322040710449 0.0409749412537 0.00881000709534
v -0.0316160335541 0.0408113250732 0.00826230049133
v -0.0316222248077 0.0408142127991 0.00831419658661
v -0.0316324939728 0.0408190002441 0.00836529922485
v -0.0316467571259 0.0408256530762 0.00841522026062
v -0.0316649131775 0.0408341178894 0.00846357822418
v -0.0316868171692 0.0408443336487 0.00851000785828
v -0.031712305069 0.0408562164307 0.00855415439606
v -0.0317411842346 0.0408696861267 0.00859568023682
v -0.031773235321 0.0408846282959 0.00863427257538
v -0.0318082103729 0.0409009399414 0.00866963481903
v -0.0318458461761 0.0409184875488 0.00870149898529
v -0.0318858566284 0.0409371452332 0.00872962284088
v -0.0319279346466 0.0409567680359 0.00875379276276
v -0.0319717636108 0.0409772071838 0.0087738237381
v -0.0320170059204 0.0409983024597 0.00878956222534
v -0.0320633201599 0.0410198974609 0.0088008928299
v -0.0321103553772 0.0410418319702 0.0088077249527
v -0.0321577453613 0.0410639305115 0.00881000709534
v -0.0315576858521 0.0409521865845 0.00826230049133
v -0.0315641059875 0.0409545249939 0.00831419658661
v -0.0315747509003 0.0409584007263 0.00836529922485
v -0.0315895423889 0.0409637832642 0.00841522026062
v -0.0316083641052 0.0409706344604 0.00846357822418
v -0.0316310768127 0.0409789009094 0.00851000785828
v -0.0316575050354 0.0409885177612 0.00855415439606
v -0.0316874465942 0.0409994163513 0.00859568023682
v -0.0317206783295 0.0410115127563 0.00863427257538
v -0.031756942749 0.0410247116089 0.00866963481903
v -0.0317959651947 0.0410389137268 0.00870149898529
v -0.0318374481201 0.0410540122986 0.00872962284088
v -0.0318810768127 0.0410698928833 0.00875379276276
v -0.0319265193939 0.0410864334106 0.0087738237381
v -0.0319734306335 0.0411035079956 0.00878956222534
v -0.0320214500427 0.0411209831238 0.0088008928299
v -0.0320702133179 0.0411387329102 0.0088077249527
v -0.032119354248 0.0411566200256 0.00881000709534
v -0.0315576858521 0.0421476974487 0.00826230049133
v -0.0315641059875 0.0421453590393 0.00831419658661
v -0.0315747509003 0.0421414871216 0.00836529922485
v -0.0315895423889 0.042136100769 0.00841522026062
v -0.0316083641052 0.0421292495728 0.00846357822418
v -0.0316310768127 0.0421209831238 0.00851000785828
v -0.0316575050354 0.042111366272 0.00855415439606
v -0.0316874465942 0.0421004676819 0.00859568023682
v -0.0317206783295 0.0420883712769 0.00863427257538
v -0.031756942749 0.0420751724243 0.00866963481903
v -0.0317959651947 0.0420609703064 0.00870149898529
v -0.0318374481201 0.0420458717346 0.00872962284088
v -0.0318810768127 0.0420299911499 0.00875379276276
v -0.0319265193939 0.0420134544373 0.0087738237381
v -0.0319734306335 0.0419963798523 0.00878956222534
v -0.0320214500427 0.0419789009094 0.0088008928299
v -0.0320702133179 0.041961151123 0.0088077249527
v -0.032119354248 0.0419432640076 0.00881000709534
v -0.0316160335541 0.04228855896 0.00826230049133
v -0.0316222248077 0.0422856712341 0.00831419658661
v -0.0316324939728 0.0422808837891 0.00836529922485
v -0.0316467571259 0.042274230957 0.00841522026062
v -0.0316649131775 0.0422657661438 0.00846357822418
v -0.0316868171692 0.0422555541992 0.00851000785828
v -0.031712305069 0.0422436676025 0.00855415439606
v -0.0317411842346 0.0422302017212 0.00859568023682
v -0.031773235321 0.0422152557373 0.00863427257538
v -0.0318082103729 0.0421989479065 0.00866963481903
v -0.0318458461761 0.0421813964844 0.00870149898529
v -0.0318858566284 0.0421627388 0.00872962284088
v -0.0319279346466 0.0421431159973 0.00875379276276
v -0.0319717636108 0.0421226806641 0.0087738237381
v -0.0320170059204 0.0421015815735 0.00878956222534
v -0.0320633201599 0.0420799865723 0.0088008928299
v -0.0321103553772 0.042058052063 0.0088077249527
v -0.0321577453613 0.0420359535217 0.00881000709534
v -0.0316864356995 0.0424238014221 0.00826230049133
v -0.0316923503876 0.0424203834534 0.00831419658661
v -0.0317021636963 0.0424147186279 0.00836529922485
v -0.0317157936096 0.0424068489075 0.00841522026062
v -0.0317331409454 0.0423968353271 0.00846357822418
v -0.0317540740967 0.0423847503662 0.00851000785828
v -0.0317784290314 0.0423706893921 0.00855415439606
v -0.0318060245514 0.0423547554016 0.00859568023682
v -0.031836648941 0.0423370742798 0.00863427257538
v -0.0318700695038 0.042317779541 0.00866963481903
v -0.0319060344696 0.0422970161438 0.00870149898529
v -0.0319442653656 0.0422749443054 0.00872962284088
v -0.0319844741821 0.0422517280579 0.00875379276276
v -0.0320263519287 0.0422275505066 0.0087738237381
v -0.0320695877075 0.0422025871277 0.00878956222534
v -0.0321138420105 0.0421770362854 0.0088008928299
v -0.032158782959 0.0421510887146 0.0088077249527
v -0.0322040710449 0.0421249427795 0.00881000709534
v -0.0317683563232 0.0425523910522 0.00826230049133
v -0.0317739543915 0.0425484733582 0.00831419658661
v -0.0317832336426 0.042541973114 0.00836529922485
v -0.0317961273193 0.0425329475403 0.00841522026062
v -0.0318125343323 0.0425214576721 0.00846357822418
v -0.0318323326111 0.0425075950623 0.00851000785828
v -0.0318553714752 0.0424914627075 0.00855415439606
v -0.0318814735413 0.0424731864929 0.00859568023682
v -0.0319104404449 0.0424529037476 0.00863427257538
v -0.0319420509338 0.0424307670593 0.00866963481903
v -0.0319760684967 0.0424069480896 0.00870149898529
v -0.0320122299194 0.0423816299438 0.00872962284088
v -0.0320502624512 0.0423549957275 0.00875379276276
v -0.0320898742676 0.0423272590637 0.0087738237381
v -0.0321307678223 0.042298625946 0.00878956222534
v -0.0321726303101 0.042269317627 0.0088008928299
v -0.0322151412964 0.0422395515442 0.0088077249527
v -0.032257976532 0.0422095565796 0.00881000709534
v -0.0318611736298 0.0426733551025 0.00826230049133
v -0.0318664073944 0.0426689605713 0.00831419658661
v -0.0318750858307 0.0426616783142 0.00836529922485
v -0.0318871421814 0.0426515617371 0.00841522026062
v -0.0319024868011 0.0426386871338 0.00846357822418
v -0.0319210014343 0.0426231498718 0.00851000785828
v -0.0319425468445 0.0426050720215 0.00855415439606
v -0.0319669570923 0.0425845909119 0.00859568023682
v -0.0319940452576 0.0425618591309 0.00863427257538
v -0.0320236053467 0.0425370521545 0.00866963481903
v -0.0320554199219 0.0425103607178 0.00870149898529
v -0.0320892372131 0.0424819831848 0.00872962284088
v -0.0321248016357 0.0424521408081 0.00875379276276
v -0.0321618499756 0.0424210548401 0.0087738237381
v -0.0322000923157 0.0423889694214 0.00878956222534
v -0.0322392349243 0.0423561210632 0.0088008928299
v -0.0322789916992 0.0423227615356 0.0088077249527
v -0.0323190498352 0.042289150238 0.00881000709534
v -0.0319641799927 0.0427857666016 0.00826230049133
v -0.0319690093994 0.0427809333801 0.00831419658661
v -0.0319770202637 0.0427729225159 0.00836529922485
v -0.0319881515503 0.0427617912292 0.00841522026062
v -0.0320023155212 0.042747631073 0.00846357822418
v -0.032019405365 0.0427305374146 0.00851000785828
v -0.0320392913818 0.0427106513977 0.00855415439606
v -0.0320618209839 0.0426881217957 0.00859568023682
v -0.0320868301392 0.0426631164551 0.00863427257538
v -0.0321141166687 0.0426358261108 0.00866963481903
v -0.0321434822083 0.042606464386 0.00870149898529
v -0.032174697876 0.0425752487183 0.00872962284088
v -0.0322075271606 0.0425424156189 0.00875379276276
v -0.0322417221069 0.0425082206726 0.0087738237381
v -0.0322770195007 0.0424729232788 0.00878956222534
v -0.0323131561279 0.0424367866516 0.0088008928299
v -0.0323498497009 0.0424000930786 0.0088077249527
v -0.0323868293762 0.0423631134033 0.00881000709534
v -0.0320765914917 0.0428887710571 0.00826230049133
v -0.0320809822083 0.0428835372925 0.00831419658661
v -0.0320882644653 0.0428748588562 0.00836529922485
v -0.0320983810425 0.0428628005981 0.00841522026062
v -0.0321112556458 0.0428474578857 0.00846357822418
v -0.0321267929077 0.0428289413452 0.00851000785828
v -0.0321448707581 0.0428073959351 0.00855415439606
v -0.0321653518677 0.042782989502 0.00859568023682
v -0.0321880836487 0.042755897522 0.00863427257538
v -0.032212890625 0.0427263374329 0.00866963481903
v -0.0322395820618 0.0426945228577 0.00870149898529
v -0.0322679595947 0.0426607055664 0.00872962284088
v -0.0322978019714 0.0426251411438 0.00875379276276
v -0.0323288879395 0.0425880966187 0.0087738237381
v -0.0323609771729 0.0425498542786 0.00878956222534
v -0.032393825531 0.0425107078552 0.0088008928299
v -0.0324271812439 0.0424709510803 0.0088077249527
v -0.0324607963562 0.0424308929443 0.00881000709534
v -0.0321975517273 0.042981590271 0.00826230049133
v -0.0322014694214 0.0429759902954 0.00831419658661
v -0.0322079696655 0.0429667129517 0.00836529922485
v -0.032216999054 0.0429538192749 0.00841522026062
v -0.0322284851074 0.0429374084473 0.00846357822418
v -0.0322423477173 0.0429176101685 0.00851000785828
v -0.032258480072 0.0428945732117 0.00855415439606
v -0.0322767562866 0.0428684692383 0.00859568023682
v -0.0322970428467 0.0428395042419 0.00863427257538
v -0.0323191757202 0.0428078918457 0.00866963481903
v -0.0323429946899 0.0427738761902 0.00870149898529
v -0.0323683166504 0.0427377128601 0.00872962284088
v -0.032394947052 0.0426996803284 0.00875379276276
v -0.0324226837158 0.042660068512 0.0087738237381
v -0.0324513168335 0.0426191749573 0.00878956222534
v -0.0324806289673 0.0425773124695 0.0088008928299
v -0.03251039505 0.0425348014832 0.0088077249527
v -0.0325403900146 0.0424919662476 0.00881000709534
v -0.0323261413574 0.0430635108948 0.00826230049133
v -0.0323295593262 0.0430575942993 0.00831419658661
v -0.0323352241516 0.0430477828979 0.00836529922485
v -0.0323430938721 0.0430341491699 0.00841522026062
v -0.0323531074524 0.0430168037415 0.00846357822418
v -0.0323651924133 0.0429958724976 0.00851000785828
v -0.0323792533875 0.0429715156555 0.00855415439606
v -0.0323951873779 0.0429439201355 0.00859568023682
v -0.0324128684998 0.0429132957458 0.00863427257538
v -0.0324321632385 0.0428798751831 0.00866963481903
v -0.0324529266357 0.0428439102173 0.00870149898529
v -0.0324749984741 0.0428056793213 0.00872962284088
v -0.0324982147217 0.0427654724121 0.00875379276276
v -0.0325223960876 0.0427235908508 0.0087738237381
v -0.0325473556519 0.0426803588867 0.00878956222534
v -0.0325729064941 0.042636100769 0.0088008928299
v -0.0325988540649 0.0425911598206 0.0088077249527
v -0.032625 0.0425458717346 0.00881000709534
v -0.0324613838196 0.0431339111328 0.00826230049133
v -0.0324642715454 0.0431277198792 0.00831419658661
v -0.0324690589905 0.0431174507141 0.00836529922485
v -0.0324757118225 0.043103187561 0.00841522026062
v -0.0324841766357 0.0430850334167 0.00846357822418
v -0.0324943885803 0.043063129425 0.00851000785828
v -0.0325062789917 0.0430376396179 0.00855415439606
v -0.0325197410583 0.0430087585449 0.00859568023682
v -0.0325346870422 0.0429767112732 0.00863427257538
v -0.0325509986877 0.042941734314 0.00866963481903
v -0.0325685462952 0.0429040985107 0.00870149898529
v -0.0325872039795 0.0428640899658 0.00872962284088
v -0.0326068267822 0.0428220100403 0.00875379276276
v -0.0326272621155 0.0427781829834 0.0087738237381
v -0.0326483612061 0.0427329368591 0.00878956222534
v -0.0326699562073 0.0426866226196 0.0088008928299
v -0.0326918907166 0.042639591217 0.0088077249527
v -0.0327139892578 0.0425921974182 0.00881000709534
v -0.0326022453308 0.0431922607422 0.00826230049133
v -0.0326045837402 0.0431858406067 0.00831419658661
v -0.0326084594727 0.0431751937866 0.00836529922485
v -0.0326138420105 0.0431604042053 0.00841522026062
v -0.0326206932068 0.0431415786743 0.00846357822418
v -0.0326289596558 0.0431188659668 0.00851000785828
v -0.0326385765076 0.0430924377441 0.00855415439606
v -0.0326494750977 0.0430624961853 0.00859568023682
v -0.0326615715027 0.0430292663574 0.00863427257538
v -0.0326747703552 0.0429930038452 0.00866963481903
v -0.0326889724731 0.0429539794922 0.00870149898529
v -0.0327040710449 0.0429124984741 0.00872962284088
v -0.0327199516296 0.0428688659668 0.00875379276276
v -0.032736492157 0.042823425293 0.0087738237381
v -0.0327535629272 0.0427765159607 0.00878956222534
v -0.0327710418701 0.0427284927368 0.0088008928299
v -0.0327887916565 0.0426797294617 0.0088077249527
v -0.032806678772 0.0426305885315 0.00881000709534
v -0.0337977561951 0.0431922607422 0.00826230049133
v -0.0337954177856 0.0431858406067 0.00831419658661
v -0.0337915420532 0.0431751937866 0.00836529922485
v -0.0337861595154 0.0431604042053 0.00841522026062
v -0.0337793083191 0.0431415786743 0.00846357822418
v -0.0337710418701 0.0431188659668 0.00851000785828
v -0.0337614250183 0.0430924377441 0.00855415439606
v -0.0337505264282 0.0430624961853 0.00859568023682
v -0.0337384300232 0.0430292663574 0.00863427257538
v -0.0337252311707 0.0429930038452 0.00866963481903
v -0.0337110290527 0.0429539794922 0.00870149898529
v -0.033695930481 0.0429124984741 0.00872962284088
v -0.0336800498962 0.0428688659668 0.00875379276276
v -0.0336635093689 0.042823425293 0.0087738237381
v -0.0336464347839 0.0427765159607 0.00878956222534
v -0.0336289596558 0.0427284927368 0.0088008928299
v -0.0336112098694 0.0426797294617 0.0088077249527
v -0.0335933265686 0.0426305885315 0.00881000709534
v -0.0339386177063 0.0431339111328 0.00826230049133
v -0.0339357299805 0.0431277198792 0.00831419658661
v -0.0339309425354 0.0431174507141 0.00836529922485
v -0.0339242897034 0.043103187561 0.00841522026062
v -0.0339158248901 0.0430850334167 0.00846357822418
v -0.0339056091309 0.043063129425 0.00851000785828
v -0.0338937263489 0.0430376396179 0.00855415439606
v -0.0338802566528 0.0430087585449 0.00859568023682
v -0.0338653144836 0.0429767112732 0.00863427257538
v -0.0338490028381 0.042941734314 0.00866963481903
v -0.0338314552307 0.0429040985107 0.00870149898529
v -0.0338127975464 0.0428640899658 0.00872962284088
v -0.0337931747437 0.0428220100403 0.00875379276276
v -0.0337727394104 0.0427781829834 0.0087738237381
v -0.0337516403198 0.0427329368591 0.00878956222534
v -0.0337300453186 0.0426866226196 0.0088008928299
v -0.0337081108093 0.042639591217 0.0088077249527
v -0.0336860122681 0.0425921974182 0.00881000709534
v -0.0340738601685 0.0430635108948 0.00826230049133
v -0.0340704421997 0.0430575942993 0.00831419658661
v -0.0340647773743 0.0430477828979 0.00836529922485
v -0.0340569076538 0.0430341491699 0.00841522026062
v -0.0340468940735 0.0430168037415 0.00846357822418
v -0.0340348091125 0.0429958724976 0.00851000785828
v -0.0340207443237 0.0429715156555 0.00855415439606
v -0.0340048141479 0.0429439201355 0.00859568023682
v -0.0339871330261 0.0429132957458 0.00863427257538
v -0.0339678382874 0.0428798751831 0.00866963481903
v -0.0339470748901 0.0428439102173 0.00870149898529
v -0.0339249992371 0.0428056793213 0.00872962284088
v -0.0339017868042 0.0427654724121 0.00875379276276
v -0.0338776054382 0.0427235908508 0.0087738237381
v -0.033852645874 0.0426803588867 0.00878956222534
v -0.0338270950317 0.042636100769 0.0088008928299
v -0.0338011474609 0.0425911598206 0.0088077249527
v -0.0337750015259 0.0425458717346 0.00881000709534
v -0.0342024497986 0.042981590271 0.00826230049133
v -0.0341985321045 0.0429759902954 0.00831419658661
v -0.0341920318604 0.0429667129517 0.00836529922485
v -0.0341830062866 0.0429538192749 0.00841522026062
v -0.0341715164185 0.0429374084473 0.00846357822418
v -0.0341576538086 0.0429176101685 0.00851000785828
v -0.0341415214539 0.0428945732117 0.00855415439606
v -0.0341232452393 0.0428684692383 0.00859568023682
v -0.0341029624939 0.0428395042419 0.00863427257538
v -0.0340808258057 0.0428078918457 0.00866963481903
v -0.0340570068359 0.0427738761902 0.00870149898529
v -0.0340316886902 0.0427377128601 0.00872962284088
v -0.0340050582886 0.0426996803284 0.00875379276276
v -0.0339773178101 0.042660068512 0.0087738237381
v -0.0339486846924 0.0426191749573 0.00878956222534
v -0.0339193725586 0.0425773124695 0.0088008928299
v -0.0338896064758 0.0425348014832 0.0088077249527
v -0.0338596153259 0.0424919662476 0.00881000709534
v -0.0343234100342 0.0428887710571 0.00826230049133
v -0.0343190193176 0.0428835372925 0.00831419658661
v -0.0343117370605 0.0428748588562 0.00836529922485
v -0.0343016204834 0.0428628005981 0.00841522026062
v -0.0342887458801 0.0428474578857 0.00846357822418
v -0.0342732086182 0.0428289413452 0.00851000785828
v -0.0342551307678 0.0428073959351 0.00855415439606
v -0.0342346496582 0.042782989502 0.00859568023682
v -0.0342119178772 0.042755897522 0.00863427257538
v -0.0341871109009 0.0427263374329 0.00866963481903
v -0.0341604194641 0.0426945228577 0.00870149898529
v -0.0341320419312 0.0426607055664 0.00872962284088
v -0.0341021995544 0.0426251411438 0.00875379276276
v -0.0340711135864 0.0425880966187 0.0087738237381
v -0.034039024353 0.0425498542786 0.00878956222534
v -0.0340061798096 0.0425107078552 0.0088008928299
v -0.033972820282 0.0424709510803 0.0088077249527
v -0.0339392051697 0.0424308929443 0.00881000709534
v -0.0344358215332 0.0427857666016 0.00826230049133
v -0.0344309921265 0.0427809333801 0.00831419658661
v -0.0344229812622 0.0427729225159 0.00836529922485
v -0.0344118499756 0.0427617912292 0.00841522026062
v -0.0343976860046 0.042747631073 0.00846357822418
v -0.0343805961609 0.0427305374146 0.00851000785828
v -0.034360710144 0.0427106513977 0.00855415439606
v -0.034338180542 0.0426881217957 0.00859568023682
v -0.0343131752014 0.0426631164551 0.00863427257538
v -0.0342858848572 0.0426358261108 0.00866963481903
v -0.0342565231323 0.042606464386 0.00870149898529
v -0.0342253036499 0.0425752487183 0.00872962284088
v -0.0341924743652 0.0425424156189 0.00875379276276
v -0.0341582794189 0.0425082206726 0.0087738237381
v -0.0341229820251 0.0424729232788 0.00878956222534
v -0.0340868453979 0.0424367866516 0.0088008928299
v -0.034050151825 0.0424000930786 0.0088077249527
v -0.0340131759644 0.0423631134033 0.00881000709534
v -0.0345388298035 0.0426733551025 0.00826230049133
v -0.0345335960388 0.0426689605713 0.00831419658661
v -0.0345249176025 0.0426616783142 0.00836529922485
v -0.0345128593445 0.0426515617371 0.00841522026062
v -0.0344975166321 0.0426386871338 0.00846357822418
v -0.0344790000916 0.0426231498718 0.00851000785828
v -0.0344574546814 0.0426050720215 0.00855415439606
v -0.0344330444336 0.0425845909119 0.00859568023682
v -0.0344059562683 0.0425618591309 0.00863427257538
v -0.0343763923645 0.0425370521545 0.00866963481903
v -0.0343445854187 0.0425103607178 0.00870149898529
v -0.0343107643127 0.0424819831848 0.00872962284088
v -0.0342751998901 0.0424521408081 0.00875379276276
v -0.034238155365 0.0424210548401 0.0087738237381
v -0.0341999130249 0.0423889694214 0.00878956222534
v -0.0341607666016 0.0423561210632 0.0088008928299
v -0.0341210098267 0.0423227615356 0.0088077249527
v -0.0340809516907 0.042289150238 0.00881000709534
v -0.0346316452026 0.0425523910522 0.00826230049133
v -0.0346260490417 0.0425484733582 0.00831419658661
v -0.034616771698 0.042541973114 0.00836529922485
v -0.0346038780212 0.0425329475403 0.00841522026062
v -0.0345874671936 0.0425214576721 0.00846357822418
v -0.0345676689148 0.0425075950623 0.00851000785828
v -0.034544631958 0.0424914627075 0.00855415439606
v -0.0345185317993 0.0424731864929 0.00859568023682
v -0.0344895629883 0.0424529037476 0.00863427257538
v -0.034457950592 0.0424307670593 0.00866963481903
v -0.0344239349365 0.0424069480896 0.00870149898529
v -0.0343877716064 0.0423816299438 0.00872962284088
v -0.0343497390747 0.0423549957275 0.00875379276276
v -0.0343101272583 0.0423272590637 0.0087738237381
v -0.0342692337036 0.042298625946 0.00878956222534
v -0.0342273712158 0.042269317627 0.0088008928299
v -0.0341848602295 0.0422395515442 0.0088077249527
v -0.0341420249939 0.0422095565796 0.00881000709534
v -0.0347135696411 0.0424238014221 0.00826230049133
v -0.034707649231 0.0424203834534 0.00831419658661
v -0.0346978416443 0.0424147186279 0.00836529922485
v -0.0346842079163 0.0424068489075 0.00841522026062
v -0.0346668624878 0.0423968353271 0.00846357822418
v -0.0346459312439 0.0423847503662 0.00851000785828
v -0.0346215744019 0.0423706893921 0.00855415439606
v -0.0345939788818 0.0423547554016 0.00859568023682
v -0.0345633544922 0.0423370742798 0.00863427257538
v -0.0345299301147 0.042317779541 0.00866963481903
v -0.0344939689636 0.0422970161438 0.00870149898529
v -0.0344557380676 0.0422749443054 0.00872962284088
v -0.0344155311584 0.0422517280579 0.00875379276276
v -0.0343736495972 0.0422275505066 0.0087738237381
v -0.0343304176331 0.0422025871277 0.00878956222534
v -0.0342861595154 0.0421770362854 0.0088008928299
v -0.0342412185669 0.0421510887146 0.0088077249527
v -0.034195930481 0.0421249427795 0.00881000709534
v -0.0347839698792 0.04228855896 0.00826230049133
v -0.0347777786255 0.0422856712341 0.00831419658661
v -0.0347675094604 0.0422808837891 0.00836529922485
v -0.0347532463074 0.042274230957 0.00841522026062
v -0.0347350921631 0.0422657661438 0.00846357822418
v -0.0347131843567 0.0422555541992 0.00851000785828
v -0.0346876983643 0.0422436676025 0.00855415439606
v -0.0346588172913 0.0422302017212 0.00859568023682
v -0.0346267700195 0.0422152557373 0.00863427257538
v -0.0345917930603 0.0421989479065 0.00866963481903
v -0.0345541572571 0.0421813964844 0.00870149898529
v -0.0345141487122 0.0421627388 0.00872962284088
v -0.0344720687866 0.0421431159973 0.00875379276276
v -0.0344282417297 0.0421226806641 0.0087738237381
v -0.0343829956055 0.0421015815735 0.00878956222534
v -0.034336681366 0.0420799865723 0.0088008928299
v -0.0342896499634 0.042058052063 0.0088077249527
v -0.0342422561646 0.0420359535217 0.00881000709534
v -0.0348423194885 0.0421476974487 0.00826230049133
v -0.0348358955383 0.0421453590393 0.00831419658661
v -0.034825252533 0.0421414871216 0.00836529922485
v -0.034810459137 0.042136100769 0.00841522026062
v -0.0347916374207 0.0421292495728 0.00846357822418
v -0.0347689247131 0.0421209831238 0.00851000785828
v -0.0347425003052 0.042111366272 0.00855415439606
v -0.0347125549316 0.0421004676819 0.00859568023682
v -0.0346793251038 0.0420883712769 0.00863427257538
v -0.0346430625916 0.0420751724243 0.00866963481903
v -0.0346040382385 0.0420609703064 0.00870149898529
v -0.0345625572205 0.0420458717346 0.00872962284088
v -0.0345189247131 0.0420299911499 0.00875379276276
v -0.0344734840393 0.0420134544373 0.0087738237381
v -0.034426574707 0.0419963798523 0.00878956222534
v -0.0343785514832 0.0419789009094 0.0088008928299
v -0.034329788208 0.041961151123 0.0088077249527
v -0.0342806472778 0.0419432640076 0.00881000709534
v -0.0334500007629 0.0417999420166 0.00881000709534
v -0.0334500007629 0.0427499427795 0.00821000766754
v -0.0329500007629 0.0427499427795 0.00821000766754
v -0.0334500007629 0.0403499412537 0.00821000766754
v -0.0329500007629 0.0403499412537 0.00821000766754
v -0.032 0.0417999420166 0.00821000766754
v -0.032 0.0412999420166 0.00821000766754
v -0.0344000015259 0.0412999420166 0.00821000766754
v -0.0344000015259 0.0417999420166 0.00821000766754
v -0.0334500007629 0.0418499412537 0.00731000804901
v -0.0334500007629 0.0417999420166 0.00731000804901
v -0.0329500007629 0.0417999420166 0.00881000709534
v -0.0329500007629 0.0418499412537 0.00731000804901
v -0.0329500007629 0.0417999420166 0.00731000804901
v -0.0334500007629 0.0412999420166 0.00881000709534
v -0.0334500007629 0.0412499427795 0.00731000804901
v -0.0334500007629 0.0412999420166 0.00731000804901
v -0.0329500007629 0.0412499427795 0.00731000804901
v -0.0329500007629 0.0412999420166 0.00881000709534
v -0.0329500007629 0.0412999420166 0.00731000804901
v -0.0329000015259 0.0412999420166 0.00731000804901
v -0.0335 0.0412999420166 0.00731000804901
v -0.0335 0.0417999420166 0.00731000804901
v -0.0329000015259 0.0417999420166 0.00731000804901
v -0.031763961792 0.0433765869141 -0.0228899936676
v -0.0319251251221 0.0434590263367 -0.0228899936676
v -0.032092792511 0.0435272789001 -0.0228899936676
v -0.0322657089233 0.0435808372498 -0.0228899936676
v -0.0324425964355 0.043619304657 -0.0228899936676
v -0.0326221427917 0.0436423988342 -0.0228899936676
v -0.0328030090332 0.0436499404907 -0.0228899936676
v -0.0329838523865 0.0436418800354 -0.0228899936676
v -0.0331633300781 0.0436182746887 -0.0228899936676
v -0.0333401107788 0.0435792999268 -0.0228899936676
v -0.0336803398132 0.0434565124512 -0.0228899936676
v -0.0335128746033 0.0435252418518 -0.0228899936676
v -0.0338412666321 0.0433736114502 -0.0228899936676
v -0.0339944534302 0.0432771606445 -0.0228899936676
v -0.0341387672424 0.0431678733826 -0.0228899936676
v -0.0342731323242 0.0430465660095 -0.0228899936676
v -0.0345081062317 0.042771572113 -0.0228899936676
v -0.0343965530396 0.0429141387939 -0.0228899936676
v -0.034606967926 0.0426199264526 -0.0228899936676
v -0.0346924057007 0.0424603347778 -0.0228899936676
v -0.0348205566406 0.0421220855713 -0.0228899936676
v -0.0347637786865 0.0422939758301 -0.0228899936676
v -0.034862323761 0.0419459457397 -0.0228899936676
v -0.0348887672424 0.0417668647766 -0.0228899936676
v -0.0348990020752 0.0416146354675 -0.0225133266449
v -0.03489793396 0.0416430892944 -0.0225173225403
v -0.0348996887207 0.0415861701965 -0.0228899936676
v -0.0348964767456 0.0416715278625 -0.0225227546692
v -0.0348992996216 0.041495639801 -0.0225122280121
v -0.0348999824524 0.0415409049988 -0.0225096797943
v -0.0348996887207 0.0415861701965 -0.0225107746124
v -0.0348868217468 0.0413150482178 -0.0225587902069
v -0.0348913993835 0.0413600845337 -0.0225417041779
v -0.0348950080872 0.0414052085876 -0.0228899936676
v -0.0348950080872 0.0414052085876 -0.0225282440186
v -0.0348976402283 0.0414504013062 -0.0225184173584
v -0.0348588409424 0.0411361999512 -0.0226632232666
v -0.0348672790527 0.0411806755066 -0.0226317272186
v -0.0348747596741 0.0412253227234 -0.0228899936676
v -0.0348747596741 0.0412253227234 -0.022603811264
v -0.034881275177 0.0412701187134 -0.0225794963837
v -0.0347980766296 0.0409036521912 -0.0228899936676
v -0.0348198738098 0.0409753837585 -0.0228086509705
v -0.0348390922546 0.0410478439331 -0.0228899936676
v -0.0348390922546 0.0410478439331 -0.0227369174957
v -0.0348494415283 0.0410919151306 -0.0226982936859
v -0.00727578878403 0.0433832435608 -0.0228899917603
v -0.00743496274948 0.0434635009766 -0.0228899917603
v -0.00760036993027 0.0435299720764 -0.0228899917603
v -0.00777081823349 0.0435821723938 -0.0228899917603
v -0.00794507980347 0.0436197319031 -0.0228899917603
v -0.00812189865112 0.043642375946 -0.0228899917603
v -0.00830000114441 0.0436499404907 -0.0228899917603
v -0.0084781036377 0.043642375946 -0.0228899917603
v -0.00882918357849 0.0435821723938 -0.0228899917603
v -0.00865492248535 0.0436197319031 -0.0228899917603
v -0.00899963283539 0.0435299720764 -0.0228899917603
v -0.00932421302795 0.0433832435608 -0.0228899917603
v -0.0091650390625 0.0434635009766 -0.0228899917603
v -0.00125000095367 0.0312999420166 -0.0213899917603
v -0.00125000095367 0.0312999420166 -0.0252899932861
v -0.00124524402618 0.0314088859558 -0.0213899917603
v -0.00124524402618 0.0314088859558 -0.0252899932861
v -0.00123101043701 0.0315170021057 -0.0213899917603
v -0.00123101043701 0.0315170021057 -0.0252899932861
v -0.00120740795135 0.0316234664917 -0.0213899917603
v -0.00120740795135 0.0316234664917 -0.0252899932861
v -0.00117461681366 0.0317274665833 -0.0213899917603
v -0.00117461681366 0.0317274665833 -0.0252899932861
v -0.00113288593292 0.0318282146454 -0.0213899917603
v -0.00113288593292 0.0318282146454 -0.0252899932861
v -0.00108253288269 0.0319249420166 -0.0213899917603
v -0.00108253288269 0.0319249420166 -0.0252899932861
v -0.00102394104004 0.0320169143677 -0.0213899917603
v -0.00102394104004 0.0320169143677 -0.0252899932861
v -0.000957556724548 0.032103427887 -0.0213899917603
v -0.000957556724548 0.032103427887 -0.0252899932861
v -0.000883884429932 0.0321838264465 -0.0213899917603
v -0.000883884429932 0.0321838264465 -0.0252899932861
v -0.000803484916687 0.0322574958801 -0.0213899917603
v -0.000803484916687 0.0322574958801 -0.0252899932861
v -0.0007169713974 0.0323238830566 -0.0213899917603
v -0.0007169713974 0.0323238830566 -0.0252899932861
v -0.000625000953674 0.0323824729919 -0.0213899917603
v -0.000625000953674 0.0323824729919 -0.0252899932861
v -0.000528273582458 0.0324328269958 -0.0213899917603
v -0.000528273582458 0.0324328269958 -0.0252899932861
v -0.000427526473999 0.0324745559692 -0.0213899917603
v -0.000427526473999 0.0324745559692 -0.0252899932861
v -0.000323524475098 0.0325073509216 -0.0213899917603
v -0.000323524475098 0.0325073509216 -0.0252899932861
v -0.000217061042786 0.0325309524536 -0.0213899917603
v -0.000217061042786 0.0325309524536 -0.0252899932861
v -0.000108945846558 0.0325451850891 -0.0213899917603
v -0.000108945846558 0.0325451850891 -0.0252899932861
v -9.53668859438e-10 0.0325499420166 -0.0213899917603
v -9.53667210979e-10 0.0325499420166 -0.0252899932861
v 0.000108943939209 0.0325451850891 -0.0213899917603
v 0.000108943939209 0.0325451850891 -0.0252899932861
v 0.000217059135437 0.0325309524536 -0.0213899917603
v 0.000217059135437 0.0325309524536 -0.0252899932861
v 0.000323522567749 0.0325073509216 -0.0213899917603
v 0.000323522567749 0.0325073509216 -0.0252899932861
v 0.000427523612976 0.0324745559692 -0.0213899917603
v 0.000427523612976 0.0324745559692 -0.0252899932861
v 0.00052827167511 0.0324328269958 -0.0213899917603
v 0.00052827167511 0.0324328269958 -0.0252899932861
v 0.000624999046326 0.0323824729919 -0.0213899917603
v 0.000624999046326 0.0323824729919 -0.0252899932861
v 0.000716969490051 0.0323238830566 -0.0213899917603
v 0.000716969490051 0.0323238830566 -0.0252899932861
v 0.000803483963013 0.0322574958801 -0.0213899917603
v 0.000803483963013 0.0322574958801 -0.0252899932861
v 0.000883882522583 0.0321838264465 -0.0213899917603
v 0.000883882522583 0.0321838264465 -0.0252899932861
v 0.0009575548172 0.032103427887 -0.0213899917603
v 0.0009575548172 0.032103427887 -0.0252899932861
v 0.00102393913269 0.0320169143677 -0.0213899917603
v 0.00102393913269 0.0320169143677 -0.0252899932861
v 0.00108253002167 0.0319249420166 -0.0213899917603
v 0.00108253002167 0.0319249420166 -0.0252899932861
v 0.00113288402557 0.0318282146454 -0.0213899917603
v 0.00113288402557 0.0318282146454 -0.0252899932861
v 0.00117461490631 0.0317274665833 -0.0213899917603
v 0.00117461490631 0.0317274665833 -0.0252899932861
v 0.00120740604401 0.0316234664917 -0.0213899917603
v 0.00120740604401 0.0316234664917 -0.0252899932861
v 0.00123100852966 0.0315170021057 -0.0213899917603
v 0.00123100852966 0.0315170021057 -0.0252899932861
v 0.00124524307251 0.0314088859558 -0.0213899917603
v 0.00124524307251 0.0314088859558 -0.0252899932861
v 0.00124999904633 0.0312999420166 -0.0213899917603
v 0.00124999904633 0.0312999420166 -0.0252899932861
v 0.00124524307251 0.0311909980774 -0.0213899917603
v 0.00124524307251 0.0311909980774 -0.0252899932861
v 0.00123100852966 0.0310828819275 -0.0213899917603
v 0.00123100852966 0.0310828819275 -0.0252899932861
v 0.00120740604401 0.0309764175415 -0.0213899917603
v 0.00120740604401 0.0309764175415 -0.0252899932861
v 0.00117461490631 0.03087241745 -0.0213899917603
v 0.00117461490631 0.03087241745 -0.0252899932861
v 0.00113288402557 0.0307716693878 -0.0213899917603
v 0.00113288402557 0.0307716693878 -0.0252899932861
v 0.00108253002167 0.0306749420166 -0.0213899917603
v 0.00108253002167 0.0306749420166 -0.0252899932861
v 0.00102393913269 0.0305829715729 -0.0213899917603
v 0.00102393913269 0.0305829715729 -0.0252899932861
v 0.0009575548172 0.0304964580536 -0.0213899917603
v 0.0009575548172 0.0304964580536 -0.0252899932861
v 0.000883882522583 0.0304160575867 -0.0213899917603
v 0.000883882522583 0.0304160575867 -0.0252899932861
v 0.000803483963013 0.0303423862457 -0.0213899917603
v 0.000803483963013 0.0303423862457 -0.0252899932861
v 0.000716969490051 0.0302760009766 -0.0213899917603
v 0.000716969490051 0.0302760009766 -0.0252899932861
v 0.000624999046326 0.0302174110413 -0.0213899917603
v 0.000624999046326 0.0302174110413 -0.0252899932861
v 0.00052827167511 0.0301670570374 -0.0213899917603
v 0.00052827167511 0.0301670570374 -0.0252899932861
v 0.000427523612976 0.0301253261566 -0.0213899917603
v 0.000427523612976 0.0301253261566 -0.0252899932861
v 0.000323522567749 0.0300925350189 -0.0213899917603
v 0.000323522567749 0.0300925350189 -0.0252899932861
v 0.000217059135437 0.0300689315796 -0.0213899917603
v 0.000217059135437 0.0300689315796 -0.0252899932861
v 0.000108943939209 0.0300546989441 -0.0213899917603
v 0.000108943939209 0.0300546989441 -0.0252899932861
v -9.53667608883e-10 0.0300499420166 -0.0213899917603
v -9.53665960424e-10 0.0300499420166 -0.0252899932861
v -0.000108945846558 0.0300546989441 -0.0213899917603
v -0.000108945846558 0.0300546989441 -0.0252899932861
v -0.000217061042786 0.0300689315796 -0.0213899917603
v -0.000217061042786 0.0300689315796 -0.0252899932861
v -0.000323524475098 0.0300925350189 -0.0213899917603
v -0.000323524475098 0.0300925350189 -0.0252899932861
v -0.000427526473999 0.0301253261566 -0.0213899917603
v -0.000427526473999 0.0301253261566 -0.0252899932861
v -0.000528273582458 0.0301670570374 -0.0213899917603
v -0.000528273582458 0.0301670570374 -0.0252899932861
v -0.000625000953674 0.0302174110413 -0.0213899917603
v -0.000625000953674 0.0302174110413 -0.0252899932861
v -0.0007169713974 0.0302760009766 -0.0213899917603
v -0.0007169713974 0.0302760009766 -0.0252899932861
v -0.000803484916687 0.0303423862457 -0.0213899917603
v -0.000803484916687 0.0303423862457 -0.0252899932861
v -0.000883884429932 0.0304160575867 -0.0213899917603
v -0.000883884429932 0.0304160575867 -0.0252899932861
v -0.000957556724548 0.0304964580536 -0.0213899917603
v -0.000957556724548 0.0304964580536 -0.0252899932861
v -0.00102394104004 0.0305829715729 -0.0213899917603
v -0.00102394104004 0.0305829715729 -0.0252899932861
v -0.00108253288269 0.0306749420166 -0.0213899917603
v -0.00108253288269 0.0306749420166 -0.0252899932861
v -0.00113288593292 0.0307716693878 -0.0213899917603
v -0.00113288593292 0.0307716693878 -0.0252899932861
v -0.00117461681366 0.03087241745 -0.0213899917603
v -0.00117461681366 0.03087241745 -0.0252899932861
v -0.00120740795135 0.0309764175415 -0.0213899917603
v -0.00120740795135 0.0309764175415 -0.0252899932861
v -0.00123101043701 0.0310828819275 -0.0213899917603
v -0.00123101043701 0.0310828819275 -0.0252899932861
v -0.00124524402618 0.0311909980774 -0.0213899917603
v -0.00124524402618 0.0311909980774 -0.0252899932861
v -9.5366823416e-10 0.0312999420166 -0.0213899917603
v -0.00102606105804 0.0341190185547 -0.0252899932861
v -0.000776458740234 0.034197719574 -0.0252899932861
v -0.000520945549011 0.0342543640137 -0.0252899932861
v -0.000261467933655 0.0342885246277 -0.0252899932861
v -9.5366806363e-10 0.0342999420166 -0.0252899932861
v 0.000261466026306 0.0342885246277 -0.0252899932861
v 0.000520943641663 0.0342543640137 -0.0252899932861
v 0.000776455879211 0.034197719574 -0.0252899932861
v 0.00102606010437 0.0341190185547 -0.0252899932861
v 0.00126785469055 0.034018863678 -0.0252899932861
v 0.00149999904633 0.0338980178833 -0.0252899932861
v 0.00172072887421 0.033757396698 -0.0252899932861
v 0.0019283618927 0.0335980758667 -0.0252899932861
v 0.00212131881714 0.0334212608337 -0.0252899932861
v 0.00229813289642 0.0332283058167 -0.0252899932861
v 0.0024574546814 0.0330206718445 -0.0252899932861
v 0.00259807491302 0.0327999420166 -0.0252899932861
v 0.00271892261505 0.0325677986145 -0.0252899932861
v 0.00281907749176 0.0323260040283 -0.0252899932861
v 0.0028977766037 0.0320764007568 -0.0252899932861
v 0.00295442295074 0.0318208866119 -0.0252899932861
v 0.00298858356476 0.0315614089966 -0.0252899932861
v 0.00299999904633 0.0312999420166 -0.0252899932861
v 0.00298858356476 0.0310384750366 -0.0252899932861
v 0.00295442295074 0.0307789974213 -0.0252899932861
v 0.0028977766037 0.0305234851837 -0.0252899932861
v 0.00281907749176 0.0302738819122 -0.0252899932861
v 0.00271892261505 0.030032087326 -0.0252899932861
v 0.00259807491302 0.0297999420166 -0.0252899932861
v 0.0024574546814 0.0295792121887 -0.0252899932861
v 0.00229813289642 0.0293715782166 -0.0252899932861
v 0.00212131881714 0.0291786212921 -0.0252899932861
v 0.0019283618927 0.0290018081665 -0.0252899932861
v 0.00172072887421 0.0288424854279 -0.0252899932861
v 0.00149999904633 0.0287018661499 -0.0252899932861
v 0.00126785469055 0.0285810184479 -0.0252899932861
v 0.00102606010437 0.0284808635712 -0.0252899932861
v 0.000776455879211 0.0284021644592 -0.0252899932861
v 0.000520943641663 0.0283455181122 -0.0252899932861
v 0.000261466026306 0.0283113574982 -0.0252899932861
v -9.53665107772e-10 0.0282999420166 -0.0252899932861
v -0.000261467933655 0.0283113574982 -0.0252899932861
v -0.000520945549011 0.0283455181122 -0.0252899932861
v -0.000776458740234 0.0284021644592 -0.0252899932861
v -0.00102606105804 0.0284808635712 -0.0252899932861
v -0.00126785564423 0.0285810184479 -0.0252899932861
v -0.00150000095367 0.0287018661499 -0.0252899932861
v -0.00172072982788 0.0288424854279 -0.0252899932861
v -0.00192836380005 0.0290018081665 -0.0252899932861
v -0.00212132167816 0.0291786212921 -0.0252899932861
v -0.0022981338501 0.0293715782166 -0.0252899932861
v -0.00245745754242 0.0295792121887 -0.0252899932861
v -0.00259807682037 0.0297999420166 -0.0252899932861
v -0.0027189245224 0.030032087326 -0.0252899932861
v -0.00281907844543 0.0302738819122 -0.0252899932861
v -0.00289777851105 0.0305234851837 -0.0252899932861
v -0.00295442390442 0.0307789974213 -0.0252899932861
v -0.00298858547211 0.0310384750366 -0.0252899932861
v -0.00300000095367 0.0312999420166 -0.0252899932861
v -0.00298858547211 0.0315614089966 -0.0252899932861
v -0.00295442390442 0.0318208866119 -0.0252899932861
v -0.00289777851105 0.0320764007568 -0.0252899932861
v -0.00281907844543 0.0323260040283 -0.0252899932861
v -0.0027189245224 0.0325677986145 -0.0252899932861
v -0.00259807682037 0.0327999420166 -0.0252899932861
v -0.00245745754242 0.0330206718445 -0.0252899932861
v -0.0022981338501 0.0332283058167 -0.0252899932861
v -0.00212132167816 0.0334212608337 -0.0252899932861
v -0.00192836380005 0.0335980758667 -0.0252899932861
v -0.00172072982788 0.033757396698 -0.0252899932861
v -0.00150000095367 0.0338980178833 -0.0252899932861
v -0.00126785564423 0.034018863678 -0.0252899932861
v 0.00299999904633 0.0312999420166 -0.0246899909973
v 0.00298858356476 0.0315614089966 -0.0246899909973
v 0.00295442295074 0.0318208866119 -0.0246899909973
v 0.0028977766037 0.0320764007568 -0.0246899909973
v 0.00281907749176 0.0323260040283 -0.0246899909973
v 0.00271892261505 0.0325677986145 -0.0246899909973
v 0.00259807491302 0.0327999420166 -0.0246899909973
v 0.0024574546814 0.0330206718445 -0.0246899909973
v 0.00229813289642 0.0332283058167 -0.0246899909973
v 0.00212131881714 0.0334212608337 -0.0246899909973
v 0.0019283618927 0.0335980758667 -0.0246899909973
v 0.00172072887421 0.033757396698 -0.0246899909973
v 0.00149999904633 0.0338980178833 -0.0246899909973
v 0.00126785469055 0.034018863678 -0.0246899909973
v 0.00102606010437 0.0341190185547 -0.0246899909973
v 0.000776455879211 0.034197719574 -0.0246899909973
v 0.000520943641663 0.0342543640137 -0.0246899909973
v 0.000261466026306 0.0342885246277 -0.0246899909973
v -9.53668291004e-10 0.0342999420166 -0.0246899909973
v -0.000261467933655 0.0342885246277 -0.0246899909973
v -0.000520945549011 0.0342543640137 -0.0246899909973
v -0.000776458740234 0.034197719574 -0.0246899909973
v -0.00102606105804 0.0341190185547 -0.0246899909973
v -0.00126785564423 0.034018863678 -0.0246899909973
v -0.00150000095367 0.0338980178833 -0.0246899909973
v -0.00172072982788 0.033757396698 -0.0246899909973
v -0.00192836380005 0.0335980758667 -0.0246899909973
v -0.00212132167816 0.0334212608337 -0.0246899909973
v -0.0022981338501 0.0332283058167 -0.0246899909973
v -0.00245745754242 0.0330206718445 -0.0246899909973
v -0.00259807682037 0.0327999420166 -0.0246899909973
v -0.0027189245224 0.0325677986145 -0.0246899909973
v -0.00281907844543 0.0323260040283 -0.0246899909973
v -0.00289777851105 0.0320764007568 -0.0246899909973
v -0.00295442390442 0.0318208866119 -0.0246899909973
v -0.00298858547211 0.0315614089966 -0.0246899909973
v -0.00300000095367 0.0312999420166 -0.0246899909973
v -0.00298858547211 0.0310384750366 -0.0246899909973
v -0.00295442390442 0.0307789974213 -0.0246899909973
v -0.00289777851105 0.0305234851837 -0.0246899909973
v -0.00281907844543 0.0302738819122 -0.0246899909973
v -0.0027189245224 0.030032087326 -0.0246899909973
v -0.00259807682037 0.0297999420166 -0.0246899909973
v -0.00245745754242 0.0295792121887 -0.0246899909973
v -0.0022981338501 0.0293715782166 -0.0246899909973
v -0.00212132167816 0.0291786212921 -0.0246899909973
v -0.00192836380005 0.0290018081665 -0.0246899909973
v -0.00172072982788 0.0288424854279 -0.0246899909973
v -0.00150000095367 0.0287018661499 -0.0246899909973
v -0.00126785564423 0.0285810184479 -0.0246899909973
v -0.00102606105804 0.0284808635712 -0.0246899909973
v -0.000776458740234 0.0284021644592 -0.0246899909973
v -0.000520945549011 0.0283455181122 -0.0246899909973
v -0.000261467933655 0.0283113574982 -0.0246899909973
v -9.53665391989e-10 0.0282999420166 -0.0246899909973
v 0.000261466026306 0.0283113574982 -0.0246899909973
v 0.000520943641663 0.0283455181122 -0.0246899909973
v 0.000776455879211 0.0284021644592 -0.0246899909973
v 0.00102606010437 0.0284808635712 -0.0246899909973
v 0.00126785469055 0.0285810184479 -0.0246899909973
v 0.00149999904633 0.0287018661499 -0.0246899909973
v 0.00172072887421 0.0288424854279 -0.0246899909973
v 0.0019283618927 0.0290018081665 -0.0246899909973
v 0.00212131881714 0.0291786212921 -0.0246899909973
v 0.00229813289642 0.0293715782166 -0.0246899909973
v 0.0024574546814 0.0295792121887 -0.0246899909973
v 0.00259807491302 0.0297999420166 -0.0246899909973
v 0.00271892261505 0.030032087326 -0.0246899909973
v 0.00281907749176 0.0302738819122 -0.0246899909973
v 0.0028977766037 0.0305234851837 -0.0246899909973
v 0.00295442295074 0.0307789974213 -0.0246899909973
v 0.00298858356476 0.0310384750366 -0.0246899909973
v 0.00370450305939 0.0363586349487 -0.0246899909973
v 0.0036997461319 0.0362496910095 -0.0246899909973
v 0.00335075950623 0.0407218513489 -0.0246899909973
v -0.00906307888031 0.0355261230469 -0.0246899909973
v -0.00866025447845 0.0362999420166 -0.0246899909973
v -0.00619974851608 0.0362496910095 -0.0246899909973
v -0.00371873855591 0.0360326271057 -0.0246899909973
v -0.00370450496674 0.0361407432556 -0.0246899909973
v 0.00258818912506 0.0409592018127 -0.0246899909973
v -0.00386721611023 0.0368746910095 -0.0246899909973
v -0.0100000009537 0.0312999420166 -0.0246899909973
v -0.00575323295593 0.0352921333313 -0.0246899909973
v -0.00566671895981 0.0352257499695 -0.0246899909973
v -0.00374234104156 0.0365732116699 -0.0246899909973
v -0.00377513217926 0.0366772155762 -0.0246899909973
v -0.00381686306 0.036777961731 -0.0246899909973
v -0.00557474803925 0.0351671562195 -0.0246899909973
v -0.00547802114487 0.0351168060303 -0.0246899909973
v -0.00537727355957 0.0350750732422 -0.0246899909973
v -0.00494974851608 0.0349996910095 -0.0246899909973
v -0.0048408036232 0.0350044441223 -0.0246899909973
v -0.00473268842697 0.0350186805725 -0.0246899909973
v -0.00462622451782 0.0350422821045 -0.0246899909973
v -0.00452222299576 0.0350750732422 -0.0246899909973
v -0.00612436389923 0.0366772155762 -0.0246899909973
v -0.00819152164459 0.0370357055664 -0.0246899909973
v -0.00608263349533 0.036777961731 -0.0246899909973
v -0.00766044569016 0.0377278175354 -0.0246899909973
v -0.00603227996826 0.0368746910095 -0.0246899909973
v -0.00619499206543 0.0361407432556 -0.0246899909973
v -0.00618075799942 0.0360326271057 -0.0246899909973
v -0.00939692687988 0.0347201423645 -0.0246899909973
v -0.00527327203751 0.0350422821045 -0.0246899909973
v -0.00516680860519 0.0350186805725 -0.0246899909973
v -0.00505869293213 0.0350044441223 -0.0246899909973
v -0.0061571559906 0.0365732116699 -0.0246899909973
v -0.00618075799942 0.0364667510986 -0.0246899909973
v -0.00619499206543 0.0363586349487 -0.0246899909973
v -0.00984807872772 0.0330364227295 -0.0246899909973
v -0.00597368860245 0.0355327186584 -0.0246899909973
v -0.0099619474411 0.0321715011597 -0.0246899909973
v -0.00590730381012 0.0354462051392 -0.0246899909973
v -0.0058336315155 0.0353658065796 -0.0246899909973
v -0.00377513217926 0.0358221626282 -0.0246899909973
v -0.00374234104156 0.0359261665344 -0.0246899909973
v -0.00392580890656 0.0355327186584 -0.0246899909973
v -0.00386721611023 0.0356246871948 -0.0246899909973
v -0.0099619474411 0.0304283847809 -0.0246899909973
v -0.00984807872772 0.0295634593964 -0.0246899909973
v -0.00965925884247 0.0287117519379 -0.0246899909973
v -0.0094219121933 0.0279491825104 -0.0246899909973
v 0.00173648071289 0.0411480178833 -0.0246899909973
v -0.00392580890656 0.0369666595459 -0.0246899909973
v 0.000871556282043 0.0412618865967 -0.0246899909973
v -0.00399219322205 0.0370531730652 -0.0246899909973
v -9.53671701609e-10 0.0412999420166 -0.0246899909973
v -0.00406586456299 0.0371335716248 -0.0246899909973
v -0.000871558189392 0.0412618865967 -0.0246899909973
v -0.00414626407623 0.037207244873 -0.0246899909973
v -0.00173648262024 0.0411480178833 -0.0246899909973
v -0.0061571559906 0.0359261665344 -0.0246899909973
v -0.00612436389923 0.0358221626282 -0.0246899909973
v -0.00965925884247 0.0338881340027 -0.0246899909973
v -0.00608263349533 0.0357214164734 -0.0246899909973
v -0.00603227996826 0.0356246871948 -0.0246899909973
v -0.00422618293762 0.0403630180359 -0.0246899909973
v -0.00342020320892 0.0406968688965 -0.0246899909973
v -0.00462622451782 0.0374570960999 -0.0246899909973
v -0.00547802114487 0.0373825721741 -0.0246899909973
v -0.00642787694931 0.0389603843689 -0.0246899909973
v -0.00537727355957 0.0374243049622 -0.0246899909973
v -0.00573576545715 0.0394914627075 -0.0246899909973
v -0.00527327203751 0.0374570960999 -0.0246899909973
v -0.00381686306 0.0357214164734 -0.0246899909973
v 0.00334987258911 0.0279500675201 -0.0246899909973
v -0.00423277759552 0.0372736282349 -0.0246899909973
v -0.00432474803925 0.0373322219849 -0.0246899909973
v -0.00258819198608 0.0409592018127 -0.0246899909973
v -0.00442147541046 0.0373825721741 -0.0246899909973
v -0.00452222299576 0.0374243049622 -0.0246899909973
v -0.00500000095367 0.0399601974487 -0.0246899909973
v -0.00505869293213 0.037494934082 -0.0246899909973
v -0.00516680860519 0.0374806976318 -0.0246899909973
v -0.00575323295593 0.037207244873 -0.0246899909973
v -0.00707106876373 0.0383710098267 -0.0246899909973
v -0.00566671895981 0.0372736282349 -0.0246899909973
v -0.00557474803925 0.0373322219849 -0.0246899909973
v -0.00399219322205 0.0354462051392 -0.0246899909973
v -0.00406586456299 0.0353658065796 -0.0246899909973
v -0.00414626407623 0.0352921333313 -0.0246899909973
v -0.00423277759552 0.0352257499695 -0.0246899909973
v -0.00432474803925 0.0351671562195 -0.0246899909973
v -0.00473268842697 0.0374806976318 -0.0246899909973
v -0.0048408036232 0.037494934082 -0.0246899909973
v -0.00494974851608 0.0374996871948 -0.0246899909973
v -0.0058336315155 0.0371335716248 -0.0246899909973
v -0.00590730381012 0.0370531730652 -0.0246899909973
v -0.00597368860245 0.0369666595459 -0.0246899909973
v -0.00442147541046 0.0351168060303 -0.0246899909973
v -0.00369974899292 0.0362496910095 -0.0246899909973
v -0.00370450496674 0.0363586349487 -0.0246899909973
v -0.00371873855591 0.0364667510986 -0.0246899909973
v -0.00618075799942 0.0261331348419 -0.0246899909973
v -0.00819152164459 0.0255641765594 -0.0246899909973
v -0.00619499206543 0.0262412490845 -0.0246899909973
v -0.00866025447845 0.0262999420166 -0.0246899909973
v -0.00422618293762 0.02223686409 -0.0246899909973
v -0.00500000095367 0.0226396865845 -0.0246899909973
v -0.00494974851608 0.025100194931 -0.0246899909973
v -0.00377513217926 0.025922668457 -0.0246899909973
v -0.00374234104156 0.0260266704559 -0.0246899909973
v 0.00335075950623 0.021878030777 -0.0246899909973
v -0.00371873855591 0.0261331348419 -0.0246899909973
v -0.00370450496674 0.0262412490845 -0.0246899909973
v -0.00369974899292 0.026350194931 -0.0246899909973
v -0.00370450496674 0.0264591388702 -0.0246899909973
v -0.00371873855591 0.0265672550201 -0.0246899909973
v -0.00374234104156 0.0266737174988 -0.0246899909973
v -0.00386721611023 0.026975194931 -0.0246899909973
v -0.00392580890656 0.0270671653748 -0.0246899909973
v -0.0048408036232 0.0251049499512 -0.0246899909973
v -0.00473268842697 0.025119184494 -0.0246899909973
v -0.00342020320892 0.0219030151367 -0.0246899909973
v -0.00377513217926 0.0267777194977 -0.0246899909973
v -0.00381686306 0.0268784675598 -0.0246899909973
v -0.00399219322205 0.027153678894 -0.0246899909973
v -0.00406586456299 0.0272340774536 -0.0246899909973
v -0.00414626407623 0.0273077507019 -0.0246899909973
v -0.00462622451782 0.0251427879333 -0.0246899909973
v -0.00452222299576 0.025175579071 -0.0246899909973
v -0.00258819198608 0.0216406822205 -0.0246899909973
v -0.00442147541046 0.0252173099518 -0.0246899909973
v -0.00173648262024 0.0214518642426 -0.0246899909973
v -0.00906307888031 0.027073759079 -0.0246899909973
v -0.00619499206543 0.0264591388702 -0.0246899909973
v -0.00619974851608 0.026350194931 -0.0246899909973
v -0.00766044569016 0.0248720664978 -0.0246899909973
v -0.00603227996826 0.025725194931 -0.0246899909973
v -0.00597368860245 0.0256332244873 -0.0246899909973
v -0.00432474803925 0.0252676620483 -0.0246899909973
v -0.00423277759552 0.025326253891 -0.0246899909973
v -0.000871558189392 0.0213379955292 -0.0246899909973
v -0.00414626407623 0.0253926391602 -0.0246899909973
v -9.53661981384e-10 0.0212999420166 -0.0246899909973
v -0.00406586456299 0.0254663105011 -0.0246899909973
v 0.000871556282043 0.0213379955292 -0.0246899909973
v -0.00399219322205 0.0255467090607 -0.0246899909973
v 0.00173648071289 0.0214518642426 -0.0246899909973
v -0.00392580890656 0.0256332244873 -0.0246899909973
v 0.00258818912506 0.0216406822205 -0.0246899909973
v -0.00386721611023 0.025725194931 -0.0246899909973
v -0.00381686306 0.0258219223022 -0.0246899909973
v -0.00603227996826 0.026975194931 -0.0246899909973
v -0.00608263349533 0.0268784675598 -0.0246899909973
v -0.00612436389923 0.0267777194977 -0.0246899909973
v -0.00939692687988 0.0278797397614 -0.0246899909973
v -0.0061571559906 0.0266737174988 -0.0246899909973
v -0.00618075799942 0.0265672550201 -0.0246899909973
v -0.00566671895981 0.025326253891 -0.0246899909973
v -0.00642787694931 0.023639497757 -0.0246899909973
v -0.00575323295593 0.0253926391602 -0.0246899909973
v -0.00707106876373 0.0242288742065 -0.0246899909973
v -0.0058336315155 0.0254663105011 -0.0246899909973
v -0.0058336315155 0.0272340774536 -0.0246899909973
v -0.00590730381012 0.027153678894 -0.0246899909973
v -0.00597368860245 0.0270671653748 -0.0246899909973
v -0.00590730381012 0.0255467090607 -0.0246899909973
v -0.00557474803925 0.0252676620483 -0.0246899909973
v -0.00547802114487 0.0252173099518 -0.0246899909973
v -0.00573576545715 0.0231084213257 -0.0246899909973
v -0.00537727355957 0.025175579071 -0.0246899909973
v -0.00527327203751 0.0251427879333 -0.0246899909973
v -0.00516680860519 0.025119184494 -0.0246899909973
v -0.00505869293213 0.0251049499512 -0.0246899909973
v -0.00423277759552 0.0273741340637 -0.0246899909973
v -0.00432474803925 0.0274327259064 -0.0246899909973
v -0.00442147541046 0.0274830799103 -0.0246899909973
v -0.0061571559906 0.0260266704559 -0.0246899909973
v -0.00612436389923 0.025922668457 -0.0246899909973
v -0.00608263349533 0.0258219223022 -0.0246899909973
v -0.00452222299576 0.027524810791 -0.0246899909973
v -0.00462622451782 0.0275576019287 -0.0246899909973
v -0.00473268842697 0.0275812034607 -0.0246899909973
v -0.00516680860519 0.0275812034607 -0.0246899909973
v -0.00527327203751 0.0275576019287 -0.0246899909973
v -0.00537727355957 0.027524810791 -0.0246899909973
v -0.00547802114487 0.0274830799103 -0.0246899909973
v -0.00557474803925 0.0274327259064 -0.0246899909973
v -0.00566671895981 0.0273741340637 -0.0246899909973
v -0.00575323295593 0.0273077507019 -0.0246899909973
v -0.0048408036232 0.0275954380035 -0.0246899909973
v -0.00494974851608 0.027600194931 -0.0246899909973
v -0.00505869293213 0.0275954380035 -0.0246899909973
v 0.00906307697296 0.027073759079 -0.0246899909973
v 0.00866025257111 0.0262999420166 -0.0246899909973
v 0.0061997461319 0.026350194931 -0.0246899909973
v 0.00370450305939 0.0264591388702 -0.0246899909973
v 0.0036997461319 0.026350194931 -0.0246899909973
v 0.00370450305939 0.0262412490845 -0.0246899909973
v 0.00371873760223 0.0261331348419 -0.0246899909973
v 0.00374233913422 0.0260266704559 -0.0246899909973
v 0.00377513027191 0.025922668457 -0.0246899909973
v 0.00381686115265 0.0258219223022 -0.0246899909973
v 0.00386721515656 0.025725194931 -0.0246899909973
v 0.00392580699921 0.0256332244873 -0.0246899909973
v 0.00399219036102 0.0255467090607 -0.0246899909973
v 0.00406586360931 0.0254663105011 -0.0246899909973
v 0.00612436199188 0.025922668457 -0.0246899909973
v 0.00615715503693 0.0260266704559 -0.0246899909973
v 0.0081915178299 0.0255641765594 -0.0246899909973
v 0.00618075656891 0.0261331348419 -0.0246899909973
v 0.00619499111176 0.0262412490845 -0.0246899909973
v 0.00603227901459 0.026975194931 -0.0246899909973
v 0.00597368526459 0.0270671653748 -0.0246899909973
v 0.00942191028595 0.0279491825104 -0.0246899909973
v 0.00608263111115 0.0268784675598 -0.0246899909973
v 0.0055747461319 0.0274327259064 -0.0246899909973
v 0.00566671657562 0.0273741340637 -0.0246899909973
v 0.00575323009491 0.0273077507019 -0.0246899909973
v 0.00583363056183 0.0254663105011 -0.0246899909973
v 0.00590730381012 0.0255467090607 -0.0246899909973
v 0.00707106685638 0.0242288742065 -0.0246899909973
v 0.00608263111115 0.0258219223022 -0.0246899909973
v 0.00766044330597 0.0248720664978 -0.0246899909973
v 0.00603227901459 0.025725194931 -0.0246899909973
v 0.00590730381012 0.027153678894 -0.0246899909973
v 0.00583363056183 0.0272340774536 -0.0246899909973
v 0.00414626216888 0.0253926391602 -0.0246899909973
v 0.00423277568817 0.025326253891 -0.0246899909973
v 0.00432474803925 0.0252676620483 -0.0246899909973
v 0.00619499111176 0.0264591388702 -0.0246899909973
v 0.00618075656891 0.0265672550201 -0.0246899909973
v 0.00939692592621 0.0278797397614 -0.0246899909973
v 0.00615715503693 0.0266737174988 -0.0246899909973
v 0.00612436199188 0.0267777194977 -0.0246899909973
v 0.00597368526459 0.0256332244873 -0.0246899909973
v 0.00547801876068 0.0274830799103 -0.0246899909973
v 0.0053772726059 0.027524810791 -0.0246899909973
v 0.00527326869965 0.0275576019287 -0.0246899909973
v 0.00423277568817 0.0273741340637 -0.0246899909973
v 0.00414626216888 0.0273077507019 -0.0246899909973
v 0.00392580699921 0.0270671653748 -0.0246899909973
v 0.00386721515656 0.026975194931 -0.0246899909973
v 0.00381686115265 0.0268784675598 -0.0246899909973
v 0.00377513027191 0.0267777194977 -0.0246899909973
v 0.00374233913422 0.0266737174988 -0.0246899909973
v 0.00371873760223 0.0265672550201 -0.0246899909973
v 0.00406586360931 0.0272340774536 -0.0246899909973
v 0.00399219036102 0.027153678894 -0.0246899909973
v 0.00499999904633 0.0226396865845 -0.0246899909973
v 0.00422618198395 0.02223686409 -0.0246899909973
v 0.00484080219269 0.0251049499512 -0.0246899909973
v 0.00484080219269 0.0275954380035 -0.0246899909973
v 0.00473268795013 0.0275812034607 -0.0246899909973
v 0.0046262216568 0.0275576019287 -0.0246899909973
v 0.00452222156525 0.027524810791 -0.0246899909973
v 0.00442147541046 0.0274830799103 -0.0246899909973
v 0.00432474803925 0.0274327259064 -0.0246899909973
v 0.00442147541046 0.0252173099518 -0.0246899909973
v 0.00452222156525 0.025175579071 -0.0246899909973
v 0.0034202003479 0.0219030151367 -0.0246899909973
v 0.0046262216568 0.0251427879333 -0.0246899909973
v 0.00473268795013 0.025119184494 -0.0246899909973
v 0.0049497461319 0.025100194931 -0.0246899909973
v 0.00505869197845 0.0251049499512 -0.0246899909973
v 0.00573576259613 0.0231084213257 -0.0246899909973
v 0.00516680622101 0.025119184494 -0.0246899909973
v 0.00516680622101 0.0275812034607 -0.0246899909973
v 0.00505869197845 0.0275954380035 -0.0246899909973
v 0.0049497461319 0.027600194931 -0.0246899909973
v 0.00547801876068 0.0252173099518 -0.0246899909973
v 0.00642787456512 0.023639497757 -0.0246899909973
v 0.0053772726059 0.025175579071 -0.0246899909973
v 0.00527326869965 0.0251427879333 -0.0246899909973
v 0.0055747461319 0.0252676620483 -0.0246899909973
v 0.00566671657562 0.025326253891 -0.0246899909973
v 0.00575323009491 0.0253926391602 -0.0246899909973
v 0.00906307697296 0.0355261230469 -0.0246899909973
v 0.00618075656891 0.0360326271057 -0.0246899909973
v 0.00619499111176 0.0361407432556 -0.0246899909973
v 0.00371873760223 0.0360326271057 -0.0246899909973
v 0.00374233913422 0.0359261665344 -0.0246899909973
v 0.00377513027191 0.0358221626282 -0.0246899909973
v 0.00381686115265 0.0357214164734 -0.0246899909973
v 0.00866025257111 0.0362999420166 -0.0246899909973
v 0.00370450305939 0.0361407432556 -0.0246899909973
v 0.00386721515656 0.0356246871948 -0.0246899909973
v 0.00392580699921 0.0355327186584 -0.0246899909973
v 0.00399219036102 0.0354462051392 -0.0246899909973
v 0.00603227901459 0.0368746910095 -0.0246899909973
v 0.00597368526459 0.0369666595459 -0.0246899909973
v 0.00766044330597 0.0377278175354 -0.0246899909973
v 0.00615715503693 0.0359261665344 -0.0246899909973
v 0.00939692592621 0.0347201423645 -0.0246899909973
v 0.00612436199188 0.0358221626282 -0.0246899909973
v 0.0061997461319 0.0362496910095 -0.0246899909973
v 0.00619499111176 0.0363586349487 -0.0246899909973
v 0.0081915178299 0.0370357055664 -0.0246899909973
v 0.00618075656891 0.0364667510986 -0.0246899909973
v 0.00608263111115 0.0357214164734 -0.0246899909973
v 0.00965925693512 0.0338881340027 -0.0246899909973
v 0.00603227901459 0.0356246871948 -0.0246899909973
v 0.00984807682037 0.0330364227295 -0.0246899909973
v 0.00597368526459 0.0355327186584 -0.0246899909973
v 0.00566671657562 0.0372736282349 -0.0246899909973
v 0.00642787456512 0.0389603843689 -0.0246899909973
v 0.00575323009491 0.037207244873 -0.0246899909973
v 0.00707106685638 0.0383710098267 -0.0246899909973
v 0.00583363056183 0.0371335716248 -0.0246899909973
v 0.00406586360931 0.0353658065796 -0.0246899909973
v 0.00414626216888 0.0352921333313 -0.0246899909973
v 0.00423277568817 0.0352257499695 -0.0246899909973
v 0.00590730381012 0.0370531730652 -0.0246899909973
v 0.00615715503693 0.0365732116699 -0.0246899909973
v 0.00612436199188 0.0366772155762 -0.0246899909973
v 0.00608263111115 0.036777961731 -0.0246899909973
v 0.00392580699921 0.0369666595459 -0.0246899909973
v 0.00386721515656 0.0368746910095 -0.0246899909973
v 0.00381686115265 0.036777961731 -0.0246899909973
v 0.00377513027191 0.0366772155762 -0.0246899909973
v 0.00374233913422 0.0365732116699 -0.0246899909973
v 0.00371873760223 0.0364667510986 -0.0246899909973
v 0.0053772726059 0.0374243049622 -0.0246899909973
v 0.00573576259613 0.0394914627075 -0.0246899909973
v 0.00547801876068 0.0373825721741 -0.0246899909973
v 0.0055747461319 0.0373322219849 -0.0246899909973
v 0.00442147541046 0.0373825721741 -0.0246899909973
v 0.00432474803925 0.0373322219849 -0.0246899909973
v 0.00423277568817 0.0372736282349 -0.0246899909973
v 0.00414626216888 0.037207244873 -0.0246899909973
v 0.00406586360931 0.0371335716248 -0.0246899909973
v 0.00399219036102 0.0370531730652 -0.0246899909973
v 0.00432474803925 0.0351671562195 -0.0246899909973
v 0.00442147541046 0.0351168060303 -0.0246899909973
v 0.00452222156525 0.0350750732422 -0.0246899909973
v 0.0046262216568 0.0350422821045 -0.0246899909973
v 0.00473268795013 0.0350186805725 -0.0246899909973
v 0.00484080219269 0.0350044441223 -0.0246899909973
v 0.00590730381012 0.0354462051392 -0.0246899909973
v 0.00996194553375 0.0321715011597 -0.0246899909973
v 0.00583363056183 0.0353658065796 -0.0246899909973
v 0.00999999904633 0.0312999420166 -0.0246899909973
v 0.00575323009491 0.0352921333313 -0.0246899909973
v 0.00996194553375 0.0304283847809 -0.0246899909973
v 0.00566671657562 0.0352257499695 -0.0246899909973
v 0.00984807682037 0.0295634593964 -0.0246899909973
v 0.0055747461319 0.0351671562195 -0.0246899909973
v 0.00527326869965 0.0374570960999 -0.0246899909973
v 0.00516680622101 0.0374806976318 -0.0246899909973
v 0.00499999904633 0.0399601974487 -0.0246899909973
v 0.00527326869965 0.0350422821045 -0.0246899909973
v 0.0053772726059 0.0350750732422 -0.0246899909973
v 0.00505869197845 0.037494934082 -0.0246899909973
v 0.0049497461319 0.0374996871948 -0.0246899909973
v 0.00422618198395 0.0403630180359 -0.0246899909973
v 0.00484080219269 0.037494934082 -0.0246899909973
v 0.00473268795013 0.0374806976318 -0.0246899909973
v 0.0034202003479 0.0406968688965 -0.0246899909973
v 0.0046262216568 0.0374570960999 -0.0246899909973
v 0.00452222156525 0.0374243049622 -0.0246899909973
v 0.00965925693512 0.0287117519379 -0.0246899909973
v 0.00547801876068 0.0351168060303 -0.0246899909973
v 0.0049497461319 0.0349996910095 -0.0246899909973
v 0.00505869197845 0.0350044441223 -0.0246899909973
v 0.00516680622101 0.0350186805725 -0.0246899909973
v -0.00619974851608 0.0362496910095 -0.0225899906158
v -0.00619499206543 0.0363586349487 -0.0225899906158
v -0.00618075799942 0.0364667510986 -0.0225899906158
v -0.0061571559906 0.0365732116699 -0.0225899906158
v -0.00612436389923 0.0366772155762 -0.0225899906158
v -0.00608263349533 0.036777961731 -0.0225899906158
v -0.00603227996826 0.0368746910095 -0.0225899906158
v -0.00597368860245 0.0369666595459 -0.0225899906158
v -0.00590730381012 0.0370531730652 -0.0225899906158
v -0.0058336315155 0.0371335716248 -0.0225899906158
v -0.00575323295593 0.037207244873 -0.0225899906158
v -0.00566671895981 0.0372736282349 -0.0225899906158
v -0.00557474803925 0.0373322219849 -0.0225899906158
v -0.00547802114487 0.0373825721741 -0.0225899906158
v -0.00537727355957 0.0374243049622 -0.0225899906158
v -0.00527327203751 0.0374570960999 -0.0225899906158
v -0.00516680860519 0.0374806976318 -0.0225899906158
v -0.00505869293213 0.037494934082 -0.0225899906158
v -0.00494974851608 0.0374996871948 -0.0225899906158
v -0.0048408036232 0.037494934082 -0.0225899906158
v -0.00473268842697 0.0374806976318 -0.0225899906158
v -0.00462622451782 0.0374570960999 -0.0225899906158
v -0.00452222299576 0.0374243049622 -0.0225899906158
v -0.00442147541046 0.0373825721741 -0.0225899906158
v -0.00432474803925 0.0373322219849 -0.0225899906158
v -0.00423277759552 0.0372736282349 -0.0225899906158
v -0.00414626407623 0.037207244873 -0.0225899906158
v -0.00406586456299 0.0371335716248 -0.0225899906158
v -0.00399219322205 0.0370531730652 -0.0225899906158
v -0.00392580890656 0.0369666595459 -0.0225899906158
v -0.00386721611023 0.0368746910095 -0.0225899906158
v -0.00381686306 0.036777961731 -0.0225899906158
v -0.00377513217926 0.0366772155762 -0.0225899906158
v -0.00374234104156 0.0365732116699 -0.0225899906158
v -0.00371873855591 0.0364667510986 -0.0225899906158
v -0.00370450496674 0.0363586349487 -0.0225899906158
v -0.00369974899292 0.0362496910095 -0.0225899906158
v -0.00370450496674 0.0361407432556 -0.0225899906158
v -0.00371873855591 0.0360326271057 -0.0225899906158
v -0.00374234104156 0.0359261665344 -0.0225899906158
v -0.00377513217926 0.0358221626282 -0.0225899906158
v -0.00381686306 0.0357214164734 -0.0225899906158
v -0.00386721611023 0.0356246871948 -0.0225899906158
v -0.00392580890656 0.0355327186584 -0.0225899906158
v -0.00399219322205 0.0354462051392 -0.0225899906158
v -0.00406586456299 0.0353658065796 -0.0225899906158
v -0.00414626407623 0.0352921333313 -0.0225899906158
v -0.00423277759552 0.0352257499695 -0.0225899906158
v -0.00432474803925 0.0351671562195 -0.0225899906158
v -0.00442147541046 0.0351168060303 -0.0225899906158
v -0.00452222299576 0.0350750732422 -0.0225899906158
v -0.00462622451782 0.0350422821045 -0.0225899906158
v -0.00473268842697 0.0350186805725 -0.0225899906158
v -0.0048408036232 0.0350044441223 -0.0225899906158
v -0.00494974851608 0.0349996910095 -0.0225899906158
v -0.00505869293213 0.0350044441223 -0.0225899906158
v -0.00516680860519 0.0350186805725 -0.0225899906158
v -0.00527327203751 0.0350422821045 -0.0225899906158
v -0.00537727355957 0.0350750732422 -0.0225899906158
v -0.00547802114487 0.0351168060303 -0.0225899906158
v -0.00557474803925 0.0351671562195 -0.0225899906158
v -0.00566671895981 0.0352257499695 -0.0225899906158
v -0.00575323295593 0.0352921333313 -0.0225899906158
v -0.0058336315155 0.0353658065796 -0.0225899906158
v -0.00590730381012 0.0354462051392 -0.0225899906158
v -0.00597368860245 0.0355327186584 -0.0225899906158
v -0.00603227996826 0.0356246871948 -0.0225899906158
v -0.00608263349533 0.0357214164734 -0.0225899906158
v -0.00612436389923 0.0358221626282 -0.0225899906158
v -0.0061571559906 0.0359261665344 -0.0225899906158
v -0.00618075799942 0.0360326271057 -0.0225899906158
v -0.00619499206543 0.0361407432556 -0.0225899906158
v -0.00619974851608 0.026350194931 -0.0225899906158
v -0.00619499206543 0.0264591388702 -0.0225899906158
v -0.00618075799942 0.0265672550201 -0.0225899906158
v -0.0061571559906 0.0266737174988 -0.0225899906158
v -0.00612436389923 0.0267777194977 -0.0225899906158
v -0.00608263349533 0.0268784675598 -0.0225899906158
v -0.00603227996826 0.026975194931 -0.0225899906158
v -0.00597368860245 0.0270671653748 -0.0225899906158
v -0.00590730381012 0.027153678894 -0.0225899906158
v -0.0058336315155 0.0272340774536 -0.0225899906158
v -0.00575323295593 0.0273077507019 -0.0225899906158
v -0.00566671895981 0.0273741340637 -0.0225899906158
v -0.00557474803925 0.0274327259064 -0.0225899906158
v -0.00547802114487 0.0274830799103 -0.0225899906158
v -0.00537727355957 0.027524810791 -0.0225899906158
v -0.00527327203751 0.0275576019287 -0.0225899906158
v -0.00516680860519 0.0275812034607 -0.0225899906158
v -0.00505869293213 0.0275954380035 -0.0225899906158
v -0.00494974851608 0.027600194931 -0.0225899906158
v -0.0048408036232 0.0275954380035 -0.0225899906158
v -0.00473268842697 0.0275812034607 -0.0225899906158
v -0.00462622451782 0.0275576019287 -0.0225899906158
v -0.00452222299576 0.027524810791 -0.0225899906158
v -0.00442147541046 0.0274830799103 -0.0225899906158
v -0.00432474803925 0.0274327259064 -0.0225899906158
v -0.00423277759552 0.0273741340637 -0.0225899906158
v -0.00414626407623 0.0273077507019 -0.0225899906158
v -0.00406586456299 0.0272340774536 -0.0225899906158
v -0.00399219322205 0.027153678894 -0.0225899906158
v -0.00392580890656 0.0270671653748 -0.0225899906158
v -0.00386721611023 0.026975194931 -0.0225899906158
v -0.00381686306 0.0268784675598 -0.0225899906158
v -0.00377513217926 0.0267777194977 -0.0225899906158
v -0.00374234104156 0.0266737174988 -0.0225899906158
v -0.00371873855591 0.0265672550201 -0.0225899906158
v -0.00370450496674 0.0264591388702 -0.0225899906158
v -0.00369974899292 0.026350194931 -0.0225899906158
v -0.00370450496674 0.0262412490845 -0.0225899906158
v -0.00371873855591 0.0261331348419 -0.0225899906158
v -0.00374234104156 0.0260266704559 -0.0225899906158
v -0.00377513217926 0.025922668457 -0.0225899906158
v -0.00381686306 0.0258219223022 -0.0225899906158
v -0.00386721611023 0.025725194931 -0.0225899906158
v -0.00392580890656 0.0256332244873 -0.0225899906158
v -0.00399219322205 0.0255467090607 -0.0225899906158
v -0.00406586456299 0.0254663105011 -0.0225899906158
v -0.00414626407623 0.0253926391602 -0.0225899906158
v -0.00423277759552 0.025326253891 -0.0225899906158
v -0.00432474803925 0.0252676620483 -0.0225899906158
v -0.00442147541046 0.0252173099518 -0.0225899906158
v -0.00452222299576 0.025175579071 -0.0225899906158
v -0.00462622451782 0.0251427879333 -0.0225899906158
v -0.00473268842697 0.025119184494 -0.0225899906158
v -0.0048408036232 0.0251049499512 -0.0225899906158
v -0.00494974851608 0.025100194931 -0.0225899906158
v -0.00505869293213 0.0251049499512 -0.0225899906158
v -0.00516680860519 0.025119184494 -0.0225899906158
v -0.00527327203751 0.0251427879333 -0.0225899906158
v -0.00537727355957 0.025175579071 -0.0225899906158
v -0.00547802114487 0.0252173099518 -0.0225899906158
v -0.00557474803925 0.0252676620483 -0.0225899906158
v -0.00566671895981 0.025326253891 -0.0225899906158
v -0.00575323295593 0.0253926391602 -0.0225899906158
v -0.0058336315155 0.0254663105011 -0.0225899906158
v -0.00590730381012 0.0255467090607 -0.0225899906158
v -0.00597368860245 0.0256332244873 -0.0225899906158
v -0.00603227996826 0.025725194931 -0.0225899906158
v -0.00608263349533 0.0258219223022 -0.0225899906158
v -0.00612436389923 0.025922668457 -0.0225899906158
v -0.0061571559906 0.0260266704559 -0.0225899906158
v -0.00618075799942 0.0261331348419 -0.0225899906158
v -0.00619499206543 0.0262412490845 -0.0225899906158
v 0.0036997461319 0.026350194931 -0.0225899906158
v 0.00370450305939 0.0264591388702 -0.0225899906158
v 0.00371873760223 0.0265672550201 -0.0225899906158
v 0.00374233913422 0.0266737174988 -0.0225899906158
v 0.00377513027191 0.0267777194977 -0.0225899906158
v 0.00381686115265 0.0268784675598 -0.0225899906158
v 0.00386721515656 0.026975194931 -0.0225899906158
v 0.00392580699921 0.0270671653748 -0.0225899906158
v 0.00399219036102 0.027153678894 -0.0225899906158
v 0.00406586360931 0.0272340774536 -0.0225899906158
v 0.00414626216888 0.0273077507019 -0.0225899906158
v 0.00423277568817 0.0273741340637 -0.0225899906158
v 0.00432474803925 0.0274327259064 -0.0225899906158
v 0.00442147541046 0.0274830799103 -0.0225899906158
v 0.00452222156525 0.027524810791 -0.0225899906158
v 0.0046262216568 0.0275576019287 -0.0225899906158
v 0.00473268795013 0.0275812034607 -0.0225899906158
v 0.00484080219269 0.0275954380035 -0.0225899906158
v 0.0049497461319 0.027600194931 -0.0225899906158
v 0.00505869197845 0.0275954380035 -0.0225899906158
v 0.00516680622101 0.0275812034607 -0.0225899906158
v 0.00527326869965 0.0275576019287 -0.0225899906158
v 0.0053772726059 0.027524810791 -0.0225899906158
v 0.00547801876068 0.0274830799103 -0.0225899906158
v 0.0055747461319 0.0274327259064 -0.0225899906158
v 0.00566671657562 0.0273741340637 -0.0225899906158
v 0.00575323009491 0.0273077507019 -0.0225899906158
v 0.00583363056183 0.0272340774536 -0.0225899906158
v 0.00590730381012 0.027153678894 -0.0225899906158
v 0.00597368526459 0.0270671653748 -0.0225899906158
v 0.00603227901459 0.026975194931 -0.0225899906158
v 0.00608263111115 0.0268784675598 -0.0225899906158
v 0.00612436199188 0.0267777194977 -0.0225899906158
v 0.00615715503693 0.0266737174988 -0.0225899906158
v 0.00618075656891 0.0265672550201 -0.0225899906158
v 0.00619499111176 0.0264591388702 -0.0225899906158
v 0.0061997461319 0.026350194931 -0.0225899906158
v 0.00619499111176 0.0262412490845 -0.0225899906158
v 0.00618075656891 0.0261331348419 -0.0225899906158
v 0.00615715503693 0.0260266704559 -0.0225899906158
v 0.00612436199188 0.025922668457 -0.0225899906158
v 0.00608263111115 0.0258219223022 -0.0225899906158
v 0.00603227901459 0.025725194931 -0.0225899906158
v 0.00597368526459 0.0256332244873 -0.0225899906158
v 0.00590730381012 0.0255467090607 -0.0225899906158
v 0.00583363056183 0.0254663105011 -0.0225899906158
v 0.00575323009491 0.0253926391602 -0.0225899906158
v 0.00566671657562 0.025326253891 -0.0225899906158
v 0.0055747461319 0.0252676620483 -0.0225899906158
v 0.00547801876068 0.0252173099518 -0.0225899906158
v 0.0053772726059 0.025175579071 -0.0225899906158
v 0.00527326869965 0.0251427879333 -0.0225899906158
v 0.00516680622101 0.025119184494 -0.0225899906158
v 0.00505869197845 0.0251049499512 -0.0225899906158
v 0.0049497461319 0.025100194931 -0.0225899906158
v 0.00484080219269 0.0251049499512 -0.0225899906158
v 0.00473268795013 0.025119184494 -0.0225899906158
v 0.0046262216568 0.0251427879333 -0.0225899906158
v 0.00452222156525 0.025175579071 -0.0225899906158
v 0.00442147541046 0.0252173099518 -0.0225899906158
v 0.00432474803925 0.0252676620483 -0.0225899906158
v 0.00423277568817 0.025326253891 -0.0225899906158
v 0.00414626216888 0.0253926391602 -0.0225899906158
v 0.00406586360931 0.0254663105011 -0.0225899906158
v 0.00399219036102 0.0255467090607 -0.0225899906158
v 0.00392580699921 0.0256332244873 -0.0225899906158
v 0.00386721515656 0.025725194931 -0.0225899906158
v 0.00381686115265 0.0258219223022 -0.0225899906158
v 0.00377513027191 0.025922668457 -0.0225899906158
v 0.00374233913422 0.0260266704559 -0.0225899906158
v 0.00371873760223 0.0261331348419 -0.0225899906158
v 0.00370450305939 0.0262412490845 -0.0225899906158
v 0.0036997461319 0.0362496910095 -0.0225899906158
v 0.00370450305939 0.0363586349487 -0.0225899906158
v 0.00371873760223 0.0364667510986 -0.0225899906158
v 0.00374233913422 0.0365732116699 -0.0225899906158
v 0.00377513027191 0.0366772155762 -0.0225899906158
v 0.00381686115265 0.036777961731 -0.0225899906158
v 0.00386721515656 0.0368746910095 -0.0225899906158
v 0.00392580699921 0.0369666595459 -0.0225899906158
v 0.00399219036102 0.0370531730652 -0.0225899906158
v 0.00406586360931 0.0371335716248 -0.0225899906158
v 0.00414626216888 0.037207244873 -0.0225899906158
v 0.00423277568817 0.0372736282349 -0.0225899906158
v 0.00432474803925 0.0373322219849 -0.0225899906158
v 0.00442147541046 0.0373825721741 -0.0225899906158
v 0.00452222156525 0.0374243049622 -0.0225899906158
v 0.0046262216568 0.0374570960999 -0.0225899906158
v 0.00473268795013 0.0374806976318 -0.0225899906158
v 0.00484080219269 0.037494934082 -0.0225899906158
v 0.0049497461319 0.0374996871948 -0.0225899906158
v 0.00505869197845 0.037494934082 -0.0225899906158
v 0.00516680622101 0.0374806976318 -0.0225899906158
v 0.00527326869965 0.0374570960999 -0.0225899906158
v 0.0053772726059 0.0374243049622 -0.0225899906158
v 0.00547801876068 0.0373825721741 -0.0225899906158
v 0.0055747461319 0.0373322219849 -0.0225899906158
v 0.00566671657562 0.0372736282349 -0.0225899906158
v 0.00575323009491 0.037207244873 -0.0225899906158
v 0.00583363056183 0.0371335716248 -0.0225899906158
v 0.00590730381012 0.0370531730652 -0.0225899906158
v 0.00597368526459 0.0369666595459 -0.0225899906158
v 0.00603227901459 0.0368746910095 -0.0225899906158
v 0.00608263111115 0.036777961731 -0.0225899906158
v 0.00612436199188 0.0366772155762 -0.0225899906158
v 0.00615715503693 0.0365732116699 -0.0225899906158
v 0.00618075656891 0.0364667510986 -0.0225899906158
v 0.00619499111176 0.0363586349487 -0.0225899906158
v 0.0061997461319 0.0362496910095 -0.0225899906158
v 0.00619499111176 0.0361407432556 -0.0225899906158
v 0.00618075656891 0.0360326271057 -0.0225899906158
v 0.00615715503693 0.0359261665344 -0.0225899906158
v 0.00612436199188 0.0358221626282 -0.0225899906158
v 0.00608263111115 0.0357214164734 -0.0225899906158
v 0.00603227901459 0.0356246871948 -0.0225899906158
v 0.00597368526459 0.0355327186584 -0.0225899906158
v 0.00590730381012 0.0354462051392 -0.0225899906158
v 0.00583363056183 0.0353658065796 -0.0225899906158
v 0.00575323009491 0.0352921333313 -0.0225899906158
v 0.00566671657562 0.0352257499695 -0.0225899906158
v 0.0055747461319 0.0351671562195 -0.0225899906158
v 0.00547801876068 0.0351168060303 -0.0225899906158
v 0.0053772726059 0.0350750732422 -0.0225899906158
v 0.00527326869965 0.0350422821045 -0.0225899906158
v 0.00516680622101 0.0350186805725 -0.0225899906158
v 0.00505869197845 0.0350044441223 -0.0225899906158
v 0.0049497461319 0.0349996910095 -0.0225899906158
v 0.00484080219269 0.0350044441223 -0.0225899906158
v 0.00473268795013 0.0350186805725 -0.0225899906158
v 0.0046262216568 0.0350422821045 -0.0225899906158
v 0.00452222156525 0.0350750732422 -0.0225899906158
v 0.00442147541046 0.0351168060303 -0.0225899906158
v 0.00432474803925 0.0351671562195 -0.0225899906158
v 0.00423277568817 0.0352257499695 -0.0225899906158
v 0.00414626216888 0.0352921333313 -0.0225899906158
v 0.00406586360931 0.0353658065796 -0.0225899906158
v 0.00399219036102 0.0354462051392 -0.0225899906158
v 0.00392580699921 0.0355327186584 -0.0225899906158
v 0.00386721515656 0.0356246871948 -0.0225899906158
v 0.00381686115265 0.0357214164734 -0.0225899906158
v 0.00377513027191 0.0358221626282 -0.0225899906158
v 0.00374233913422 0.0359261665344 -0.0225899906158
v 0.00371873760223 0.0360326271057 -0.0225899906158
v 0.00370450305939 0.0361407432556 -0.0225899906158
v 0.00866025257111 0.0362999420166 -0.0225899906158
v 0.00335075950623 0.0407218513489 -0.0225899906158
v 0.00334987258911 0.0279500675201 -0.0225899906158
v -0.0094219121933 0.0279491825104 -0.0225899906158
v -0.00965925884247 0.0287117519379 -0.0225899906158
v -0.00766044569016 0.0377278175354 -0.0225899906158
v -0.00819152164459 0.0370357055664 -0.0225899906158
v -0.00573576545715 0.0394914627075 -0.0225899906158
v -0.00866025447845 0.0362999420166 -0.0225899906158
v -0.00906307888031 0.0355261230469 -0.0225899906158
v -0.00500000095367 0.0399601974487 -0.0225899906158
v -0.00707106876373 0.0383710098267 -0.0225899906158
v -0.00642787694931 0.0389603843689 -0.0225899906158
v -0.00173648262024 0.0411480178833 -0.0225899906158
v -0.000871558189392 0.0412618865967 -0.0225899906158
v -9.53672611104e-10 0.0412999420166 -0.0225899906158
v 0.000871556282043 0.0412618865967 -0.0225899906158
v 0.00173648071289 0.0411480178833 -0.0225899906158
v 0.00258818912506 0.0409592018127 -0.0225899906158
v -0.00984807872772 0.0295634593964 -0.0225899906158
v -0.0099619474411 0.0304283847809 -0.0225899906158
v -0.0100000009537 0.0312999420166 -0.0225899906158
v -0.0099619474411 0.0321715011597 -0.0225899906158
v -0.00984807872772 0.0330364227295 -0.0225899906158
v -0.00939692687988 0.0347201423645 -0.0225899906158
v -0.00342020320892 0.0406968688965 -0.0225899906158
v -0.00258819198608 0.0409592018127 -0.0225899906158
v -0.00965925884247 0.0338881340027 -0.0225899906158
v -0.00422618293762 0.0403630180359 -0.0225899906158
v 0.00906307697296 0.0355261230469 -0.0225899906158
v 0.0081915178299 0.0370357055664 -0.0225899906158
v 0.00939692592621 0.0347201423645 -0.0225899906158
v 0.00766044330597 0.0377278175354 -0.0225899906158
v 0.00707106685638 0.0383710098267 -0.0225899906158
v 0.00965925693512 0.0338881340027 -0.0225899906158
v 0.00984807682037 0.0330364227295 -0.0225899906158
v 0.00642787456512 0.0389603843689 -0.0225899906158
v 0.00573576259613 0.0394914627075 -0.0225899906158
v 0.0034202003479 0.0406968688965 -0.0225899906158
v 0.00422618198395 0.0403630180359 -0.0225899906158
v 0.00499999904633 0.0399601974487 -0.0225899906158
v 0.00996194553375 0.0321715011597 -0.0225899906158
v 0.00999999904633 0.0312999420166 -0.0225899906158
v 0.00996194553375 0.0304283847809 -0.0225899906158
v 0.00984807682037 0.0295634593964 -0.0225899906158
v 0.00965925693512 0.0287117519379 -0.0225899906158
v 0.00942191028595 0.0279491825104 -0.0225899906158
v 0.0081915178299 0.0255641765594 -0.0225899906158
v 0.00866025257111 0.0262999420166 -0.0225899906158
v 0.00335075950623 0.021878030777 -0.0225899906158
v 0.00906307697296 0.027073759079 -0.0225899906158
v 0.00939692592621 0.0278797397614 -0.0225899906158
v 0.00766044330597 0.0248720664978 -0.0225899906158
v 0.00707106685638 0.0242288742065 -0.0225899906158
v 0.00642787456512 0.023639497757 -0.0225899906158
v 0.00573576259613 0.0231084213257 -0.0225899906158
v 0.00499999904633 0.0226396865845 -0.0225899906158
v 0.00422618198395 0.02223686409 -0.0225899906158
v 0.0034202003479 0.0219030151367 -0.0225899906158
v -0.00819152164459 0.0255641765594 -0.0225899906158
v -0.00173648262024 0.0214518642426 -0.0225899906158
v -0.000871558189392 0.0213379955292 -0.0225899906158
v -0.00500000095367 0.0226396865845 -0.0225899906158
v -0.00422618293762 0.02223686409 -0.0225899906158
v -0.00866025447845 0.0262999420166 -0.0225899906158
v -9.53662834036e-10 0.0212999420166 -0.0225899906158
v 0.000871556282043 0.0213379955292 -0.0225899906158
v 0.00173648071289 0.0214518642426 -0.0225899906158
v 0.00258818912506 0.0216406822205 -0.0225899906158
v -0.00342020320892 0.0219030151367 -0.0225899906158
v -0.00906307888031 0.027073759079 -0.0225899906158
v -0.00939692687988 0.0278797397614 -0.0225899906158
v -0.00258819198608 0.0216406822205 -0.0225899906158
v -0.00573576545715 0.0231084213257 -0.0225899906158
v -0.00642787694931 0.023639497757 -0.0225899906158
v -0.00707106876373 0.0242288742065 -0.0225899906158
v -0.00766044569016 0.0248720664978 -0.0225899906158
v -0.0347980766296 0.0382999420166 0.00891000843048
v -0.0345033340454 0.0382999420166 0.0100100078583
v -0.00849209499359 0.0382999420166 0.00891000843048
v -0.00887073898315 0.0382999420166 0.0100100078583
v -0.0278362884521 0.0432980194092 0.00891000843048
v -0.00946371459961 0.0432980194092 0.00891000843048
v -0.00570192432404 0.0407128944397 0.00891000843048
v -0.00570192432404 0.0432980194092 0.00891000843048
v -0.00713628768921 0.0432980194092 0.00891000843048
v -0.0301637153625 0.0432980194092 0.00891000843048
v -0.0312000026703 0.0416999435425 0.00891000843048
v -0.0312000026703 0.0432980194092 0.00891000843048
v -0.00617441701889 0.0404099502563 0.00891000843048
v -0.00692379760742 0.0398542785645 0.00891000843048
v -0.00762342262268 0.0392371368408 0.00891000843048
v -0.0312076129913 0.0415256309509 0.00891000843048
v -0.031230386734 0.041352645874 0.00891000843048
v -0.0312681503296 0.0411823043823 0.00891000843048
v -0.0313206176758 0.0410159034729 0.00891000843048
v -0.00932421302795 0.0433832435608 0.00891000843048
v -0.0091650390625 0.0434635009766 0.00891000843048
v -0.00899963283539 0.0435299720764 0.00891000843048
v -0.00882918453217 0.0435821723938 0.00891000843048
v -0.00865492248535 0.0436197319031 0.00891000843048
v -0.0084781036377 0.043642375946 0.00891000843048
v -0.00830000114441 0.0436499404907 0.00891000843048
v -0.00812189865112 0.043642375946 0.00891000843048
v -0.00794507980347 0.0436197319031 0.00891000843048
v -0.00777081823349 0.0435821723938 0.00891000843048
v -0.00760036993027 0.0435299720764 0.00891000843048
v -0.00743496274948 0.0434635009766 0.00891000843048
v -0.00727578878403 0.0433832435608 0.00891000843048
v -0.00826826667786 0.0385629615784 0.00891000843048
v -0.0347980766296 0.0396999435425 0.00891000843048
v -0.0332000007629 0.0396999435425 0.00891000843048
v -0.0330256881714 0.0397075538635 0.00891000843048
v -0.0300242137909 0.0433832435608 0.00891000843048
v -0.0298650398254 0.0434635009766 0.00891000843048
v -0.029699634552 0.0435299720764 0.00891000843048
v -0.0295291843414 0.0435821762085 0.00891000843048
v -0.0293549232483 0.0436197319031 0.00891000843048
v -0.0291781044006 0.043642375946 0.00891000843048
v -0.0290000019073 0.0436499443054 0.00891000843048
v -0.0288218994141 0.043642375946 0.00891000843048
v -0.0286450805664 0.0436197319031 0.00891000843048
v -0.0284708175659 0.0435821762085 0.00891000843048
v -0.0283003692627 0.0435299720764 0.00891000843048
v -0.0281349620819 0.0434635009766 0.00891000843048
v -0.0279757900238 0.0433832435608 0.00891000843048
v -0.0315616970062 0.0405527877808 0.00891000843048
v -0.0316679134369 0.0404143676758 0.00891000843048
v -0.0317857894897 0.0402857284546 0.00891000843048
v -0.0319144268036 0.0401678543091 0.00891000843048
v -0.031387386322 0.0408547058105 0.00891000843048
v -0.0314679508209 0.0406999435425 0.00891000843048
v -0.0320528488159 0.0400616378784 0.00891000843048
v -0.0322000007629 0.0399678916931 0.00891000843048
v -0.032354763031 0.0398873252869 0.00891000843048
v -0.0325159606934 0.0398205566406 0.00891000843048
v -0.0326823616028 0.0397680892944 0.00891000843048
v -0.0328527069092 0.0397303276062 0.00891000843048
v -0.00932421302795 0.0433832435608 0.00859194755554
v -0.0090830411911 0.0434984893799 0.00816182899475
v -0.0091650390625 0.0434635009766 0.00829241752625
v -0.00891496276855 0.0435578804016 0.00794018363953
v -0.00899963283539 0.0435299720764 0.00804434680939
v -0.00869877719879 0.0436117324829 0.00773921203613
v -0.00874245166779 0.0436028022766 0.00777253723145
v -0.00878592777252 0.0435929489136 0.00780931282043
v -0.00882918453217 0.0435821723938 0.00784952545166
v -0.00852247905731 0.0436381225586 0.00764071559906
v -0.00856675338745 0.0436329307556 0.00766009616852
v -0.0086109085083 0.0436267967224 0.00768297958374
v -0.00865492248535 0.0436197319031 0.00770935535431
v -0.00834457683563 0.0436494674683 0.00759837627411
v -0.00838913249969 0.0436480484009 0.00760367202759
v -0.00843364810944 0.0436456832886 0.00761249732971
v -0.0084781036377 0.043642375946 0.00762484836578
v -0.00821086978912 0.0436480484009 0.00760367202759
v -0.00825542545319 0.0436494674683 0.00759837627411
v -0.00830000114441 0.0436499404907 0.00759661006927
v -0.00803324890137 0.0436329307556 0.00766009616852
v -0.00807752418518 0.0436381225586 0.00764071559906
v -0.00812189865112 0.043642375946 0.00762484836578
v -0.00816635417938 0.0436456832886 0.00761249732971
v -0.00777081823349 0.0435821723938 0.00784952545166
v -0.00781407403946 0.0435929489136 0.00780931282043
v -0.00785754966736 0.0436028022766 0.00777253723145
v -0.00790122509003 0.0436117324829 0.00773921203613
v -0.00794507980347 0.0436197319031 0.00770935535431
v -0.00798909378052 0.0436267967224 0.00768297958374
v -0.00743496274948 0.0434635009766 0.00829241752625
v -0.00751696062088 0.0434984893799 0.00816182899475
v -0.00760036993027 0.0435299720764 0.00804434680939
v -0.00768503952026 0.0435578804016 0.00794018363953
v -0.00727578878403 0.0433832435608 0.00859194755554
v -0.0300242137909 0.0433832435608 0.00859194755554
v -0.0297830429077 0.0434984931946 0.00816182899475
v -0.0298650398254 0.0434635009766 0.00829241752625
v -0.0296149635315 0.0435578842163 0.00794018363953
v -0.029699634552 0.0435299720764 0.00804434680939
v -0.0293987770081 0.0436117324829 0.00773921203613
v -0.0294424533844 0.0436028022766 0.00777253723145
v -0.0294859294891 0.0435929489136 0.00780931282043
v -0.0295291843414 0.0435821762085 0.00784952545166
v -0.0292224807739 0.0436381225586 0.00764071559906
v -0.0292667541504 0.0436329307556 0.00766009616852
v -0.0293109092712 0.0436268005371 0.00768297958374
v -0.0293549232483 0.0436197319031 0.00770935535431
v -0.0290445785522 0.0436494674683 0.00759837627411
v -0.029089132309 0.0436480522156 0.00760367202759
v -0.0291336479187 0.0436456871033 0.00761249732971
v -0.0291781044006 0.043642375946 0.00762484836578
v -0.0289108695984 0.0436480522156 0.00760367202759
v -0.0289554271698 0.0436494674683 0.00759837627411
v -0.0290000019073 0.0436499443054 0.00759661006927
v -0.028733247757 0.0436329307556 0.00766009616852
v -0.0287775230408 0.0436381225586 0.00764071559906
v -0.0288218994141 0.043642375946 0.00762484836578
v -0.028866355896 0.0436456871033 0.00761249732971
v -0.0284708175659 0.0435821762085 0.00784952545166
v -0.0285140743256 0.0435929489136 0.00780931282043
v -0.0285575504303 0.0436028022766 0.00777253723145
v -0.0286012268066 0.0436117324829 0.00773921203613
v -0.0286450805664 0.0436197319031 0.00770935535431
v -0.0286890945435 0.0436268005371 0.00768297958374
v -0.0281349620819 0.0434635009766 0.00829241752625
v -0.028216960907 0.0434984931946 0.00816182899475
v -0.0283003692627 0.0435299720764 0.00804434680939
v -0.0283850402832 0.0435578842163 0.00794018363953
v -0.0279757900238 0.0433832435608 0.00859194755554
v -0.00530000114441 0.0404836578369 0.00741000747681
v -0.00530000114441 0.0436999435425 0.00741000747681
v -0.0312000026703 0.0436999435425 0.00741000747681
v -0.0320528488159 0.0400616378784 0.00741000747681
v -0.0322000007629 0.0399678916931 0.00741000747681
v -0.032354763031 0.0398873252869 0.00741000747681
v -0.0325159606934 0.0398205566406 0.00741000747681
v -0.0326823616028 0.0397680892944 0.00741000747681
v -0.0328527069092 0.0397303276062 0.00741000747681
v -0.0330256881714 0.0397075538635 0.00741000747681
v -0.0332000007629 0.0396999435425 0.00741000747681
v -0.0332000007629 0.0436999435425 0.00741000747681
v -0.0312000026703 0.0416999435425 0.00741000747681
v -0.0312076129913 0.0415256309509 0.00741000747681
v -0.031230386734 0.041352645874 0.00741000747681
v -0.0312681503296 0.0411823043823 0.00741000747681
v -0.0313206176758 0.0410159034729 0.00741000747681
v -0.031387386322 0.0408547058105 0.00741000747681
v -0.0314679508209 0.0406999435425 0.00741000747681
v -0.0315616970062 0.0405527877808 0.00741000747681
v -0.0316679134369 0.0404143676758 0.00741000747681
v -0.0317857894897 0.0402857284546 0.00741000747681
v -0.0319144268036 0.0401678543091 0.00741000747681
v -0.0351923904419 0.041874256134 0.00741000747681
v -0.0351696166992 0.0420472373962 0.00741000747681
v -0.0351318511963 0.0422175827026 0.00741000747681
v -0.0350793876648 0.0423839836121 0.00741000747681
v -0.0350126152039 0.0425451774597 0.00741000747681
v -0.0349320526123 0.0426999435425 0.00741000747681
v -0.034838306427 0.0428470954895 0.00741000747681
v -0.0347320899963 0.0429855194092 0.00741000747681
v -0.0346142158508 0.0431141548157 0.00741000747681
v -0.0344855766296 0.0432320327759 0.00741000747681
v -0.03434715271 0.0433382453918 0.00741000747681
v -0.0342000007629 0.0434319915771 0.00741000747681
v -0.0340452384949 0.0435125579834 0.00741000747681
v -0.0338840408325 0.0435793266296 0.00741000747681
v -0.0337176399231 0.0436317939758 0.00741000747681
v -0.0335472984314 0.0436695594788 0.00741000747681
v -0.0333743133545 0.0436923332214 0.00741000747681
v 0.00719999980927 0.0436999435425 -0.0213899917603
v 0.00719999980927 0.0436999435425 0.00741000747681
v 0.0101999998093 0.0406999397278 -0.0213899917603
v 0.0101999998093 0.0406999397278 0.00741000747681
v -0.0115500011444 0.0377999420166 -0.0228899917603
v -0.00888063430786 0.0377999420166 -0.0228899917603
v -0.0115500011444 0.0377999420166 -0.0213899917603
v -0.00863019180298 0.0377999420166 -0.0221395454407
v -0.00837738990784 0.0377999420166 -0.0213899917603
v -0.0115500011444 0.0413999404907 -0.0213899917603
v -0.0115500011444 0.0413999404907 -0.0228899917603
v -0.0165500011444 0.0413999404907 -0.0213899917603
v -0.0165500011444 0.0413999404907 -0.0228899936676
v -0.00530000114441 0.0409449234009 -0.0228899917603
v -0.00530000114441 0.0404836578369 -0.0213899917603
v 0.00659999752045 0.0436999435425 -0.0213899917603
v -0.00839712524414 0.0384135856628 -0.0228899917603
v -0.00597089576721 0.0405446205139 -0.0228899917603
v -0.00575283241272 0.040206993103 -0.0213899917603
v -0.00663471984863 0.0400803833008 -0.0228899917603
v -0.00639241266251 0.0397597122192 -0.0213899917603
v -0.00726259803772 0.0395685768127 -0.0228899917603
v -0.00699736022949 0.0392665977478 -0.0213899917603
v -0.00785112953186 0.0390119743347 -0.0228899917603
v -0.00756439828873 0.0387303237915 -0.0213899917603
v -0.00809045314789 0.0381537895203 -0.0213899917603
v -0.00932421302795 0.0192166404724 -0.022571931839
v -0.00932421302795 0.0192166404724 -0.0228899917603
v -0.0091650390625 0.0191363830566 -0.0228899917603
v -0.00946371459961 0.019301864624 -0.0228899917603
v -0.00899963283539 0.0190699119568 -0.0228899917603
v -0.0090830411911 0.019101392746 -0.0221418132782
v -0.0091650390625 0.0191363830566 -0.0222724018097
v -0.00882918357849 0.0190177097321 -0.0228899917603
v -0.00891496276855 0.0190420017242 -0.021920167923
v -0.00899963283539 0.0190699119568 -0.0220243301392
v -0.00869877719879 0.0189881515503 -0.0217191963196
v -0.00874245166779 0.0189970817566 -0.0217525215149
v -0.00865492248535 0.0189801521301 -0.0228899917603
v -0.00878592777252 0.0190069351196 -0.0217892971039
v -0.00882918357849 0.0190177097321 -0.0218295097351
v -0.00852247810364 0.0189617595673 -0.0216206989288
v -0.00856675338745 0.0189669532776 -0.0216400794983
v -0.0084781036377 0.0189575080872 -0.0228899917603
v -0.00861090755463 0.0189730854034 -0.0216629638672
v -0.00865492248535 0.0189801521301 -0.0216893386841
v -0.00834457683563 0.0189504146576 -0.0215783596039
v -0.00838913249969 0.018951833725 -0.021583656311
v -0.00830000114441 0.0189499416351 -0.0228899917603
v -0.00843364810944 0.0189541988373 -0.0215924816132
v -0.0084781036377 0.0189575080872 -0.0216048316956
v -0.00821086883545 0.018951833725 -0.021583656311
v -0.00825542449951 0.0189504146576 -0.0215783596039
v -0.00830000114441 0.0189499416351 -0.021576593399
v -0.00803324794769 0.0189669532776 -0.0216400794983
v -0.00807752323151 0.0189617595673 -0.0216206989288
v -0.00812189865112 0.0189575080872 -0.0228899917603
v -0.00812189865112 0.0189575080872 -0.0216048316956
v -0.00816635417938 0.0189541988373 -0.0215924816132
v -0.00777081823349 0.0190177097321 -0.0228899917603
v -0.00777081823349 0.0190177097321 -0.0218295097351
v -0.00794507980347 0.0189801521301 -0.0228899917603
v -0.00781407403946 0.0190069351196 -0.0217892971039
v -0.00785754966736 0.0189970817566 -0.0217525215149
v -0.00790122509003 0.0189881515503 -0.0217191963196
v -0.00794507980347 0.0189801521301 -0.0216893386841
v -0.00798909378052 0.0189730854034 -0.0216629638672
v -0.00743496274948 0.0191363830566 -0.0222724018097
v -0.00751696062088 0.019101392746 -0.0221418132782
v -0.00760036993027 0.0190699119568 -0.0228899917603
v -0.00760036993027 0.0190699119568 -0.0220243301392
v -0.00768503952026 0.0190420017242 -0.021920167923
v -0.00713628768921 0.019301864624 -0.0228899917603
v -0.00727578878403 0.0192166404724 -0.022571931839
v -0.00727578878403 0.0192166404724 -0.0228899917603
v -0.00743496274948 0.0191363830566 -0.0228899917603
v -0.0348198738098 0.021624502182 -0.0228086509705
v -0.0347980766296 0.021696231842 -0.0228899936676
v -0.0348390922546 0.0215520401001 -0.0228899936676
v -0.0348672790527 0.021419210434 -0.0226317272186
v -0.0348588409424 0.0214636859894 -0.0226632232666
v -0.0348747596741 0.0213745632172 -0.0228899936676
v -0.0348494415283 0.0215079689026 -0.0226982936859
v -0.0348390922546 0.0215520401001 -0.0227369174957
v -0.0348913993835 0.0212398014069 -0.0225417041779
v -0.0348868217468 0.0212848377228 -0.0225587902069
v -0.0348950080872 0.0211946754456 -0.0228899936676
v -0.034881275177 0.0213297672272 -0.0225794963837
v -0.0348747596741 0.0213745632172 -0.022603811264
v -0.0348999824524 0.0210589809418 -0.0225096797943
v -0.0348992996216 0.0211042461395 -0.0225122280121
v -0.0348996887207 0.0210137138367 -0.0228899936676
v -0.0348976402283 0.0211494846344 -0.0225184173584
v -0.0348950080872 0.0211946754456 -0.0225282440186
v -0.0348964767456 0.0209283561707 -0.0225227546692
v -0.03489793396 0.0209567947388 -0.0225173225403
v -0.0348990020752 0.0209852485657 -0.0225133266449
v -0.0348996887207 0.0210137138367 -0.0225107746124
v -0.0348887672424 0.0208330192566 -0.0228899936676
v -0.034862323761 0.0206539382935 -0.0228899936676
v -0.034862323761 0.0206539382935 -0.0225826511383
v -0.0348789100647 0.0207530574799 -0.0225643882751
v -0.0348887672424 0.0208330192566 -0.0225465869904
v -0.0348946380615 0.0208999423981 -0.0225296268463
v -0.0347958564758 0.0203968219757 -0.0226093120575
v -0.0348205566406 0.0204777984619 -0.0228899936676
v -0.0347719345093 0.0203278064728 -0.0226110610962
v -0.0347637786865 0.0203059101105 -0.0228899936676
v -0.0348173522949 0.020466588974 -0.0226051502228
v -0.0348205566406 0.0204777984619 -0.0226042613983
v -0.0348530693054 0.02060846138 -0.0225895824432
v -0.0346924057007 0.0201395511627 -0.0228899936676
v -0.034716999054 0.0201925544739 -0.022607301712
v -0.0347637786865 0.0203059101105 -0.0226111087799
v -0.034606967926 0.0199799575806 -0.0228899936676
v -0.0346526908875 0.0200612316132 -0.0225938777924
v -0.0346924057007 0.0201395511627 -0.0226030921936
v -0.0345081062317 0.0198283138275 -0.0228899936676
v -0.0345791244507 0.0199342708588 -0.0225708236694
v -0.034606967926 0.0199799575806 -0.0225803279877
v -0.0343965530396 0.0196857471466 -0.0228899936676
v -0.0343964805603 0.019685667038 -0.0224920330048
v -0.0344046554565 0.0196952896118 -0.0224960327148
v -0.0344514884949 0.0197527961731 -0.0225182132721
v -0.0344963607788 0.0198120574951 -0.0225381622314
v -0.0345081062317 0.0198283138275 -0.0225431442261
v -0.0343039588928 0.0195842971802 -0.0224444770813
v -0.0342731323242 0.0195533180237 -0.0228899936676
v -0.0342729148865 0.0195531044006 -0.0224276828766
v -0.0341944389343 0.0194797382355 -0.0223836517334
v -0.0341387672424 0.0194320106506 -0.0228899936676
v -0.0341384735107 0.01943176651 -0.0223510360718
v -0.0340762443542 0.0193822479248 -0.0223137359619
v -0.0339944534302 0.019322725296 -0.0228899936676
v -0.0339944534302 0.019322725296 -0.0222632751465
v -0.0339491081238 0.0192922286987 -0.022234670639
v -0.0338412666321 0.0192262744904 -0.0228899936676
v -0.0338412666321 0.0192262744904 -0.0221650905609
v -0.0338143081665 0.019211145401 -0.0221473865509
v -0.0336803398132 0.0191433734894 -0.0228899936676
v -0.0336803398132 0.0191433734894 -0.0220578079224
v -0.0336716308594 0.019139377594 -0.0220519008636
v -0.0335128746033 0.0190746421814 -0.0228899936676
v -0.0335213088989 0.0190777072906 -0.021948507309
v -0.0333401107788 0.0190205860138 -0.0228899936676
v -0.0333638572693 0.0190270557404 -0.0218376903534
v -0.0335128135681 0.0190746192932 -0.0219425888062
v -0.0331633300781 0.0189816112518 -0.0228899936676
v -0.0332000007629 0.0189883899689 -0.0217200813293
v -0.0333399810791 0.0190205535889 -0.0218206882477
v -0.0330289039612 0.0189624557495 -0.021623292923
v -0.0330738449097 0.018967874527 -0.0216435165405
v -0.0329838523865 0.0189580059052 -0.0228899936676
v -0.0331186637878 0.0189742603302 -0.0216673526764
v -0.0331633300781 0.0189816112518 -0.0216947879791
v -0.032848274231 0.0189504966736 -0.021578666687
v -0.0328935165405 0.0189520263672 -0.0215843696594
v -0.0328030090332 0.0189499454498 -0.0228899936676
v -0.0329387168884 0.0189545288086 -0.021593711853
v -0.0329838523865 0.0189580059052 -0.0216066894531
v -0.0327124938965 0.0189517669678 -0.0215834026337
v -0.0327577438354 0.0189503669739 -0.0215781822205
v -0.0328030090332 0.0189499454498 -0.0215766029358
v -0.0325321235657 0.0189670982361 -0.0216406211853
v -0.0325770797729 0.018961807251 -0.0216208782196
v -0.0326221427917 0.0189574871063 -0.0228899936676
v -0.0326221427917 0.0189574871063 -0.0216047554016
v -0.0326672897339 0.0189541397095 -0.0215922622681
v -0.0322657089233 0.0190190486908 -0.0228899936676
v -0.0322657089233 0.0190190486908 -0.0218345012665
v -0.0324425964355 0.0189805793762 -0.0228899936676
v -0.0323096084595 0.0190080032349 -0.0217932796478
v -0.0323537368774 0.0189979076385 -0.0217555999756
v -0.0323980751038 0.0189887638092 -0.0217214794159
v -0.0324425964355 0.0189805793762 -0.0216909351349
v -0.032487285614 0.0189733562469 -0.0216639766693
v -0.0319251251221 0.0191408596039 -0.0222891101837
v -0.0320082244873 0.019104927063 -0.0221550045013
v -0.032092792511 0.0190726070404 -0.0228899936676
v -0.032092792511 0.0190726070404 -0.0220343875885
v -0.0321786727905 0.019043964386 -0.021927488327
v -0.0316362857819 0.0193018665314 -0.0228899936676
v -0.031763961792 0.0192232990265 -0.0225967750549
v -0.031763961792 0.0192232990265 -0.0228899936676
v -0.0319251251221 0.0191408596039 -0.0228899936676
v -0.0329000015259 0.0207999420166 0.00731000804901
v -0.032 0.0207999420166 0.00821000766754
v -0.0329000015259 0.0212999420166 0.00731000804901
v -0.032 0.0212999420166 0.00821000766754
v -0.0329500007629 0.021349943161 0.00731000804901
v -0.0329500007629 0.0222499427795 0.00821000766754
v -0.0334500007629 0.021349943161 0.00731000804901
v -0.0334500007629 0.0222499427795 0.00821000766754
v -0.0329500007629 0.019849943161 0.00821000766754
v -0.0329500007629 0.0207499427795 0.00731000804901
v -0.0334500007629 0.019849943161 0.00821000766754
v -0.0334500007629 0.0207499427795 0.00731000804901
v -0.0344000015259 0.0207999420166 0.00821000766754
v -0.0335 0.0207999420166 0.00731000804901
v -0.0344000015259 0.0212999420166 0.00821000766754
v -0.0335 0.0212999420166 0.00731000804901
v -0.0329500007629 0.0212999420166 0.00731000804901
v -0.0334500007629 0.0212999420166 0.00731000804901
v -0.0334500007629 0.0207999420166 0.00731000804901
v -0.0329500007629 0.0207999420166 0.00731000804901
v -0.0320239868164 0.0207999420166 0.0088077249527
v -0.0320228042603 0.0207999420166 0.00880762290955
v -0.032 0.0207999420166 0.00880520534515
v -0.0344000015259 0.0207999420166 0.00880520534515
v -0.0343759841919 0.0207999420166 0.00880772686005
v -0.0343455810547 0.0207999420166 0.00880958461761
v -0.0343224983215 0.0207999420166 0.00881000709534
v -0.0334500007629 0.0207999420166 0.00881000709534
v -0.0343455810547 0.0212999420166 0.00880958461761
v -0.0343759841919 0.0212999420166 0.00880772686005
v -0.0344000015259 0.0212999420166 0.00880520534515
v -0.032 0.0212999420166 0.00880520534515
v -0.0320228042603 0.0212999420166 0.00880762290955
v -0.0320239868164 0.0212999420166 0.0088077249527
v -0.0329500007629 0.0222259540558 0.0088077249527
v -0.0329500007629 0.0222271404266 0.00880762290955
v -0.0329500007629 0.0222499427795 0.00880520534515
v -0.0334500007629 0.0222499427795 0.00880520534515
v -0.0334500007629 0.0222271404266 0.00880762290955
v -0.0334500007629 0.0222259540558 0.0088077249527
v -0.0329500007629 0.019849943161 0.00880520534515
v -0.0329500007629 0.0198739566803 0.00880772686005
v -0.0329500007629 0.0199043636322 0.00880958461761
v -0.0334500007629 0.019927444458 0.00881000709534
v -0.0334500007629 0.0199043636322 0.00880958461761
v -0.0334500007629 0.0198739566803 0.00880772686005
v -0.0334500007629 0.019849943161 0.00880520534515
v -0.0344000015259 0.0208370895386 0.00880605792999
v -0.0344000015259 0.0209431095123 0.0088075056076
v -0.0344000015259 0.0212627944946 0.00880605792999
v -0.0344000015259 0.0211567745209 0.0088075056076
v -0.0344000015259 0.0210499420166 0.00880792045593
v -0.032 0.0208370895386 0.00880605792999
v -0.032 0.0209431095123 0.0088075056076
v -0.032 0.0210499420166 0.00880792045593
v -0.032 0.0211567745209 0.0088075056076
v -0.032 0.0212627944946 0.00880605792999
v -0.0329871482849 0.0222499427795 0.00880605792999
v -0.033093170166 0.0222499427795 0.0088075056076
v -0.0332000007629 0.0222499427795 0.00880792045593
v -0.0333068313599 0.0222499427795 0.0088075056076
v -0.033412853241 0.0222499427795 0.00880605792999
v -0.0329871482849 0.019849943161 0.00880605792999
v -0.033093170166 0.019849943161 0.0088075056076
v -0.033412853241 0.019849943161 0.00880605792999
v -0.0333068313599 0.019849943161 0.0088075056076
v -0.0332000007629 0.019849943161 0.00880792045593
v -0.0343108139038 0.0207523002625 0.00881000709534
v -0.0337750015259 0.0200540122986 0.00881000709534
v -0.0336860122681 0.0200076885223 0.00881000709534
v -0.0335933265686 0.0199692955017 0.00881000709534
v -0.0334976425171 0.0199391269684 0.00881000709534
v -0.0342806472778 0.0206566200256 0.00881000709534
v -0.0342422561646 0.0205639324188 0.00881000709534
v -0.034195930481 0.020474943161 0.00881000709534
v -0.0340131759644 0.0202367706299 0.00881000709534
v -0.0339392051697 0.0201689910889 0.00881000709534
v -0.0338596153259 0.0201079177856 0.00881000709534
v -0.0341420249939 0.020390329361 0.00881000709534
v -0.0340809516907 0.0203107357025 0.00881000709534
v -0.0319648666382 0.0212677307129 0.0088008928299
v -0.0329822120667 0.0198148078918 0.0088008928299
v -0.0344351348877 0.0208321552277 0.0088008928299
v -0.0334177894592 0.0222850780487 0.0088008928299
v -0.0328888244629 0.0222112693787 0.0088077249527
v -0.0328753929138 0.0222613964081 0.0088008928299
v -0.0335246086121 0.0222613964081 0.0088008928299
v -0.033511177063 0.0222112693787 0.0088077249527
v -0.034361328125 0.0213611183167 0.0088077249527
v -0.0344114532471 0.0213745498657 0.0088008928299
v -0.0344114532471 0.0207253341675 0.0088008928299
v -0.034361328125 0.0207387657166 0.0088077249527
v -0.033511177063 0.0198886165619 0.0088077249527
v -0.0335246086121 0.0198384895325 0.0088008928299
v -0.0328753929138 0.0198384895325 0.0088008928299
v -0.0328888244629 0.0198886165619 0.0088077249527
v -0.0320386772156 0.0207387657166 0.0088077249527
v -0.0319885482788 0.0207253341675 0.0088008928299
v -0.0319885482788 0.0213745498657 0.0088008928299
v -0.0320386772156 0.0213611183167 0.0088077249527
v -0.0349500007629 0.0210499420166 0.00821000766754
v -0.0349433403015 0.0208974189758 0.00821000766754
v -0.0349477157593 0.0210499420166 0.00826230049133
v -0.0349410667419 0.0208976192474 0.00826230049133
v -0.0349408836365 0.0210499420166 0.00831419658661
v -0.034934261322 0.0208982143402 0.00831419658661
v -0.0349295578003 0.0210499420166 0.00836529922485
v -0.0349229774475 0.0208992023468 0.00836529922485
v -0.0349138183594 0.0210499420166 0.00841522026062
v -0.0349072952271 0.0209005737305 0.00841522026062
v -0.034893787384 0.0210499420166 0.00846357822418
v -0.0348873405457 0.0209023189545 0.00846357822418
v -0.0348696174622 0.0210499420166 0.00851000785828
v -0.0348632621765 0.0209044265747 0.00851000785828
v -0.0348414916992 0.0210499420166 0.00855415439606
v -0.0348352470398 0.0209068775177 0.00855415439606
v -0.034809627533 0.0210499420166 0.00859568023682
v -0.0348035011292 0.0209096546173 0.00859568023682
v -0.0347742652893 0.0210499420166 0.00863427257538
v -0.0347682723999 0.0209127368927 0.00863427257538
v -0.0347356719971 0.0210499420166 0.00866963481903
v -0.0347298278809 0.0209160995483 0.00866963481903
v -0.0346941452026 0.0210499420166 0.00870149898529
v -0.0346884613037 0.020919719696 0.00870149898529
v -0.0346500015259 0.0210499420166 0.00872962284088
v -0.0346444816589 0.0209235668182 0.00872962284088
v -0.0346035728455 0.0210499420166 0.00875379276276
v -0.0345982322693 0.0209276123047 0.00875379276276
v -0.0345552139282 0.0210499420166 0.0087738237381
v -0.0345500564575 0.0209318275452 0.0087738237381
v -0.0345052909851 0.0210499420166 0.00878956222534
v -0.0345003242493 0.0209361801147 0.00878956222534
v -0.0344541893005 0.0210499420166 0.0088008928299
v -0.0344494171143 0.0209406337738 0.0088008928299
v -0.034923412323 0.0207460575104 0.00821000766754
v -0.0349211654663 0.0207464542389 0.00826230049133
v -0.0349144363403 0.0207476406097 0.00831419658661
v -0.0349032821655 0.0207496089935 0.00836529922485
v -0.0348877792358 0.0207523422241 0.00841522026062
v -0.0348680534363 0.020755821228 0.00846357822418
v -0.0348442497253 0.020760017395 0.00851000785828
v -0.0348165550232 0.0207649002075 0.00855415439606
v -0.0347851753235 0.0207704334259 0.00859568023682
v -0.0347503471375 0.0207765750885 0.00863427257538
v -0.0347123413086 0.0207832756042 0.00866963481903
v -0.0346714477539 0.0207904872894 0.00870149898529
v -0.0346279716492 0.0207981529236 0.00872962284088
v -0.0345822486877 0.0208062152863 0.00875379276276
v -0.0345346221924 0.0208146133423 0.0087738237381
v -0.0344854621887 0.0208232803345 0.00878956222534
v -0.0348903694153 0.0205970096588 0.00821000766754
v -0.0348881645203 0.0205975990295 0.00826230049133
v -0.034881565094 0.0205993690491 0.00831419658661
v -0.0348706207275 0.0206023006439 0.00836529922485
v -0.0348554191589 0.0206063747406 0.00841522026062
v -0.0348360710144 0.0206115589142 0.00846357822418
v -0.0348127250671 0.0206178150177 0.00851000785828
v -0.0347855606079 0.0206250934601 0.00855415439606
v -0.0347547798157 0.0206333408356 0.00859568023682
v -0.0347206230164 0.0206424922943 0.00863427257538
v -0.0346833457947 0.0206524810791 0.00866963481903
v -0.0346432342529 0.0206632289886 0.00870149898529
v -0.0346005935669 0.020674654007 0.00872962284088
v -0.0345557441711 0.0206866722107 0.00875379276276
v -0.0345090332031 0.0206991882324 0.0087738237381
v -0.0344608154297 0.0207121086121 0.00878956222534
v -0.0336529350281 0.0193595714569 0.00821000766754
v -0.0335038871765 0.0193265285492 0.00821000766754
v -0.03365234375 0.0193617782593 0.00826230049133
v -0.033503490448 0.0193287773132 0.00826230049133
v -0.0336505737305 0.0193683776855 0.00831419658661
v -0.0335023040771 0.0193355064392 0.00831419658661
v -0.033647644043 0.0193793201447 0.00836529922485
v -0.0335003356934 0.0193466625214 0.00836529922485
v -0.0336435699463 0.0193945236206 0.00841522026062
v -0.0334976005554 0.0193621635437 0.00841522026062
v -0.0336383857727 0.0194138717651 0.00846357822418
v -0.0334941253662 0.0193818912506 0.00846357822418
v -0.0336321296692 0.0194372177124 0.00851000785828
v -0.0334899291992 0.0194056930542 0.00851000785828
v -0.0336248512268 0.019464384079 0.00855415439606
v -0.033485042572 0.0194333896637 0.00855415439606
v -0.0336166038513 0.0194951629639 0.00859568023682
v -0.033479511261 0.0194647693634 0.00859568023682
v -0.0336074523926 0.0195293197632 0.00863427257538
v -0.0334733695984 0.0194995937347 0.00863427257538
v -0.0335974617004 0.0195665969849 0.00866963481903
v -0.0334666671753 0.0195375995636 0.00866963481903
v -0.0335867156982 0.0196067085266 0.00870149898529
v -0.0334594573975 0.019578496933 0.00870149898529
v -0.0335752906799 0.01964935112 0.00872962284088
v -0.033451789856 0.0196219711304 0.00872962284088
v -0.0335632705688 0.019694196701 0.00875379276276
v -0.0334437294006 0.0196676940918 0.00875379276276
v -0.0335507545471 0.0197409076691 0.0087738237381
v -0.033435333252 0.0197153186798 0.0087738237381
v -0.0335378341675 0.0197891273499 0.00878956222534
v -0.0334266624451 0.0197644805908 0.00878956222534
v -0.0334177894592 0.0198148078918 0.0088008928299
v -0.0333525238037 0.0193066005707 0.00821000766754
v -0.0333523254395 0.0193088760376 0.00826230049133
v -0.0333517303467 0.0193156833649 0.00831419658661
v -0.0333507423401 0.0193269691467 0.00836529922485
v -0.0333493690491 0.0193426475525 0.00841522026062
v -0.0333476219177 0.0193626041412 0.00846357822418
v -0.0333455162048 0.019386680603 0.00851000785828
v -0.0333430671692 0.0194146976471 0.00855415439606
v -0.0333402900696 0.0194464416504 0.00859568023682
v -0.0333372077942 0.0194816684723 0.00863427257538
v -0.0333338432312 0.0195201129913 0.00866963481903
v -0.0333302230835 0.0195614814758 0.00870149898529
v -0.0333263778687 0.0196054592133 0.00872962284088
v -0.0333223304749 0.0196517124176 0.00875379276276
v -0.0333181152344 0.0196998882294 0.0087738237381
v -0.0333137626648 0.0197496185303 0.00878956222534
v -0.0333093109131 0.0198005256653 0.0088008928299
v -0.0332000007629 0.0192999420166 0.00821000766754
v -0.0332000007629 0.0193022251129 0.00826230049133
v -0.0332000007629 0.0193090572357 0.00831419658661
v -0.0332000007629 0.0193203868866 0.00836529922485
v -0.0332000007629 0.0193361263275 0.00841522026062
v -0.0332000007629 0.0193561573029 0.00846357822418
v -0.0332000007629 0.0193803272247 0.00851000785828
v -0.0332000007629 0.0194084510803 0.00855415439606
v -0.0332000007629 0.0194403152466 0.00859568023682
v -0.0332000007629 0.0194756774902 0.00863427257538
v -0.0332000007629 0.0195142688751 0.00866963481903
v -0.0332000007629 0.0195557956696 0.00870149898529
v -0.0332000007629 0.019599943161 0.00872962284088
v -0.0332000007629 0.0196463718414 0.00875379276276
v -0.0332000007629 0.0196947307587 0.0087738237381
v -0.0332000007629 0.0197446498871 0.00878956222534
v -0.0332000007629 0.019795753479 0.0088008928299
v -0.0330474777222 0.0193066005707 0.00821000766754
v -0.0330476760864 0.0193088760376 0.00826230049133
v -0.0330482711792 0.0193156833649 0.00831419658661
v -0.0330492591858 0.0193269691467 0.00836529922485
v -0.0330506324768 0.0193426475525 0.00841522026062
v -0.0330523757935 0.0193626041412 0.00846357822418
v -0.033054485321 0.019386680603 0.00851000785828
v -0.0330569343567 0.0194146976471 0.00855415439606
v -0.0330597114563 0.0194464416504 0.00859568023682
v -0.0330627937317 0.0194816684723 0.00863427257538
v -0.0330661582947 0.0195201129913 0.00866963481903
v -0.0330697784424 0.0195614814758 0.00870149898529
v -0.0330736236572 0.0196054592133 0.00872962284088
v -0.033077671051 0.0196517124176 0.00875379276276
v -0.0330818862915 0.0196998882294 0.0087738237381
v -0.0330862350464 0.0197496185303 0.00878956222534
v -0.0330906906128 0.0198005256653 0.0088008928299
v -0.0328961143494 0.0193265285492 0.00821000766754
v -0.0328965110779 0.0193287773132 0.00826230049133
v -0.0328977012634 0.0193355064392 0.00831419658661
v -0.0328996658325 0.0193466625214 0.00836529922485
v -0.0329024009705 0.0193621635437 0.00841522026062
v -0.0329058799744 0.0193818912506 0.00846357822418
v -0.0329100761414 0.0194056930542 0.00851000785828
v -0.0329149589539 0.0194333896637 0.00855415439606
v -0.0329204940796 0.0194647693634 0.00859568023682
v -0.0329266319275 0.0194995937347 0.00863427257538
v -0.0329333343506 0.0195375995636 0.00866963481903
v -0.0329405441284 0.019578496933 0.00870149898529
v -0.0329482116699 0.0196219711304 0.00872962284088
v -0.0329562759399 0.0196676940918 0.00875379276276
v -0.0329646720886 0.0197153186798 0.0087738237381
v -0.0329733390808 0.0197644805908 0.00878956222534
v -0.0327470664978 0.0193595714569 0.00821000766754
v -0.0327476577759 0.0193617782593 0.00826230049133
v -0.0327494277954 0.0193683776855 0.00831419658661
v -0.0327523574829 0.0193793201447 0.00836529922485
v -0.0327564315796 0.0193945236206 0.00841522026062
v -0.0327616157532 0.0194138717651 0.00846357822418
v -0.0327678718567 0.0194372177124 0.00851000785828
v -0.0327751541138 0.019464384079 0.00855415439606
v -0.0327833976746 0.0194951629639 0.00859568023682
v -0.032792552948 0.0195293197632 0.00863427257538
v -0.0328025398254 0.0195665969849 0.00866963481903
v -0.0328132896423 0.0196067085266 0.00870149898529
v -0.0328247146606 0.01964935112 0.00872962284088
v -0.032836730957 0.019694196701 0.00875379276276
v -0.0328492469788 0.0197409076691 0.0087738237381
v -0.0328621673584 0.0197891273499 0.00878956222534
v -0.0315096321106 0.0205970096588 0.00821000766754
v -0.0314765872955 0.0207460575104 0.00821000766754
v -0.0315118370056 0.0205975990295 0.00826230049133
v -0.0314788360596 0.0207464542389 0.00826230049133
v -0.0315184364319 0.0205993690491 0.00831419658661
v -0.0314855651855 0.0207476406097 0.00831419658661
v -0.031529378891 0.0206023006439 0.00836529922485
v -0.031496723175 0.0207496089935 0.00836529922485
v -0.0315445842743 0.0206063747406 0.00841522026062
v -0.0315122241974 0.0207523422241 0.00841522026062
v -0.0315639305115 0.0206115589142 0.00846357822418
v -0.0315319499969 0.020755821228 0.00846357822418
v -0.0315872764587 0.0206178150177 0.00851000785828
v -0.0315557518005 0.020760017395 0.00851000785828
v -0.0316144428253 0.0206250934601 0.00855415439606
v -0.03158344841 0.0207649002075 0.00855415439606
v -0.0316452217102 0.0206333408356 0.00859568023682
v -0.0316148300171 0.0207704334259 0.00859568023682
v -0.0316793804169 0.0206424922943 0.00863427257538
v -0.0316496543884 0.0207765750885 0.00863427257538
v -0.0317166576385 0.0206524810791 0.00866963481903
v -0.0316876583099 0.0207832756042 0.00866963481903
v -0.0317567672729 0.0206632289886 0.00870149898529
v -0.0317285556793 0.0207904872894 0.00870149898529
v -0.0317994098663 0.020674654007 0.00872962284088
v -0.0317720317841 0.0207981529236 0.00872962284088
v -0.0318442573547 0.0206866722107 0.00875379276276
v -0.0318177528381 0.0208062152863 0.00875379276276
v -0.0318909664154 0.0206991882324 0.0087738237381
v -0.0318653774261 0.0208146133423 0.0087738237381
v -0.0319391860962 0.0207121086121 0.00878956222534
v -0.0319145412445 0.0208232803345 0.00878956222534
v -0.0319648666382 0.0208321552277 0.0088008928299
v -0.0314566612244 0.0208974189758 0.00821000766754
v -0.0314589347839 0.0208976192474 0.00826230049133
v -0.0314657421112 0.0208982143402 0.00831419658661
v -0.0314770278931 0.0208992023468 0.00836529922485
v -0.0314927062988 0.0209005737305 0.00841522026062
v -0.0315126609802 0.0209023189545 0.00846357822418
v -0.0315367393494 0.0209044265747 0.00851000785828
v -0.0315647563934 0.0209068775177 0.00855415439606
v -0.0315965003967 0.0209096546173 0.00859568023682
v -0.0316317272186 0.0209127368927 0.00863427257538
v -0.0316701717377 0.0209160995483 0.00866963481903
v -0.0317115421295 0.020919719696 0.00870149898529
v -0.0317555198669 0.0209235668182 0.00872962284088
v -0.0318017730713 0.0209276123047 0.00875379276276
v -0.0318499469757 0.0209318275452 0.0087738237381
v -0.031899679184 0.0209361801147 0.00878956222534
v -0.031950586319 0.0209406337738 0.0088008928299
v -0.0314500026703 0.0210499420166 0.00821000766754
v -0.0314522857666 0.0210499420166 0.00826230049133
v -0.0314591178894 0.0210499420166 0.00831419658661
v -0.0314704475403 0.0210499420166 0.00836529922485
v -0.0314861869812 0.0210499420166 0.00841522026062
v -0.0315062160492 0.0210499420166 0.00846357822418
v -0.0315303859711 0.0210499420166 0.00851000785828
v -0.0315585098267 0.0210499420166 0.00855415439606
v -0.0315903759003 0.0210499420166 0.00859568023682
v -0.0316257381439 0.0210499420166 0.00863427257538
v -0.0316643295288 0.0210499420166 0.00866963481903
v -0.0317058544159 0.0210499420166 0.00870149898529
v -0.0317500019073 0.0210499420166 0.00872962284088
v -0.0317964305878 0.0210499420166 0.00875379276276
v -0.031844789505 0.0210499420166 0.0087738237381
v -0.0318947105408 0.0210499420166 0.00878956222534
v -0.0319458122253 0.0210499420166 0.0088008928299
v -0.0314566612244 0.0212024650574 0.00821000766754
v -0.0314589347839 0.0212022647858 0.00826230049133
v -0.0314657421112 0.021201669693 0.00831419658661
v -0.0314770278931 0.0212006835938 0.00836529922485
v -0.0314927062988 0.0211993122101 0.00841522026062
v -0.0315126609802 0.0211975650787 0.00846357822418
v -0.0315367393494 0.0211954593658 0.00851000785828
v -0.0315647563934 0.0211930084229 0.00855415439606
v -0.0315965003967 0.0211902313232 0.00859568023682
v -0.0316317272186 0.0211871490479 0.00863427257538
v -0.0316701717377 0.0211837844849 0.00866963481903
v -0.0317115421295 0.0211801662445 0.00870149898529
v -0.0317555198669 0.021176317215 0.00872962284088
v -0.0318017730713 0.0211722717285 0.00875379276276
v -0.0318499469757 0.021168056488 0.0087738237381
v -0.031899679184 0.0211637058258 0.00878956222534
v -0.031950586319 0.0211592521667 0.0088008928299
v -0.0314765872955 0.0213538265228 0.00821000766754
v -0.0314788360596 0.0213534297943 0.00826230049133
v -0.0314855651855 0.0213522434235 0.00831419658661
v -0.031496723175 0.021350276947 0.00836529922485
v -0.0315122241974 0.0213475437164 0.00841522026062
v -0.0315319499969 0.0213440647125 0.00846357822418
v -0.0315557518005 0.0213398685455 0.00851000785828
v -0.03158344841 0.0213349838257 0.00855415439606
v -0.0316148300171 0.0213294525146 0.00859568023682
v -0.0316496543884 0.0213233108521 0.00863427257538
v -0.0316876583099 0.0213166103363 0.00866963481903
v -0.0317285556793 0.0213093986511 0.00870149898529
v -0.0317720317841 0.021301733017 0.00872962284088
v -0.0318177528381 0.0212936706543 0.00875379276276
v -0.0318653774261 0.0212852725983 0.0087738237381
v -0.0319145412445 0.0212766036987 0.00878956222534
v -0.0315096321106 0.0215028762817 0.00821000766754
v -0.0315118370056 0.0215022850037 0.00826230049133
v -0.0315184364319 0.0215005168915 0.00831419658661
v -0.031529378891 0.0214975833893 0.00836529922485
v -0.0315445842743 0.0214935112 0.00841522026062
v -0.0315639305115 0.021488325119 0.00846357822418
v -0.0315872764587 0.0214820709229 0.00851000785828
v -0.0316144428253 0.0214747924805 0.00855415439606
v -0.0316452217102 0.021466545105 0.00859568023682
v -0.0316793804169 0.0214573917389 0.00863427257538
v -0.0317166576385 0.0214474029541 0.00866963481903
v -0.0317567672729 0.0214366569519 0.00870149898529
v -0.0317994098663 0.0214252300262 0.00872962284088
v -0.0318442573547 0.0214132137299 0.00875379276276
v -0.0318909664154 0.0214006977081 0.0087738237381
v -0.0319391860962 0.0213877773285 0.00878956222534
v -0.0327470664978 0.0227403125763 0.00821000766754
v -0.0328961143494 0.0227733573914 0.00821000766754
v -0.0327476577759 0.0227381076813 0.00826230049133
v -0.0328965110779 0.02277110672 0.00826230049133
v -0.0327494277954 0.022731508255 0.00831419658661
v -0.0328977012634 0.0227643795013 0.00831419658661
v -0.0327523574829 0.0227205638885 0.00836529922485
v -0.0328996658325 0.0227532215118 0.00836529922485
v -0.0327564315796 0.0227053623199 0.00841522026062
v -0.0329024009705 0.0227377204895 0.00841522026062
v -0.0327616157532 0.0226860122681 0.00846357822418
v -0.0329058799744 0.0227179946899 0.00846357822418
v -0.0327678718567 0.0226626663208 0.00851000785828
v -0.0329100761414 0.0226941928864 0.00851000785828
v -0.0327751541138 0.0226355018616 0.00855415439606
v -0.0329149589539 0.0226664962769 0.00855415439606
v -0.0327833976746 0.0226047229767 0.00859568023682
v -0.0329204940796 0.0226351165771 0.00859568023682
v -0.032792552948 0.02257056427 0.00863427257538
v -0.0329266319275 0.0226002902985 0.00863427257538
v -0.0328025398254 0.0225332889557 0.00866963481903
v -0.0329333343506 0.0225622844696 0.00866963481903
v -0.0328132896423 0.0224931774139 0.00870149898529
v -0.0329405441284 0.0225213890076 0.00870149898529
v -0.0328247146606 0.0224505348206 0.00872962284088
v -0.0329482116699 0.0224779148102 0.00872962284088
v -0.032836730957 0.0224056873322 0.00875379276276
v -0.0329562759399 0.0224321899414 0.00875379276276
v -0.0328492469788 0.0223589763641 0.0087738237381
v -0.0329646720886 0.0223845653534 0.0087738237381
v -0.0328621673584 0.0223107566833 0.00878956222534
v -0.0329733390808 0.0223354034424 0.00878956222534
v -0.0329822120667 0.0222850780487 0.0088008928299
v -0.0330474777222 0.0227932834625 0.00821000766754
v -0.0330476760864 0.0227910079956 0.00826230049133
v -0.0330482711792 0.0227842025757 0.00831419658661
v -0.0330492591858 0.0227729167938 0.00836529922485
v -0.0330506324768 0.0227572364807 0.00841522026062
v -0.0330523757935 0.0227372817993 0.00846357822418
v -0.033054485321 0.0227132034302 0.00851000785828
v -0.0330569343567 0.0226851863861 0.00855415439606
v -0.0330597114563 0.0226534442902 0.00859568023682
v -0.0330627937317 0.0226182155609 0.00863427257538
v -0.0330661582947 0.0225797710419 0.00866963481903
v -0.0330697784424 0.0225384025574 0.00870149898529
v -0.0330736236572 0.0224944248199 0.00872962284088
v -0.033077671051 0.0224481716156 0.00875379276276
v -0.0330818862915 0.0223999977112 0.0087738237381
v -0.0330862350464 0.0223502674103 0.00878956222534
v -0.0330906906128 0.0222993583679 0.0088008928299
v -0.0332000007629 0.0227999420166 0.00821000766754
v -0.0332000007629 0.0227976589203 0.00826230049133
v -0.0332000007629 0.0227908267975 0.00831419658661
v -0.0332000007629 0.0227794971466 0.00836529922485
v -0.0332000007629 0.0227637577057 0.00841522026062
v -0.0332000007629 0.0227437267303 0.00846357822418
v -0.0332000007629 0.0227195568085 0.00851000785828
v -0.0332000007629 0.0226914329529 0.00855415439606
v -0.0332000007629 0.0226595687866 0.00859568023682
v -0.0332000007629 0.022624206543 0.00863427257538
v -0.0332000007629 0.0225856151581 0.00866963481903
v -0.0332000007629 0.0225440883636 0.00870149898529
v -0.0332000007629 0.0224999427795 0.00872962284088
v -0.0332000007629 0.0224535140991 0.00875379276276
v -0.0332000007629 0.0224051551819 0.0087738237381
v -0.0332000007629 0.0223552341461 0.00878956222534
v -0.0332000007629 0.0223041305542 0.0088008928299
v -0.0333525238037 0.0227932834625 0.00821000766754
v -0.0333523254395 0.0227910079956 0.00826230049133
v -0.0333517303467 0.0227842025757 0.00831419658661
v -0.0333507423401 0.0227729167938 0.00836529922485
v -0.0333493690491 0.0227572364807 0.00841522026062
v -0.0333476219177 0.0227372817993 0.00846357822418
v -0.0333455162048 0.0227132034302 0.00851000785828
v -0.0333430671692 0.0226851863861 0.00855415439606
v -0.0333402900696 0.0226534442902 0.00859568023682
v -0.0333372077942 0.0226182155609 0.00863427257538
v -0.0333338432312 0.0225797710419 0.00866963481903
v -0.0333302230835 0.0225384025574 0.00870149898529
v -0.0333263778687 0.0224944248199 0.00872962284088
v -0.0333223304749 0.0224481716156 0.00875379276276
v -0.0333181152344 0.0223999977112 0.0087738237381
v -0.0333137626648 0.0223502674103 0.00878956222534
v -0.0333093109131 0.0222993583679 0.0088008928299
v -0.0335038871765 0.0227733573914 0.00821000766754
v -0.033503490448 0.02277110672 0.00826230049133
v -0.0335023040771 0.0227643795013 0.00831419658661
v -0.0335003356934 0.0227532215118 0.00836529922485
v -0.0334976005554 0.0227377204895 0.00841522026062
v -0.0334941253662 0.0227179946899 0.00846357822418
v -0.0334899291992 0.0226941928864 0.00851000785828
v -0.033485042572 0.0226664962769 0.00855415439606
v -0.033479511261 0.0226351165771 0.00859568023682
v -0.0334733695984 0.0226002902985 0.00863427257538
v -0.0334666671753 0.0225622844696 0.00866963481903
v -0.0334594573975 0.0225213890076 0.00870149898529
v -0.033451789856 0.0224779148102 0.00872962284088
v -0.0334437294006 0.0224321899414 0.00875379276276
v -0.033435333252 0.0223845653534 0.0087738237381
v -0.0334266624451 0.0223354034424 0.00878956222534
v -0.0336529350281 0.0227403125763 0.00821000766754
v -0.03365234375 0.0227381076813 0.00826230049133
v -0.0336505737305 0.022731508255 0.00831419658661
v -0.033647644043 0.0227205638885 0.00836529922485
v -0.0336435699463 0.0227053623199 0.00841522026062
v -0.0336383857727 0.0226860122681 0.00846357822418
v -0.0336321296692 0.0226626663208 0.00851000785828
v -0.0336248512268 0.0226355018616 0.00855415439606
v -0.0336166038513 0.0226047229767 0.00859568023682
v -0.0336074523926 0.02257056427 0.00863427257538
v -0.0335974617004 0.0225332889557 0.00866963481903
v -0.0335867156982 0.0224931774139 0.00870149898529
v -0.0335752906799 0.0224505348206 0.00872962284088
v -0.0335632705688 0.0224056873322 0.00875379276276
v -0.0335507545471 0.0223589763641 0.0087738237381
v -0.0335378341675 0.0223107566833 0.00878956222534
v -0.0348903694153 0.0215028762817 0.00821000766754
v -0.034923412323 0.0213538265228 0.00821000766754
v -0.0348881645203 0.0215022850037 0.00826230049133
v -0.0349211654663 0.0213534297943 0.00826230049133
v -0.034881565094 0.0215005168915 0.00831419658661
v -0.0349144363403 0.0213522434235 0.00831419658661
v -0.0348706207275 0.0214975833893 0.00836529922485
v -0.0349032821655 0.021350276947 0.00836529922485
v -0.0348554191589 0.0214935112 0.00841522026062
v -0.0348877792358 0.0213475437164 0.00841522026062
v -0.0348360710144 0.021488325119 0.00846357822418
v -0.0348680534363 0.0213440647125 0.00846357822418
v -0.0348127250671 0.0214820709229 0.00851000785828
v -0.0348442497253 0.0213398685455 0.00851000785828
v -0.0347855606079 0.0214747924805 0.00855415439606
v -0.0348165550232 0.0213349838257 0.00855415439606
v -0.0347547798157 0.021466545105 0.00859568023682
v -0.0347851753235 0.0213294525146 0.00859568023682
v -0.0347206230164 0.0214573917389 0.00863427257538
v -0.0347503471375 0.0213233108521 0.00863427257538
v -0.0346833457947 0.0214474029541 0.00866963481903
v -0.0347123413086 0.0213166103363 0.00866963481903
v -0.0346432342529 0.0214366569519 0.00870149898529
v -0.0346714477539 0.0213093986511 0.00870149898529
v -0.0346005935669 0.0214252300262 0.00872962284088
v -0.0346279716492 0.021301733017 0.00872962284088
v -0.0345557441711 0.0214132137299 0.00875379276276
v -0.0345822486877 0.0212936706543 0.00875379276276
v -0.0345090332031 0.0214006977081 0.0087738237381
v -0.0345346221924 0.0212852725983 0.0087738237381
v -0.0344608154297 0.0213877773285 0.00878956222534
v -0.0344854621887 0.0212766036987 0.00878956222534
v -0.0344351348877 0.0212677307129 0.0088008928299
v -0.0349433403015 0.0212024650574 0.00821000766754
v -0.0349410667419 0.0212022647858 0.00826230049133
v -0.034934261322 0.021201669693 0.00831419658661
v -0.0349229774475 0.0212006835938 0.00836529922485
v -0.0349072952271 0.0211993122101 0.00841522026062
v -0.0348873405457 0.0211975650787 0.00846357822418
v -0.0348632621765 0.0211954593658 0.00851000785828
v -0.0348352470398 0.0211930084229 0.00855415439606
v -0.0348035011292 0.0211902313232 0.00859568023682
v -0.0347682723999 0.0211871490479 0.00863427257538
v -0.0347298278809 0.0211837844849 0.00866963481903
v -0.0346884613037 0.0211801662445 0.00870149898529
v -0.0346444816589 0.021176317215 0.00872962284088
v -0.0345982322693 0.0211722717285 0.00875379276276
v -0.0345500564575 0.021168056488 0.0087738237381
v -0.0345003242493 0.0211637058258 0.00878956222534
v -0.0344494171143 0.0211592521667 0.0088008928299
v -0.0348444633484 0.0204514064789 0.00821000766754
v -0.0348423194885 0.0204521884918 0.00826230049133
v -0.0348358955383 0.0204545249939 0.00831419658661
v -0.034825252533 0.020458398819 0.00836529922485
v -0.034810459137 0.0204637832642 0.00841522026062
v -0.0347916374207 0.0204706344604 0.00846357822418
v -0.0347689247131 0.0204789009094 0.00851000785828
v -0.0347425003052 0.0204885196686 0.00855415439606
v -0.0347125549316 0.0204994182587 0.00859568023682
v -0.0346793251038 0.0205115127563 0.00863427257538
v -0.0346430625916 0.0205247116089 0.00866963481903
v -0.0346040382385 0.0205389137268 0.00870149898529
v -0.0345625572205 0.0205540122986 0.00872962284088
v -0.0345189247131 0.0205698928833 0.00875379276276
v -0.0344734840393 0.0205864315033 0.0087738237381
v -0.034426574707 0.0206035060883 0.00878956222534
v -0.0343785514832 0.0206209850311 0.0088008928299
v -0.034329788208 0.0206387329102 0.0088077249527
v -0.0347860412598 0.0203103599548 0.00821000766754
v -0.0347839698792 0.0203113250732 0.00826230049133
v -0.0347777786255 0.0203142127991 0.00831419658661
v -0.0347675094604 0.0203190002441 0.00836529922485
v -0.0347532463074 0.0203256530762 0.00841522026062
v -0.0347350921631 0.0203341178894 0.00846357822418
v -0.0347131843567 0.0203443317413 0.00851000785828
v -0.0346876983643 0.020356218338 0.00855415439606
v -0.0346588172913 0.0203696842194 0.00859568023682
v -0.0346267700195 0.0203846302032 0.00863427257538
v -0.0345917930603 0.0204009380341 0.00866963481903
v -0.0345541572571 0.0204184894562 0.00870149898529
v -0.0345141487122 0.0204371452332 0.00872962284088
v -0.0344720687866 0.0204567680359 0.00875379276276
v -0.0344282417297 0.0204772052765 0.0087738237381
v -0.0343829956055 0.0204983024597 0.00878956222534
v -0.034336681366 0.0205198993683 0.0088008928299
v -0.0342896499634 0.0205418319702 0.0088077249527
v -0.0347155456543 0.0201749420166 0.00821000766754
v -0.0347135696411 0.0201760845184 0.00826230049133
v -0.034707649231 0.0201795005798 0.00831419658661
v -0.0346978416443 0.0201851654053 0.00836529922485
v -0.0346842079163 0.0201930351257 0.00841522026062
v -0.0346668624878 0.0202030506134 0.00846357822418
v -0.0346459312439 0.020215133667 0.00851000785828
v -0.0346215744019 0.0202291965485 0.00855415439606
v -0.0345939788818 0.0202451286316 0.00859568023682
v -0.0345633544922 0.0202628116608 0.00863427257538
v -0.0345299301147 0.0202821063995 0.00866963481903
v -0.0344939689636 0.0203028697968 0.00870149898529
v -0.0344557380676 0.0203249416351 0.00872962284088
v -0.0344155311584 0.0203481578827 0.00875379276276
v -0.0343736495972 0.020372335434 0.0087738237381
v -0.0343304176331 0.0203972969055 0.00878956222534
v -0.0342861595154 0.0204228477478 0.0088008928299
v -0.0342412185669 0.0204487953186 0.0088077249527
v -0.034633518219 0.0200461845398 0.00821000766754
v -0.0346316452026 0.020047492981 0.00826230049133
v -0.0346260490417 0.0200514125824 0.00831419658661
v -0.034616771698 0.0200579109192 0.00836529922485
v -0.0346038780212 0.0200669384003 0.00841522026062
v -0.0345874671936 0.0200784282684 0.00846357822418
v -0.0345676689148 0.0200922908783 0.00851000785828
v -0.034544631958 0.0201084213257 0.00855415439606
v -0.0345185317993 0.0201266994476 0.00859568023682
v -0.0344895629883 0.020146982193 0.00863427257538
v -0.034457950592 0.0201691169739 0.00866963481903
v -0.0344239349365 0.0201929359436 0.00870149898529
v -0.0343877716064 0.0202182559967 0.00872962284088
v -0.0343497390747 0.0202448883057 0.00875379276276
v -0.0343101272583 0.0202726249695 0.0087738237381
v -0.0342692337036 0.0203012580872 0.00878956222534
v -0.0342273712158 0.0203305683136 0.0088008928299
v -0.0341848602295 0.0203603343964 0.0088077249527
v -0.0345405769348 0.0199250640869 0.00821000766754
v -0.0345388298035 0.019926530838 0.00826230049133
v -0.0345335960388 0.0199309234619 0.00831419658661
v -0.0345249176025 0.019938205719 0.00836529922485
v -0.0345128593445 0.0199483222961 0.00841522026062
v -0.0344975166321 0.0199611988068 0.00846357822418
v -0.0344790000916 0.0199767341614 0.00851000785828
v -0.0344574546814 0.0199948120117 0.00855415439606
v -0.0344330444336 0.0200152931213 0.00859568023682
v -0.0344059562683 0.0200380249023 0.00863427257538
v -0.0343763923645 0.0200628318787 0.00866963481903
v -0.0343445854187 0.0200895233154 0.00870149898529
v -0.0343107643127 0.0201179008484 0.00872962284088
v -0.0342751998901 0.0201477451324 0.00875379276276
v -0.034238155365 0.0201788291931 0.0087738237381
v -0.0341999130249 0.0202109165192 0.00878956222534
v -0.0341607666016 0.0202437648773 0.0088008928299
v -0.0341210098267 0.0202771224976 0.0088077249527
v -0.0344374389648 0.019812505722 0.00821000766754
v -0.0344358215332 0.019814119339 0.00826230049133
v -0.0344309921265 0.0198189506531 0.00831419658661
v -0.0344229812622 0.0198269615173 0.00836529922485
v -0.0344118499756 0.019838092804 0.00841522026062
v -0.0343976860046 0.0198522548676 0.00846357822418
v -0.0343805961609 0.0198693466187 0.00851000785828
v -0.034360710144 0.0198892326355 0.00855415439606
v -0.034338180542 0.0199117641449 0.00859568023682
v -0.0343131752014 0.0199367694855 0.00863427257538
v -0.0342858848572 0.0199640579224 0.00866963481903
v -0.0342565231323 0.0199934215546 0.00870149898529
v -0.0342253036499 0.0200246372223 0.00872962284088
v -0.0341924743652 0.0200574684143 0.00875379276276
v -0.0341582794189 0.0200916633606 0.0087738237381
v -0.0341229820251 0.0201269626617 0.00878956222534
v -0.0340868453979 0.0201630973816 0.0088008928299
v -0.034050151825 0.0201997928619 0.0088077249527
v -0.0343248786926 0.0197093639374 0.00821000766754
v -0.0343234100342 0.0197111129761 0.00826230049133
v -0.0343190193176 0.0197163486481 0.00831419658661
v -0.0343117370605 0.019725025177 0.00836529922485
v -0.0343016204834 0.0197370834351 0.00841522026062
v -0.0342887458801 0.0197524280548 0.00846357822418
v -0.0342732086182 0.019770942688 0.00851000785828
v -0.0342551307678 0.0197924880981 0.00855415439606
v -0.0342346496582 0.0198168964386 0.00859568023682
v -0.0342119178772 0.0198439865112 0.00863427257538
v -0.0341871109009 0.0198735485077 0.00866963481903
v -0.0341604194641 0.0199053611755 0.00870149898529
v -0.0341320419312 0.0199391784668 0.00872962284088
v -0.0341021995544 0.0199747447968 0.00875379276276
v -0.0340711135864 0.0200117893219 0.0087738237381
v -0.034039024353 0.020050031662 0.00878956222534
v -0.0340061798096 0.0200891780853 0.0088008928299
v -0.033972820282 0.0201289329529 0.0088077249527
v -0.0342037620544 0.0196164264679 0.00821000766754
v -0.0342024497986 0.0196182956696 0.00826230049133
v -0.0341985321045 0.0196238937378 0.00831419658661
v -0.0341920318604 0.0196331729889 0.00836529922485
v -0.0341830062866 0.0196460666656 0.00841522026062
v -0.0341715164185 0.0196624755859 0.00846357822418
v -0.0341576538086 0.0196822738647 0.00851000785828
v -0.0341415214539 0.0197053108215 0.00855415439606
v -0.0341232452393 0.0197314147949 0.00859568023682
v -0.0341029624939 0.0197603816986 0.00863427257538
v -0.0340808258057 0.0197919940948 0.00866963481903
v -0.0340570068359 0.0198260097504 0.00870149898529
v -0.0340316886902 0.0198621711731 0.00872962284088
v -0.0340050582886 0.0199002056122 0.00875379276276
v -0.0339773178101 0.0199398174286 0.0087738237381
v -0.0339486846924 0.0199807109833 0.00878956222534
v -0.0339193725586 0.0200225715637 0.0088008928299
v -0.0338896064758 0.02006508255 0.0088077249527
v -0.0340750007629 0.0195343990326 0.00821000766754
v -0.0340738601685 0.0195363750458 0.00826230049133
v -0.0340704421997 0.0195422916412 0.00831419658661
v -0.0340647773743 0.0195521030426 0.00836529922485
v -0.0340569076538 0.0195657348633 0.00841522026062
v -0.0340468940735 0.0195830821991 0.00846357822418
v -0.0340348091125 0.019604013443 0.00851000785828
v -0.0340207443237 0.019628370285 0.00855415439606
v -0.0340048141479 0.0196559638977 0.00859568023682
v -0.0339871330261 0.0196865901947 0.00863427257538
v -0.0339678382874 0.0197200107574 0.00866963481903
v -0.0339470748901 0.0197559738159 0.00870149898529
v -0.0339249992371 0.0197942047119 0.00872962284088
v -0.0339017868042 0.0198344135284 0.00875379276276
v -0.0338776054382 0.0198762950897 0.0087738237381
v -0.033852645874 0.0199195270538 0.00878956222534
v -0.0338270950317 0.0199637832642 0.0088008928299
v -0.0338011474609 0.02000872612 0.0088077249527
v -0.0339395828247 0.0194639034271 0.00821000766754
v -0.0339386177063 0.0194659729004 0.00826230049133
v -0.0339357299805 0.0194721660614 0.00831419658661
v -0.0339309425354 0.0194824333191 0.00836529922485
v -0.0339242897034 0.0194966983795 0.00841522026062
v -0.0339158248901 0.0195148525238 0.00846357822418
v -0.0339056091309 0.0195367565155 0.00851000785828
v -0.0338937263489 0.0195622463226 0.00855415439606
v -0.0338802566528 0.0195911254883 0.00859568023682
v -0.0338653144836 0.0196231746674 0.00863427257538
v -0.0338490028381 0.0196581497192 0.00866963481903
v -0.0338314552307 0.0196957855225 0.00870149898529
v -0.0338127975464 0.0197357959747 0.00872962284088
v -0.0337931747437 0.0197778739929 0.00875379276276
v -0.0337727394104 0.0198217029572 0.0087738237381
v -0.0337516403198 0.0198669471741 0.00878956222534
v -0.0337300453186 0.0199132614136 0.0088008928299
v -0.0337081108093 0.0199602947235 0.0088077249527
v -0.0337985343933 0.0194054813385 0.00821000766754
v -0.0337977561951 0.0194076251984 0.00826230049133
v -0.0337954177856 0.0194140453339 0.00831419658661
v -0.0337915420532 0.0194246921539 0.00836529922485
v -0.0337861595154 0.0194394817352 0.00841522026062
v -0.0337793083191 0.0194583053589 0.00846357822418
v -0.0337710418701 0.0194810180664 0.00851000785828
v -0.0337614250183 0.0195074462891 0.00855415439606
v -0.0337505264282 0.0195373878479 0.00859568023682
v -0.0337384300232 0.0195706176758 0.00863427257538
v -0.0337252311707 0.0196068820953 0.00866963481903
v -0.0337110290527 0.019645904541 0.00870149898529
v -0.033695930481 0.0196873874664 0.00872962284088
v -0.0336800498962 0.0197310180664 0.00875379276276
v -0.0336635093689 0.0197764606476 0.0087738237381
v -0.0336464347839 0.0198233699799 0.00878956222534
v -0.0336289596558 0.0198713912964 0.0088008928299
v -0.0336112098694 0.0199201564789 0.0088077249527
v -0.0326014671326 0.0194054813385 0.00821000766754
v -0.0326022453308 0.0194076251984 0.00826230049133
v -0.0326045837402 0.0194140453339 0.00831419658661
v -0.0326084594727 0.0194246921539 0.00836529922485
v -0.0326138420105 0.0194394817352 0.00841522026062
v -0.0326206932068 0.0194583053589 0.00846357822418
v -0.0326289596558 0.0194810180664 0.00851000785828
v -0.0326385765076 0.0195074462891 0.00855415439606
v -0.0326494750977 0.0195373878479 0.00859568023682
v -0.0326615715027 0.0195706176758 0.00863427257538
v -0.0326747703552 0.0196068820953 0.00866963481903
v -0.0326889724731 0.019645904541 0.00870149898529
v -0.0327040710449 0.0196873874664 0.00872962284088
v -0.0327199516296 0.0197310180664 0.00875379276276
v -0.032736492157 0.0197764606476 0.0087738237381
v -0.0327535629272 0.0198233699799 0.00878956222534
v -0.0327710418701 0.0198713912964 0.0088008928299
v -0.0327887916565 0.0199201564789 0.0088077249527
v -0.0324604187012 0.0194639034271 0.00821000766754
v -0.0324613838196 0.0194659729004 0.00826230049133
v -0.0324642715454 0.0194721660614 0.00831419658661
v -0.0324690589905 0.0194824333191 0.00836529922485
v -0.0324757118225 0.0194966983795 0.00841522026062
v -0.0324841766357 0.0195148525238 0.00846357822418
v -0.0324943885803 0.0195367565155 0.00851000785828
v -0.0325062789917 0.0195622463226 0.00855415439606
v -0.0325197410583 0.0195911254883 0.00859568023682
v -0.0325346870422 0.0196231746674 0.00863427257538
v -0.0325509986877 0.0196581497192 0.00866963481903
v -0.0325685462952 0.0196957855225 0.00870149898529
v -0.0325872039795 0.0197357959747 0.00872962284088
v -0.0326068267822 0.0197778739929 0.00875379276276
v -0.0326272621155 0.0198217029572 0.0087738237381
v -0.0326483612061 0.0198669471741 0.00878956222534
v -0.0326699562073 0.0199132614136 0.0088008928299
v -0.0326918907166 0.0199602947235 0.0088077249527
v -0.0323250007629 0.0195343990326 0.00821000766754
v -0.0323261413574 0.0195363750458 0.00826230049133
v -0.0323295593262 0.0195422916412 0.00831419658661
v -0.0323352241516 0.0195521030426 0.00836529922485
v -0.0323430938721 0.0195657348633 0.00841522026062
v -0.0323531074524 0.0195830821991 0.00846357822418
v -0.0323651924133 0.019604013443 0.00851000785828
v -0.0323792533875 0.019628370285 0.00855415439606
v -0.0323951873779 0.0196559638977 0.00859568023682
v -0.0324128684998 0.0196865901947 0.00863427257538
v -0.0324321632385 0.0197200107574 0.00866963481903
v -0.0324529266357 0.0197559738159 0.00870149898529
v -0.0324749984741 0.0197942047119 0.00872962284088
v -0.0324982147217 0.0198344135284 0.00875379276276
v -0.0325223960876 0.0198762950897 0.0087738237381
v -0.0325473556519 0.0199195270538 0.00878956222534
v -0.0325729064941 0.0199637832642 0.0088008928299
v -0.0325988540649 0.02000872612 0.0088077249527
v -0.0321962432861 0.0196164264679 0.00821000766754
v -0.0321975517273 0.0196182956696 0.00826230049133
v -0.0322014694214 0.0196238937378 0.00831419658661
v -0.0322079696655 0.0196331729889 0.00836529922485
v -0.032216999054 0.0196460666656 0.00841522026062
v -0.0322284851074 0.0196624755859 0.00846357822418
v -0.0322423477173 0.0196822738647 0.00851000785828
v -0.032258480072 0.0197053108215 0.00855415439606
v -0.0322767562866 0.0197314147949 0.00859568023682
v -0.0322970428467 0.0197603816986 0.00863427257538
v -0.0323191757202 0.0197919940948 0.00866963481903
v -0.0323429946899 0.0198260097504 0.00870149898529
v -0.0323683166504 0.0198621711731 0.00872962284088
v -0.032394947052 0.0199002056122 0.00875379276276
v -0.0324226837158 0.0199398174286 0.0087738237381
v -0.0324513168335 0.0199807109833 0.00878956222534
v -0.0324806289673 0.0200225715637 0.0088008928299
v -0.03251039505 0.02006508255 0.0088077249527
v -0.0320751228333 0.0197093639374 0.00821000766754
v -0.0320765914917 0.0197111129761 0.00826230049133
v -0.0320809822083 0.0197163486481 0.00831419658661
v -0.0320882644653 0.019725025177 0.00836529922485
v -0.0320983810425 0.0197370834351 0.00841522026062
v -0.0321112556458 0.0197524280548 0.00846357822418
v -0.0321267929077 0.019770942688 0.00851000785828
v -0.0321448707581 0.0197924880981 0.00855415439606
v -0.0321653518677 0.0198168964386 0.00859568023682
v -0.0321880836487 0.0198439865112 0.00863427257538
v -0.032212890625 0.0198735485077 0.00866963481903
v -0.0322395820618 0.0199053611755 0.00870149898529
v -0.0322679595947 0.0199391784668 0.00872962284088
v -0.0322978019714 0.0199747447968 0.00875379276276
v -0.0323288879395 0.0200117893219 0.0087738237381
v -0.0323609771729 0.020050031662 0.00878956222534
v -0.032393825531 0.0200891780853 0.0088008928299
v -0.0324271812439 0.0201289329529 0.0088077249527
v -0.0319625644684 0.019812505722 0.00821000766754
v -0.0319641799927 0.019814119339 0.00826230049133
v -0.0319690093994 0.0198189506531 0.00831419658661
v -0.0319770202637 0.0198269615173 0.00836529922485
v -0.0319881515503 0.019838092804 0.00841522026062
v -0.0320023155212 0.0198522548676 0.00846357822418
v -0.032019405365 0.0198693466187 0.00851000785828
v -0.0320392913818 0.0198892326355 0.00855415439606
v -0.0320618209839 0.0199117641449 0.00859568023682
v -0.0320868301392 0.0199367694855 0.00863427257538
v -0.0321141166687 0.0199640579224 0.00866963481903
v -0.0321434822083 0.0199934215546 0.00870149898529
v -0.032174697876 0.0200246372223 0.00872962284088
v -0.0322075271606 0.0200574684143 0.00875379276276
v -0.0322417221069 0.0200916633606 0.0087738237381
v -0.0322770195007 0.0201269626617 0.00878956222534
v -0.0323131561279 0.0201630973816 0.0088008928299
v -0.0323498497009 0.0201997928619 0.0088077249527
v -0.0318594245911 0.0199250640869 0.00821000766754
v -0.0318611736298 0.019926530838 0.00826230049133
v -0.0318664073944 0.0199309234619 0.00831419658661
v -0.0318750858307 0.019938205719 0.00836529922485
v -0.0318871421814 0.0199483222961 0.00841522026062
v -0.0319024868011 0.0199611988068 0.00846357822418
v -0.0319210014343 0.0199767341614 0.00851000785828
v -0.0319425468445 0.0199948120117 0.00855415439606
v -0.0319669570923 0.0200152931213 0.00859568023682
v -0.0319940452576 0.0200380249023 0.00863427257538
v -0.0320236053467 0.0200628318787 0.00866963481903
v -0.0320554199219 0.0200895233154 0.00870149898529
v -0.0320892372131 0.0201179008484 0.00872962284088
v -0.0321248016357 0.0201477451324 0.00875379276276
v -0.0321618499756 0.0201788291931 0.0087738237381
v -0.0322000923157 0.0202109165192 0.00878956222534
v -0.0322392349243 0.0202437648773 0.0088008928299
v -0.0322789916992 0.0202771224976 0.0088077249527
v -0.0317664871216 0.0200461845398 0.00821000766754
v -0.0317683563232 0.020047492981 0.00826230049133
v -0.0317739543915 0.0200514125824 0.00831419658661
v -0.0317832336426 0.0200579109192 0.00836529922485
v -0.0317961273193 0.0200669384003 0.00841522026062
v -0.0318125343323 0.0200784282684 0.00846357822418
v -0.0318323326111 0.0200922908783 0.00851000785828
v -0.0318553714752 0.0201084213257 0.00855415439606
v -0.0318814735413 0.0201266994476 0.00859568023682
v -0.0319104404449 0.020146982193 0.00863427257538
v -0.0319420509338 0.0201691169739 0.00866963481903
v -0.0319760684967 0.0201929359436 0.00870149898529
v -0.0320122299194 0.0202182559967 0.00872962284088
v -0.0320502624512 0.0202448883057 0.00875379276276
v -0.0320898742676 0.0202726249695 0.0087738237381
v -0.0321307678223 0.0203012580872 0.00878956222534
v -0.0321726303101 0.0203305683136 0.0088008928299
v -0.0322151412964 0.0203603343964 0.0088077249527
v -0.0316844577789 0.0201749420166 0.00821000766754
v -0.0316864356995 0.0201760845184 0.00826230049133
v -0.0316923503876 0.0201795005798 0.00831419658661
v -0.0317021636963 0.0201851654053 0.00836529922485
v -0.0317157936096 0.0201930351257 0.00841522026062
v -0.0317331409454 0.0202030506134 0.00846357822418
v -0.0317540740967 0.020215133667 0.00851000785828
v -0.0317784290314 0.0202291965485 0.00855415439606
v -0.0318060245514 0.0202451286316 0.00859568023682
v -0.031836648941 0.0202628116608 0.00863427257538
v -0.0318700695038 0.0202821063995 0.00866963481903
v -0.0319060344696 0.0203028697968 0.00870149898529
v -0.0319442653656 0.0203249416351 0.00872962284088
v -0.0319844741821 0.0203481578827 0.00875379276276
v -0.0320263519287 0.020372335434 0.0087738237381
v -0.0320695877075 0.0203972969055 0.00878956222534
v -0.0321138420105 0.0204228477478 0.0088008928299
v -0.032158782959 0.0204487953186 0.0088077249527
v -0.0316139640808 0.0203103599548 0.00821000766754
v -0.0316160335541 0.0203113250732 0.00826230049133
v -0.0316222248077 0.0203142127991 0.00831419658661
v -0.0316324939728 0.0203190002441 0.00836529922485
v -0.0316467571259 0.0203256530762 0.00841522026062
v -0.0316649131775 0.0203341178894 0.00846357822418
v -0.0316868171692 0.0203443317413 0.00851000785828
v -0.031712305069 0.020356218338 0.00855415439606
v -0.0317411842346 0.0203696842194 0.00859568023682
v -0.031773235321 0.0203846302032 0.00863427257538
v -0.0318082103729 0.0204009380341 0.00866963481903
v -0.0318458461761 0.0204184894562 0.00870149898529
v -0.0318858566284 0.0204371452332 0.00872962284088
v -0.0319279346466 0.0204567680359 0.00875379276276
v -0.0319717636108 0.0204772052765 0.0087738237381
v -0.0320170059204 0.0204983024597 0.00878956222534
v -0.0320633201599 0.0205198993683 0.0088008928299
v -0.0321103553772 0.0205418319702 0.0088077249527
v -0.0315555400848 0.0204514064789 0.00821000766754
v -0.0315576858521 0.0204521884918 0.00826230049133
v -0.0315641059875 0.0204545249939 0.00831419658661
v -0.0315747509003 0.020458398819 0.00836529922485
v -0.0315895423889 0.0204637832642 0.00841522026062
v -0.0316083641052 0.0204706344604 0.00846357822418
v -0.0316310768127 0.0204789009094 0.00851000785828
v -0.0316575050354 0.0204885196686 0.00855415439606
v -0.0316874465942 0.0204994182587 0.00859568023682
v -0.0317206783295 0.0205115127563 0.00863427257538
v -0.031756942749 0.0205247116089 0.00866963481903
v -0.0317959651947 0.0205389137268 0.00870149898529
v -0.0318374481201 0.0205540122986 0.00872962284088
v -0.0318810768127 0.0205698928833 0.00875379276276
v -0.0319265193939 0.0205864315033 0.0087738237381
v -0.0319734306335 0.0206035060883 0.00878956222534
v -0.0320214500427 0.0206209850311 0.0088008928299
v -0.0320702133179 0.0206387329102 0.0088077249527
v -0.0315555400848 0.0216484775543 0.00821000766754
v -0.0315576858521 0.0216476974487 0.00826230049133
v -0.0315641059875 0.0216453609467 0.00831419658661
v -0.0315747509003 0.0216414852142 0.00836529922485
v -0.0315895423889 0.0216361026764 0.00841522026062
v -0.0316083641052 0.0216292514801 0.00846357822418
v -0.0316310768127 0.0216209850311 0.00851000785828
v -0.0316575050354 0.021611366272 0.00855415439606
v -0.0316874465942 0.0216004676819 0.00859568023682
v -0.0317206783295 0.0215883731842 0.00863427257538
v -0.031756942749 0.0215751743317 0.00866963481903
v -0.0317959651947 0.0215609703064 0.00870149898529
v -0.0318374481201 0.0215458717346 0.00872962284088
v -0.0318810768127 0.0215299930573 0.00875379276276
v -0.0319265193939 0.0215134525299 0.0087738237381
v -0.0319734306335 0.0214963779449 0.00878956222534
v -0.0320214500427 0.0214789009094 0.0088008928299
v -0.0320702133179 0.021461151123 0.0088077249527
v -0.0316139640808 0.0217895240784 0.00821000766754
v -0.0316160335541 0.02178855896 0.00826230049133
v -0.0316222248077 0.0217856712341 0.00831419658661
v -0.0316324939728 0.0217808837891 0.00836529922485
v -0.0316467571259 0.0217742328644 0.00841522026062
v -0.0316649131775 0.0217657661438 0.00846357822418
v -0.0316868171692 0.0217555522919 0.00851000785828
v -0.031712305069 0.0217436676025 0.00855415439606
v -0.0317411842346 0.0217301998138 0.00859568023682
v -0.031773235321 0.0217152557373 0.00863427257538
v -0.0318082103729 0.0216989459991 0.00866963481903
v -0.0318458461761 0.0216813964844 0.00870149898529
v -0.0318858566284 0.0216627388 0.00872962284088
v -0.0319279346466 0.0216431179047 0.00875379276276
v -0.0319717636108 0.0216226787567 0.0087738237381
v -0.0320170059204 0.0216015815735 0.00878956222534
v -0.0320633201599 0.0215799865723 0.0088008928299
v -0.0321103553772 0.0215580539703 0.0088077249527
v -0.0316844577789 0.0219249420166 0.00821000766754
v -0.0316864356995 0.0219238014221 0.00826230049133
v -0.0316923503876 0.0219203853607 0.00831419658661
v -0.0317021636963 0.0219147205353 0.00836529922485
v -0.0317157936096 0.0219068508148 0.00841522026062
v -0.0317331409454 0.0218968353271 0.00846357822418
v -0.0317540740967 0.0218847503662 0.00851000785828
v -0.0317784290314 0.0218706874847 0.00855415439606
v -0.0318060245514 0.0218547554016 0.00859568023682
v -0.031836648941 0.0218370742798 0.00863427257538
v -0.0318700695038 0.0218177776337 0.00866963481903
v -0.0319060344696 0.0217970161438 0.00870149898529
v -0.0319442653656 0.0217749423981 0.00872962284088
v -0.0319844741821 0.0217517280579 0.00875379276276
v -0.0320263519287 0.0217275485992 0.0087738237381
v -0.0320695877075 0.0217025871277 0.00878956222534
v -0.0321138420105 0.0216770362854 0.0088008928299
v -0.032158782959 0.0216510887146 0.0088077249527
v -0.0317664871216 0.0220537014008 0.00821000766754
v -0.0317683563232 0.0220523910522 0.00826230049133
v -0.0317739543915 0.0220484733582 0.00831419658661
v -0.0317832336426 0.0220419750214 0.00836529922485
v -0.0317961273193 0.0220329475403 0.00841522026062
v -0.0318125343323 0.0220214576721 0.00846357822418
v -0.0318323326111 0.0220075950623 0.00851000785828
v -0.0318553714752 0.0219914627075 0.00855415439606
v -0.0318814735413 0.0219731864929 0.00859568023682
v -0.0319104404449 0.0219529037476 0.00863427257538
v -0.0319420509338 0.0219307689667 0.00866963481903
v -0.0319760684967 0.0219069480896 0.00870149898529
v -0.0320122299194 0.0218816280365 0.00872962284088
v -0.0320502624512 0.0218549976349 0.00875379276276
v -0.0320898742676 0.0218272609711 0.0087738237381
v -0.0321307678223 0.021798625946 0.00878956222534
v -0.0321726303101 0.0217693157196 0.0088008928299
v -0.0322151412964 0.0217395496368 0.0088077249527
v -0.0318594245911 0.0221748199463 0.00821000766754
v -0.0318611736298 0.0221733531952 0.00826230049133
v -0.0318664073944 0.0221689624786 0.00831419658661
v -0.0318750858307 0.0221616802216 0.00836529922485
v -0.0318871421814 0.0221515617371 0.00841522026062
v -0.0319024868011 0.0221386871338 0.00846357822418
v -0.0319210014343 0.0221231517792 0.00851000785828
v -0.0319425468445 0.0221050720215 0.00855415439606
v -0.0319669570923 0.0220845909119 0.00859568023682
v -0.0319940452576 0.0220618591309 0.00863427257538
v -0.0320236053467 0.0220370540619 0.00866963481903
v -0.0320554199219 0.0220103607178 0.00870149898529
v -0.0320892372131 0.0219819850922 0.00872962284088
v -0.0321248016357 0.0219521408081 0.00875379276276
v -0.0321618499756 0.0219210548401 0.0087738237381
v -0.0322000923157 0.021888967514 0.00878956222534
v -0.0322392349243 0.0218561191559 0.0088008928299
v -0.0322789916992 0.0218227615356 0.0088077249527
v -0.0319625644684 0.0222873802185 0.00821000766754
v -0.0319641799927 0.0222857646942 0.00826230049133
v -0.0319690093994 0.0222809333801 0.00831419658661
v -0.0319770202637 0.0222729225159 0.00836529922485
v -0.0319881515503 0.0222617931366 0.00841522026062
v -0.0320023155212 0.0222476291656 0.00846357822418
v -0.032019405365 0.0222305393219 0.00851000785828
v -0.0320392913818 0.0222106513977 0.00855415439606
v -0.0320618209839 0.0221881198883 0.00859568023682
v -0.0320868301392 0.0221631145477 0.00863427257538
v -0.0321141166687 0.0221358280182 0.00866963481903
v -0.0321434822083 0.0221064624786 0.00870149898529
v -0.032174697876 0.0220752468109 0.00872962284088
v -0.0322075271606 0.0220424175262 0.00875379276276
v -0.0322417221069 0.02200822258 0.0087738237381
v -0.0322770195007 0.0219729232788 0.00878956222534
v -0.0323131561279 0.021936788559 0.0088008928299
v -0.0323498497009 0.0219000930786 0.0088077249527
v -0.0320751228333 0.0223905200958 0.00821000766754
v -0.0320765914917 0.0223887710571 0.00826230049133
v -0.0320809822083 0.0223835372925 0.00831419658661
v -0.0320882644653 0.0223748588562 0.00836529922485
v -0.0320983810425 0.0223628025055 0.00841522026062
v -0.0321112556458 0.0223474578857 0.00846357822418
v -0.0321267929077 0.0223289432526 0.00851000785828
v -0.0321448707581 0.0223073978424 0.00855415439606
v -0.0321653518677 0.0222829875946 0.00859568023682
v -0.0321880836487 0.0222558994293 0.00863427257538
v -0.032212890625 0.0222263355255 0.00866963481903
v -0.0322395820618 0.022194524765 0.00870149898529
v -0.0322679595947 0.0221607074738 0.00872962284088
v -0.0322978019714 0.0221251392365 0.00875379276276
v -0.0323288879395 0.0220880947113 0.0087738237381
v -0.0323609771729 0.0220498542786 0.00878956222534
v -0.032393825531 0.0220107059479 0.0088008928299
v -0.0324271812439 0.0219709529877 0.0088077249527
v -0.0321962432861 0.0224834575653 0.00821000766754
v -0.0321975517273 0.0224815883636 0.00826230049133
v -0.0322014694214 0.0224759922028 0.00831419658661
v -0.0322079696655 0.0224667110443 0.00836529922485
v -0.032216999054 0.0224538173676 0.00841522026062
v -0.0322284851074 0.0224374103546 0.00846357822418
v -0.0322423477173 0.0224176101685 0.00851000785828
v -0.032258480072 0.0223945732117 0.00855415439606
v -0.0322767562866 0.0223684711456 0.00859568023682
v -0.0322970428467 0.0223395042419 0.00863427257538
v -0.0323191757202 0.0223078918457 0.00866963481903
v -0.0323429946899 0.0222738742828 0.00870149898529
v -0.0323683166504 0.0222377128601 0.00872962284088
v -0.032394947052 0.0221996803284 0.00875379276276
v -0.0324226837158 0.0221600666046 0.0087738237381
v -0.0324513168335 0.0221191749573 0.00878956222534
v -0.0324806289673 0.0220773143768 0.0088008928299
v -0.03251039505 0.0220348033905 0.0088077249527
v -0.0323250007629 0.022565486908 0.00821000766754
v -0.0323261413574 0.0225635108948 0.00826230049133
v -0.0323295593262 0.022557592392 0.00831419658661
v -0.0323352241516 0.0225477809906 0.00836529922485
v -0.0323430938721 0.0225341491699 0.00841522026062
v -0.0323531074524 0.0225168037415 0.00846357822418
v -0.0323651924133 0.0224958724976 0.00851000785828
v -0.0323792533875 0.0224715156555 0.00855415439606
v -0.0323951873779 0.0224439201355 0.00859568023682
v -0.0324128684998 0.0224132957458 0.00863427257538
v -0.0324321632385 0.0223798732758 0.00866963481903
v -0.0324529266357 0.0223439102173 0.00870149898529
v -0.0324749984741 0.0223056793213 0.00872962284088
v -0.0324982147217 0.0222654705048 0.00875379276276
v -0.0325223960876 0.0222235908508 0.0087738237381
v -0.0325473556519 0.0221803588867 0.00878956222534
v -0.0325729064941 0.0221361026764 0.0088008928299
v -0.0325988540649 0.0220911598206 0.0088077249527
v -0.0324604187012 0.0226359806061 0.00821000766754
v -0.0324613838196 0.0226339111328 0.00826230049133
v -0.0324642715454 0.0226277198792 0.00831419658661
v -0.0324690589905 0.0226174526215 0.00836529922485
v -0.0324757118225 0.022603187561 0.00841522026062
v -0.0324841766357 0.0225850334167 0.00846357822418
v -0.0324943885803 0.0225631275177 0.00851000785828
v -0.0325062789917 0.0225376396179 0.00855415439606
v -0.0325197410583 0.0225087585449 0.00859568023682
v -0.0325346870422 0.0224767112732 0.00863427257538
v -0.0325509986877 0.022441734314 0.00866963481903
v -0.0325685462952 0.0224040985107 0.00870149898529
v -0.0325872039795 0.0223640880585 0.00872962284088
v -0.0326068267822 0.0223220100403 0.00875379276276
v -0.0326272621155 0.022278181076 0.0087738237381
v -0.0326483612061 0.0222329387665 0.00878956222534
v -0.0326699562073 0.0221866226196 0.0088008928299
v -0.0326918907166 0.022139591217 0.0088077249527
v -0.0326014671326 0.0226944046021 0.00821000766754
v -0.0326022453308 0.0226922588348 0.00826230049133
v -0.0326045837402 0.0226858386993 0.00831419658661
v -0.0326084594727 0.0226751937866 0.00836529922485
v -0.0326138420105 0.022660402298 0.00841522026062
v -0.0326206932068 0.0226415786743 0.00846357822418
v -0.0326289596558 0.0226188678741 0.00851000785828
v -0.0326385765076 0.0225924396515 0.00855415439606
v -0.0326494750977 0.0225624961853 0.00859568023682
v -0.0326615715027 0.0225292663574 0.00863427257538
v -0.0326747703552 0.0224930019379 0.00866963481903
v -0.0326889724731 0.0224539794922 0.00870149898529
v -0.0327040710449 0.0224124965668 0.00872962284088
v -0.0327199516296 0.0223688678741 0.00875379276276
v -0.032736492157 0.022323425293 0.0087738237381
v -0.0327535629272 0.0222765159607 0.00878956222534
v -0.0327710418701 0.0222284946442 0.0088008928299
v -0.0327887916565 0.0221797294617 0.0088077249527
v -0.0337985343933 0.0226944046021 0.00821000766754
v -0.0337977561951 0.0226922588348 0.00826230049133
v -0.0337954177856 0.0226858386993 0.00831419658661
v -0.0337915420532 0.0226751937866 0.00836529922485
v -0.0337861595154 0.022660402298 0.00841522026062
v -0.0337793083191 0.0226415786743 0.00846357822418
v -0.0337710418701 0.0226188678741 0.00851000785828
v -0.0337614250183 0.0225924396515 0.00855415439606
v -0.0337505264282 0.0225624961853 0.00859568023682
v -0.0337384300232 0.0225292663574 0.00863427257538
v -0.0337252311707 0.0224930019379 0.00866963481903
v -0.0337110290527 0.0224539794922 0.00870149898529
v -0.033695930481 0.0224124965668 0.00872962284088
v -0.0336800498962 0.0223688678741 0.00875379276276
v -0.0336635093689 0.022323425293 0.0087738237381
v -0.0336464347839 0.0222765159607 0.00878956222534
v -0.0336289596558 0.0222284946442 0.0088008928299
v -0.0336112098694 0.0221797294617 0.0088077249527
v -0.0339395828247 0.0226359806061 0.00821000766754
v -0.0339386177063 0.0226339111328 0.00826230049133
v -0.0339357299805 0.0226277198792 0.00831419658661
v -0.0339309425354 0.0226174526215 0.00836529922485
v -0.0339242897034 0.022603187561 0.00841522026062
v -0.0339158248901 0.0225850334167 0.00846357822418
v -0.0339056091309 0.0225631275177 0.00851000785828
v -0.0338937263489 0.0225376396179 0.00855415439606
v -0.0338802566528 0.0225087585449 0.00859568023682
v -0.0338653144836 0.0224767112732 0.00863427257538
v -0.0338490028381 0.022441734314 0.00866963481903
v -0.0338314552307 0.0224040985107 0.00870149898529
v -0.0338127975464 0.0223640880585 0.00872962284088
v -0.0337931747437 0.0223220100403 0.00875379276276
v -0.0337727394104 0.022278181076 0.0087738237381
v -0.0337516403198 0.0222329387665 0.00878956222534
v -0.0337300453186 0.0221866226196 0.0088008928299
v -0.0337081108093 0.022139591217 0.0088077249527
v -0.0340750007629 0.022565486908 0.00821000766754
v -0.0340738601685 0.0225635108948 0.00826230049133
v -0.0340704421997 0.022557592392 0.00831419658661
v -0.0340647773743 0.0225477809906 0.00836529922485
v -0.0340569076538 0.0225341491699 0.00841522026062
v -0.0340468940735 0.0225168037415 0.00846357822418
v -0.0340348091125 0.0224958724976 0.00851000785828
v -0.0340207443237 0.0224715156555 0.00855415439606
v -0.0340048141479 0.0224439201355 0.00859568023682
v -0.0339871330261 0.0224132957458 0.00863427257538
v -0.0339678382874 0.0223798732758 0.00866963481903
v -0.0339470748901 0.0223439102173 0.00870149898529
v -0.0339249992371 0.0223056793213 0.00872962284088
v -0.0339017868042 0.0222654705048 0.00875379276276
v -0.0338776054382 0.0222235908508 0.0087738237381
v -0.033852645874 0.0221803588867 0.00878956222534
v -0.0338270950317 0.0221361026764 0.0088008928299
v -0.0338011474609 0.0220911598206 0.0088077249527
v -0.0342037620544 0.0224834575653 0.00821000766754
v -0.0342024497986 0.0224815883636 0.00826230049133
v -0.0341985321045 0.0224759922028 0.00831419658661
v -0.0341920318604 0.0224667110443 0.00836529922485
v -0.0341830062866 0.0224538173676 0.00841522026062
v -0.0341715164185 0.0224374103546 0.00846357822418
v -0.0341576538086 0.0224176101685 0.00851000785828
v -0.0341415214539 0.0223945732117 0.00855415439606
v -0.0341232452393 0.0223684711456 0.00859568023682
v -0.0341029624939 0.0223395042419 0.00863427257538
v -0.0340808258057 0.0223078918457 0.00866963481903
v -0.0340570068359 0.0222738742828 0.00870149898529
v -0.0340316886902 0.0222377128601 0.00872962284088
v -0.0340050582886 0.0221996803284 0.00875379276276
v -0.0339773178101 0.0221600666046 0.0087738237381
v -0.0339486846924 0.0221191749573 0.00878956222534
v -0.0339193725586 0.0220773143768 0.0088008928299
v -0.0338896064758 0.0220348033905 0.0088077249527
v -0.0343248786926 0.0223905200958 0.00821000766754
v -0.0343234100342 0.0223887710571 0.00826230049133
v -0.0343190193176 0.0223835372925 0.00831419658661
v -0.0343117370605 0.0223748588562 0.00836529922485
v -0.0343016204834 0.0223628025055 0.00841522026062
v -0.0342887458801 0.0223474578857 0.00846357822418
v -0.0342732086182 0.0223289432526 0.00851000785828
v -0.0342551307678 0.0223073978424 0.00855415439606
v -0.0342346496582 0.0222829875946 0.00859568023682
v -0.0342119178772 0.0222558994293 0.00863427257538
v -0.0341871109009 0.0222263355255 0.00866963481903
v -0.0341604194641 0.022194524765 0.00870149898529
v -0.0341320419312 0.0221607074738 0.00872962284088
v -0.0341021995544 0.0221251392365 0.00875379276276
v -0.0340711135864 0.0220880947113 0.0087738237381
v -0.034039024353 0.0220498542786 0.00878956222534
v -0.0340061798096 0.0220107059479 0.0088008928299
v -0.033972820282 0.0219709529877 0.0088077249527
v -0.0344374389648 0.0222873802185 0.00821000766754
v -0.0344358215332 0.0222857646942 0.00826230049133
v -0.0344309921265 0.0222809333801 0.00831419658661
v -0.0344229812622 0.0222729225159 0.00836529922485
v -0.0344118499756 0.0222617931366 0.00841522026062
v -0.0343976860046 0.0222476291656 0.00846357822418
v -0.0343805961609 0.0222305393219 0.00851000785828
v -0.034360710144 0.0222106513977 0.00855415439606
v -0.034338180542 0.0221881198883 0.00859568023682
v -0.0343131752014 0.0221631145477 0.00863427257538
v -0.0342858848572 0.0221358280182 0.00866963481903
v -0.0342565231323 0.0221064624786 0.00870149898529
v -0.0342253036499 0.0220752468109 0.00872962284088
v -0.0341924743652 0.0220424175262 0.00875379276276
v -0.0341582794189 0.02200822258 0.0087738237381
v -0.0341229820251 0.0219729232788 0.00878956222534
v -0.0340868453979 0.021936788559 0.0088008928299
v -0.034050151825 0.0219000930786 0.0088077249527
v -0.0345405769348 0.0221748199463 0.00821000766754
v -0.0345388298035 0.0221733531952 0.00826230049133
v -0.0345335960388 0.0221689624786 0.00831419658661
v -0.0345249176025 0.0221616802216 0.00836529922485
v -0.0345128593445 0.0221515617371 0.00841522026062
v -0.0344975166321 0.0221386871338 0.00846357822418
v -0.0344790000916 0.0221231517792 0.00851000785828
v -0.0344574546814 0.0221050720215 0.00855415439606
v -0.0344330444336 0.0220845909119 0.00859568023682
v -0.0344059562683 0.0220618591309 0.00863427257538
v -0.0343763923645 0.0220370540619 0.00866963481903
v -0.0343445854187 0.0220103607178 0.00870149898529
v -0.0343107643127 0.0219819850922 0.00872962284088
v -0.0342751998901 0.0219521408081 0.00875379276276
v -0.034238155365 0.0219210548401 0.0087738237381
v -0.0341999130249 0.021888967514 0.00878956222534
v -0.0341607666016 0.0218561191559 0.0088008928299
v -0.0341210098267 0.0218227615356 0.0088077249527
v -0.034633518219 0.0220537014008 0.00821000766754
v -0.0346316452026 0.0220523910522 0.00826230049133
v -0.0346260490417 0.0220484733582 0.00831419658661
v -0.034616771698 0.0220419750214 0.00836529922485
v -0.0346038780212 0.0220329475403 0.00841522026062
v -0.0345874671936 0.0220214576721 0.00846357822418
v -0.0345676689148 0.0220075950623 0.00851000785828
v -0.034544631958 0.0219914627075 0.00855415439606
v -0.0345185317993 0.0219731864929 0.00859568023682
v -0.0344895629883 0.0219529037476 0.00863427257538
v -0.034457950592 0.0219307689667 0.00866963481903
v -0.0344239349365 0.0219069480896 0.00870149898529
v -0.0343877716064 0.0218816280365 0.00872962284088
v -0.0343497390747 0.0218549976349 0.00875379276276
v -0.0343101272583 0.0218272609711 0.0087738237381
v -0.0342692337036 0.021798625946 0.00878956222534
v -0.0342273712158 0.0217693157196 0.0088008928299
v -0.0341848602295 0.0217395496368 0.0088077249527
v -0.0347155456543 0.0219249420166 0.00821000766754
v -0.0347135696411 0.0219238014221 0.00826230049133
v -0.034707649231 0.0219203853607 0.00831419658661
v -0.0346978416443 0.0219147205353 0.00836529922485
v -0.0346842079163 0.0219068508148 0.00841522026062
v -0.0346668624878 0.0218968353271 0.00846357822418
v -0.0346459312439 0.0218847503662 0.00851000785828
v -0.0346215744019 0.0218706874847 0.00855415439606
v -0.0345939788818 0.0218547554016 0.00859568023682
v -0.0345633544922 0.0218370742798 0.00863427257538
v -0.0345299301147 0.0218177776337 0.00866963481903
v -0.0344939689636 0.0217970161438 0.00870149898529
v -0.0344557380676 0.0217749423981 0.00872962284088
v -0.0344155311584 0.0217517280579 0.00875379276276
v -0.0343736495972 0.0217275485992 0.0087738237381
v -0.0343304176331 0.0217025871277 0.00878956222534
v -0.0342861595154 0.0216770362854 0.0088008928299
v -0.0342412185669 0.0216510887146 0.0088077249527
v -0.0347860412598 0.0217895240784 0.00821000766754
v -0.0347839698792 0.02178855896 0.00826230049133
v -0.0347777786255 0.0217856712341 0.00831419658661
v -0.0347675094604 0.0217808837891 0.00836529922485
v -0.0347532463074 0.0217742328644 0.00841522026062
v -0.0347350921631 0.0217657661438 0.00846357822418
v -0.0347131843567 0.0217555522919 0.00851000785828
v -0.0346876983643 0.0217436676025 0.00855415439606
v -0.0346588172913 0.0217301998138 0.00859568023682
v -0.0346267700195 0.0217152557373 0.00863427257538
v -0.0345917930603 0.0216989459991 0.00866963481903
v -0.0345541572571 0.0216813964844 0.00870149898529
v -0.0345141487122 0.0216627388 0.00872962284088
v -0.0344720687866 0.0216431179047 0.00875379276276
v -0.0344282417297 0.0216226787567 0.0087738237381
v -0.0343829956055 0.0216015815735 0.00878956222534
v -0.034336681366 0.0215799865723 0.0088008928299
v -0.0342896499634 0.0215580539703 0.0088077249527
v -0.0348444633484 0.0216484775543 0.00821000766754
v -0.0348423194885 0.0216476974487 0.00826230049133
v -0.0348358955383 0.0216453609467 0.00831419658661
v -0.034825252533 0.0216414852142 0.00836529922485
v -0.034810459137 0.0216361026764 0.00841522026062
v -0.0347916374207 0.0216292514801 0.00846357822418
v -0.0347689247131 0.0216209850311 0.00851000785828
v -0.0347425003052 0.021611366272 0.00855415439606
v -0.0347125549316 0.0216004676819 0.00859568023682
v -0.0346793251038 0.0215883731842 0.00863427257538
v -0.0346430625916 0.0215751743317 0.00866963481903
v -0.0346040382385 0.0215609703064 0.00870149898529
v -0.0345625572205 0.0215458717346 0.00872962284088
v -0.0345189247131 0.0215299930573 0.00875379276276
v -0.0344734840393 0.0215134525299 0.0087738237381
v -0.034426574707 0.0214963779449 0.00878956222534
v -0.0343785514832 0.0214789009094 0.0088008928299
v -0.034329788208 0.021461151123 0.0088077249527
v -0.0349500007629 0.0210499420166 0.00741000747681
v -0.0349433403015 0.0212024650574 0.00741000747681
v -0.034923412323 0.0213538265228 0.00741000747681
v -0.0348903694153 0.0215028762817 0.00741000747681
v -0.0348444633484 0.0216484775543 0.00741000747681
v -0.0347860412598 0.0217895240784 0.00741000747681
v -0.0347155456543 0.0219249420166 0.00741000747681
v -0.034633518219 0.0220537014008 0.00741000747681
v -0.0345405769348 0.0221748199463 0.00741000747681
v -0.0344374389648 0.0222873802185 0.00741000747681
v -0.0343248786926 0.0223905200958 0.00741000747681
v -0.0342037620544 0.0224834575653 0.00741000747681
v -0.0340750007629 0.022565486908 0.00741000747681
v -0.0339395828247 0.0226359806061 0.00741000747681
v -0.0337985343933 0.0226944046021 0.00741000747681
v -0.0336529350281 0.0227403125763 0.00741000747681
v -0.0335038871765 0.0227733573914 0.00741000747681
v -0.0333525238037 0.0227932834625 0.00741000747681
v -0.0332000007629 0.0227999420166 0.00741000747681
v -0.0330474777222 0.0227932834625 0.00741000747681
v -0.0328961143494 0.0227733573914 0.00741000747681
v -0.0327470664978 0.0227403125763 0.00741000747681
v -0.0326014671326 0.0226944046021 0.00741000747681
v -0.0324604187012 0.0226359806061 0.00741000747681
v -0.0323250007629 0.022565486908 0.00741000747681
v -0.0321962432861 0.0224834575653 0.00741000747681
v -0.0320751228333 0.0223905200958 0.00741000747681
v -0.0319625644684 0.0222873802185 0.00741000747681
v -0.0318594245911 0.0221748199463 0.00741000747681
v -0.0317664871216 0.0220537014008 0.00741000747681
v -0.0316844577789 0.0219249420166 0.00741000747681
v -0.0316139640808 0.0217895240784 0.00741000747681
v -0.0315555400848 0.0216484775543 0.00741000747681
v -0.0315096321106 0.0215028762817 0.00741000747681
v -0.0314765872955 0.0213538265228 0.00741000747681
v -0.0314566612244 0.0212024650574 0.00741000747681
v -0.0314500026703 0.0210499420166 0.00741000747681
v -0.0314566612244 0.0208974189758 0.00741000747681
v -0.0314765872955 0.0207460575104 0.00741000747681
v -0.0315096321106 0.0205970096588 0.00741000747681
v -0.0315555400848 0.0204514064789 0.00741000747681
v -0.0316139640808 0.0203103599548 0.00741000747681
v -0.0316844577789 0.0201749420166 0.00741000747681
v -0.0317664871216 0.0200461845398 0.00741000747681
v -0.0318594245911 0.0199250640869 0.00741000747681
v -0.0319625644684 0.019812505722 0.00741000747681
v -0.0320751228333 0.0197093639374 0.00741000747681
v -0.0321962432861 0.0196164264679 0.00741000747681
v -0.0323250007629 0.0195343990326 0.00741000747681
v -0.0324604187012 0.0194639034271 0.00741000747681
v -0.0326014671326 0.0194054813385 0.00741000747681
v -0.0327470664978 0.0193595714569 0.00741000747681
v -0.0328961143494 0.0193265285492 0.00741000747681
v -0.0330474777222 0.0193066005707 0.00741000747681
v -0.0332000007629 0.0192999420166 0.00741000747681
v -0.0333525238037 0.0193066005707 0.00741000747681
v -0.0335038871765 0.0193265285492 0.00741000747681
v -0.0336529350281 0.0193595714569 0.00741000747681
v -0.0337985343933 0.0194054813385 0.00741000747681
v -0.0339395828247 0.0194639034271 0.00741000747681
v -0.0340750007629 0.0195343990326 0.00741000747681
v -0.0342037620544 0.0196164264679 0.00741000747681
v -0.0343248786926 0.0197093639374 0.00741000747681
v -0.0344374389648 0.019812505722 0.00741000747681
v -0.0345405769348 0.0199250640869 0.00741000747681
v -0.034633518219 0.0200461845398 0.00741000747681
v -0.0347155456543 0.0201749420166 0.00741000747681
v -0.0347860412598 0.0203103599548 0.00741000747681
v -0.0348444633484 0.0204514064789 0.00741000747681
v -0.0348903694153 0.0205970096588 0.00741000747681
v -0.034923412323 0.0207460575104 0.00741000747681
v -0.0349433403015 0.0208974189758 0.00741000747681
v -0.0150348081589 0.0283262939453 -0.0263899936676
v -0.0150461959839 0.0284127864838 -0.0263899936676
v -0.0140500011444 0.0284999427795 -0.0263899936676
v -0.0150500011444 0.0284999427795 -0.0263899936676
v -0.0150461959839 0.028587097168 -0.0263899936676
v -0.0149563083649 0.0280773239136 -0.0263899936676
v -0.0149896936417 0.0281579227448 -0.0263899936676
v -0.0150159263611 0.0282411231995 -0.0263899936676
v -0.0148160448074 0.0278571548462 -0.0263899936676
v -0.0148691530228 0.0279263648987 -0.0263899936676
v -0.0149160261154 0.0279999427795 -0.0263899936676
v -0.0146235771179 0.0276807899475 -0.0263899936676
v -0.0146927881241 0.0277338981628 -0.0263899936676
v -0.0147571077347 0.0277928352356 -0.0263899936676
v -0.0143920211792 0.0275602493286 -0.0263899936676
v -0.0144726190567 0.0275936336517 -0.0263899936676
v -0.0145500011444 0.0276339168549 -0.0263899936676
v -0.0141371564865 0.0275037479401 -0.0263899936676
v -0.014223649025 0.0275151348114 -0.0263899936676
v -0.0143088197708 0.0275340156555 -0.0263899936676
v -0.0138763523102 0.0275151348114 -0.0263899936676
v -0.0139628448486 0.0275037479401 -0.0263899936676
v -0.0140500011444 0.0274999427795 -0.0263899936676
v -0.0136273822784 0.0275936336517 -0.0263899936676
v -0.0137079811096 0.0275602493286 -0.0263899936676
v -0.0137911815643 0.0275340156555 -0.0263899936676
v -0.0134072132111 0.0277338981628 -0.0263899936676
v -0.0134764242172 0.0276807899475 -0.0263899936676
v -0.0135500011444 0.0276339168549 -0.0263899936676
v -0.0132308492661 0.0279263648987 -0.0263899936676
v -0.0132839565277 0.0278571548462 -0.0263899936676
v -0.0133428945541 0.0277928352356 -0.0263899936676
v -0.0131103086472 0.0281579227448 -0.0263899936676
v -0.0131436929703 0.0280773239136 -0.0263899936676
v -0.0131839752197 0.0279999427795 -0.0263899936676
v -0.0130538063049 0.0284127864838 -0.0263899936676
v -0.0130651931763 0.0283262939453 -0.0263899936676
v -0.0130840749741 0.0282411231995 -0.0263899936676
v -0.0130651931763 0.0286735897064 -0.0263899936676
v -0.0130538063049 0.028587097168 -0.0263899936676
v -0.0130500011444 0.0284999427795 -0.0263899936676
v -0.0131436929703 0.0289225597382 -0.0263899936676
v -0.0131103086472 0.0288419628143 -0.0263899936676
v -0.0130840749741 0.0287587604523 -0.0263899936676
v -0.0132839565277 0.0291427288055 -0.0263899936676
v -0.0132308492661 0.0290735187531 -0.0263899936676
v -0.0131839752197 0.0289999427795 -0.0263899936676
v -0.0134764242172 0.0293190937042 -0.0263899936676
v -0.0134072132111 0.0292659873962 -0.0263899936676
v -0.0133428945541 0.0292070484161 -0.0263899936676
v -0.0137079811096 0.0294396343231 -0.0263899936676
v -0.0136273822784 0.02940625 -0.0263899936676
v -0.0135500011444 0.0293659667969 -0.0263899936676
v -0.0139628448486 0.029496137619 -0.0263899936676
v -0.0138763523102 0.0294847488403 -0.0263899936676
v -0.0137911815643 0.0294658679962 -0.0263899936676
v -0.014223649025 0.0294847488403 -0.0263899936676
v -0.0141371564865 0.029496137619 -0.0263899936676
v -0.0140500011444 0.0294999427795 -0.0263899936676
v -0.0144726190567 0.02940625 -0.0263899936676
v -0.0143920211792 0.0294396343231 -0.0263899936676
v -0.0143088197708 0.0294658679962 -0.0263899936676
v -0.0146927881241 0.0292659873962 -0.0263899936676
v -0.0146235771179 0.0293190937042 -0.0263899936676
v -0.0145500011444 0.0293659667969 -0.0263899936676
v -0.0148691530228 0.0290735187531 -0.0263899936676
v -0.0148160448074 0.0291427288055 -0.0263899936676
v -0.0147571077347 0.0292070484161 -0.0263899936676
v -0.0149896936417 0.0288419628143 -0.0263899936676
v -0.0149563083649 0.0289225597382 -0.0263899936676
v -0.0149160261154 0.0289999427795 -0.0263899936676
v -0.0150348081589 0.0286735897064 -0.0263899936676
v -0.0150159263611 0.0287587604523 -0.0263899936676
v -0.0130500011444 0.0284999427795 -0.0213899917603
v -0.0130538063049 0.028587097168 -0.0213899917603
v -0.0130651931763 0.0286735897064 -0.0213899917603
v -0.0130840749741 0.0287587604523 -0.0213899917603
v -0.0131103086472 0.0288419628143 -0.0213899917603
v -0.0131436929703 0.0289225597382 -0.0213899917603
v -0.0131839752197 0.0289999427795 -0.0213899917603
v -0.0132308492661 0.0290735187531 -0.0213899917603
v -0.0132839565277 0.0291427288055 -0.0213899917603
v -0.0133428945541 0.0292070484161 -0.0213899917603
v -0.0134072132111 0.0292659873962 -0.0213899917603
v -0.0134764242172 0.0293190937042 -0.0213899917603
v -0.0135500011444 0.0293659667969 -0.0213899917603
v -0.0136273822784 0.02940625 -0.0213899917603
v -0.0137079811096 0.0294396343231 -0.0213899917603
v -0.0137911815643 0.0294658679962 -0.0213899917603
v -0.0138763523102 0.0294847488403 -0.0213899917603
v -0.0139628448486 0.029496137619 -0.0213899917603
v -0.0140500011444 0.0294999427795 -0.0213899917603
v -0.0141371564865 0.029496137619 -0.0213899917603
v -0.014223649025 0.0294847488403 -0.0213899917603
v -0.0143088197708 0.0294658679962 -0.0213899917603
v -0.0143920211792 0.0294396343231 -0.0213899917603
v -0.0144726190567 0.02940625 -0.0213899917603
v -0.0145500011444 0.0293659667969 -0.0213899917603
v -0.0146235771179 0.0293190937042 -0.0213899917603
v -0.0146927881241 0.0292659873962 -0.0213899917603
v -0.0147571077347 0.0292070484161 -0.0213899917603
v -0.0148160448074 0.0291427288055 -0.0213899917603
v -0.0148691530228 0.0290735187531 -0.0213899917603
v -0.0149160261154 0.0289999427795 -0.0213899917603
v -0.0149563083649 0.0289225597382 -0.0213899917603
v -0.0149896936417 0.0288419628143 -0.0213899917603
v -0.0150159263611 0.0287587604523 -0.0213899917603
v -0.0150348081589 0.0286735897064 -0.0213899917603
v -0.0150461959839 0.028587097168 -0.0213899917603
v -0.0150500011444 0.0284999427795 -0.0213899917603
v -0.0150461959839 0.0284127864838 -0.0213899917603
v -0.0150348081589 0.0283262939453 -0.0213899917603
v -0.0150159263611 0.0282411231995 -0.0213899917603
v -0.0149896936417 0.0281579227448 -0.0213899917603
v -0.0149563083649 0.0280773239136 -0.0213899917603
v -0.0149160261154 0.0279999427795 -0.0213899917603
v -0.0148691530228 0.0279263648987 -0.0213899917603
v -0.0148160448074 0.0278571548462 -0.0213899917603
v -0.0147571077347 0.0277928352356 -0.0213899917603
v -0.0146927881241 0.0277338981628 -0.0213899917603
v -0.0146235771179 0.0276807899475 -0.0213899917603
v -0.0145500011444 0.0276339168549 -0.0213899917603
v -0.0144726190567 0.0275936336517 -0.0213899917603
v -0.0143920211792 0.0275602493286 -0.0213899917603
v -0.0143088197708 0.0275340156555 -0.0213899917603
v -0.014223649025 0.0275151348114 -0.0213899917603
v -0.0141371564865 0.0275037479401 -0.0213899917603
v -0.0140500011444 0.0274999427795 -0.0213899917603
v -0.0139628448486 0.0275037479401 -0.0213899917603
v -0.0138763523102 0.0275151348114 -0.0213899917603
v -0.0137911815643 0.0275340156555 -0.0213899917603
v -0.0137079811096 0.0275602493286 -0.0213899917603
v -0.0136273822784 0.0275936336517 -0.0213899917603
v -0.0135500011444 0.0276339168549 -0.0213899917603
v -0.0134764242172 0.0276807899475 -0.0213899917603
v -0.0134072132111 0.0277338981628 -0.0213899917603
v -0.0133428945541 0.0277928352356 -0.0213899917603
v -0.0132839565277 0.0278571548462 -0.0213899917603
v -0.0132308492661 0.0279263648987 -0.0213899917603
v -0.0131839752197 0.0279999427795 -0.0213899917603
v -0.0131436929703 0.0280773239136 -0.0213899917603
v -0.0131103086472 0.0281579227448 -0.0213899917603
v -0.0130840749741 0.0282411231995 -0.0213899917603
v -0.0130651931763 0.0283262939453 -0.0213899917603
v -0.0130538063049 0.0284127864838 -0.0213899917603
v -0.0150348081589 0.0259262943268 -0.0263899936676
v -0.0150461959839 0.0260127868652 -0.0263899936676
v -0.0140500011444 0.026099943161 -0.0263899936676
v -0.0150500011444 0.026099943161 -0.0263899936676
v -0.0150461959839 0.0261870975494 -0.0263899936676
v -0.0149563083649 0.025677324295 -0.0263899936676
v -0.0149896936417 0.0257579212189 -0.0263899936676
v -0.0150159263611 0.0258411235809 -0.0263899936676
v -0.0148160448074 0.0254571552277 -0.0263899936676
v -0.0148691530228 0.0255263652802 -0.0263899936676
v -0.0149160261154 0.0255999412537 -0.0263899936676
v -0.0146235771179 0.025280790329 -0.0263899936676
v -0.0146927881241 0.0253338985443 -0.0263899936676
v -0.0147571077347 0.0253928356171 -0.0263899936676
v -0.0143920211792 0.0251602497101 -0.0263899936676
v -0.0144726190567 0.0251936340332 -0.0263899936676
v -0.0145500011444 0.0252339172363 -0.0263899936676
v -0.0141371564865 0.0251037483215 -0.0263899936676
v -0.014223649025 0.0251151351929 -0.0263899936676
v -0.0143088197708 0.025134016037 -0.0263899936676
v -0.0138763523102 0.0251151351929 -0.0263899936676
v -0.0139628448486 0.0251037483215 -0.0263899936676
v -0.0140500011444 0.0250999412537 -0.0263899936676
v -0.0136273822784 0.0251936340332 -0.0263899936676
v -0.0137079811096 0.0251602497101 -0.0263899936676
v -0.0137911815643 0.025134016037 -0.0263899936676
v -0.0134072132111 0.0253338985443 -0.0263899936676
v -0.0134764242172 0.025280790329 -0.0263899936676
v -0.0135500011444 0.0252339172363 -0.0263899936676
v -0.0132308492661 0.0255263652802 -0.0263899936676
v -0.0132839565277 0.0254571552277 -0.0263899936676
v -0.0133428945541 0.0253928356171 -0.0263899936676
v -0.0131103086472 0.0257579212189 -0.0263899936676
v -0.0131436929703 0.025677324295 -0.0263899936676
v -0.0131839752197 0.0255999412537 -0.0263899936676
v -0.0130538063049 0.0260127868652 -0.0263899936676
v -0.0130651931763 0.0259262943268 -0.0263899936676
v -0.0130840749741 0.0258411235809 -0.0263899936676
v -0.0130651931763 0.0262735900879 -0.0263899936676
v -0.0130538063049 0.0261870975494 -0.0263899936676
v -0.0130500011444 0.026099943161 -0.0263899936676
v -0.0131436929703 0.0265225601196 -0.0263899936676
v -0.0131103086472 0.0264419631958 -0.0263899936676
v -0.0130840749741 0.0263587608337 -0.0263899936676
v -0.0132839565277 0.026742729187 -0.0263899936676
v -0.0132308492661 0.0266735191345 -0.0263899936676
v -0.0131839752197 0.026599943161 -0.0263899936676
v -0.0134764242172 0.0269190940857 -0.0263899936676
v -0.0134072132111 0.0268659858704 -0.0263899936676
v -0.0133428945541 0.0268070487976 -0.0263899936676
v -0.0137079811096 0.0270396347046 -0.0263899936676
v -0.0136273822784 0.0270062503815 -0.0263899936676
v -0.0135500011444 0.0269659671783 -0.0263899936676
v -0.0139628448486 0.0270961360931 -0.0263899936676
v -0.0138763523102 0.0270847511292 -0.0263899936676
v -0.0137911815643 0.0270658683777 -0.0263899936676
v -0.014223649025 0.0270847511292 -0.0263899936676
v -0.0141371564865 0.0270961360931 -0.0263899936676
v -0.0140500011444 0.027099943161 -0.0263899936676
v -0.0144726190567 0.0270062503815 -0.0263899936676
v -0.0143920211792 0.0270396347046 -0.0263899936676
v -0.0143088197708 0.0270658683777 -0.0263899936676
v -0.0146927881241 0.0268659858704 -0.0263899936676
v -0.0146235771179 0.0269190940857 -0.0263899936676
v -0.0145500011444 0.0269659671783 -0.0263899936676
v -0.0148691530228 0.0266735191345 -0.0263899936676
v -0.0148160448074 0.026742729187 -0.0263899936676
v -0.0147571077347 0.0268070487976 -0.0263899936676
v -0.0149896936417 0.0264419631958 -0.0263899936676
v -0.0149563083649 0.0265225601196 -0.0263899936676
v -0.0149160261154 0.026599943161 -0.0263899936676
v -0.0150348081589 0.0262735900879 -0.0263899936676
v -0.0150159263611 0.0263587608337 -0.0263899936676
v -0.0130500011444 0.026099943161 -0.0213899917603
v -0.0130538063049 0.0261870975494 -0.0213899917603
v -0.0130651931763 0.0262735900879 -0.0213899917603
v -0.0130840749741 0.0263587608337 -0.0213899917603
v -0.0131103086472 0.0264419631958 -0.0213899917603
v -0.0131436929703 0.0265225601196 -0.0213899917603
v -0.0131839752197 0.026599943161 -0.0213899917603
v -0.0132308492661 0.0266735191345 -0.0213899917603
v -0.0132839565277 0.026742729187 -0.0213899917603
v -0.0133428945541 0.0268070487976 -0.0213899917603
v -0.0134072132111 0.0268659858704 -0.0213899917603
v -0.0134764242172 0.0269190940857 -0.0213899917603
v -0.0135500011444 0.0269659671783 -0.0213899917603
v -0.0136273822784 0.0270062503815 -0.0213899917603
v -0.0137079811096 0.0270396347046 -0.0213899917603
v -0.0137911815643 0.0270658683777 -0.0213899917603
v -0.0138763523102 0.0270847511292 -0.0213899917603
v -0.0139628448486 0.0270961360931 -0.0213899917603
v -0.0140500011444 0.027099943161 -0.0213899917603
v -0.0141371564865 0.0270961360931 -0.0213899917603
v -0.014223649025 0.0270847511292 -0.0213899917603
v -0.0143088197708 0.0270658683777 -0.0213899917603
v -0.0143920211792 0.0270396347046 -0.0213899917603
v -0.0144726190567 0.0270062503815 -0.0213899917603
v -0.0145500011444 0.0269659671783 -0.0213899917603
v -0.0146235771179 0.0269190940857 -0.0213899917603
v -0.0146927881241 0.0268659858704 -0.0213899917603
v -0.0147571077347 0.0268070487976 -0.0213899917603
v -0.0148160448074 0.026742729187 -0.0213899917603
v -0.0148691530228 0.0266735191345 -0.0213899917603
v -0.0149160261154 0.026599943161 -0.0213899917603
v -0.0149563083649 0.0265225601196 -0.0213899917603
v -0.0149896936417 0.0264419631958 -0.0213899917603
v -0.0150159263611 0.0263587608337 -0.0213899917603
v -0.0150348081589 0.0262735900879 -0.0213899917603
v -0.0150461959839 0.0261870975494 -0.0213899917603
v -0.0150500011444 0.026099943161 -0.0213899917603
v -0.0150461959839 0.0260127868652 -0.0213899917603
v -0.0150348081589 0.0259262943268 -0.0213899917603
v -0.0150159263611 0.0258411235809 -0.0213899917603
v -0.0149896936417 0.0257579212189 -0.0213899917603
v -0.0149563083649 0.025677324295 -0.0213899917603
v -0.0149160261154 0.0255999412537 -0.0213899917603
v -0.0148691530228 0.0255263652802 -0.0213899917603
v -0.0148160448074 0.0254571552277 -0.0213899917603
v -0.0147571077347 0.0253928356171 -0.0213899917603
v -0.0146927881241 0.0253338985443 -0.0213899917603
v -0.0146235771179 0.025280790329 -0.0213899917603
v -0.0145500011444 0.0252339172363 -0.0213899917603
v -0.0144726190567 0.0251936340332 -0.0213899917603
v -0.0143920211792 0.0251602497101 -0.0213899917603
v -0.0143088197708 0.025134016037 -0.0213899917603
v -0.014223649025 0.0251151351929 -0.0213899917603
v -0.0141371564865 0.0251037483215 -0.0213899917603
v -0.0140500011444 0.0250999412537 -0.0213899917603
v -0.0139628448486 0.0251037483215 -0.0213899917603
v -0.0138763523102 0.0251151351929 -0.0213899917603
v -0.0137911815643 0.025134016037 -0.0213899917603
v -0.0137079811096 0.0251602497101 -0.0213899917603
v -0.0136273822784 0.0251936340332 -0.0213899917603
v -0.0135500011444 0.0252339172363 -0.0213899917603
v -0.0134764242172 0.025280790329 -0.0213899917603
v -0.0134072132111 0.0253338985443 -0.0213899917603
v -0.0133428945541 0.0253928356171 -0.0213899917603
v -0.0132839565277 0.0254571552277 -0.0213899917603
v -0.0132308492661 0.0255263652802 -0.0213899917603
v -0.0131839752197 0.0255999412537 -0.0213899917603
v -0.0131436929703 0.025677324295 -0.0213899917603
v -0.0131103086472 0.0257579212189 -0.0213899917603
v -0.0130840749741 0.0258411235809 -0.0213899917603
v -0.0130651931763 0.0259262943268 -0.0213899917603
v -0.0130538063049 0.0260127868652 -0.0213899917603
v -0.0150348081589 0.0235262947083 -0.0263899936676
v -0.0150461959839 0.0236127872467 -0.0263899936676
v -0.0140500011444 0.0236999416351 -0.0263899936676
v -0.0150500011444 0.0236999416351 -0.0263899936676
v -0.0150461959839 0.0237870979309 -0.0263899936676
v -0.0149563083649 0.0232773246765 -0.0263899936676
v -0.0149896936417 0.0233579216003 -0.0263899936676
v -0.0150159263611 0.0234411220551 -0.0263899936676
v -0.0148160448074 0.0230571556091 -0.0263899936676
v -0.0148691530228 0.0231263656616 -0.0263899936676
v -0.0149160261154 0.0231999416351 -0.0263899936676
v -0.0146235771179 0.0228807907104 -0.0263899936676
v -0.0146927881241 0.0229338970184 -0.0263899936676
v -0.0147571077347 0.0229928359985 -0.0263899936676
v -0.0143920211792 0.0227602500916 -0.0263899936676
v -0.0144726190567 0.0227936344147 -0.0263899936676
v -0.0145500011444 0.0228339176178 -0.0263899936676
v -0.0141371564865 0.0227037467957 -0.0263899936676
v -0.014223649025 0.0227151355743 -0.0263899936676
v -0.0143088197708 0.0227340164185 -0.0263899936676
v -0.0138763523102 0.0227151355743 -0.0263899936676
v -0.0139628448486 0.0227037467957 -0.0263899936676
v -0.0140500011444 0.0226999416351 -0.0263899936676
v -0.0136273822784 0.0227936344147 -0.0263899936676
v -0.0137079811096 0.0227602500916 -0.0263899936676
v -0.0137911815643 0.0227340164185 -0.0263899936676
v -0.0134072132111 0.0229338970184 -0.0263899936676
v -0.0134764242172 0.0228807907104 -0.0263899936676
v -0.0135500011444 0.0228339176178 -0.0263899936676
v -0.0132308492661 0.0231263656616 -0.0263899936676
v -0.0132839565277 0.0230571556091 -0.0263899936676
v -0.0133428945541 0.0229928359985 -0.0263899936676
v -0.0131103086472 0.0233579216003 -0.0263899936676
v -0.0131436929703 0.0232773246765 -0.0263899936676
v -0.0131839752197 0.0231999416351 -0.0263899936676
v -0.0130538063049 0.0236127872467 -0.0263899936676
v -0.0130651931763 0.0235262947083 -0.0263899936676
v -0.0130840749741 0.0234411220551 -0.0263899936676
v -0.0130651931763 0.0238735904694 -0.0263899936676
v -0.0130538063049 0.0237870979309 -0.0263899936676
v -0.0130500011444 0.0236999416351 -0.0263899936676
v -0.0131436929703 0.0241225605011 -0.0263899936676
v -0.0131103086472 0.0240419616699 -0.0263899936676
v -0.0130840749741 0.0239587612152 -0.0263899936676
v -0.0132839565277 0.0243427295685 -0.0263899936676
v -0.0132308492661 0.0242735176086 -0.0263899936676
v -0.0131839752197 0.0241999416351 -0.0263899936676
v -0.0134764242172 0.0245190944672 -0.0263899936676
v -0.0134072132111 0.0244659862518 -0.0263899936676
v -0.0133428945541 0.0244070491791 -0.0263899936676
v -0.0137079811096 0.0246396350861 -0.0263899936676
v -0.0136273822784 0.0246062507629 -0.0263899936676
v -0.0135500011444 0.0245659675598 -0.0263899936676
v -0.0139628448486 0.0246961364746 -0.0263899936676
v -0.0138763523102 0.0246847496033 -0.0263899936676
v -0.0137911815643 0.0246658687592 -0.0263899936676
v -0.014223649025 0.0246847496033 -0.0263899936676
v -0.0141371564865 0.0246961364746 -0.0263899936676
v -0.0140500011444 0.0246999416351 -0.0263899936676
v -0.0144726190567 0.0246062507629 -0.0263899936676
v -0.0143920211792 0.0246396350861 -0.0263899936676
v -0.0143088197708 0.0246658687592 -0.0263899936676
v -0.0146927881241 0.0244659862518 -0.0263899936676
v -0.0146235771179 0.0245190944672 -0.0263899936676
v -0.0145500011444 0.0245659675598 -0.0263899936676
v -0.0148691530228 0.0242735176086 -0.0263899936676
v -0.0148160448074 0.0243427295685 -0.0263899936676
v -0.0147571077347 0.0244070491791 -0.0263899936676
v -0.0149896936417 0.0240419616699 -0.0263899936676
v -0.0149563083649 0.0241225605011 -0.0263899936676
v -0.0149160261154 0.0241999416351 -0.0263899936676
v -0.0150348081589 0.0238735904694 -0.0263899936676
v -0.0150159263611 0.0239587612152 -0.0263899936676
v -0.0130500011444 0.0236999416351 -0.0213899917603
v -0.0130538063049 0.0237870979309 -0.0213899917603
v -0.0130651931763 0.0238735904694 -0.0213899917603
v -0.0130840749741 0.0239587612152 -0.0213899917603
v -0.0131103086472 0.0240419616699 -0.0213899917603
v -0.0131436929703 0.0241225605011 -0.0213899917603
v -0.0131839752197 0.0241999416351 -0.0213899917603
v -0.0132308492661 0.0242735176086 -0.0213899917603
v -0.0132839565277 0.0243427295685 -0.0213899917603
v -0.0133428945541 0.0244070491791 -0.0213899917603
v -0.0134072132111 0.0244659862518 -0.0213899917603
v -0.0134764242172 0.0245190944672 -0.0213899917603
v -0.0135500011444 0.0245659675598 -0.0213899917603
v -0.0136273822784 0.0246062507629 -0.0213899917603
v -0.0137079811096 0.0246396350861 -0.0213899917603
v -0.0137911815643 0.0246658687592 -0.0213899917603
v -0.0138763523102 0.0246847496033 -0.0213899917603
v -0.0139628448486 0.0246961364746 -0.0213899917603
v -0.0140500011444 0.0246999416351 -0.0213899917603
v -0.0141371564865 0.0246961364746 -0.0213899917603
v -0.014223649025 0.0246847496033 -0.0213899917603
v -0.0143088197708 0.0246658687592 -0.0213899917603
v -0.0143920211792 0.0246396350861 -0.0213899917603
v -0.0144726190567 0.0246062507629 -0.0213899917603
v -0.0145500011444 0.0245659675598 -0.0213899917603
v -0.0146235771179 0.0245190944672 -0.0213899917603
v -0.0146927881241 0.0244659862518 -0.0213899917603
v -0.0147571077347 0.0244070491791 -0.0213899917603
v -0.0148160448074 0.0243427295685 -0.0213899917603
v -0.0148691530228 0.0242735176086 -0.0213899917603
v -0.0149160261154 0.0241999416351 -0.0213899917603
v -0.0149563083649 0.0241225605011 -0.0213899917603
v -0.0149896936417 0.0240419616699 -0.0213899917603
v -0.0150159263611 0.0239587612152 -0.0213899917603
v -0.0150348081589 0.0238735904694 -0.0213899917603
v -0.0150461959839 0.0237870979309 -0.0213899917603
v -0.0150500011444 0.0236999416351 -0.0213899917603
v -0.0150461959839 0.0236127872467 -0.0213899917603
v -0.0150348081589 0.0235262947083 -0.0213899917603
v -0.0150159263611 0.0234411220551 -0.0213899917603
v -0.0149896936417 0.0233579216003 -0.0213899917603
v -0.0149563083649 0.0232773246765 -0.0213899917603
v -0.0149160261154 0.0231999416351 -0.0213899917603
v -0.0148691530228 0.0231263656616 -0.0213899917603
v -0.0148160448074 0.0230571556091 -0.0213899917603
v -0.0147571077347 0.0229928359985 -0.0213899917603
v -0.0146927881241 0.0229338970184 -0.0213899917603
v -0.0146235771179 0.0228807907104 -0.0213899917603
v -0.0145500011444 0.0228339176178 -0.0213899917603
v -0.0144726190567 0.0227936344147 -0.0213899917603
v -0.0143920211792 0.0227602500916 -0.0213899917603
v -0.0143088197708 0.0227340164185 -0.0213899917603
v -0.014223649025 0.0227151355743 -0.0213899917603
v -0.0141371564865 0.0227037467957 -0.0213899917603
v -0.0140500011444 0.0226999416351 -0.0213899917603
v -0.0139628448486 0.0227037467957 -0.0213899917603
v -0.0138763523102 0.0227151355743 -0.0213899917603
v -0.0137911815643 0.0227340164185 -0.0213899917603
v -0.0137079811096 0.0227602500916 -0.0213899917603
v -0.0136273822784 0.0227936344147 -0.0213899917603
v -0.0135500011444 0.0228339176178 -0.0213899917603
v -0.0134764242172 0.0228807907104 -0.0213899917603
v -0.0134072132111 0.0229338970184 -0.0213899917603
v -0.0133428945541 0.0229928359985 -0.0213899917603
v -0.0132839565277 0.0230571556091 -0.0213899917603
v -0.0132308492661 0.0231263656616 -0.0213899917603
v -0.0131839752197 0.0231999416351 -0.0213899917603
v -0.0131436929703 0.0232773246765 -0.0213899917603
v -0.0131103086472 0.0233579216003 -0.0213899917603
v -0.0130840749741 0.0234411220551 -0.0213899917603
v -0.0130651931763 0.0235262947083 -0.0213899917603
v -0.0130538063049 0.0236127872467 -0.0213899917603
v -0.0165500011444 0.022099943161 -0.0228899936676
v -0.0199000015259 0.022099943161 -0.0246899909973
v -0.0298999996185 0.022099943161 -0.0246899909973
v -0.0333743133545 0.0189075527191 -0.0213899917603
v -0.0335472984314 0.0189303264618 -0.0213899917603
v -0.0337176399231 0.0189680900574 -0.0213899917603
v -0.0338840408325 0.0190205574036 -0.0213899917603
v -0.0340452384949 0.0190873279572 -0.0213899917603
v -0.0342000007629 0.0191678924561 -0.0213899917603
v -0.03434715271 0.0192616386414 -0.0213899917603
v -0.0344855766296 0.0193678531647 -0.0213899917603
v -0.0346142158508 0.0194857292175 -0.0213899917603
v -0.0347320899963 0.0196143665314 -0.0213899917603
v -0.034838306427 0.019752790451 -0.0213899917603
v -0.0349320526123 0.0198999423981 -0.0213899917603
v -0.0350126152039 0.0200547065735 -0.0213899917603
v -0.0350793876648 0.0202159023285 -0.0213899917603
v -0.0351318511963 0.0203823032379 -0.0213899917603
v -0.0351696166992 0.020552646637 -0.0213899917603
v -0.0351923904419 0.0207256298065 -0.0213899917603
v -0.00530000114441 0.019301864624 -0.0228899917603
v -0.0320499992371 0.0210499420166 -0.0228899936676
v -0.0320499992371 0.0210499420166 -0.0213899917603
v -0.0320528564453 0.0211153087616 -0.0228899936676
v -0.0320528564453 0.0211153087616 -0.0213899917603
v -0.0320613975525 0.0211801776886 -0.0228899936676
v -0.0320613975525 0.0211801776886 -0.0213899917603
v -0.0320755577087 0.0212440567017 -0.0228899936676
v -0.0320755577087 0.0212440567017 -0.0213899917603
v -0.0320952301025 0.0213064575195 -0.0228899936676
v -0.0320952301025 0.0213064575195 -0.0213899917603
v -0.0321202697754 0.0213669052124 -0.0228899936676
v -0.0321202697754 0.0213669052124 -0.0213899917603
v -0.0321504821777 0.0214249420166 -0.0228899936676
v -0.0321504821777 0.0214249420166 -0.0213899917603
v -0.032185634613 0.0214801254272 -0.0228899936676
v -0.032185634613 0.0214801254272 -0.0213899917603
v -0.0322254676819 0.0215320320129 -0.0228899936676
v -0.0322254676819 0.0215320320129 -0.0213899917603
v -0.0322696723938 0.0215802726746 -0.0228899936676
v -0.0322696723938 0.0215802726746 -0.0213899917603
v -0.0323179092407 0.0216244754791 -0.0228899936676
v -0.0323179092407 0.0216244754791 -0.0213899917603
v -0.0323698196411 0.0216643066406 -0.0228899936676
v -0.0323698196411 0.0216643066406 -0.0213899917603
v -0.0324249992371 0.0216994609833 -0.0228899936676
v -0.0324249992371 0.0216994609833 -0.0213899917603
v -0.0324830360413 0.0217296733856 -0.0228899936676
v -0.0324830360413 0.0217296733856 -0.0213899917603
v -0.0325434875488 0.0217547130585 -0.0228899936676
v -0.0325434875488 0.0217547130585 -0.0213899917603
v -0.032605884552 0.0217743873596 -0.0228899936676
v -0.032605884552 0.0217743873596 -0.0213899917603
v -0.0326697654724 0.0217885475159 -0.0228899936676
v -0.0326697654724 0.0217885475159 -0.0213899917603
v -0.0327346343994 0.021797088623 -0.0228899936676
v -0.0327346343994 0.021797088623 -0.0213899917603
v -0.0328000030518 0.0217999420166 -0.0228899936676
v -0.0328000030518 0.0217999420166 -0.0213899917603
v -0.0328653678894 0.021797088623 -0.0228899936676
v -0.0328653678894 0.021797088623 -0.0213899917603
v -0.0329302368164 0.0217885475159 -0.0228899936676
v -0.0329302368164 0.0217885475159 -0.0213899917603
v -0.0329941139221 0.0217743873596 -0.0228899936676
v -0.0329941139221 0.0217743873596 -0.0213899917603
v -0.03305651474 0.0217547130585 -0.0228899936676
v -0.03305651474 0.0217547130585 -0.0213899917603
v -0.0331169662476 0.0217296733856 -0.0228899936676
v -0.0331169662476 0.0217296733856 -0.0213899917603
v -0.0331749992371 0.0216994609833 -0.0228899936676
v -0.0331749992371 0.0216994609833 -0.0213899917603
v -0.0332301826477 0.0216643066406 -0.0228899936676
v -0.0332301826477 0.0216643066406 -0.0213899917603
v -0.0332820930481 0.0216244754791 -0.0228899936676
v -0.0332820930481 0.0216244754791 -0.0213899917603
v -0.033330329895 0.0215802726746 -0.0228899936676
v -0.033330329895 0.0215802726746 -0.0213899917603
v -0.0333745346069 0.0215320320129 -0.0228899936676
v -0.0333745346069 0.0215320320129 -0.0213899917603
v -0.0334143638611 0.0214801254272 -0.0228899936676
v -0.0334143638611 0.0214801254272 -0.0213899917603
v -0.0334495201111 0.0214249420166 -0.0228899936676
v -0.0334495201111 0.0214249420166 -0.0213899917603
v -0.0334797325134 0.0213669052124 -0.0228899936676
v -0.0334797325134 0.0213669052124 -0.0213899917603
v -0.0335047721863 0.0213064575195 -0.0228899936676
v -0.0335047721863 0.0213064575195 -0.0213899917603
v -0.0335244445801 0.0212440567017 -0.0228899936676
v -0.0335244445801 0.0212440567017 -0.0213899917603
v -0.0335386047363 0.0211801776886 -0.0228899936676
v -0.0335386047363 0.0211801776886 -0.0213899917603
v -0.0335471458435 0.0211153087616 -0.0228899936676
v -0.0335471458435 0.0211153087616 -0.0213899917603
v -0.0335500030518 0.0210499420166 -0.0228899936676
v -0.0335500030518 0.0210499420166 -0.0213899917603
v -0.0335471458435 0.0209845752716 -0.0228899936676
v -0.0335471458435 0.0209845752716 -0.0213899917603
v -0.0335386047363 0.0209197063446 -0.0228899936676
v -0.0335386047363 0.0209197063446 -0.0213899917603
v -0.0335244445801 0.0208558292389 -0.0228899936676
v -0.0335244445801 0.0208558292389 -0.0213899917603
v -0.0335047721863 0.0207934265137 -0.0228899936676
v -0.0335047721863 0.0207934265137 -0.0213899917603
v -0.0334797325134 0.0207329788208 -0.0228899936676
v -0.0334797325134 0.0207329788208 -0.0213899917603
v -0.0334495201111 0.0206749420166 -0.0228899936676
v -0.0334495201111 0.0206749420166 -0.0213899917603
v -0.0334143638611 0.0206197605133 -0.0228899936676
v -0.0334143638611 0.0206197605133 -0.0213899917603
v -0.0333745346069 0.0205678520203 -0.0228899936676
v -0.0333745346069 0.0205678520203 -0.0213899917603
v -0.033330329895 0.020519613266 -0.0228899936676
v -0.033330329895 0.020519613266 -0.0213899917603
v -0.0332820930481 0.0204754085541 -0.0228899936676
v -0.0332820930481 0.0204754085541 -0.0213899917603
v -0.0332301826477 0.0204355792999 -0.0228899936676
v -0.0332301826477 0.0204355792999 -0.0213899917603
v -0.0331749992371 0.0204004230499 -0.0228899936676
v -0.0331749992371 0.0204004230499 -0.0213899917603
v -0.0331169662476 0.0203702125549 -0.0228899936676
v -0.0331169662476 0.0203702125549 -0.0213899917603
v -0.03305651474 0.0203451728821 -0.0228899936676
v -0.03305651474 0.0203451728821 -0.0213899917603
v -0.0329941139221 0.0203254985809 -0.0228899936676
v -0.0329941139221 0.0203254985809 -0.0213899917603
v -0.0329302368164 0.0203113365173 -0.0228899936676
v -0.0329302368164 0.0203113365173 -0.0213899917603
v -0.0328653678894 0.0203027954102 -0.0228899936676
v -0.0328653678894 0.0203027954102 -0.0213899917603
v -0.0328000030518 0.0202999420166 -0.0228899936676
v -0.0328000030518 0.0202999420166 -0.0213899917603
v -0.0327346343994 0.0203027954102 -0.0228899936676
v -0.0327346343994 0.0203027954102 -0.0213899917603
v -0.0326697654724 0.0203113365173 -0.0228899936676
v -0.0326697654724 0.0203113365173 -0.0213899917603
v -0.032605884552 0.0203254985809 -0.0228899936676
v -0.032605884552 0.0203254985809 -0.0213899917603
v -0.0325434875488 0.0203451728821 -0.0228899936676
v -0.0325434875488 0.0203451728821 -0.0213899917603
v -0.0324830360413 0.0203702125549 -0.0228899936676
v -0.0324830360413 0.0203702125549 -0.0213899917603
v -0.0324249992371 0.0204004230499 -0.0228899936676
v -0.0324249992371 0.0204004230499 -0.0213899917603
v -0.0323698196411 0.0204355792999 -0.0228899936676
v -0.0323698196411 0.0204355792999 -0.0213899917603
v -0.0323179092407 0.0204754085541 -0.0228899936676
v -0.0323179092407 0.0204754085541 -0.0213899917603
v -0.0322696723938 0.020519613266 -0.0228899936676
v -0.0322696723938 0.020519613266 -0.0213899917603
v -0.0322254676819 0.0205678520203 -0.0228899936676
v -0.0322254676819 0.0205678520203 -0.0213899917603
v -0.032185634613 0.0206197605133 -0.0228899936676
v -0.032185634613 0.0206197605133 -0.0213899917603
v -0.0321504821777 0.0206749420166 -0.0228899936676
v -0.0321504821777 0.0206749420166 -0.0213899917603
v -0.0321202697754 0.0207329788208 -0.0228899936676
v -0.0321202697754 0.0207329788208 -0.0213899917603
v -0.0320952301025 0.0207934265137 -0.0228899936676
v -0.0320952301025 0.0207934265137 -0.0213899917603
v -0.0320755577087 0.0208558292389 -0.0228899936676
v -0.0320755577087 0.0208558292389 -0.0213899917603
v -0.0320613975525 0.0209197063446 -0.0228899936676
v -0.0320613975525 0.0209197063446 -0.0213899917603
v -0.0320528564453 0.0209845752716 -0.0228899936676
v -0.0320528564453 0.0209845752716 -0.0213899917603
v -0.0328000030518 0.0210499420166 -0.0213899917603
v -0.00755000114441 0.0210499420166 -0.0228899917603
v -0.00755000114441 0.0210499420166 -0.0213899917603
v -0.0075528550148 0.0211153087616 -0.0228899917603
v -0.0075528550148 0.0211153087616 -0.0213899917603
v -0.0075613951683 0.0211801776886 -0.0228899917603
v -0.0075613951683 0.0211801776886 -0.0213899917603
v -0.00757555627823 0.0212440567017 -0.0228899917603
v -0.00757555627823 0.0212440567017 -0.0213899917603
v -0.00759523153305 0.0213064556122 -0.0228899917603
v -0.00759523153305 0.0213064556122 -0.0213899917603
v -0.00762027025223 0.0213669052124 -0.0228899917603
v -0.00762027025223 0.0213669052124 -0.0213899917603
v -0.0076504817009 0.0214249420166 -0.0228899917603
v -0.0076504817009 0.0214249420166 -0.0213899917603
v -0.00768563699722 0.0214801235199 -0.0228899917603
v -0.00768563699722 0.0214801235199 -0.0213899917603
v -0.00772546768188 0.0215320320129 -0.0228899917603
v -0.00772546768188 0.0215320320129 -0.0213899917603
v -0.00776967048645 0.0215802726746 -0.0228899917603
v -0.00776967048645 0.0215802726746 -0.0213899917603
v -0.0078179101944 0.0216244754791 -0.0228899917603
v -0.0078179101944 0.0216244754791 -0.0213899917603
v -0.00786981868744 0.0216643066406 -0.0228899917603
v -0.00786981868744 0.0216643066406 -0.0213899917603
v -0.00792500066757 0.0216994609833 -0.0228899917603
v -0.00792500066757 0.0216994609833 -0.0213899917603
v -0.00798303699493 0.0217296733856 -0.0228899917603
v -0.00798303699493 0.0217296733856 -0.0213899917603
v -0.00804348564148 0.0217547111511 -0.0228899917603
v -0.00804348564148 0.0217547111511 -0.0213899917603
v -0.00810588645935 0.0217743854523 -0.0228899917603
v -0.00810588645935 0.0217743854523 -0.0213899917603
v -0.00816976451874 0.0217885475159 -0.0228899917603
v -0.00816976451874 0.0217885475159 -0.0213899917603
v -0.00823463439941 0.0217970867157 -0.0228899917603
v -0.00823463439941 0.0217970867157 -0.0213899917603
v -0.00830000114441 0.0217999420166 -0.0228899917603
v -0.00830000114441 0.0217999420166 -0.0213899917603
v -0.0083653678894 0.0217970867157 -0.0228899917603
v -0.0083653678894 0.0217970867157 -0.0213899917603
v -0.00843023681641 0.0217885475159 -0.0228899917603
v -0.00843023681641 0.0217885475159 -0.0213899917603
v -0.00849411487579 0.0217743854523 -0.0228899917603
v -0.00849411487579 0.0217743854523 -0.0213899917603
v -0.00855651569366 0.0217547111511 -0.0228899917603
v -0.00855651569366 0.0217547111511 -0.0213899917603
v -0.00861696434021 0.0217296733856 -0.0228899917603
v -0.00861696434021 0.0217296733856 -0.0213899917603
v -0.00867500114441 0.0216994609833 -0.0228899917603
v -0.00867500114441 0.0216994609833 -0.0213899917603
v -0.00873018264771 0.0216643066406 -0.0228899917603
v -0.00873018264771 0.0216643066406 -0.0213899917603
v -0.00878209114075 0.0216244754791 -0.0228899917603
v -0.00878209114075 0.0216244754791 -0.0213899917603
v -0.00883033084869 0.0215802726746 -0.0228899917603
v -0.00883033084869 0.0215802726746 -0.0213899917603
v -0.00887453365326 0.0215320320129 -0.0228899917603
v -0.00887453365326 0.0215320320129 -0.0213899917603
v -0.00891436481476 0.0214801235199 -0.0228899917603
v -0.00891436481476 0.0214801235199 -0.0213899917603
v -0.00894952011108 0.0214249420166 -0.0228899917603
v -0.00894952011108 0.0214249420166 -0.0213899917603
v -0.00897973155975 0.0213669052124 -0.0228899917603
v -0.00897973155975 0.0213669052124 -0.0213899917603
v -0.00900477027893 0.0213064556122 -0.0228899917603
v -0.00900477027893 0.0213064556122 -0.0213899917603
v -0.00902444553375 0.0212440567017 -0.0228899917603
v -0.00902444553375 0.0212440567017 -0.0213899917603
v -0.00903860664368 0.0211801776886 -0.0228899917603
v -0.00903860664368 0.0211801776886 -0.0213899917603
v -0.00904714679718 0.0211153087616 -0.0228899917603
v -0.00904714679718 0.0211153087616 -0.0213899917603
v -0.00905000114441 0.0210499420166 -0.0228899917603
v -0.00905000114441 0.0210499420166 -0.0213899917603
v -0.00904714679718 0.0209845752716 -0.0228899917603
v -0.00904714679718 0.0209845752716 -0.0213899917603
v -0.00903860664368 0.0209197044373 -0.0228899917603
v -0.00903860664368 0.0209197044373 -0.0213899917603
v -0.00902444553375 0.0208558273315 -0.0228899917603
v -0.00902444553375 0.0208558273315 -0.0213899917603
v -0.00900477027893 0.0207934265137 -0.0228899917603
v -0.00900477027893 0.0207934265137 -0.0213899917603
v -0.00897973155975 0.0207329769135 -0.0228899917603
v -0.00897973155975 0.0207329769135 -0.0213899917603
v -0.00894952011108 0.0206749420166 -0.0228899917603
v -0.00894952011108 0.0206749420166 -0.0213899917603
v -0.00891436481476 0.0206197605133 -0.0228899917603
v -0.00891436481476 0.0206197605133 -0.0213899917603
v -0.00887453365326 0.0205678501129 -0.0228899917603
v -0.00887453365326 0.0205678501129 -0.0213899917603
v -0.00883033084869 0.0205196113586 -0.0228899917603
v -0.00883033084869 0.0205196113586 -0.0213899917603
v -0.00878209114075 0.0204754085541 -0.0228899917603
v -0.00878209114075 0.0204754085541 -0.0213899917603
v -0.00873018264771 0.0204355773926 -0.0228899917603
v -0.00873018264771 0.0204355773926 -0.0213899917603
v -0.00867500114441 0.0204004230499 -0.0228899917603
v -0.00867500114441 0.0204004230499 -0.0213899917603
v -0.00861696434021 0.0203702106476 -0.0228899917603
v -0.00861696434021 0.0203702106476 -0.0213899917603
v -0.00855651569366 0.0203451728821 -0.0228899917603
v -0.00855651569366 0.0203451728821 -0.0213899917603
v -0.00849411487579 0.0203254966736 -0.0228899917603
v -0.00849411487579 0.0203254966736 -0.0213899917603
v -0.00843023681641 0.02031133461 -0.0228899917603
v -0.00843023681641 0.02031133461 -0.0213899917603
v -0.0083653678894 0.0203027954102 -0.0228899917603
v -0.0083653678894 0.0203027954102 -0.0213899917603
v -0.00830000114441 0.0202999420166 -0.0228899917603
v -0.00830000114441 0.0202999420166 -0.0213899917603
v -0.00823463439941 0.0203027954102 -0.0228899917603
v -0.00823463439941 0.0203027954102 -0.0213899917603
v -0.00816976451874 0.02031133461 -0.0228899917603
v -0.00816976451874 0.02031133461 -0.0213899917603
v -0.00810588645935 0.0203254966736 -0.0228899917603
v -0.00810588645935 0.0203254966736 -0.0213899917603
v -0.00804348564148 0.0203451728821 -0.0228899917603
v -0.00804348564148 0.0203451728821 -0.0213899917603
v -0.00798303699493 0.0203702106476 -0.0228899917603
v -0.00798303699493 0.0203702106476 -0.0213899917603
v -0.00792500066757 0.0204004230499 -0.0228899917603
v -0.00792500066757 0.0204004230499 -0.0213899917603
v -0.00786981868744 0.0204355773926 -0.0228899917603
v -0.00786981868744 0.0204355773926 -0.0213899917603
v -0.0078179101944 0.0204754085541 -0.0228899917603
v -0.0078179101944 0.0204754085541 -0.0213899917603
v -0.00776967048645 0.0205196113586 -0.0228899917603
v -0.00776967048645 0.0205196113586 -0.0213899917603
v -0.00772546768188 0.0205678501129 -0.0228899917603
v -0.00772546768188 0.0205678501129 -0.0213899917603
v -0.00768563699722 0.0206197605133 -0.0228899917603
v -0.00768563699722 0.0206197605133 -0.0213899917603
v -0.0076504817009 0.0206749420166 -0.0228899917603
v -0.0076504817009 0.0206749420166 -0.0213899917603
v -0.00762027025223 0.0207329769135 -0.0228899917603
v -0.00762027025223 0.0207329769135 -0.0213899917603
v -0.00759523153305 0.0207934265137 -0.0228899917603
v -0.00759523153305 0.0207934265137 -0.0213899917603
v -0.00757555627823 0.0208558273315 -0.0228899917603
v -0.00757555627823 0.0208558273315 -0.0213899917603
v -0.0075613951683 0.0209197044373 -0.0228899917603
v -0.0075613951683 0.0209197044373 -0.0213899917603
v -0.0075528550148 0.0209845752716 -0.0228899917603
v -0.0075528550148 0.0209845752716 -0.0213899917603
v -0.00830000114441 0.0210499420166 -0.0213899917603
v -0.0298999996185 0.022099943161 -0.0228899936676
v -0.0165500011444 0.0211999435425 -0.0228899936676
v -0.0115500011444 0.0211999416351 -0.0228899917603
v -0.0115500011444 0.0247999420166 -0.0228899917603
v -0.0165500011444 0.0376999435425 -0.0213899917603
v -0.0165500011444 0.0352999420166 -0.0213899917603
v -0.0165500011444 0.0312999420166 -0.0213899917603
v -0.0165500011444 0.0211999435425 -0.0213899917603
v -0.0165500011444 0.0248999423981 -0.0213899917603
v -0.0165500011444 0.0278999423981 -0.0213899917603
v -0.0282500019073 0.0210499420166 0.00741000747681
v -0.0282500019073 0.0210499420166 0.00891000843048
v -0.0282528553009 0.0211153087616 0.00741000747681
v -0.0282528553009 0.0211153087616 0.00891000843048
v -0.0282613964081 0.0211801776886 0.00741000747681
v -0.0282613964081 0.0211801776886 0.00891000843048
v -0.0282755565643 0.0212440567017 0.00741000747681
v -0.0282755565643 0.0212440567017 0.00891000843048
v -0.0282952327728 0.0213064575195 0.00741000747681
v -0.0282952327728 0.0213064575195 0.00891000843048
v -0.0283202705383 0.0213669052124 0.00741000747681
v -0.0283202705383 0.0213669052124 0.00891000843048
v -0.0283504829407 0.0214249420166 0.00741000747681
v -0.0283504829407 0.0214249420166 0.00891000843048
v -0.0283856372833 0.0214801254272 0.00741000747681
v -0.0283856372833 0.0214801254272 0.00891000843048
v -0.0284254684448 0.0215320320129 0.00741000747681
v -0.0284254684448 0.0215320320129 0.00891000843048
v -0.0284696712494 0.0215802726746 0.00741000747681
v -0.0284696712494 0.0215802726746 0.00891000843048
v -0.028517911911 0.0216244754791 0.00741000747681
v -0.028517911911 0.0216244754791 0.00891000843048
v -0.0285698204041 0.0216643066406 0.00741000747681
v -0.0285698204041 0.0216643066406 0.00891000843048
v -0.0286250019073 0.0216994609833 0.00741000747681
v -0.0286250019073 0.0216994609833 0.00891000843048
v -0.0286830368042 0.0217296733856 0.00741000747681
v -0.0286830368042 0.0217296733856 0.00891000843048
v -0.0287434883118 0.0217547130585 0.00741000747681
v -0.0287434883118 0.0217547130585 0.00891000843048
v -0.0288058872223 0.0217743873596 0.00741000747681
v -0.0288058872223 0.0217743873596 0.00891000843048
v -0.0288697662354 0.0217885475159 0.00741000747681
v -0.0288697662354 0.0217885475159 0.00891000843048
v -0.0289346351624 0.021797088623 0.00741000747681
v -0.0289346351624 0.021797088623 0.00891000843048
v -0.0290000019073 0.0217999420166 0.00741000747681
v -0.0290000019073 0.0217999420166 0.00891000843048
v -0.0290653686523 0.021797088623 0.00741000747681
v -0.0290653686523 0.021797088623 0.00891000843048
v -0.0291302375793 0.0217885475159 0.00741000747681
v -0.0291302375793 0.0217885475159 0.00891000843048
v -0.0291941146851 0.0217743873596 0.00741000747681
v -0.0291941146851 0.0217743873596 0.00891000843048
v -0.0292565174103 0.0217547130585 0.00741000747681
v -0.0292565174103 0.0217547130585 0.00891000843048
v -0.0293169670105 0.0217296733856 0.00741000747681
v -0.0293169670105 0.0217296733856 0.00891000843048
v -0.0293750019073 0.0216994609833 0.00741000747681
v -0.0293750019073 0.0216994609833 0.00891000843048
v -0.0294301834106 0.0216643066406 0.00741000747681
v -0.0294301834106 0.0216643066406 0.00891000843048
v -0.029482093811 0.0216244754791 0.00741000747681
v -0.029482093811 0.0216244754791 0.00891000843048
v -0.0295303325653 0.0215802726746 0.00741000747681
v -0.0295303325653 0.0215802726746 0.00891000843048
v -0.0295745353699 0.0215320320129 0.00741000747681
v -0.0295745353699 0.0215320320129 0.00891000843048
v -0.029614364624 0.0214801254272 0.00741000747681
v -0.029614364624 0.0214801254272 0.00891000843048
v -0.029649520874 0.0214249420166 0.00741000747681
v -0.029649520874 0.0214249420166 0.00891000843048
v -0.0296797332764 0.0213669052124 0.00741000747681
v -0.0296797332764 0.0213669052124 0.00891000843048
v -0.0297047710419 0.0213064575195 0.00741000747681
v -0.0297047710419 0.0213064575195 0.00891000843048
v -0.029724445343 0.0212440567017 0.00741000747681
v -0.029724445343 0.0212440567017 0.00891000843048
v -0.0297386074066 0.0211801776886 0.00741000747681
v -0.0297386074066 0.0211801776886 0.00891000843048
v -0.0297471485138 0.0211153087616 0.00741000747681
v -0.0297471485138 0.0211153087616 0.00891000843048
v -0.0297500019073 0.0210499420166 0.00741000747681
v -0.0297500019073 0.0210499420166 0.00891000843048
v -0.0297471485138 0.0209845752716 0.00741000747681
v -0.0297471485138 0.0209845752716 0.00891000843048
v -0.0297386074066 0.0209197063446 0.00741000747681
v -0.0297386074066 0.0209197063446 0.00891000843048
v -0.029724445343 0.0208558292389 0.00741000747681
v -0.029724445343 0.0208558292389 0.00891000843048
v -0.0297047710419 0.0207934265137 0.00741000747681
v -0.0297047710419 0.0207934265137 0.00891000843048
v -0.0296797332764 0.0207329788208 0.00741000747681
v -0.0296797332764 0.0207329788208 0.00891000843048
v -0.029649520874 0.0206749420166 0.00741000747681
v -0.029649520874 0.0206749420166 0.00891000843048
v -0.029614364624 0.0206197605133 0.00741000747681
v -0.029614364624 0.0206197605133 0.00891000843048
v -0.0295745353699 0.0205678520203 0.00741000747681
v -0.0295745353699 0.0205678520203 0.00891000843048
v -0.0295303325653 0.020519613266 0.00741000747681
v -0.0295303325653 0.020519613266 0.00891000843048
v -0.029482093811 0.0204754085541 0.00741000747681
v -0.029482093811 0.0204754085541 0.00891000843048
v -0.0294301834106 0.0204355792999 0.00741000747681
v -0.0294301834106 0.0204355792999 0.00891000843048
v -0.0293750019073 0.0204004230499 0.00741000747681
v -0.0293750019073 0.0204004230499 0.00891000843048
v -0.0293169670105 0.0203702125549 0.00741000747681
v -0.0293169670105 0.0203702125549 0.00891000843048
v -0.0292565174103 0.0203451728821 0.00741000747681
v -0.0292565174103 0.0203451728821 0.00891000843048
v -0.0291941146851 0.0203254985809 0.00741000747681
v -0.0291941146851 0.0203254985809 0.00891000843048
v -0.0291302375793 0.0203113365173 0.00741000747681
v -0.0291302375793 0.0203113365173 0.00891000843048
v -0.0290653686523 0.0203027954102 0.00741000747681
v -0.0290653686523 0.0203027954102 0.00891000843048
v -0.0290000019073 0.0202999420166 0.00741000747681
v -0.0290000019073 0.0202999420166 0.00891000843048
v -0.0289346351624 0.0203027954102 0.00741000747681
v -0.0289346351624 0.0203027954102 0.00891000843048
v -0.0288697662354 0.0203113365173 0.00741000747681
v -0.0288697662354 0.0203113365173 0.00891000843048
v -0.0288058872223 0.0203254985809 0.00741000747681
v -0.0288058872223 0.0203254985809 0.00891000843048
v -0.0287434883118 0.0203451728821 0.00741000747681
v -0.0287434883118 0.0203451728821 0.00891000843048
v -0.0286830368042 0.0203702125549 0.00741000747681
v -0.0286830368042 0.0203702125549 0.00891000843048
v -0.0286250019073 0.0204004230499 0.00741000747681
v -0.0286250019073 0.0204004230499 0.00891000843048
v -0.0285698204041 0.0204355792999 0.00741000747681
v -0.0285698204041 0.0204355792999 0.00891000843048
v -0.028517911911 0.0204754085541 0.00741000747681
v -0.028517911911 0.0204754085541 0.00891000843048
v -0.0284696712494 0.020519613266 0.00741000747681
v -0.0284696712494 0.020519613266 0.00891000843048
v -0.0284254684448 0.0205678520203 0.00741000747681
v -0.0284254684448 0.0205678520203 0.00891000843048
v -0.0283856372833 0.0206197605133 0.00741000747681
v -0.0283856372833 0.0206197605133 0.00891000843048
v -0.0283504829407 0.0206749420166 0.00741000747681
v -0.0283504829407 0.0206749420166 0.00891000843048
v -0.0283202705383 0.0207329788208 0.00741000747681
v -0.0283202705383 0.0207329788208 0.00891000843048
v -0.0282952327728 0.0207934265137 0.00741000747681
v -0.0282952327728 0.0207934265137 0.00891000843048
v -0.0282755565643 0.0208558292389 0.00741000747681
v -0.0282755565643 0.0208558292389 0.00891000843048
v -0.0282613964081 0.0209197063446 0.00741000747681
v -0.0282613964081 0.0209197063446 0.00891000843048
v -0.0282528553009 0.0209845752716 0.00741000747681
v -0.0282528553009 0.0209845752716 0.00891000843048
v -0.0290000019073 0.0210499420166 0.00741000747681
v -0.00755000114441 0.0210499420166 0.00741000747681
v -0.00755000114441 0.0210499420166 0.00891000843048
v -0.0075528550148 0.0211153087616 0.00741000747681
v -0.0075528550148 0.0211153087616 0.00891000843048
v -0.0075613951683 0.0211801776886 0.00741000747681
v -0.0075613951683 0.0211801776886 0.00891000843048
v -0.00757555627823 0.0212440567017 0.00741000747681
v -0.00757555627823 0.0212440567017 0.00891000843048
v -0.00759523153305 0.0213064556122 0.00741000747681
v -0.00759523153305 0.0213064556122 0.00891000843048
v -0.00762027025223 0.0213669052124 0.00741000747681
v -0.00762027025223 0.0213669052124 0.00891000843048
v -0.0076504817009 0.0214249420166 0.00741000747681
v -0.0076504817009 0.0214249420166 0.00891000843048
v -0.00768563699722 0.0214801235199 0.00741000747681
v -0.00768563699722 0.0214801235199 0.00891000843048
v -0.00772546768188 0.0215320320129 0.00741000747681
v -0.00772546768188 0.0215320320129 0.00891000843048
v -0.00776967048645 0.0215802726746 0.00741000747681
v -0.00776967048645 0.0215802726746 0.00891000843048
v -0.0078179101944 0.0216244754791 0.00741000747681
v -0.0078179101944 0.0216244754791 0.00891000843048
v -0.00786981868744 0.0216643066406 0.00741000747681
v -0.00786981868744 0.0216643066406 0.00891000843048
v -0.00792500066757 0.0216994609833 0.00741000747681
v -0.00792500066757 0.0216994609833 0.00891000843048
v -0.00798303699493 0.0217296733856 0.00741000747681
v -0.00798303699493 0.0217296733856 0.00891000843048
v -0.00804348659515 0.0217547111511 0.00741000747681
v -0.00804348659515 0.0217547111511 0.00891000843048
v -0.00810588645935 0.0217743854523 0.00741000747681
v -0.00810588645935 0.0217743854523 0.00891000843048
v -0.00816976547241 0.0217885475159 0.00741000747681
v -0.00816976547241 0.0217885475159 0.00891000843048
v -0.00823463439941 0.0217970867157 0.00741000747681
v -0.00823463439941 0.0217970867157 0.00891000843048
v -0.00830000114441 0.0217999420166 0.00741000747681
v -0.00830000114441 0.0217999420166 0.00891000843048
v -0.0083653678894 0.0217970867157 0.00741000747681
v -0.0083653678894 0.0217970867157 0.00891000843048
v -0.00843023777008 0.0217885475159 0.00741000747681
v -0.00843023777008 0.0217885475159 0.00891000843048
v -0.00849411582947 0.0217743854523 0.00741000747681
v -0.00849411582947 0.0217743854523 0.00891000843048
v -0.00855651664734 0.0217547111511 0.00741000747681
v -0.00855651664734 0.0217547111511 0.00891000843048
v -0.00861696434021 0.0217296733856 0.00741000747681
v -0.00861696434021 0.0217296733856 0.00891000843048
v -0.00867500114441 0.0216994609833 0.00741000747681
v -0.00867500114441 0.0216994609833 0.00891000843048
v -0.00873018360138 0.0216643066406 0.00741000747681
v -0.00873018360138 0.0216643066406 0.00891000843048
v -0.00878209209442 0.0216244754791 0.00741000747681
v -0.00878209209442 0.0216244754791 0.00891000843048
v -0.00883033084869 0.0215802726746 0.00741000747681
v -0.00883033084869 0.0215802726746 0.00891000843048
v -0.00887453460693 0.0215320320129 0.00741000747681
v -0.00887453460693 0.0215320320129 0.00891000843048
v -0.00891436481476 0.0214801235199 0.00741000747681
v -0.00891436481476 0.0214801235199 0.00891000843048
v -0.00894952011108 0.0214249420166 0.00741000747681
v -0.00894952011108 0.0214249420166 0.00891000843048
v -0.00897973155975 0.0213669052124 0.00741000747681
v -0.00897973155975 0.0213669052124 0.00891000843048
v -0.00900477027893 0.0213064556122 0.00741000747681
v -0.00900477027893 0.0213064556122 0.00891000843048
v -0.00902444553375 0.0212440567017 0.00741000747681
v -0.00902444553375 0.0212440567017 0.00891000843048
v -0.00903860664368 0.0211801776886 0.00741000747681
v -0.00903860664368 0.0211801776886 0.00891000843048
v -0.00904714679718 0.0211153087616 0.00741000747681
v -0.00904714679718 0.0211153087616 0.00891000843048
v -0.00905000114441 0.0210499420166 0.00741000747681
v -0.00905000114441 0.0210499420166 0.00891000843048
v -0.00904714679718 0.0209845752716 0.00741000747681
v -0.00904714679718 0.0209845752716 0.00891000843048
v -0.00903860664368 0.0209197044373 0.00741000747681
v -0.00903860664368 0.0209197044373 0.00891000843048
v -0.00902444553375 0.0208558273315 0.00741000747681
v -0.00902444553375 0.0208558273315 0.00891000843048
v -0.00900477027893 0.0207934265137 0.00741000747681
v -0.00900477027893 0.0207934265137 0.00891000843048
v -0.00897973155975 0.0207329769135 0.00741000747681
v -0.00897973155975 0.0207329769135 0.00891000843048
v -0.00894952011108 0.0206749420166 0.00741000747681
v -0.00894952011108 0.0206749420166 0.00891000843048
v -0.00891436481476 0.0206197605133 0.00741000747681
v -0.00891436481476 0.0206197605133 0.00891000843048
v -0.00887453460693 0.0205678501129 0.00741000747681
v -0.00887453460693 0.0205678501129 0.00891000843048
v -0.00883033084869 0.0205196113586 0.00741000747681
v -0.00883033084869 0.0205196113586 0.00891000843048
v -0.00878209209442 0.0204754085541 0.00741000747681
v -0.00878209209442 0.0204754085541 0.00891000843048
v -0.00873018360138 0.0204355773926 0.00741000747681
v -0.00873018360138 0.0204355773926 0.00891000843048
v -0.00867500114441 0.0204004230499 0.00741000747681
v -0.00867500114441 0.0204004230499 0.00891000843048
v -0.00861696434021 0.0203702106476 0.00741000747681
v -0.00861696434021 0.0203702106476 0.00891000843048
v -0.00855651664734 0.0203451728821 0.00741000747681
v -0.00855651664734 0.0203451728821 0.00891000843048
v -0.00849411582947 0.0203254966736 0.00741000747681
v -0.00849411582947 0.0203254966736 0.00891000843048
v -0.00843023777008 0.02031133461 0.00741000747681
v -0.00843023777008 0.02031133461 0.00891000843048
v -0.0083653678894 0.0203027954102 0.00741000747681
v -0.0083653678894 0.0203027954102 0.00891000843048
v -0.00830000114441 0.0202999420166 0.00741000747681
v -0.00830000114441 0.0202999420166 0.00891000843048
v -0.00823463439941 0.0203027954102 0.00741000747681
v -0.00823463439941 0.0203027954102 0.00891000843048
v -0.00816976547241 0.02031133461 0.00741000747681
v -0.00816976547241 0.02031133461 0.00891000843048
v -0.00810588645935 0.0203254966736 0.00741000747681
v -0.00810588645935 0.0203254966736 0.00891000843048
v -0.00804348659515 0.0203451728821 0.00741000747681
v -0.00804348659515 0.0203451728821 0.00891000843048
v -0.00798303699493 0.0203702106476 0.00741000747681
v -0.00798303699493 0.0203702106476 0.00891000843048
v -0.00792500066757 0.0204004230499 0.00741000747681
v -0.00792500066757 0.0204004230499 0.00891000843048
v -0.00786981868744 0.0204355773926 0.00741000747681
v -0.00786981868744 0.0204355773926 0.00891000843048
v -0.0078179101944 0.0204754085541 0.00741000747681
v -0.0078179101944 0.0204754085541 0.00891000843048
v -0.00776967048645 0.0205196113586 0.00741000747681
v -0.00776967048645 0.0205196113586 0.00891000843048
v -0.00772546768188 0.0205678501129 0.00741000747681
v -0.00772546768188 0.0205678501129 0.00891000843048
v -0.00768563699722 0.0206197605133 0.00741000747681
v -0.00768563699722 0.0206197605133 0.00891000843048
v -0.0076504817009 0.0206749420166 0.00741000747681
v -0.0076504817009 0.0206749420166 0.00891000843048
v -0.00762027025223 0.0207329769135 0.00741000747681
v -0.00762027025223 0.0207329769135 0.00891000843048
v -0.00759523153305 0.0207934265137 0.00741000747681
v -0.00759523153305 0.0207934265137 0.00891000843048
v -0.00757555627823 0.0208558273315 0.00741000747681
v -0.00757555627823 0.0208558273315 0.00891000843048
v -0.0075613951683 0.0209197044373 0.00741000747681
v -0.0075613951683 0.0209197044373 0.00891000843048
v -0.0075528550148 0.0209845752716 0.00741000747681
v -0.0075528550148 0.0209845752716 0.00891000843048
v -0.00830000114441 0.0210499420166 0.00741000747681
v -0.0345033340454 0.0242999420166 0.0100100078583
v -0.0347980766296 0.0242999420166 0.00891000843048
v -0.00887073898315 0.0242999420166 0.0100100078583
v -0.00849209499359 0.0242999420166 0.00891000843048
v -0.0312681503296 0.0214175815582 0.00891000843048
v -0.0278362884521 0.0193018665314 0.00891000843048
v -0.0301637153625 0.0193018665314 0.00891000843048
v -0.00713628768921 0.019301864624 0.00891000843048
v -0.0312000026703 0.0193018665314 0.00891000843048
v -0.0312000026703 0.0208999423981 0.00891000843048
v -0.031230386734 0.0212472400665 0.00891000843048
v -0.0312076129913 0.0210742549896 0.00891000843048
v -0.0313206176758 0.0215839824677 0.00891000843048
v -0.00570192432404 0.0218869876862 0.00891000843048
v -0.00617441701889 0.0221899337769 0.00891000843048
v -0.00692379760742 0.0227456035614 0.00891000843048
v -0.00946371459961 0.019301864624 0.00891000843048
v -0.00570192432404 0.019301864624 0.00891000843048
v -0.0330256881714 0.022892332077 0.00891000843048
v -0.0332000007629 0.0228999423981 0.00891000843048
v -0.0347980766296 0.0228999423981 0.00891000843048
v -0.0328527069092 0.0228695583344 0.00891000843048
v -0.0326823616028 0.0228317947388 0.00891000843048
v -0.0325159606934 0.0227793273926 0.00891000843048
v -0.0315616970062 0.0220470962524 0.00891000843048
v -0.0314679508209 0.0218999423981 0.00891000843048
v -0.031387386322 0.0217451782227 0.00891000843048
v -0.00826826667786 0.0240369224548 0.00891000843048
v -0.00762342262268 0.023362745285 0.00891000843048
v -0.0279757900238 0.0192166423798 0.00891000843048
v -0.0281349620819 0.0191363830566 0.00891000843048
v -0.0283003692627 0.0190699138641 0.00891000843048
v -0.0284708175659 0.0190177097321 0.00891000843048
v -0.0286450805664 0.0189801521301 0.00891000843048
v -0.0288218994141 0.0189575099945 0.00891000843048
v -0.0290000019073 0.0189499416351 0.00891000843048
v -0.0291781044006 0.0189575099945 0.00891000843048
v -0.0293549232483 0.0189801521301 0.00891000843048
v -0.0295291843414 0.0190177097321 0.00891000843048
v -0.029699634552 0.0190699138641 0.00891000843048
v -0.0298650398254 0.0191363830566 0.00891000843048
v -0.0300242137909 0.0192166423798 0.00891000843048
v -0.032354763031 0.0227125587463 0.00891000843048
v -0.0322000007629 0.0226319923401 0.00891000843048
v -0.0320528488159 0.0225382461548 0.00891000843048
v -0.0319144268036 0.0224320316315 0.00891000843048
v -0.0317857894897 0.0223141555786 0.00891000843048
v -0.0316679134369 0.0221855182648 0.00891000843048
v -0.00932421302795 0.0192166404724 0.00891000843048
v -0.0091650390625 0.0191363830566 0.00891000843048
v -0.00760036993027 0.0190699119568 0.00891000843048
v -0.00743496274948 0.0191363830566 0.00891000843048
v -0.00727578878403 0.0192166404724 0.00891000843048
v -0.00899963283539 0.0190699119568 0.00891000843048
v -0.00882918453217 0.0190177097321 0.00891000843048
v -0.00865492248535 0.0189801521301 0.00891000843048
v -0.0084781036377 0.0189575080872 0.00891000843048
v -0.00830000114441 0.0189499416351 0.00891000843048
v -0.00812189865112 0.0189575080872 0.00891000843048
v -0.00794507980347 0.0189801521301 0.00891000843048
v -0.00777081823349 0.0190177097321 0.00891000843048
v -0.00727578878403 0.0192166404724 0.00859194755554
v -0.00751696062088 0.019101392746 0.00816182899475
v -0.00743496274948 0.0191363830566 0.00829241752625
v -0.00768503952026 0.0190420017242 0.00794018363953
v -0.00760036993027 0.0190699119568 0.00804434680939
v -0.00790122509003 0.0189881515503 0.00773921203613
v -0.00785754966736 0.0189970817566 0.00777253723145
v -0.00781407403946 0.0190069351196 0.00780931282043
v -0.00777081823349 0.0190177097321 0.00784952545166
v -0.00807752418518 0.0189617595673 0.00764071559906
v -0.00803324890137 0.0189669532776 0.00766009616852
v -0.00798909378052 0.0189730854034 0.00768297958374
v -0.00794507980347 0.0189801521301 0.00770935535431
v -0.00825542545319 0.0189504146576 0.00759837627411
v -0.00821086978912 0.018951833725 0.00760367202759
v -0.00816635417938 0.0189541988373 0.00761249732971
v -0.00812189865112 0.0189575080872 0.00762484836578
v -0.00838913249969 0.018951833725 0.00760367202759
v -0.00834457683563 0.0189504146576 0.00759837627411
v -0.00830000114441 0.0189499416351 0.00759661006927
v -0.00856675338745 0.0189669532776 0.00766009616852
v -0.00852247905731 0.0189617595673 0.00764071559906
v -0.0084781036377 0.0189575080872 0.00762484836578
v -0.00843364810944 0.0189541988373 0.00761249732971
v -0.00882918453217 0.0190177097321 0.00784952545166
v -0.00878592777252 0.0190069351196 0.00780931282043
v -0.00874245166779 0.0189970817566 0.00777253723145
v -0.00869877719879 0.0189881515503 0.00773921203613
v -0.00865492248535 0.0189801521301 0.00770935535431
v -0.0086109085083 0.0189730854034 0.00768297958374
v -0.0091650390625 0.0191363830566 0.00829241752625
v -0.0090830411911 0.019101392746 0.00816182899475
v -0.00899963283539 0.0190699119568 0.00804434680939
v -0.00891496276855 0.0190420017242 0.00794018363953
v -0.00932421302795 0.0192166404724 0.00859194755554
v -0.0279757900238 0.0192166423798 0.00859194755554
v -0.028216960907 0.019101392746 0.00816182899475
v -0.0281349620819 0.0191363830566 0.00829241752625
v -0.0283850402832 0.0190420017242 0.00794018363953
v -0.0283003692627 0.0190699138641 0.00804434680939
v -0.0286012268066 0.0189881515503 0.00773921203613
v -0.0285575504303 0.0189970817566 0.00777253723145
v -0.0285140743256 0.019006937027 0.00780931282043
v -0.0284708175659 0.0190177097321 0.00784952545166
v -0.0287775230408 0.0189617614746 0.00764071559906
v -0.028733247757 0.0189669532776 0.00766009616852
v -0.0286890945435 0.0189730854034 0.00768297958374
v -0.0286450805664 0.0189801521301 0.00770935535431
v -0.0289554271698 0.0189504165649 0.00759837627411
v -0.0289108695984 0.018951833725 0.00760367202759
v -0.028866355896 0.0189541988373 0.00761249732971
v -0.0288218994141 0.0189575099945 0.00762484836578
v -0.029089132309 0.018951833725 0.00760367202759
v -0.0290445785522 0.0189504165649 0.00759837627411
v -0.0290000019073 0.0189499416351 0.00759661006927
v -0.0292667541504 0.0189669532776 0.00766009616852
v -0.0292224807739 0.0189617614746 0.00764071559906
v -0.0291781044006 0.0189575099945 0.00762484836578
v -0.0291336479187 0.0189541988373 0.00761249732971
v -0.0295291843414 0.0190177097321 0.00784952545166
v -0.0294859294891 0.019006937027 0.00780931282043
v -0.0294424533844 0.0189970817566 0.00777253723145
v -0.0293987770081 0.0189881515503 0.00773921203613
v -0.0293549232483 0.0189801521301 0.00770935535431
v -0.0293109092712 0.0189730854034 0.00768297958374
v -0.0298650398254 0.0191363830566 0.00829241752625
v -0.0297830429077 0.019101392746 0.00816182899475
v -0.029699634552 0.0190699138641 0.00804434680939
v -0.0296149635315 0.0190420017242 0.00794018363953
v -0.0300242137909 0.0192166423798 0.00859194755554
v -0.00530000114441 0.0221162242889 0.00741000747681
v 0.00659999752045 0.0312999420166 -0.0213899917603
v -0.0080250005722 0.0312999420166 -0.0213899917603
v 0.0101999998093 0.0376999397278 -0.0213899917603
v -0.00530000114441 0.0207999420166 -0.0213899917603
v 0.00659999752045 0.0248999423981 -0.0213899917603
v 0.00659999752045 0.0207999420166 -0.0213899917603
v 0.0101999998093 0.0218999423981 -0.0213899917603
v 0.00659999752045 0.0376999397278 -0.0213899917603
v -0.0080250005722 0.0376999397278 -0.0213899917603
v -0.0115500011444 0.0211999416351 -0.0213899917603
v -0.0080250005722 0.0248999423981 -0.0213899917603
v -0.0115500011444 0.0247999420166 -0.0213899917603
v -0.0080250005722 0.0352999420166 -0.0213899917603
v 0.00659999752045 0.0352999420166 -0.0213899917603
v -0.0080250005722 0.0278999423981 -0.0213899917603
v 0.00659999752045 0.0278999423981 -0.0213899917603
v 0.0101999998093 0.0352999420166 -0.0213899917603
v 0.0101999998093 0.0312999420166 -0.0213899917603
v 0.0101999998093 0.0278999423981 -0.0213899917603
v 0.0101999998093 0.0248999423981 -0.0213899917603
v 0.0101999998093 0.0218999423981 0.00741000747681
v -0.00594892072678 0.0225226402283 0.00741000747681
v -0.0105938043594 0.0317493667603 0.00741000747681
v -0.0105938043594 0.0308505172729 0.00741000747681
v -0.0105176773071 0.0299548988342 0.00741000747681
v -0.0103659696579 0.029068944931 0.00741000747681
v -0.0101397714615 0.0281990242004 0.00741000747681
v -0.00984070968628 0.0273513851166 0.00741000747681
v -0.00947093200684 0.026532119751 0.00741000747681
v -0.00903309631348 0.0257471179962 0.00741000747681
v -0.0085303478241 0.0250020198822 0.00741000747681
v -0.00796630096436 0.0243021755219 0.00741000747681
v -0.00734500694275 0.0236526203156 0.00741000747681
v -0.00667093276978 0.0230580177307 0.00741000747681
v -0.00594892072678 0.0400772438049 0.00741000747681
v -0.00667093276978 0.0395418663025 0.00741000747681
v -0.00734500694275 0.038947265625 0.00741000747681
v -0.00796630096436 0.038297706604 0.00741000747681
v -0.0085303478241 0.0375978660583 0.00741000747681
v -0.00903309631348 0.0368527641296 0.00741000747681
v -0.00947093200684 0.0360677642822 0.00741000747681
v -0.00984070968628 0.035248500824 0.00741000747681
v -0.0101397714615 0.0344008598328 0.00741000747681
v -0.0103659696579 0.0335309371948 0.00741000747681
v -0.0105176773071 0.032644985199 0.00741000747681
v -0.0312000026703 0.0208999423981 0.00741000747681
v -0.0351923904419 0.0207256298065 0.00741000747681
v -0.0351696166992 0.020552646637 0.00741000747681
v -0.0351318511963 0.0203823032379 0.00741000747681
v -0.0350793876648 0.0202159023285 0.00741000747681
v -0.0350126152039 0.0200547065735 0.00741000747681
v -0.0349320526123 0.0198999423981 0.00741000747681
v -0.034838306427 0.019752790451 0.00741000747681
v -0.0347320899963 0.0196143665314 0.00741000747681
v -0.0332000007629 0.0228999423981 0.00741000747681
v -0.0330256881714 0.022892332077 0.00741000747681
v -0.0328527069092 0.0228695583344 0.00741000747681
v -0.0326823616028 0.0228317947388 0.00741000747681
v -0.0325159606934 0.0227793273926 0.00741000747681
v -0.032354763031 0.0227125587463 0.00741000747681
v -0.0322000007629 0.0226319923401 0.00741000747681
v -0.0320528488159 0.0225382461548 0.00741000747681
v -0.0319144268036 0.0224320316315 0.00741000747681
v -0.0317857894897 0.0223141555786 0.00741000747681
v -0.0316679134369 0.0221855182648 0.00741000747681
v -0.0315616970062 0.0220470962524 0.00741000747681
v -0.0314679508209 0.0218999423981 0.00741000747681
v -0.031387386322 0.0217451782227 0.00741000747681
v -0.0313206176758 0.0215839824677 0.00741000747681
v -0.0312681503296 0.0214175815582 0.00741000747681
v -0.031230386734 0.0212472400665 0.00741000747681
v -0.0312076129913 0.0210742549896 0.00741000747681
v -0.0346142158508 0.0194857292175 0.00741000747681
v -0.0344855766296 0.0193678531647 0.00741000747681
v -0.03434715271 0.0192616386414 0.00741000747681
v -0.0342000007629 0.0191678924561 0.00741000747681
v -0.0340452384949 0.0190873279572 0.00741000747681
v -0.0338840408325 0.0190205574036 0.00741000747681
v -0.0337176399231 0.0189680900574 0.00741000747681
v -0.0335472984314 0.0189303264618 0.00741000747681
v -0.0333743133545 0.0189075527191 0.00741000747681
v -0.0112087173462 0.0327333602905 0.0100100078583
v -0.011047041893 0.033677520752 0.0100100078583
v -0.0108059825897 0.034604598999 0.0100100078583
v -0.0104872713089 0.0355079307556 0.0100100078583
v -0.0100931978226 0.036381023407 0.0100100078583
v -0.00909081554413 0.0245882282257 0.0100100078583
v -0.00962659549713 0.0253822822571 0.0100100078583
v -0.0100931978226 0.0262188625336 0.0100100078583
v -0.0104872713089 0.0270919532776 0.0100100078583
v -0.0108059825897 0.0279952850342 0.0100100078583
v -0.011047041893 0.0289223613739 0.0100100078583
v -0.0112087173462 0.02986652565 0.0100100078583
v -0.0112898464203 0.0308209896088 0.0100100078583
v -0.0112898464203 0.0317788944244 0.0100100078583
v -0.00962659549713 0.0372176017761 0.0100100078583
v -0.00909081554413 0.0380116539001 0.0100100078583
v 0.000568384170532 0.0341843070984 0.00741000747681
v 0.000573564529419 0.0341834487915 0.00741000747681
v 0.000592268943787 0.0341790885925 0.00741000747681
v 0.00256945514679 0.032726272583 0.00741000747681
v 0.0025461139679 0.0327699432373 0.00741000747681
v 0.00246888446808 0.0328941383362 0.00741000747681
v 0.00288350772858 0.0307263755798 0.00741000747681
v 0.00290773391724 0.0308731079102 0.00741000747681
v 0.00288184642792 0.03071925354 0.00741000747681
v 0.00288350772858 0.0318735084534 0.00741000747681
v 0.0028440952301 0.0320425376892 0.00741000747681
v 0.00291484737396 0.0309161949158 0.00741000747681
v 0.00291484737396 0.0316836891174 0.00741000747681
v 0.00293999958038 0.0312999420166 0.00741000747681
v 0.00293370437622 0.0311076564789 0.00741000747681
v 0.00293370437622 0.0314922275543 0.00741000747681
v 0.00283982086182 0.0320608711243 0.00741000747681
v 0.0027943983078 0.032210609436 0.00741000747681
v 0.0028440952301 0.0305573482513 0.00741000747681
v 0.00283982086182 0.0305390148163 0.00741000747681
v 0.0027943983078 0.0303892745972 0.00741000747681
v 0.00278397369385 0.0303549098969 0.00741000747681
v 0.00273228740692 0.0302175827026 0.00741000747681
v 0.00265733242035 0.0325549659729 0.00741000747681
v 0.00263680553436 0.0326002693176 0.00741000747681
v 0.00273228740692 0.0323823013306 0.00741000747681
v 0.00271620464325 0.0324250297546 0.00741000747681
v 0.00278397369385 0.032244972229 0.00741000747681
v 0.00223186588287 0.033212272644 0.00741000747681
v 0.00221040821075 0.0332384185791 0.00741000747681
v 0.0020970954895 0.0333594017029 0.00741000747681
v 0.00235611057281 0.0330566940308 0.00741000747681
v 0.00233245754242 0.0330896987915 0.00741000747681
v 0.00244451999664 0.0329333190918 0.00741000747681
v 0.00271620464325 0.0301748523712 0.00741000747681
v 0.00265733242035 0.030044916153 0.00741000747681
v 0.00263680553436 0.0299996128082 0.00741000747681
v 0.00256945514679 0.0298736095428 0.00741000747681
v 0.0025461139679 0.0298299427032 0.00741000747681
v 0.00246888446808 0.029705745697 0.00741000747681
v -0.00146988868713 0.0338461151123 0.00741000747681
v -0.00130033016205 0.0339367485046 0.00741000747681
v -0.00129740333557 0.0339380722046 0.00741000747681
v 0.000352791786194 0.0283820457458 0.00741000747681
v 0.000298451423645 0.0283766937256 0.00741000747681
v 0.000216778755188 0.0283686485291 0.00741000747681
v -0.000758226394653 0.0341403923035 0.00741000747681
v -0.000577663421631 0.0341824951172 0.00741000747681
v -0.000573566436768 0.0341834487915 0.00741000747681
v -0.000400129318237 0.0342120857239 0.00741000747681
v -0.000383748054504 0.0342147903442 0.00741000747681
v -0.000228213310242 0.0342301101685 0.00741000747681
v -0.000192286491394 0.0342336463928 0.00741000747681
v -6.46677017212e-05 0.0342378234863 0.00741000747681
v -9.53681819738e-10 0.0342399406433 0.00741000747681
v 8.73775482178e-05 0.0342370796204 0.00741000747681
v 0.000192284584045 0.0342336463928 0.00741000747681
v 0.000224268913269 0.0342304954529 0.00741000747681
v 0.000344356536865 0.0342186698914 0.00741000747681
v 0.000383746147156 0.0342147903442 0.00741000747681
v 0.000443952560425 0.0342048492432 0.00741000747681
v 0.000519590377808 0.0341923599243 0.00741000747681
v 0.00178975772858 0.0336324005127 0.00741000747681
v 0.00163337612152 0.0337444610596 0.00741000747681
v 0.00207889270782 0.0333788375854 0.00741000747681
v 0.00193847560883 0.0335103492737 0.00741000747681
v 0.000760927200317 0.0341397628784 0.00741000747681
v 0.000945031166077 0.0340839157104 0.00741000747681
v 0.00112508869171 0.0340161476135 0.00741000747681
v 0.0013003282547 0.0339367485046 0.00741000747681
v 0.00146999931335 0.0338460578918 0.00741000747681
v -0.00112509059906 0.0340161476135 0.00741000747681
v -0.00112006473541 0.0340180397034 0.00741000747681
v -0.000945033073425 0.0340839157104 0.00741000747681
v -0.000939683914185 0.0340855407715 0.00741000747681
v -0.000760929107666 0.0341397628784 0.00741000747681
v 0.00244451999664 0.0296665649414 0.00741000747681
v 0.00235611057281 0.0295431919098 0.00741000747681
v 0.00233245754242 0.0295101833344 0.00741000747681
v 0.00223186588287 0.0293876113892 0.00741000747681
v 0.00221040821075 0.0293614654541 0.00741000747681
v 0.0020970954895 0.0292404823303 0.00741000747681
v -0.00134250068665 0.0286856765747 0.00741000747681
v -0.00116799068451 0.0286031742096 0.00741000747681
v -0.00130033016205 0.0286631355286 0.00741000747681
v 0.000380220413208 0.0283847465515 0.00741000747681
v 0.000568384170532 0.0284155769348 0.00741000747681
v 0.000383746147156 0.028385093689 0.00741000747681
v 0.000592268943787 0.0284207935333 0.00741000747681
v 0.000573564529419 0.0284164333344 0.00741000747681
v 0.00163337612152 0.0288554210663 0.00741000747681
v 0.00146999931335 0.0287538280487 0.00741000747681
v 0.00195367622375 0.0291037693024 0.00741000747681
v 0.00193847560883 0.0290895328522 0.00741000747681
v 0.00178975772858 0.0289674835205 0.00741000747681
v 0.000760927200317 0.0284601192474 0.00741000747681
v 0.000945031166077 0.0285159664154 0.00741000747681
v 0.00112508869171 0.0285837364197 0.00741000747681
v 0.0013003282547 0.0286631355286 0.00741000747681
v 0.00207889270782 0.0292210483551 0.00741000747681
v 0.000113973617554 0.0283636722565 0.00741000747681
v 0.000192284584045 0.028366235733 0.00741000747681
v -1.09357833862e-05 0.0283603000641 0.00741000747681
v -9.53678977567e-10 0.0283599414825 0.00741000747681
v -0.000150495529175 0.0283648681641 0.00741000747681
v -0.0029390335083 0.0313295078278 0.00741000747681
v -0.00293370628357 0.0314922275543 0.00741000747681
v -0.00293048667908 0.0315249195099 0.00741000747681
v -0.00294000148773 0.0312999420166 0.00741000747681
v -0.0029390335083 0.0312703762054 0.00741000747681
v -0.00293370628357 0.0311076564789 0.00741000747681
v -0.00293048667908 0.0310749645233 0.00741000747681
v -0.00292469406128 0.0310161571503 0.00741000747681
v -0.00291484928131 0.0309161949158 0.00741000747681
v -0.00289932918549 0.0308221912384 0.00741000747681
v -0.00288970470428 0.0307638988495 0.00741000747681
v -0.00288350963593 0.0307263755798 0.00741000747681
v -0.00284771442413 0.0305728588104 0.00741000747681
v -0.00283982276917 0.0305390148163 0.00741000747681
v -0.00283273696899 0.0305156536102 0.00741000747681
v -0.00277423000336 0.0303290176392 0.00741000747681
v -0.0027839756012 0.0303549098969 0.00741000747681
v -0.00275340747833 0.0302736930847 0.00741000747681
v -0.0027162065506 0.0301748523712 0.00741000747681
v -0.00267901992798 0.0300927791595 0.00741000747681
v -0.00265463829041 0.0300389671326 0.00741000747681
v -0.00263680744171 0.0299996128082 0.00741000747681
v -0.00256493759155 0.0298651542664 0.00741000747681
v -0.00254611587524 0.0298299427032 0.00741000747681
v -0.00253595542908 0.0298136024475 0.00741000747681
v -0.00243143081665 0.0296482982635 0.00741000747681
v -0.00244452190399 0.0296665649414 0.00741000747681
v -0.00239698219299 0.0296002235413 0.00741000747681
v -0.00233245944977 0.0295101833344 0.00741000747681
v -0.00227858257294 0.0294445343018 0.00741000747681
v -0.00224109840393 0.029398859024 0.00741000747681
v -0.0022104101181 0.0293614654541 0.00741000747681
v -0.0021097278595 0.0292539672852 0.00741000747681
v -0.00207889461517 0.0292210483551 0.00741000747681
v -0.00206862449646 0.0292114295959 0.00741000747681
v -0.0019251241684 0.0290785732269 0.00741000747681
v -0.00193847751617 0.0290895328522 0.00741000747681
v -0.00187937641144 0.0290410308838 0.00741000747681
v -0.00178975963593 0.0289674835205 0.00741000747681
v -0.00172493934631 0.0289210338593 0.00741000747681
v -0.00167689704895 0.0288866062164 0.00741000747681
v -0.00163337802887 0.0288554210663 0.00741000747681
v -0.00151270389557 0.0287803821564 0.00741000747681
v -0.0014700012207 0.0287538280487 0.00741000747681
v -0.00163337802887 0.0337444610596 0.00741000747681
v -0.00163578128815 0.0337427406311 0.00741000747681
v -0.0014700012207 0.0338460578918 0.00741000747681
v -0.00167689704895 0.0337132759094 0.00741000747681
v -0.00183354091644 0.0335964698792 0.00741000747681
v -0.00178975963593 0.0336324005127 0.00741000747681
v -0.00187937641144 0.0335588531494 0.00741000747681
v -0.00202535152435 0.0334289855957 0.00741000747681
v -0.00193847751617 0.0335103492737 0.00741000747681
v -0.00206862449646 0.0333884544373 0.00741000747681
v -0.00220282268524 0.0332465209961 0.00741000747681
v -0.00207889461517 0.0333788375854 0.00741000747681
v -0.0022104101181 0.0332384185791 0.00741000747681
v -0.00224109840393 0.0332010269165 0.00741000747681
v -0.00236240386963 0.0330479125977 0.00741000747681
v -0.00233245944977 0.0330896987915 0.00741000747681
v -0.00239698219299 0.0329996604919 0.00741000747681
v -0.00250462245941 0.0328366699219 0.00741000747681
v -0.00244452190399 0.0329333190918 0.00741000747681
v -0.00253595542908 0.0327862815857 0.00741000747681
v -0.00262911510468 0.0326146621704 0.00741000747681
v -0.00254611587524 0.0327699432373 0.00741000747681
v -0.00263680744171 0.0326002693176 0.00741000747681
v -0.00265463829041 0.0325609169006 0.00741000747681
v -0.00273246955872 0.0323818206787 0.00741000747681
v -0.0027162065506 0.0324250297546 0.00741000747681
v -0.00275340747833 0.0323261909485 0.00741000747681
v -0.0028154964447 0.0321410636902 0.00741000747681
v -0.0027839756012 0.032244972229 0.00741000747681
v -0.00283273696899 0.0320842285156 0.00741000747681
v -0.00287861728668 0.0318944892883 0.00741000747681
v -0.00283982276917 0.0320608711243 0.00741000747681
v -0.00288350963593 0.0318735084534 0.00741000747681
v -0.00288970470428 0.0318359851837 0.00741000747681
v -0.00291885948181 0.0316429710388 0.00741000747681
v -0.00291484928131 0.0316836891174 0.00741000747681
v -0.00292469406128 0.0315837268829 0.00741000747681
v -0.000303678512573 0.0283772068024 0.00741000747681
v -0.000192286491394 0.028366235733 0.00741000747681
v -0.000467384338379 0.0283989028931 0.00741000747681
v -0.000383748054504 0.028385093689 0.00741000747681
v -0.000638355255127 0.0284315395355 0.00741000747681
v -0.000573566436768 0.0284164333344 0.00741000747681
v -0.000813752174377 0.0284761428833 0.00741000747681
v -0.000760929107666 0.0284601192474 0.00741000747681
v -0.000991054534912 0.0285332889557 0.00741000747681
v -0.000945033073425 0.0285159664154 0.00741000747681
v -0.00112509059906 0.0285837364197 0.00741000747681
v -0.00155000114441 0.0312999420166 0.0108100090027
v -0.00153674030304 0.0310976257324 0.0108100090027
v -0.00154668235779 0.0311985664368 0.0108100090027
v -0.00154668235779 0.0314013175964 0.0108100090027
v -0.00153674030304 0.0315022583008 0.0108100090027
v -0.00152021789551 0.0309975528717 0.0108100090027
v -0.00152021789551 0.0316023311615 0.0108100090027
v -0.00146774291992 0.0308017101288 0.0108100090027
v -0.00149718570709 0.0308987731934 0.0108100090027
v 0.000498229980469 0.029832201004 0.0108100090027
v 0.000685546875 0.0299097900391 0.0108100090027
v 0.000774998664856 0.0299576034546 0.0108100090027
v 0.000593158721924 0.0298679294586 0.0108100090027
v 0.000943579673767 0.0300702438354 0.0108100090027
v 0.00102198505402 0.0301345901489 0.0108100090027
v 0.001165350914 0.0302779560089 0.0108100090027
v 0.0010960149765 0.0302039260864 0.0108100090027
v 0.000861132621765 0.0300111637115 0.0108100090027
v 0.000302389144897 0.0328201599121 0.0108100090027
v 0.000593158721924 0.0327319564819 0.0108100090027
v 0.000498229980469 0.0327676849365 0.0108100090027
v 0.000401168823242 0.03279712677 0.0108100090027
v 0.000861132621765 0.0325887184143 0.0108100090027
v 0.000774998664856 0.0326422805786 0.0108100090027
v 0.00102198505402 0.0324652938843 0.0108100090027
v 0.000943579673767 0.0325296401978 0.0108100090027
v 0.000685546875 0.0326900939941 0.0108100090027
v -0.00149718570709 0.0317011108398 0.0108100090027
v -0.00146774291992 0.0317981739044 0.0108100090027
v -0.00139015388489 0.0306143951416 0.0108100090027
v -0.00139015388489 0.0319854888916 0.0108100090027
v -0.00143201446533 0.0307067832947 0.0108100090027
v -0.00143201446533 0.0318931007385 0.0108100090027
v -0.00134234046936 0.0320749435425 0.0108100090027
v -0.00128877925873 0.0304388084412 0.0108100090027
v -0.00122969818115 0.0303563613892 0.0108100090027
v -0.00128877925873 0.032161075592 0.0108100090027
v -0.00109601688385 0.0302039260864 0.0108100090027
v -0.00116535282135 0.0302779560089 0.0108100090027
v -0.00116535282135 0.0323219261169 0.0108100090027
v -0.00122969818115 0.032243522644 0.0108100090027
v -0.00134234046936 0.0305249423981 0.0108100090027
v -0.00109601688385 0.0323959579468 0.0108100090027
v -0.000943581581116 0.0325296401978 0.0108100090027
v -0.000943581581116 0.0300702438354 0.0108100090027
v -0.00102198696136 0.0324652938843 0.0108100090027
v -0.000775000572205 0.0299576034546 0.0108100090027
v -0.000775000572205 0.0326422805786 0.0108100090027
v -0.000861134529114 0.0300111637115 0.0108100090027
v -0.000861134529114 0.0325887184143 0.0108100090027
v -0.000593160629272 0.0298679294586 0.0108100090027
v -0.000593160629272 0.0327319564819 0.0108100090027
v -0.000401170730591 0.0298027572632 0.0108100090027
v -0.000302391052246 0.0328201599121 0.0108100090027
v -0.000302391052246 0.0297797241211 0.0108100090027
v -0.000401170730591 0.03279712677 0.0108100090027
v -0.000498231887817 0.029832201004 0.0108100090027
v -0.000498231887817 0.0327676849365 0.0108100090027
v -0.000685548782349 0.0299097900391 0.0108100090027
v -0.000685548782349 0.0326900939941 0.0108100090027
v -0.00102198696136 0.0301345901489 0.0108100090027
v -0.000101375579834 0.0297532615662 0.0108100090027
v -0.000101375579834 0.032846622467 0.0108100090027
v 0.000101373672485 0.0297532615662 0.0108100090027
v 0.000101373672485 0.032846622467 0.0108100090027
v -9.5368102393e-10 0.0297499427795 0.0108100090027
v -9.53682615545e-10 0.0328499412537 0.0108100090027
v 0.000302389144897 0.0297797241211 0.0108100090027
v 0.000401168823242 0.0298027572632 0.0108100090027
v 0.001165350914 0.0323219261169 0.0108100090027
v 0.0012296962738 0.0303563613892 0.0108100090027
v 0.0012296962738 0.032243522644 0.0108100090027
v 0.0010960149765 0.0323959579468 0.0108100090027
v 0.000202314376831 0.0297632026672 0.0108100090027
v 0.000202314376831 0.032836681366 0.0108100090027
v 0.00134233856201 0.0305249423981 0.0108100090027
v 0.00134233856201 0.0320749435425 0.0108100090027
v 0.00146774101257 0.0308017101288 0.0108100090027
v 0.00143201255798 0.0307067832947 0.0108100090027
v 0.00143201255798 0.0318931007385 0.0108100090027
v 0.00139015197754 0.0306143951416 0.0108100090027
v 0.00139015197754 0.0319854888916 0.0108100090027
v 0.00152021598816 0.0316023311615 0.0108100090027
v 0.00152021598816 0.0309975528717 0.0108100090027
v 0.00149718379974 0.0317011108398 0.0108100090027
v 0.00154999923706 0.0312999420166 0.0108100090027
v 0.00154668045044 0.0314013175964 0.0108100090027
v 0.00153673839569 0.0310976257324 0.0108100090027
v 0.00154668045044 0.0311985664368 0.0108100090027
v 0.00153673839569 0.0315022583008 0.0108100090027
v 0.00149718379974 0.0308987731934 0.0108100090027
v 0.00146774101257 0.0317981739044 0.0108100090027
v 0.00128877735138 0.032161075592 0.0108100090027
v 0.00128877735138 0.0304388084412 0.0108100090027
v -0.00020231628418 0.0297632026672 0.0108100090027
v -0.00020231628418 0.032836681366 0.0108100090027
f 1 4 6
f 4 7 6
f 6 7 10
f 7 12 10
f 10 12 15
f 12 16 15
f 15 16 19
f 16 21 19
f 19 21 24
f 21 25 24
f 24 25 28
f 25 30 28
f 28 30 33
f 30 34 33
f 33 34 37
f 34 39 37
f 37 39 42
f 39 44 42
f 42 44 46
f 44 48 46
f 46 48 51
f 48 52 51
f 51 52 55
f 52 57 55
f 55 57 60
f 57 61 60
f 60 61 64
f 61 66 64
f 64 66 69
f 66 70 69
f 69 70 73
f 70 75 73
f 73 75 78
f 75 79 78
f 78 79 83
f 79 84 83
f 83 84 87
f 84 89 87
f 87 89 92
f 89 93 92
f 92 93 96
f 93 97 96
f 96 97 100
f 97 102 100
f 100 102 105
f 102 108 105
f 105 108 109
f 108 112 109
f 109 112 114
f 112 117 114
f 114 117 119
f 117 122 119
f 119 122 123
f 122 126 123
f 123 126 128
f 126 129 128
f 128 129 132
f 129 134 132
f 132 134 137
f 134 138 137
f 137 138 141
f 138 142 141
f 141 142 146
f 142 147 146
f 146 147 150
f 147 152 150
f 150 152 155
f 152 156 155
f 155 156 159
f 156 161 159
f 159 161 163
f 161 165 163
f 163 165 168
f 165 169 168
f 168 169 173
f 169 174 173
f 173 174 177
f 174 178 177
f 177 178 181
f 178 183 181
f 181 183 186
f 183 188 186
f 186 188 190
f 188 192 190
f 190 192 195
f 192 197 195
f 195 197 200
f 197 201 200
f 200 201 204
f 201 205 204
f 204 205 208
f 205 210 208
f 208 210 213
f 210 215 213
f 213 215 217
f 215 219 217
f 217 219 222
f 219 224 222
f 222 224 227
f 224 228 227
f 227 228 231
f 228 233 231
f 231 233 236
f 233 237 236
f 236 237 240
f 237 242 240
f 240 242 245
f 242 246 245
f 245 246 249
f 246 252 249
f 249 252 254
f 252 257 254
f 254 257 258
f 257 261 258
f 258 261 262
f 261 265 262
f 262 265 267
f 265 270 267
f 267 270 271
f 270 273 271
f 271 273 276
f 273 277 276
f 276 277 280
f 277 282 280
f 280 282 285
f 282 286 285
f 285 286 289
f 286 291 289
f 289 291 292
f 291 294 292
f 292 294 295
f 294 297 295
f 295 297 298
f 297 300 298
f 298 300 301
f 300 303 301
f 301 303 304
f 303 306 304
f 304 306 307
f 306 308 307
f 307 308 310
f 308 312 310
f 310 312 1
f 312 4 1
f 313 314 316
f 313 316 317
f 319 320 316
f 320 322 316
f 316 322 323
f 323 325 316
f 325 326 316
f 316 326 328
f 328 329 316
f 329 331 316
f 316 331 333
f 333 334 316
f 334 336 316
f 316 336 317
f 337 339 340
f 339 342 340
f 342 343 340
f 343 345 340
f 340 345 346
f 346 348 340
f 348 349 340
f 340 349 351
f 352 354 340
f 354 355 340
f 340 355 357
f 351 358 340
f 358 360 340
f 340 360 352
f 361 363 364
f 363 366 364
f 364 366 367
f 368 370 364
f 370 372 364
f 373 374 364
f 374 376 364
f 364 376 361
f 372 377 364
f 377 379 364
f 364 379 381
f 381 382 364
f 382 384 364
f 364 384 373
f 385 386 387
f 388 389 390
f 389 391 390
f 390 391 392
f 391 393 392
f 392 393 394
f 393 395 394
f 394 395 396
f 395 397 396
f 396 397 387
f 397 398 387
f 387 398 385
f 398 399 385
f 400 401 402
f 400 402 403
f 402 404 403
f 403 404 405
f 406 407 408
f 406 408 409
f 410 411 412
f 411 409 412
f 412 409 413
f 409 408 413
f 414 415 416
f 415 417 416
f 416 417 418
f 419 420 416
f 420 421 416
f 416 421 414
f 422 423 416
f 423 424 416
f 416 424 419
f 425 426 416
f 426 427 416
f 416 427 422
f 428 429 416
f 429 430 416
f 416 430 425
f 431 432 416
f 432 433 416
f 416 433 428
f 434 435 416
f 435 436 416
f 416 436 431
f 437 438 416
f 438 439 416
f 416 439 434
f 440 441 416
f 441 442 416
f 416 442 437
f 443 444 416
f 444 445 416
f 416 445 440
f 446 447 416
f 447 448 416
f 416 448 443
f 449 450 416
f 450 451 416
f 416 451 446
f 452 453 416
f 453 454 416
f 416 454 449
f 455 456 416
f 456 457 416
f 416 457 452
f 458 459 416
f 459 460 416
f 416 460 455
f 461 462 416
f 462 463 416
f 416 463 458
f 464 465 416
f 465 466 416
f 416 466 461
f 467 468 416
f 468 469 416
f 416 469 464
f 470 471 416
f 471 472 416
f 416 472 467
f 473 474 416
f 474 475 416
f 416 475 470
f 476 477 416
f 477 478 416
f 416 478 473
f 479 480 416
f 480 481 416
f 416 481 476
f 482 483 416
f 483 484 416
f 416 484 479
f 418 485 416
f 485 486 416
f 416 486 482
f 417 487 418
f 487 488 418
f 418 488 485
f 488 489 485
f 485 489 486
f 489 490 486
f 486 490 482
f 490 491 482
f 482 491 483
f 491 492 483
f 483 492 484
f 492 493 484
f 484 493 479
f 493 494 479
f 479 494 480
f 494 495 480
f 480 495 481
f 495 496 481
f 481 496 476
f 496 497 476
f 476 497 477
f 497 498 477
f 477 498 478
f 498 499 478
f 478 499 473
f 499 500 473
f 473 500 474
f 500 501 474
f 474 501 475
f 501 502 475
f 475 502 470
f 502 503 470
f 470 503 471
f 503 504 471
f 471 504 472
f 504 505 472
f 472 505 467
f 505 506 467
f 467 506 468
f 506 507 468
f 468 507 469
f 507 508 469
f 469 508 464
f 508 509 464
f 464 509 465
f 509 510 465
f 465 510 466
f 510 511 466
f 466 511 461
f 511 512 461
f 461 512 462
f 512 513 462
f 462 513 463
f 513 514 463
f 463 514 458
f 514 515 458
f 458 515 459
f 515 516 459
f 459 516 460
f 516 517 460
f 460 517 455
f 517 518 455
f 455 518 456
f 518 519 456
f 456 519 457
f 519 520 457
f 457 520 452
f 520 521 452
f 452 521 453
f 521 522 453
f 453 522 454
f 522 523 454
f 454 523 449
f 523 524 449
f 449 524 450
f 524 525 450
f 450 525 451
f 525 526 451
f 446 451 526
f 527 446 526
f 447 446 527
f 528 447 527
f 448 447 528
f 529 448 528
f 443 448 529
f 530 443 529
f 444 443 530
f 531 444 530
f 445 444 531
f 532 445 531
f 532 440 445
f 532 533 440
f 533 441 440
f 533 534 441
f 534 442 441
f 534 535 442
f 535 437 442
f 535 536 437
f 536 438 437
f 536 537 438
f 537 439 438
f 537 538 439
f 538 434 439
f 538 539 434
f 539 435 434
f 539 540 435
f 540 436 435
f 540 541 436
f 541 431 436
f 541 542 431
f 542 432 431
f 542 543 432
f 543 433 432
f 543 544 433
f 544 428 433
f 544 545 428
f 545 429 428
f 545 546 429
f 546 430 429
f 546 547 430
f 547 425 430
f 547 548 425
f 548 426 425
f 548 549 426
f 549 427 426
f 549 550 427
f 550 422 427
f 550 551 422
f 551 423 422
f 551 552 423
f 552 424 423
f 552 553 424
f 553 419 424
f 553 554 419
f 554 420 419
f 554 555 420
f 555 421 420
f 555 556 421
f 421 556 414
f 556 557 414
f 414 557 415
f 557 558 415
f 415 558 417
f 558 487 417
f 559 560 561
f 560 562 561
f 561 562 563
f 564 565 561
f 565 566 561
f 561 566 559
f 567 568 561
f 568 569 561
f 561 569 564
f 570 571 561
f 571 572 561
f 561 572 567
f 573 574 561
f 574 575 561
f 561 575 570
f 576 577 561
f 577 578 561
f 561 578 573
f 579 580 561
f 580 581 561
f 561 581 576
f 582 583 561
f 583 584 561
f 561 584 579
f 585 586 561
f 586 587 561
f 561 587 582
f 588 589 561
f 589 590 561
f 561 590 585
f 591 592 561
f 592 593 561
f 561 593 588
f 594 595 561
f 595 596 561
f 561 596 591
f 597 598 561
f 598 599 561
f 561 599 594
f 600 601 561
f 601 602 561
f 561 602 597
f 603 604 561
f 604 605 561
f 561 605 600
f 606 607 561
f 607 608 561
f 561 608 603
f 609 610 561
f 610 611 561
f 561 611 606
f 612 613 561
f 613 614 561
f 561 614 609
f 615 616 561
f 616 617 561
f 561 617 612
f 618 619 561
f 619 620 561
f 561 620 615
f 621 622 561
f 622 623 561
f 561 623 618
f 624 625 561
f 625 626 561
f 561 626 621
f 627 628 561
f 628 629 561
f 561 629 624
f 563 630 561
f 630 631 561
f 561 631 627
f 562 632 563
f 632 633 563
f 563 633 630
f 633 634 630
f 630 634 631
f 634 635 631
f 631 635 627
f 635 636 627
f 627 636 628
f 636 637 628
f 628 637 629
f 637 638 629
f 629 638 624
f 638 639 624
f 624 639 625
f 639 640 625
f 625 640 626
f 640 641 626
f 626 641 621
f 641 642 621
f 621 642 622
f 642 643 622
f 622 643 623
f 643 644 623
f 623 644 618
f 644 645 618
f 618 645 619
f 645 646 619
f 619 646 620
f 646 647 620
f 620 647 615
f 647 648 615
f 615 648 616
f 648 649 616
f 616 649 617
f 649 650 617
f 617 650 612
f 650 651 612
f 612 651 613
f 651 652 613
f 613 652 614
f 652 653 614
f 614 653 609
f 653 654 609
f 609 654 610
f 654 655 610
f 610 655 611
f 655 656 611
f 611 656 606
f 656 657 606
f 606 657 607
f 657 658 607
f 607 658 608
f 658 659 608
f 608 659 603
f 659 660 603
f 603 660 604
f 660 661 604
f 604 661 605
f 661 662 605
f 605 662 600
f 662 663 600
f 600 663 601
f 663 664 601
f 601 664 602
f 664 665 602
f 602 665 597
f 665 666 597
f 597 666 598
f 666 667 598
f 598 667 599
f 667 668 599
f 599 668 594
f 668 669 594
f 594 669 595
f 669 670 595
f 595 670 596
f 670 671 596
f 596 671 591
f 671 672 591
f 591 672 592
f 672 673 592
f 592 673 593
f 673 674 593
f 593 674 588
f 674 675 588
f 588 675 589
f 675 676 589
f 589 676 590
f 676 677 590
f 590 677 585
f 677 678 585
f 585 678 586
f 678 679 586
f 586 679 587
f 679 680 587
f 587 680 582
f 680 681 582
f 582 681 583
f 681 682 583
f 583 682 584
f 682 683 584
f 584 683 579
f 683 684 579
f 579 684 580
f 684 685 580
f 580 685 581
f 685 686 581
f 581 686 576
f 686 687 576
f 576 687 577
f 687 688 577
f 577 688 578
f 688 689 578
f 578 689 573
f 689 690 573
f 573 690 574
f 690 691 574
f 574 691 575
f 691 692 575
f 575 692 570
f 692 693 570
f 570 693 571
f 693 694 571
f 571 694 572
f 694 695 572
f 572 695 567
f 695 696 567
f 567 696 568
f 696 697 568
f 568 697 569
f 697 698 569
f 569 698 564
f 698 699 564
f 564 699 565
f 699 700 565
f 565 700 566
f 700 701 566
f 566 701 559
f 701 702 559
f 559 702 560
f 702 703 560
f 560 703 562
f 703 632 562
f 704 705 706
f 705 707 706
f 708 709 710
f 709 711 710
f 710 711 712
f 713 714 710
f 714 715 710
f 710 715 708
f 716 717 710
f 717 718 710
f 710 718 713
f 719 720 710
f 720 721 710
f 710 721 716
f 722 723 710
f 723 724 710
f 710 724 719
f 725 726 710
f 726 727 710
f 710 727 722
f 728 729 710
f 729 730 710
f 710 730 725
f 731 732 710
f 732 733 710
f 710 733 728
f 734 735 710
f 735 736 710
f 710 736 731
f 737 738 710
f 738 739 710
f 710 739 734
f 740 741 710
f 741 742 710
f 710 742 737
f 743 744 710
f 744 745 710
f 710 745 740
f 746 747 710
f 747 748 710
f 710 748 743
f 749 750 710
f 750 751 710
f 710 751 746
f 752 753 710
f 753 754 710
f 710 754 749
f 755 756 710
f 756 757 710
f 710 757 752
f 758 759 710
f 759 760 710
f 710 760 755
f 761 762 710
f 762 763 710
f 710 763 758
f 764 765 710
f 765 766 710
f 710 766 761
f 767 768 710
f 768 769 710
f 710 769 764
f 770 771 710
f 771 772 710
f 710 772 767
f 773 774 710
f 774 775 710
f 710 775 770
f 776 777 710
f 777 778 710
f 710 778 773
f 712 779 710
f 779 780 710
f 710 780 776
f 781 748 782
f 748 747 782
f 782 747 783
f 747 746 783
f 783 746 784
f 746 751 784
f 784 751 785
f 751 750 785
f 785 750 786
f 750 749 786
f 786 749 787
f 749 754 787
f 787 754 788
f 754 753 788
f 788 753 789
f 753 752 789
f 789 752 790
f 752 757 790
f 790 757 791
f 757 756 791
f 791 756 792
f 756 755 792
f 792 755 793
f 755 760 793
f 793 760 794
f 760 759 794
f 794 759 795
f 759 758 795
f 795 758 796
f 758 763 796
f 796 763 797
f 763 762 797
f 797 762 798
f 762 761 798
f 798 761 799
f 761 766 799
f 799 766 800
f 766 765 800
f 800 765 801
f 765 764 801
f 801 764 802
f 764 769 802
f 802 769 803
f 769 768 803
f 803 768 804
f 768 767 804
f 804 767 805
f 767 772 805
f 805 772 806
f 772 771 806
f 806 771 807
f 771 770 807
f 807 770 808
f 770 775 808
f 808 775 809
f 775 774 809
f 809 774 810
f 774 773 810
f 810 773 811
f 773 778 811
f 811 778 812
f 778 777 812
f 812 777 813
f 777 776 813
f 813 776 814
f 776 780 814
f 814 780 815
f 780 779 815
f 815 779 816
f 779 712 816
f 816 712 817
f 712 711 817
f 817 711 818
f 711 709 818
f 818 709 819
f 709 708 819
f 819 708 820
f 708 715 820
f 820 715 821
f 715 714 821
f 821 714 822
f 714 713 822
f 822 713 823
f 713 718 823
f 823 718 824
f 718 717 824
f 824 717 825
f 717 716 825
f 825 716 826
f 716 721 826
f 826 721 827
f 721 720 827
f 827 720 828
f 720 719 828
f 828 719 829
f 719 724 829
f 829 724 830
f 724 723 830
f 830 723 831
f 723 722 831
f 831 722 832
f 722 727 832
f 832 727 833
f 727 726 833
f 833 726 834
f 726 725 834
f 834 725 835
f 725 730 835
f 835 730 836
f 730 729 836
f 836 729 837
f 729 728 837
f 837 728 838
f 728 733 838
f 838 733 839
f 733 732 839
f 839 732 840
f 732 731 840
f 840 731 841
f 731 736 841
f 841 736 842
f 736 735 842
f 842 735 843
f 735 734 843
f 843 734 844
f 734 739 844
f 844 739 845
f 739 738 845
f 845 738 846
f 738 737 846
f 846 737 847
f 737 742 847
f 847 742 848
f 742 741 848
f 848 741 849
f 741 740 849
f 849 740 850
f 740 745 850
f 850 745 851
f 745 744 851
f 851 744 852
f 744 743 852
f 852 743 781
f 743 748 781
f 853 854 855
f 854 856 855
f 855 856 857
f 858 859 855
f 859 860 855
f 855 860 853
f 861 862 855
f 862 863 855
f 855 863 858
f 864 865 855
f 865 866 855
f 855 866 861
f 867 868 855
f 868 869 855
f 855 869 864
f 870 871 855
f 871 872 855
f 855 872 867
f 873 874 855
f 874 875 855
f 855 875 870
f 876 877 855
f 877 878 855
f 855 878 873
f 879 880 855
f 880 881 855
f 855 881 876
f 882 883 855
f 883 884 855
f 855 884 879
f 885 886 855
f 886 887 855
f 855 887 882
f 888 889 855
f 889 890 855
f 855 890 885
f 891 892 855
f 892 893 855
f 855 893 888
f 894 895 855
f 895 896 855
f 855 896 891
f 897 898 855
f 898 899 855
f 855 899 894
f 900 901 855
f 901 902 855
f 855 902 897
f 903 904 855
f 904 905 855
f 855 905 900
f 906 907 855
f 907 908 855
f 855 908 903
f 909 910 855
f 910 911 855
f 855 911 906
f 912 913 855
f 913 914 855
f 855 914 909
f 915 916 855
f 916 917 855
f 855 917 912
f 918 919 855
f 919 920 855
f 855 920 915
f 921 922 855
f 922 923 855
f 855 923 918
f 857 924 855
f 924 925 855
f 855 925 921
f 926 893 927
f 893 892 927
f 927 892 928
f 892 891 928
f 928 891 929
f 891 896 929
f 929 896 930
f 896 895 930
f 930 895 931
f 895 894 931
f 931 894 932
f 894 899 932
f 932 899 933
f 899 898 933
f 933 898 934
f 898 897 934
f 934 897 935
f 897 902 935
f 935 902 936
f 902 901 936
f 936 901 937
f 901 900 937
f 937 900 938
f 900 905 938
f 938 905 939
f 905 904 939
f 939 904 940
f 904 903 940
f 940 903 941
f 903 908 941
f 941 908 942
f 908 907 942
f 942 907 943
f 907 906 943
f 943 906 944
f 906 911 944
f 944 911 945
f 911 910 945
f 945 910 946
f 910 909 946
f 946 909 947
f 909 914 947
f 947 914 948
f 914 913 948
f 948 913 949
f 913 912 949
f 949 912 950
f 912 917 950
f 950 917 951
f 917 916 951
f 951 916 952
f 916 915 952
f 952 915 953
f 915 920 953
f 953 920 954
f 920 919 954
f 954 919 955
f 919 918 955
f 955 918 956
f 918 923 956
f 956 923 957
f 923 922 957
f 957 922 958
f 922 921 958
f 958 921 959
f 921 925 959
f 959 925 960
f 925 924 960
f 960 924 961
f 924 857 961
f 961 857 962
f 857 856 962
f 962 856 963
f 856 854 963
f 963 854 964
f 854 853 964
f 964 853 965
f 853 860 965
f 965 860 966
f 860 859 966
f 966 859 967
f 859 858 967
f 967 858 968
f 858 863 968
f 968 863 969
f 863 862 969
f 969 862 970
f 862 861 970
f 970 861 971
f 861 866 971
f 971 866 972
f 866 865 972
f 972 865 973
f 865 864 973
f 973 864 974
f 864 869 974
f 974 869 975
f 869 868 975
f 975 868 976
f 868 867 976
f 976 867 977
f 867 872 977
f 977 872 978
f 872 871 978
f 978 871 979
f 871 870 979
f 979 870 980
f 870 875 980
f 980 875 981
f 875 874 981
f 981 874 982
f 874 873 982
f 982 873 983
f 873 878 983
f 983 878 984
f 878 877 984
f 984 877 985
f 877 876 985
f 985 876 986
f 876 881 986
f 986 881 987
f 881 880 987
f 987 880 988
f 880 879 988
f 988 879 989
f 879 884 989
f 989 884 990
f 884 883 990
f 990 883 991
f 883 882 991
f 991 882 992
f 882 887 992
f 992 887 993
f 887 886 993
f 993 886 994
f 886 885 994
f 994 885 995
f 885 890 995
f 995 890 996
f 890 889 996
f 996 889 997
f 889 888 997
f 997 888 926
f 888 893 926
f 998 999 1000
f 998 1000 1001
f 999 1002 1000
f 1002 1003 1000
f 1000 1003 1004
f 1005 1006 1007
f 1008 1009 1010
f 1011 1012 1013
f 1004 1014 1000
f 1014 1015 1000
f 1000 1015 1016
f 1007 1017 1018
f 1011 1013 1019
f 1006 1020 1007
f 1020 1021 1007
f 1007 1021 1000
f 1021 1013 1000
f 1000 1013 1001
f 1013 1012 1001
f 1022 1023 1007
f 1023 1024 1007
f 1007 1024 1005
f 1010 1025 1026
f 1008 1010 1027
f 1016 1028 1000
f 1028 1029 1000
f 1000 1029 1030
f 1018 1031 1007
f 1031 1032 1007
f 1007 1032 1033
f 1033 1034 1007
f 1034 1035 1007
f 1007 1035 1036
f 1037 1038 1013
f 1039 1040 1010
f 1040 1041 1010
f 1010 1041 1042
f 1025 1010 1043
f 1010 1044 1043
f 1043 1044 1013
f 1044 1045 1013
f 1013 1045 1037
f 1026 1046 1010
f 1046 1047 1010
f 1010 1047 1048
f 1042 1049 1010
f 1049 1050 1010
f 1010 1050 1027
f 1051 1052 1007
f 1052 1053 1007
f 1007 1053 1022
f 1038 1054 1013
f 1054 1055 1013
f 1013 1055 1056
f 1057 1058 1013
f 1058 1059 1013
f 1013 1059 1019
f 1048 1060 1010
f 1060 1061 1010
f 1010 1061 1039
f 1036 1062 1007
f 1062 1063 1007
f 1007 1063 1051
f 1056 1064 1013
f 1064 1065 1013
f 1013 1065 1057
f 1066 402 1067
f 402 1068 1067
f 1067 1068 1069
f 1069 1068 1070
f 1068 1071 1070
f 1070 1071 1072
f 1072 1071 1073
f 1071 1074 1073
f 1073 1074 1075
f 1075 1074 1076
f 1074 1077 1076
f 1076 1077 1078
f 1078 1077 1079
f 1077 1080 1079
f 1079 1080 1081
f 1081 1080 1082
f 1080 1083 1082
f 1082 1083 1084
f 1084 1083 1085
f 1083 1086 1085
f 1085 1086 1087
f 1087 1086 1088
f 1086 1089 1088
f 1088 1089 1090
f 1090 1089 1091
f 1089 1092 1091
f 1091 1092 1093
f 1093 1092 1094
f 1092 1095 1094
f 1094 1095 1096
f 1096 1095 1097
f 1095 1098 1097
f 1097 1098 1099
f 1099 1098 1100
f 1098 1101 1100
f 1100 1101 1102
f 1102 1101 1103
f 1101 1104 1103
f 1103 1104 1105
f 1106 1107 1108
f 1107 1109 1108
f 1108 1109 1104
f 1109 1110 1104
f 1104 1110 1105
f 1108 1111 1106
f 1111 1112 1106
f 1106 1112 1113
f 1114 1000 1030
f 1030 1115 1114
f 1115 1116 1114
f 1114 1116 1112
f 1116 1117 1112
f 1112 1117 1113
f 1118 1119 1120
f 1119 1121 1120
f 1120 1121 1122
f 1121 1123 1122
f 1122 1123 1124
f 1123 1125 1124
f 1124 1125 1126
f 1125 1127 1126
f 1126 1127 1128
f 1127 1129 1128
f 1128 1129 1130
f 1129 1131 1130
f 1130 1131 1132
f 1131 1133 1132
f 1132 1133 1134
f 1133 1135 1134
f 1134 1135 1136
f 1135 1137 1136
f 1136 1137 1138
f 1137 1139 1138
f 1138 1139 1140
f 1139 1141 1140
f 1140 1141 1142
f 1141 1143 1142
f 1142 1143 1144
f 1143 1145 1144
f 1144 1145 1146
f 1145 1147 1146
f 1146 1147 1148
f 1147 1149 1148
f 1148 1149 1150
f 1149 1151 1150
f 1150 1151 1152
f 1151 1153 1152
f 1152 1153 1154
f 1153 1155 1154
f 1154 1155 1156
f 1155 1157 1156
f 1156 1157 1158
f 1157 1159 1158
f 1158 1159 1160
f 1159 1161 1160
f 1160 1161 1162
f 1161 1163 1162
f 1162 1163 1164
f 1163 1165 1164
f 1164 1165 1166
f 1165 1167 1166
f 1166 1167 1168
f 1167 1169 1168
f 1168 1169 1170
f 1169 1171 1170
f 1170 1171 1172
f 1171 1173 1172
f 1172 1173 1174
f 1173 1175 1174
f 1174 1175 1176
f 1175 1177 1176
f 1176 1177 1178
f 1177 1179 1178
f 1178 1179 1180
f 1179 1181 1180
f 1180 1181 1182
f 1181 1183 1182
f 1182 1183 1184
f 1183 1185 1184
f 1184 1185 1186
f 1185 1187 1186
f 1186 1187 1188
f 1187 1189 1188
f 1188 1189 1190
f 1189 1191 1190
f 1190 1191 1192
f 1191 1193 1192
f 1192 1193 1194
f 1193 1195 1194
f 1194 1195 1196
f 1195 1197 1196
f 1196 1197 1198
f 1197 1199 1198
f 1198 1199 1200
f 1199 1201 1200
f 1200 1201 1202
f 1201 1203 1202
f 1202 1203 1204
f 1203 1205 1204
f 1204 1205 1206
f 1205 1207 1206
f 1206 1207 1208
f 1207 1209 1208
f 1208 1209 1210
f 1209 1211 1210
f 1210 1211 1212
f 1211 1213 1212
f 1212 1213 1214
f 1213 1215 1214
f 1214 1215 1216
f 1215 1217 1216
f 1216 1217 1218
f 1217 1219 1218
f 1218 1219 1220
f 1219 1221 1220
f 1220 1221 1222
f 1221 1223 1222
f 1222 1223 1224
f 1223 1225 1224
f 1224 1225 1226
f 1225 1227 1226
f 1226 1227 1228
f 1227 1229 1228
f 1228 1229 1230
f 1229 1231 1230
f 1230 1231 1232
f 1231 1233 1232
f 1232 1233 1234
f 1233 1235 1234
f 1234 1235 1236
f 1235 1237 1236
f 1236 1237 1238
f 1237 1239 1238
f 1238 1239 1240
f 1239 1241 1240
f 1240 1241 1242
f 1241 1243 1242
f 1242 1243 1244
f 1243 1245 1244
f 1244 1245 1246
f 1245 1247 1246
f 1246 1247 1248
f 1247 1249 1248
f 1248 1249 1250
f 1249 1251 1250
f 1250 1251 1252
f 1251 1253 1252
f 1252 1253 1254
f 1253 1255 1254
f 1254 1255 1256
f 1255 1257 1256
f 1256 1257 1258
f 1257 1259 1258
f 1258 1259 1260
f 1259 1261 1260
f 1260 1261 1118
f 1261 1119 1118
f 1193 1191 1262
f 1191 1189 1262
f 1262 1189 1187
f 1199 1197 1262
f 1197 1195 1262
f 1262 1195 1193
f 1205 1203 1262
f 1203 1201 1262
f 1262 1201 1199
f 1211 1209 1262
f 1209 1207 1262
f 1262 1207 1205
f 1217 1215 1262
f 1215 1213 1262
f 1262 1213 1211
f 1223 1221 1262
f 1221 1219 1262
f 1262 1219 1217
f 1229 1227 1262
f 1227 1225 1262
f 1262 1225 1223
f 1235 1233 1262
f 1233 1231 1262
f 1262 1231 1229
f 1241 1239 1262
f 1239 1237 1262
f 1262 1237 1235
f 1247 1245 1262
f 1245 1243 1262
f 1262 1243 1241
f 1253 1251 1262
f 1251 1249 1262
f 1262 1249 1247
f 1259 1257 1262
f 1257 1255 1262
f 1262 1255 1253
f 1121 1119 1262
f 1119 1261 1262
f 1262 1261 1259
f 1127 1125 1262
f 1125 1123 1262
f 1262 1123 1121
f 1133 1131 1262
f 1131 1129 1262
f 1262 1129 1127
f 1139 1137 1262
f 1137 1135 1262
f 1262 1135 1133
f 1145 1143 1262
f 1143 1141 1262
f 1262 1141 1139
f 1151 1149 1262
f 1149 1147 1262
f 1262 1147 1145
f 1157 1155 1262
f 1155 1153 1262
f 1262 1153 1151
f 1163 1161 1262
f 1161 1159 1262
f 1262 1159 1157
f 1169 1167 1262
f 1167 1165 1262
f 1262 1165 1163
f 1175 1173 1262
f 1173 1171 1262
f 1262 1171 1169
f 1181 1179 1262
f 1179 1177 1262
f 1262 1177 1175
f 1187 1185 1262
f 1185 1183 1262
f 1262 1183 1181
f 1263 1264 1265
f 1264 1266 1265
f 1265 1266 1267
f 1266 1268 1267
f 1267 1268 1269
f 1268 1270 1269
f 1269 1270 1271
f 1270 1272 1271
f 1271 1272 1273
f 1272 1274 1273
f 1273 1274 1275
f 1274 1276 1275
f 1275 1276 1277
f 1276 1278 1277
f 1277 1278 1279
f 1278 1280 1279
f 1279 1280 1281
f 1280 1282 1281
f 1281 1282 1283
f 1282 1284 1283
f 1283 1284 1285
f 1284 1286 1285
f 1285 1286 1287
f 1286 1288 1287
f 1287 1288 1289
f 1288 1290 1289
f 1289 1290 1291
f 1290 1292 1291
f 1291 1292 1293
f 1292 1294 1293
f 1293 1294 1295
f 1294 1296 1295
f 1295 1296 1297
f 1296 1298 1297
f 1297 1298 1299
f 1298 1300 1299
f 1299 1300 1301
f 1300 1302 1301
f 1301 1302 1303
f 1302 1304 1303
f 1303 1304 1305
f 1304 1306 1305
f 1305 1306 1307
f 1306 1308 1307
f 1307 1308 1309
f 1308 1310 1309
f 1309 1310 1311
f 1310 1312 1311
f 1311 1312 1313
f 1312 1314 1313
f 1313 1314 1315
f 1314 1316 1315
f 1315 1316 1317
f 1316 1318 1317
f 1317 1318 1319
f 1318 1320 1319
f 1319 1320 1321
f 1320 1322 1321
f 1321 1322 1323
f 1322 1324 1323
f 1323 1324 1325
f 1324 1326 1325
f 1325 1326 1327
f 1326 1328 1327
f 1327 1328 1329
f 1328 1330 1329
f 1329 1330 1331
f 1330 1332 1331
f 1331 1332 1333
f 1332 1334 1333
f 1333 1334 1335
f 1334 1336 1335
f 1335 1336 1337
f 1336 1338 1337
f 1337 1338 1339
f 1338 1340 1339
f 1339 1340 1341
f 1340 1342 1341
f 1341 1342 1343
f 1342 1344 1343
f 1343 1344 1345
f 1344 1346 1345
f 1345 1346 1347
f 1346 1348 1347
f 1347 1348 1349
f 1348 1350 1349
f 1349 1350 1351
f 1350 1352 1351
f 1351 1352 1353
f 1352 1354 1353
f 1353 1354 1355
f 1354 1356 1355
f 1355 1356 1357
f 1356 1358 1357
f 1357 1358 1359
f 1358 1360 1359
f 1359 1360 1361
f 1360 1362 1361
f 1361 1362 1363
f 1362 1364 1363
f 1363 1364 1365
f 1364 1366 1365
f 1365 1366 1367
f 1366 1368 1367
f 1367 1368 1369
f 1368 1370 1369
f 1369 1370 1371
f 1370 1372 1371
f 1371 1372 1373
f 1372 1374 1373
f 1373 1374 1375
f 1374 1376 1375
f 1375 1376 1377
f 1376 1378 1377
f 1377 1378 1379
f 1378 1380 1379
f 1379 1380 1381
f 1380 1382 1381
f 1381 1382 1383
f 1382 1384 1383
f 1383 1384 1385
f 1384 1386 1385
f 1385 1386 1387
f 1386 1388 1387
f 1387 1388 1389
f 1388 1390 1389
f 1389 1390 1391
f 1390 1392 1391
f 1391 1392 1393
f 1392 1394 1393
f 1393 1394 1395
f 1394 1396 1395
f 1395 1396 1397
f 1396 1398 1397
f 1397 1398 1399
f 1398 1400 1399
f 1399 1400 1401
f 1400 1402 1401
f 1401 1402 1403
f 1402 1404 1403
f 1403 1404 1405
f 1404 1406 1405
f 1405 1406 1263
f 1406 1264 1263
f 1338 1336 1407
f 1336 1334 1407
f 1407 1334 1332
f 1344 1342 1407
f 1342 1340 1407
f 1407 1340 1338
f 1350 1348 1407
f 1348 1346 1407
f 1407 1346 1344
f 1356 1354 1407
f 1354 1352 1407
f 1407 1352 1350
f 1362 1360 1407
f 1360 1358 1407
f 1407 1358 1356
f 1368 1366 1407
f 1366 1364 1407
f 1407 1364 1362
f 1374 1372 1407
f 1372 1370 1407
f 1407 1370 1368
f 1380 1378 1407
f 1378 1376 1407
f 1407 1376 1374
f 1386 1384 1407
f 1384 1382 1407
f 1407 1382 1380
f 1392 1390 1407
f 1390 1388 1407
f 1407 1388 1386
f 1398 1396 1407
f 1396 1394 1407
f 1407 1394 1392
f 1404 1402 1407
f 1402 1400 1407
f 1407 1400 1398
f 1266 1264 1407
f 1264 1406 1407
f 1407 1406 1404
f 1272 1270 1407
f 1270 1268 1407
f 1407 1268 1266
f 1278 1276 1407
f 1276 1274 1407
f 1407 1274 1272
f 1284 1282 1407
f 1282 1280 1407
f 1407 1280 1278
f 1290 1288 1407
f 1288 1286 1407
f 1407 1286 1284
f 1296 1294 1407
f 1294 1292 1407
f 1407 1292 1290
f 1302 1300 1407
f 1300 1298 1407
f 1407 1298 1296
f 1308 1306 1407
f 1306 1304 1407
f 1407 1304 1302
f 1314 1312 1407
f 1312 1310 1407
f 1407 1310 1308
f 1320 1318 1407
f 1318 1316 1407
f 1407 1316 1314
f 1326 1324 1407
f 1324 1322 1407
f 1407 1322 1320
f 1332 1330 1407
f 1330 1328 1407
f 1407 1328 1326
f 1408 1409 1410
f 1409 1411 1410
f 1410 1411 1412
f 1411 1413 1412
f 1412 1413 1414
f 1413 1415 1414
f 1414 1415 1416
f 1415 1417 1416
f 1416 1417 1418
f 1417 1419 1418
f 1418 1419 1420
f 1419 1421 1420
f 1420 1421 1422
f 1421 1423 1422
f 1422 1423 1424
f 1423 1425 1424
f 1424 1425 1426
f 1425 1427 1426
f 1426 1427 1428
f 1427 1429 1428
f 1428 1429 1430
f 1429 1431 1430
f 1430 1431 1432
f 1431 1433 1432
f 1432 1433 1434
f 1433 1435 1434
f 1434 1435 1436
f 1435 1437 1436
f 1436 1437 1438
f 1437 1439 1438
f 1438 1439 1440
f 1439 1441 1440
f 1440 1441 1442
f 1441 1443 1442
f 1442 1443 1444
f 1443 1445 1444
f 1444 1445 1446
f 1445 1447 1446
f 1446 1447 1448
f 1447 1449 1448
f 1448 1449 1450
f 1449 1451 1450
f 1450 1451 1452
f 1451 1453 1452
f 1452 1453 1454
f 1453 1455 1454
f 1454 1455 1456
f 1455 1457 1456
f 1456 1457 1458
f 1457 1459 1458
f 1458 1459 1460
f 1459 1461 1460
f 1460 1461 1462
f 1461 1463 1462
f 1462 1463 1464
f 1463 1465 1464
f 1464 1465 1466
f 1465 1467 1466
f 1466 1467 1468
f 1467 1469 1468
f 1468 1469 1470
f 1469 1471 1470
f 1470 1471 1472
f 1471 1473 1472
f 1472 1473 1474
f 1473 1475 1474
f 1474 1475 1476
f 1475 1477 1476
f 1476 1477 1478
f 1477 1479 1478
f 1478 1479 1480
f 1479 1481 1480
f 1480 1481 1482
f 1481 1483 1482
f 1482 1483 1484
f 1483 1485 1484
f 1484 1485 1486
f 1485 1487 1486
f 1486 1487 1488
f 1487 1489 1488
f 1488 1489 1490
f 1489 1491 1490
f 1490 1491 1492
f 1491 1493 1492
f 1492 1493 1494
f 1493 1495 1494
f 1494 1495 1496
f 1495 1497 1496
f 1496 1497 1498
f 1497 1499 1498
f 1498 1499 1500
f 1499 1501 1500
f 1500 1501 1502
f 1501 1503 1502
f 1502 1503 1504
f 1503 1505 1504
f 1504 1505 1506
f 1505 1507 1506
f 1506 1507 1508
f 1507 1509 1508
f 1508 1509 1510
f 1509 1511 1510
f 1510 1511 1512
f 1511 1513 1512
f 1512 1513 1514
f 1513 1515 1514
f 1514 1515 1516
f 1515 1517 1516
f 1516 1517 1518
f 1517 1519 1518
f 1518 1519 1520
f 1519 1521 1520
f 1520 1521 1522
f 1521 1523 1522
f 1522 1523 1524
f 1523 1525 1524
f 1524 1525 1526
f 1525 1527 1526
f 1526 1527 1528
f 1527 1529 1528
f 1528 1529 1530
f 1529 1531 1530
f 1530 1531 1532
f 1531 1533 1532
f 1532 1533 1534
f 1533 1535 1534
f 1534 1535 1536
f 1535 1537 1536
f 1536 1537 1538
f 1537 1539 1538
f 1538 1539 1540
f 1539 1541 1540
f 1540 1541 1542
f 1541 1543 1542
f 1542 1543 1544
f 1543 1545 1544
f 1544 1545 1546
f 1545 1547 1546
f 1546 1547 1548
f 1547 1549 1548
f 1548 1549 1550
f 1549 1551 1550
f 1550 1551 1408
f 1551 1409 1408
f 1483 1481 1552
f 1481 1479 1552
f 1552 1479 1477
f 1489 1487 1552
f 1487 1485 1552
f 1552 1485 1483
f 1495 1493 1552
f 1493 1491 1552
f 1552 1491 1489
f 1501 1499 1552
f 1499 1497 1552
f 1552 1497 1495
f 1507 1505 1552
f 1505 1503 1552
f 1552 1503 1501
f 1513 1511 1552
f 1511 1509 1552
f 1552 1509 1507
f 1519 1517 1552
f 1517 1515 1552
f 1552 1515 1513
f 1525 1523 1552
f 1523 1521 1552
f 1552 1521 1519
f 1531 1529 1552
f 1529 1527 1552
f 1552 1527 1525
f 1537 1535 1552
f 1535 1533 1552
f 1552 1533 1531
f 1543 1541 1552
f 1541 1539 1552
f 1552 1539 1537
f 1549 1547 1552
f 1547 1545 1552
f 1552 1545 1543
f 1411 1409 1552
f 1409 1551 1552
f 1552 1551 1549
f 1417 1415 1552
f 1415 1413 1552
f 1552 1413 1411
f 1423 1421 1552
f 1421 1419 1552
f 1552 1419 1417
f 1429 1427 1552
f 1427 1425 1552
f 1552 1425 1423
f 1435 1433 1552
f 1433 1431 1552
f 1552 1431 1429
f 1441 1439 1552
f 1439 1437 1552
f 1552 1437 1435
f 1447 1445 1552
f 1445 1443 1552
f 1552 1443 1441
f 1453 1451 1552
f 1451 1449 1552
f 1552 1449 1447
f 1459 1457 1552
f 1457 1455 1552
f 1552 1455 1453
f 1465 1463 1552
f 1463 1461 1552
f 1552 1461 1459
f 1471 1469 1552
f 1469 1467 1552
f 1552 1467 1465
f 1477 1475 1552
f 1475 1473 1552
f 1552 1473 1471
f 1553 1554 1555
f 1554 1556 1555
f 1555 1556 1557
f 1556 1558 1557
f 1557 1558 1559
f 1558 1560 1559
f 1559 1560 1561
f 1560 1562 1561
f 1561 1562 1563
f 1562 1564 1563
f 1563 1564 1565
f 1564 1566 1565
f 1565 1566 1567
f 1566 1568 1567
f 1567 1568 1569
f 1568 1570 1569
f 1569 1570 1571
f 1570 1572 1571
f 1571 1572 1573
f 1572 1574 1573
f 1573 1574 1575
f 1574 1576 1575
f 1575 1576 1577
f 1576 1578 1577
f 1577 1578 1579
f 1578 1580 1579
f 1579 1580 1581
f 1580 1582 1581
f 1581 1582 1583
f 1582 1584 1583
f 1583 1584 1585
f 1584 1586 1585
f 1585 1586 1587
f 1586 1588 1587
f 1587 1588 1589
f 1588 1590 1589
f 1589 1590 1591
f 1590 1592 1591
f 1591 1592 1593
f 1592 1594 1593
f 1593 1594 1595
f 1594 1596 1595
f 1595 1596 1597
f 1596 1598 1597
f 1597 1598 1599
f 1598 1600 1599
f 1599 1600 1601
f 1600 1602 1601
f 1601 1602 1603
f 1602 1604 1603
f 1603 1604 1605
f 1604 1606 1605
f 1605 1606 1607
f 1606 1608 1607
f 1607 1608 1609
f 1608 1610 1609
f 1609 1610 1611
f 1610 1612 1611
f 1611 1612 1613
f 1612 1614 1613
f 1613 1614 1615
f 1614 1616 1615
f 1615 1616 1617
f 1616 1618 1617
f 1617 1618 1619
f 1618 1620 1619
f 1619 1620 1621
f 1620 1622 1621
f 1621 1622 1623
f 1622 1624 1623
f 1623 1624 1625
f 1624 1626 1625
f 1625 1626 1627
f 1626 1628 1627
f 1627 1628 1629
f 1628 1630 1629
f 1629 1630 1631
f 1630 1632 1631
f 1631 1632 1633
f 1632 1634 1633
f 1633 1634 1635
f 1634 1636 1635
f 1635 1636 1637
f 1636 1638 1637
f 1637 1638 1639
f 1638 1640 1639
f 1639 1640 1641
f 1640 1642 1641
f 1641 1642 1643
f 1642 1644 1643
f 1643 1644 1645
f 1644 1646 1645
f 1645 1646 1647
f 1646 1648 1647
f 1647 1648 1649
f 1648 1650 1649
f 1649 1650 1651
f 1650 1652 1651
f 1651 1652 1653
f 1652 1654 1653
f 1653 1654 1655
f 1654 1656 1655
f 1655 1656 1657
f 1656 1658 1657
f 1657 1658 1659
f 1658 1660 1659
f 1659 1660 1661
f 1660 1662 1661
f 1661 1662 1663
f 1662 1664 1663
f 1663 1664 1665
f 1664 1666 1665
f 1665 1666 1667
f 1666 1668 1667
f 1667 1668 1669
f 1668 1670 1669
f 1669 1670 1671
f 1670 1672 1671
f 1671 1672 1673
f 1672 1674 1673
f 1673 1674 1675
f 1674 1676 1675
f 1675 1676 1677
f 1676 1678 1677
f 1677 1678 1679
f 1678 1680 1679
f 1679 1680 1681
f 1680 1682 1681
f 1681 1682 1683
f 1682 1684 1683
f 1683 1684 1685
f 1684 1686 1685
f 1685 1686 1687
f 1686 1688 1687
f 1687 1688 1689
f 1688 1690 1689
f 1689 1690 1691
f 1690 1692 1691
f 1691 1692 1693
f 1692 1694 1693
f 1693 1694 1695
f 1694 1696 1695
f 1695 1696 1553
f 1696 1554 1553
f 1697 1698 1699
f 1700 1701 1702
f 1703 1704 1705
f 1706 1707 1708
f 1709 1710 1711
f 1710 1712 1711
f 1713 1714 1712
f 1714 1715 1712
f 1712 1715 1711
f 1716 1717 1718
f 1718 1717 1719
f 1717 1720 1719
f 1719 1720 1721
f 1722 1723 1724
f 1723 1725 1724
f 1726 1727 1725
f 1727 1728 1725
f 1725 1728 1724
f 1729 1730 1731
f 1731 1730 1732
f 1730 1733 1732
f 1732 1733 1734
f 1735 1736 1737
f 1736 1738 1737
f 1738 1736 1739
f 1736 1740 1739
f 1739 1740 1741
f 1742 1743 1744
f 1744 1743 1745
f 1743 1746 1745
f 1745 1746 1747
f 1748 1749 1750
f 1749 1751 1750
f 1751 1749 1752
f 1749 1753 1752
f 1752 1753 1754
f 1755 1756 1757
f 1757 1756 1758
f 1756 1759 1758
f 1758 1759 1760
f 1696 1694 1761
f 1694 1762 1761
f 1761 1762 1763
f 1762 1764 1763
f 1763 1764 1765
f 1764 1766 1765
f 1765 1766 1767
f 1766 1768 1767
f 1767 1768 1769
f 1768 1770 1769
f 1769 1770 1771
f 1770 1772 1771
f 1771 1772 1773
f 1772 1774 1773
f 1773 1774 1775
f 1774 1776 1775
f 1775 1776 1777
f 1776 1778 1777
f 1777 1778 1779
f 1778 1780 1779
f 1779 1780 1781
f 1780 1782 1781
f 1781 1782 1783
f 1782 1784 1783
f 1783 1784 1785
f 1784 1786 1785
f 1785 1786 1787
f 1786 1788 1787
f 1787 1788 1789
f 1788 1790 1789
f 1789 1790 1791
f 1790 1792 1791
f 1791 1792 1793
f 1792 1794 1793
f 1694 1692 1762
f 1692 1795 1762
f 1762 1795 1764
f 1795 1796 1764
f 1764 1796 1766
f 1796 1797 1766
f 1766 1797 1768
f 1797 1798 1768
f 1768 1798 1770
f 1798 1799 1770
f 1770 1799 1772
f 1799 1800 1772
f 1772 1800 1774
f 1800 1801 1774
f 1774 1801 1776
f 1801 1802 1776
f 1776 1802 1778
f 1802 1803 1778
f 1778 1803 1780
f 1803 1804 1780
f 1780 1804 1782
f 1804 1805 1782
f 1782 1805 1784
f 1805 1806 1784
f 1784 1806 1786
f 1806 1807 1786
f 1786 1807 1788
f 1807 1808 1788
f 1788 1808 1790
f 1808 1809 1790
f 1790 1809 1792
f 1809 1705 1792
f 1792 1705 1794
f 1705 1704 1794
f 1692 1690 1795
f 1690 1810 1795
f 1795 1810 1796
f 1810 1811 1796
f 1796 1811 1797
f 1811 1812 1797
f 1797 1812 1798
f 1812 1813 1798
f 1798 1813 1799
f 1813 1814 1799
f 1799 1814 1800
f 1814 1815 1800
f 1800 1815 1801
f 1815 1816 1801
f 1801 1816 1802
f 1816 1817 1802
f 1802 1817 1803
f 1817 1818 1803
f 1803 1818 1804
f 1818 1819 1804
f 1804 1819 1805
f 1819 1820 1805
f 1805 1820 1806
f 1820 1821 1806
f 1806 1821 1807
f 1821 1822 1807
f 1807 1822 1808
f 1822 1823 1808
f 1808 1823 1809
f 1823 1824 1809
f 1809 1824 1705
f 1824 1729 1705
f 1705 1729 1703
f 1729 1731 1703
f 1666 1664 1825
f 1664 1826 1825
f 1825 1826 1827
f 1826 1828 1827
f 1827 1828 1829
f 1828 1830 1829
f 1829 1830 1831
f 1830 1832 1831
f 1831 1832 1833
f 1832 1834 1833
f 1833 1834 1835
f 1834 1836 1835
f 1835 1836 1837
f 1836 1838 1837
f 1837 1838 1839
f 1838 1840 1839
f 1839 1840 1841
f 1840 1842 1841
f 1841 1842 1843
f 1842 1844 1843
f 1843 1844 1845
f 1844 1846 1845
f 1845 1846 1847
f 1846 1848 1847
f 1847 1848 1849
f 1848 1850 1849
f 1849 1850 1851
f 1850 1852 1851
f 1851 1852 1853
f 1852 1854 1853
f 1853 1854 1740
f 1854 1855 1740
f 1740 1855 1741
f 1855 1856 1741
f 1664 1662 1826
f 1662 1857 1826
f 1826 1857 1828
f 1857 1858 1828
f 1828 1858 1830
f 1858 1859 1830
f 1830 1859 1832
f 1859 1860 1832
f 1832 1860 1834
f 1860 1861 1834
f 1834 1861 1836
f 1861 1862 1836
f 1836 1862 1838
f 1862 1863 1838
f 1838 1863 1840
f 1863 1864 1840
f 1840 1864 1842
f 1864 1865 1842
f 1842 1865 1844
f 1865 1866 1844
f 1844 1866 1846
f 1866 1867 1846
f 1846 1867 1848
f 1867 1868 1848
f 1848 1868 1850
f 1868 1869 1850
f 1850 1869 1852
f 1869 1870 1852
f 1852 1870 1854
f 1870 1871 1854
f 1854 1871 1855
f 1871 1872 1855
f 1855 1872 1856
f 1872 1873 1856
f 1662 1660 1857
f 1660 1874 1857
f 1857 1874 1858
f 1874 1875 1858
f 1858 1875 1859
f 1875 1876 1859
f 1859 1876 1860
f 1876 1877 1860
f 1860 1877 1861
f 1877 1878 1861
f 1861 1878 1862
f 1878 1879 1862
f 1862 1879 1863
f 1879 1880 1863
f 1863 1880 1864
f 1880 1881 1864
f 1864 1881 1865
f 1881 1882 1865
f 1865 1882 1866
f 1882 1883 1866
f 1866 1883 1867
f 1883 1884 1867
f 1867 1884 1868
f 1884 1885 1868
f 1868 1885 1869
f 1885 1886 1869
f 1869 1886 1870
f 1886 1887 1870
f 1870 1887 1871
f 1887 1888 1871
f 1871 1888 1872
f 1888 1889 1872
f 1872 1889 1873
f 1889 1890 1873
f 1660 1658 1874
f 1658 1891 1874
f 1874 1891 1875
f 1891 1892 1875
f 1875 1892 1876
f 1892 1893 1876
f 1876 1893 1877
f 1893 1894 1877
f 1877 1894 1878
f 1894 1895 1878
f 1878 1895 1879
f 1895 1896 1879
f 1879 1896 1880
f 1896 1897 1880
f 1880 1897 1881
f 1897 1898 1881
f 1881 1898 1882
f 1898 1899 1882
f 1882 1899 1883
f 1899 1900 1883
f 1883 1900 1884
f 1900 1901 1884
f 1884 1901 1885
f 1901 1902 1885
f 1885 1902 1886
f 1902 1903 1886
f 1886 1903 1887
f 1903 1904 1887
f 1887 1904 1888
f 1904 1905 1888
f 1888 1905 1889
f 1905 1906 1889
f 1889 1906 1890
f 1906 1907 1890
f 1658 1656 1891
f 1656 1908 1891
f 1891 1908 1892
f 1908 1909 1892
f 1892 1909 1893
f 1909 1910 1893
f 1893 1910 1894
f 1910 1911 1894
f 1894 1911 1895
f 1911 1912 1895
f 1895 1912 1896
f 1912 1913 1896
f 1896 1913 1897
f 1913 1914 1897
f 1897 1914 1898
f 1914 1915 1898
f 1898 1915 1899
f 1915 1916 1899
f 1899 1916 1900
f 1916 1917 1900
f 1900 1917 1901
f 1917 1918 1901
f 1901 1918 1902
f 1918 1919 1902
f 1902 1919 1903
f 1919 1920 1903
f 1903 1920 1904
f 1920 1921 1904
f 1904 1921 1905
f 1921 1922 1905
f 1905 1922 1906
f 1922 1702 1906
f 1906 1702 1907
f 1702 1701 1907
f 1656 1654 1908
f 1654 1923 1908
f 1908 1923 1909
f 1923 1924 1909
f 1909 1924 1910
f 1924 1925 1910
f 1910 1925 1911
f 1925 1926 1911
f 1911 1926 1912
f 1926 1927 1912
f 1912 1927 1913
f 1927 1928 1913
f 1913 1928 1914
f 1928 1929 1914
f 1914 1929 1915
f 1929 1930 1915
f 1915 1930 1916
f 1930 1931 1916
f 1916 1931 1917
f 1931 1932 1917
f 1917 1932 1918
f 1932 1933 1918
f 1918 1933 1919
f 1933 1934 1919
f 1919 1934 1920
f 1934 1935 1920
f 1920 1935 1921
f 1935 1936 1921
f 1921 1936 1922
f 1936 1937 1922
f 1922 1937 1702
f 1937 1742 1702
f 1702 1742 1700
f 1742 1744 1700
f 1630 1628 1938
f 1628 1939 1938
f 1938 1939 1940
f 1939 1941 1940
f 1940 1941 1942
f 1941 1943 1942
f 1942 1943 1944
f 1943 1945 1944
f 1944 1945 1946
f 1945 1947 1946
f 1946 1947 1948
f 1947 1949 1948
f 1948 1949 1950
f 1949 1951 1950
f 1950 1951 1952
f 1951 1953 1952
f 1952 1953 1954
f 1953 1955 1954
f 1954 1955 1956
f 1955 1957 1956
f 1956 1957 1958
f 1957 1959 1958
f 1958 1959 1960
f 1959 1961 1960
f 1960 1961 1962
f 1961 1963 1962
f 1962 1963 1964
f 1963 1965 1964
f 1964 1965 1966
f 1965 1967 1966
f 1966 1967 1753
f 1967 1968 1753
f 1753 1968 1754
f 1968 1969 1754
f 1628 1626 1939
f 1626 1970 1939
f 1939 1970 1941
f 1970 1971 1941
f 1941 1971 1943
f 1971 1972 1943
f 1943 1972 1945
f 1972 1973 1945
f 1945 1973 1947
f 1973 1974 1947
f 1947 1974 1949
f 1974 1975 1949
f 1949 1975 1951
f 1975 1976 1951
f 1951 1976 1953
f 1976 1977 1953
f 1953 1977 1955
f 1977 1978 1955
f 1955 1978 1957
f 1978 1979 1957
f 1957 1979 1959
f 1979 1980 1959
f 1959 1980 1961
f 1980 1981 1961
f 1961 1981 1963
f 1981 1982 1963
f 1963 1982 1965
f 1982 1983 1965
f 1965 1983 1967
f 1983 1984 1967
f 1967 1984 1968
f 1984 1985 1968
f 1968 1985 1969
f 1985 1986 1969
f 1626 1624 1970
f 1624 1987 1970
f 1970 1987 1971
f 1987 1988 1971
f 1971 1988 1972
f 1988 1989 1972
f 1972 1989 1973
f 1989 1990 1973
f 1973 1990 1974
f 1990 1991 1974
f 1974 1991 1975
f 1991 1992 1975
f 1975 1992 1976
f 1992 1993 1976
f 1976 1993 1977
f 1993 1994 1977
f 1977 1994 1978
f 1994 1995 1978
f 1978 1995 1979
f 1995 1996 1979
f 1979 1996 1980
f 1996 1997 1980
f 1980 1997 1981
f 1997 1998 1981
f 1981 1998 1982
f 1998 1999 1982
f 1982 1999 1983
f 1999 2000 1983
f 1983 2000 1984
f 2000 2001 1984
f 1984 2001 1985
f 2001 2002 1985
f 1985 2002 1986
f 2002 2003 1986
f 1624 1622 1987
f 1622 2004 1987
f 1987 2004 1988
f 2004 2005 1988
f 1988 2005 1989
f 2005 2006 1989
f 1989 2006 1990
f 2006 2007 1990
f 1990 2007 1991
f 2007 2008 1991
f 1991 2008 1992
f 2008 2009 1992
f 1992 2009 1993
f 2009 2010 1993
f 1993 2010 1994
f 2010 2011 1994
f 1994 2011 1995
f 2011 2012 1995
f 1995 2012 1996
f 2012 2013 1996
f 1996 2013 1997
f 2013 2014 1997
f 1997 2014 1998
f 2014 2015 1998
f 1998 2015 1999
f 2015 2016 1999
f 1999 2016 2000
f 2016 2017 2000
f 2000 2017 2001
f 2017 2018 2001
f 2001 2018 2002
f 2018 2019 2002
f 2002 2019 2003
f 2019 2020 2003
f 1622 1620 2004
f 1620 2021 2004
f 2004 2021 2005
f 2021 2022 2005
f 2005 2022 2006
f 2022 2023 2006
f 2006 2023 2007
f 2023 2024 2007
f 2007 2024 2008
f 2024 2025 2008
f 2008 2025 2009
f 2025 2026 2009
f 2009 2026 2010
f 2026 2027 2010
f 2010 2027 2011
f 2027 2028 2011
f 2011 2028 2012
f 2028 2029 2012
f 2012 2029 2013
f 2029 2030 2013
f 2013 2030 2014
f 2030 2031 2014
f 2014 2031 2015
f 2031 2032 2015
f 2015 2032 2016
f 2032 2033 2016
f 2016 2033 2017
f 2033 2034 2017
f 2017 2034 2018
f 2034 2035 2018
f 2018 2035 2019
f 2035 1699 2019
f 2019 1699 2020
f 1699 1698 2020
f 1620 1618 2021
f 1618 2036 2021
f 2021 2036 2022
f 2036 2037 2022
f 2022 2037 2023
f 2037 2038 2023
f 2023 2038 2024
f 2038 2039 2024
f 2024 2039 2025
f 2039 2040 2025
f 2025 2040 2026
f 2040 2041 2026
f 2026 2041 2027
f 2041 2042 2027
f 2027 2042 2028
f 2042 2043 2028
f 2028 2043 2029
f 2043 2044 2029
f 2029 2044 2030
f 2044 2045 2030
f 2030 2045 2031
f 2045 2046 2031
f 2031 2046 2032
f 2046 2047 2032
f 2032 2047 2033
f 2047 2048 2033
f 2033 2048 2034
f 2048 2049 2034
f 2034 2049 2035
f 2049 2050 2035
f 2035 2050 1699
f 2050 1755 1699
f 1699 1755 1697
f 1755 1757 1697
f 1594 1592 2051
f 1592 2052 2051
f 2051 2052 2053
f 2052 2054 2053
f 2053 2054 2055
f 2054 2056 2055
f 2055 2056 2057
f 2056 2058 2057
f 2057 2058 2059
f 2058 2060 2059
f 2059 2060 2061
f 2060 2062 2061
f 2061 2062 2063
f 2062 2064 2063
f 2063 2064 2065
f 2064 2066 2065
f 2065 2066 2067
f 2066 2068 2067
f 2067 2068 2069
f 2068 2070 2069
f 2069 2070 2071
f 2070 2072 2071
f 2071 2072 2073
f 2072 2074 2073
f 2073 2074 2075
f 2074 2076 2075
f 2075 2076 2077
f 2076 2078 2077
f 2077 2078 2079
f 2078 2080 2079
f 2079 2080 1713
f 2080 2081 1713
f 1713 2081 1714
f 2081 2082 1714
f 1592 1590 2052
f 1590 2083 2052
f 2052 2083 2054
f 2083 2084 2054
f 2054 2084 2056
f 2084 2085 2056
f 2056 2085 2058
f 2085 2086 2058
f 2058 2086 2060
f 2086 2087 2060
f 2060 2087 2062
f 2087 2088 2062
f 2062 2088 2064
f 2088 2089 2064
f 2064 2089 2066
f 2089 2090 2066
f 2066 2090 2068
f 2090 2091 2068
f 2068 2091 2070
f 2091 2092 2070
f 2070 2092 2072
f 2092 2093 2072
f 2072 2093 2074
f 2093 2094 2074
f 2074 2094 2076
f 2094 2095 2076
f 2076 2095 2078
f 2095 2096 2078
f 2078 2096 2080
f 2096 2097 2080
f 2080 2097 2081
f 2097 2098 2081
f 2081 2098 2082
f 2098 2099 2082
f 1590 1588 2083
f 1588 2100 2083
f 2083 2100 2084
f 2100 2101 2084
f 2084 2101 2085
f 2101 2102 2085
f 2085 2102 2086
f 2102 2103 2086
f 2086 2103 2087
f 2103 2104 2087
f 2087 2104 2088
f 2104 2105 2088
f 2088 2105 2089
f 2105 2106 2089
f 2089 2106 2090
f 2106 2107 2090
f 2090 2107 2091
f 2107 2108 2091
f 2091 2108 2092
f 2108 2109 2092
f 2092 2109 2093
f 2109 2110 2093
f 2093 2110 2094
f 2110 2111 2094
f 2094 2111 2095
f 2111 2112 2095
f 2095 2112 2096
f 2112 2113 2096
f 2096 2113 2097
f 2113 2114 2097
f 2097 2114 2098
f 2114 2115 2098
f 2098 2115 2099
f 2115 2116 2099
f 1588 1586 2100
f 1586 2117 2100
f 2100 2117 2101
f 2117 2118 2101
f 2101 2118 2102
f 2118 2119 2102
f 2102 2119 2103
f 2119 2120 2103
f 2103 2120 2104
f 2120 2121 2104
f 2104 2121 2105
f 2121 2122 2105
f 2105 2122 2106
f 2122 2123 2106
f 2106 2123 2107
f 2123 2124 2107
f 2107 2124 2108
f 2124 2125 2108
f 2108 2125 2109
f 2125 2126 2109
f 2109 2126 2110
f 2126 2127 2110
f 2110 2127 2111
f 2127 2128 2111
f 2111 2128 2112
f 2128 2129 2112
f 2112 2129 2113
f 2129 2130 2113
f 2113 2130 2114
f 2130 2131 2114
f 2114 2131 2115
f 2131 2132 2115
f 2115 2132 2116
f 2132 2133 2116
f 1586 1584 2117
f 1584 2134 2117
f 2117 2134 2118
f 2134 2135 2118
f 2118 2135 2119
f 2135 2136 2119
f 2119 2136 2120
f 2136 2137 2120
f 2120 2137 2121
f 2137 2138 2121
f 2121 2138 2122
f 2138 2139 2122
f 2122 2139 2123
f 2139 2140 2123
f 2123 2140 2124
f 2140 2141 2124
f 2124 2141 2125
f 2141 2142 2125
f 2125 2142 2126
f 2142 2143 2126
f 2126 2143 2127
f 2143 2144 2127
f 2127 2144 2128
f 2144 2145 2128
f 2128 2145 2129
f 2145 2146 2129
f 2129 2146 2130
f 2146 2147 2130
f 2130 2147 2131
f 2147 2148 2131
f 2131 2148 2132
f 2148 1708 2132
f 2132 1708 2133
f 1708 1707 2133
f 1584 1582 2134
f 1582 2149 2134
f 2134 2149 2135
f 2149 2150 2135
f 2135 2150 2136
f 2150 2151 2136
f 2136 2151 2137
f 2151 2152 2137
f 2137 2152 2138
f 2152 2153 2138
f 2138 2153 2139
f 2153 2154 2139
f 2139 2154 2140
f 2154 2155 2140
f 2140 2155 2141
f 2155 2156 2141
f 2141 2156 2142
f 2156 2157 2142
f 2142 2157 2143
f 2157 2158 2143
f 2143 2158 2144
f 2158 2159 2144
f 2144 2159 2145
f 2159 2160 2145
f 2145 2160 2146
f 2160 2161 2146
f 2146 2161 2147
f 2161 2162 2147
f 2147 2162 2148
f 2162 2163 2148
f 2148 2163 1708
f 2163 1716 1708
f 1708 1716 1706
f 1716 1718 1706
f 1558 1556 2164
f 1556 2165 2164
f 2164 2165 2166
f 2165 2167 2166
f 2166 2167 2168
f 2167 2169 2168
f 2168 2169 2170
f 2169 2171 2170
f 2170 2171 2172
f 2171 2173 2172
f 2172 2173 2174
f 2173 2175 2174
f 2174 2175 2176
f 2175 2177 2176
f 2176 2177 2178
f 2177 2179 2178
f 2178 2179 2180
f 2179 2181 2180
f 2180 2181 2182
f 2181 2183 2182
f 2182 2183 2184
f 2183 2185 2184
f 2184 2185 2186
f 2185 2187 2186
f 2186 2187 2188
f 2187 2189 2188
f 2188 2189 2190
f 2189 2191 2190
f 2190 2191 2192
f 2191 2193 2192
f 2192 2193 1726
f 2193 2194 1726
f 1726 2194 1727
f 2194 2195 1727
f 1556 1554 2165
f 1554 2196 2165
f 2165 2196 2167
f 2196 2197 2167
f 2167 2197 2169
f 2197 2198 2169
f 2169 2198 2171
f 2198 2199 2171
f 2171 2199 2173
f 2199 2200 2173
f 2173 2200 2175
f 2200 2201 2175
f 2175 2201 2177
f 2201 2202 2177
f 2177 2202 2179
f 2202 2203 2179
f 2179 2203 2181
f 2203 2204 2181
f 2181 2204 2183
f 2204 2205 2183
f 2183 2205 2185
f 2205 2206 2185
f 2185 2206 2187
f 2206 2207 2187
f 2187 2207 2189
f 2207 2208 2189
f 2189 2208 2191
f 2208 2209 2191
f 2191 2209 2193
f 2209 2210 2193
f 2193 2210 2194
f 2210 2211 2194
f 2194 2211 2195
f 2211 2212 2195
f 1554 1696 2196
f 1696 1761 2196
f 2196 1761 2197
f 1761 1763 2197
f 2197 1763 2198
f 1763 1765 2198
f 2198 1765 2199
f 1765 1767 2199
f 2199 1767 2200
f 1767 1769 2200
f 2200 1769 2201
f 1769 1771 2201
f 2201 1771 2202
f 1771 1773 2202
f 2202 1773 2203
f 1773 1775 2203
f 2203 1775 2204
f 1775 1777 2204
f 2204 1777 2205
f 1777 1779 2205
f 2205 1779 2206
f 1779 1781 2206
f 2206 1781 2207
f 1781 1783 2207
f 2207 1783 2208
f 1783 1785 2208
f 2208 1785 2209
f 1785 1787 2209
f 2209 1787 2210
f 1787 1789 2210
f 2210 1789 2211
f 1789 1791 2211
f 2211 1791 2212
f 1791 1793 2212
f 1690 1688 1810
f 1688 2213 1810
f 1810 2213 1811
f 2213 2214 1811
f 1811 2214 1812
f 2214 2215 1812
f 1812 2215 1813
f 2215 2216 1813
f 1813 2216 1814
f 2216 2217 1814
f 1814 2217 1815
f 2217 2218 1815
f 1815 2218 1816
f 2218 2219 1816
f 1816 2219 1817
f 2219 2220 1817
f 1817 2220 1818
f 2220 2221 1818
f 1818 2221 1819
f 2221 2222 1819
f 1819 2222 1820
f 2222 2223 1820
f 1820 2223 1821
f 2223 2224 1821
f 1821 2224 1822
f 2224 2225 1822
f 1822 2225 1823
f 2225 2226 1823
f 1823 2226 1824
f 2226 2227 1824
f 1824 2227 1729
f 2227 2228 1729
f 1729 2228 1730
f 2228 2229 1730
f 1730 2229 1733
f 2229 2230 1733
f 1688 1686 2213
f 1686 2231 2213
f 2213 2231 2214
f 2231 2232 2214
f 2214 2232 2215
f 2232 2233 2215
f 2215 2233 2216
f 2233 2234 2216
f 2216 2234 2217
f 2234 2235 2217
f 2217 2235 2218
f 2235 2236 2218
f 2218 2236 2219
f 2236 2237 2219
f 2219 2237 2220
f 2237 2238 2220
f 2220 2238 2221
f 2238 2239 2221
f 2221 2239 2222
f 2239 2240 2222
f 2222 2240 2223
f 2240 2241 2223
f 2223 2241 2224
f 2241 2242 2224
f 2224 2242 2225
f 2242 2243 2225
f 2225 2243 2226
f 2243 2244 2226
f 2226 2244 2227
f 2244 2245 2227
f 2227 2245 2228
f 2245 2246 2228
f 2228 2246 2229
f 2246 2247 2229
f 2229 2247 2230
f 2247 2248 2230
f 1686 1684 2231
f 1684 2249 2231
f 2231 2249 2232
f 2249 2250 2232
f 2232 2250 2233
f 2250 2251 2233
f 2233 2251 2234
f 2251 2252 2234
f 2234 2252 2235
f 2252 2253 2235
f 2235 2253 2236
f 2253 2254 2236
f 2236 2254 2237
f 2254 2255 2237
f 2237 2255 2238
f 2255 2256 2238
f 2238 2256 2239
f 2256 2257 2239
f 2239 2257 2240
f 2257 2258 2240
f 2240 2258 2241
f 2258 2259 2241
f 2241 2259 2242
f 2259 2260 2242
f 2242 2260 2243
f 2260 2261 2243
f 2243 2261 2244
f 2261 2262 2244
f 2244 2262 2245
f 2262 2263 2245
f 2245 2263 2246
f 2263 2264 2246
f 2246 2264 2247
f 2264 2265 2247
f 2247 2265 2248
f 2265 2266 2248
f 1684 1682 2249
f 1682 2267 2249
f 2249 2267 2250
f 2267 2268 2250
f 2250 2268 2251
f 2268 2269 2251
f 2251 2269 2252
f 2269 2270 2252
f 2252 2270 2253
f 2270 2271 2253
f 2253 2271 2254
f 2271 2272 2254
f 2254 2272 2255
f 2272 2273 2255
f 2255 2273 2256
f 2273 2274 2256
f 2256 2274 2257
f 2274 2275 2257
f 2257 2275 2258
f 2275 2276 2258
f 2258 2276 2259
f 2276 2277 2259
f 2259 2277 2260
f 2277 2278 2260
f 2260 2278 2261
f 2278 2279 2261
f 2261 2279 2262
f 2279 2280 2262
f 2262 2280 2263
f 2280 2281 2263
f 2263 2281 2264
f 2281 2282 2264
f 2264 2282 2265
f 2282 2283 2265
f 2265 2283 2266
f 2283 2284 2266
f 1682 1680 2267
f 1680 2285 2267
f 2267 2285 2268
f 2285 2286 2268
f 2268 2286 2269
f 2286 2287 2269
f 2269 2287 2270
f 2287 2288 2270
f 2270 2288 2271
f 2288 2289 2271
f 2271 2289 2272
f 2289 2290 2272
f 2272 2290 2273
f 2290 2291 2273
f 2273 2291 2274
f 2291 2292 2274
f 2274 2292 2275
f 2292 2293 2275
f 2275 2293 2276
f 2293 2294 2276
f 2276 2294 2277
f 2294 2295 2277
f 2277 2295 2278
f 2295 2296 2278
f 2278 2296 2279
f 2296 2297 2279
f 2279 2297 2280
f 2297 2298 2280
f 2280 2298 2281
f 2298 2299 2281
f 2281 2299 2282
f 2299 2300 2282
f 2282 2300 2283
f 2300 2301 2283
f 2283 2301 2284
f 2301 2302 2284
f 1680 1678 2285
f 1678 2303 2285
f 2285 2303 2286
f 2303 2304 2286
f 2286 2304 2287
f 2304 2305 2287
f 2287 2305 2288
f 2305 2306 2288
f 2288 2306 2289
f 2306 2307 2289
f 2289 2307 2290
f 2307 2308 2290
f 2290 2308 2291
f 2308 2309 2291
f 2291 2309 2292
f 2309 2310 2292
f 2292 2310 2293
f 2310 2311 2293
f 2293 2311 2294
f 2311 2312 2294
f 2294 2312 2295
f 2312 2313 2295
f 2295 2313 2296
f 2313 2314 2296
f 2296 2314 2297
f 2314 2315 2297
f 2297 2315 2298
f 2315 2316 2298
f 2298 2316 2299
f 2316 2317 2299
f 2299 2317 2300
f 2317 2318 2300
f 2300 2318 2301
f 2318 2319 2301
f 2301 2319 2302
f 2319 2320 2302
f 1678 1676 2303
f 1676 2321 2303
f 2303 2321 2304
f 2321 2322 2304
f 2304 2322 2305
f 2322 2323 2305
f 2305 2323 2306
f 2323 2324 2306
f 2306 2324 2307
f 2324 2325 2307
f 2307 2325 2308
f 2325 2326 2308
f 2308 2326 2309
f 2326 2327 2309
f 2309 2327 2310
f 2327 2328 2310
f 2310 2328 2311
f 2328 2329 2311
f 2311 2329 2312
f 2329 2330 2312
f 2312 2330 2313
f 2330 2331 2313
f 2313 2331 2314
f 2331 2332 2314
f 2314 2332 2315
f 2332 2333 2315
f 2315 2333 2316
f 2333 2334 2316
f 2316 2334 2317
f 2334 2335 2317
f 2317 2335 2318
f 2335 2336 2318
f 2318 2336 2319
f 2336 2337 2319
f 2319 2337 2320
f 2337 2338 2320
f 1676 1674 2321
f 1674 2339 2321
f 2321 2339 2322
f 2339 2340 2322
f 2322 2340 2323
f 2340 2341 2323
f 2323 2341 2324
f 2341 2342 2324
f 2324 2342 2325
f 2342 2343 2325
f 2325 2343 2326
f 2343 2344 2326
f 2326 2344 2327
f 2344 2345 2327
f 2327 2345 2328
f 2345 2346 2328
f 2328 2346 2329
f 2346 2347 2329
f 2329 2347 2330
f 2347 2348 2330
f 2330 2348 2331
f 2348 2349 2331
f 2331 2349 2332
f 2349 2350 2332
f 2332 2350 2333
f 2350 2351 2333
f 2333 2351 2334
f 2351 2352 2334
f 2334 2352 2335
f 2352 2353 2335
f 2335 2353 2336
f 2353 2354 2336
f 2336 2354 2337
f 2354 2355 2337
f 2337 2355 2338
f 2355 2356 2338
f 1674 1672 2339
f 1672 2357 2339
f 2339 2357 2340
f 2357 2358 2340
f 2340 2358 2341
f 2358 2359 2341
f 2341 2359 2342
f 2359 2360 2342
f 2342 2360 2343
f 2360 2361 2343
f 2343 2361 2344
f 2361 2362 2344
f 2344 2362 2345
f 2362 2363 2345
f 2345 2363 2346
f 2363 2364 2346
f 2346 2364 2347
f 2364 2365 2347
f 2347 2365 2348
f 2365 2366 2348
f 2348 2366 2349
f 2366 2367 2349
f 2349 2367 2350
f 2367 2368 2350
f 2350 2368 2351
f 2368 2369 2351
f 2351 2369 2352
f 2369 2370 2352
f 2352 2370 2353
f 2370 2371 2353
f 2353 2371 2354
f 2371 2372 2354
f 2354 2372 2355
f 2372 2373 2355
f 2355 2373 2356
f 2373 2374 2356
f 1672 1670 2357
f 1670 2375 2357
f 2357 2375 2358
f 2375 2376 2358
f 2358 2376 2359
f 2376 2377 2359
f 2359 2377 2360
f 2377 2378 2360
f 2360 2378 2361
f 2378 2379 2361
f 2361 2379 2362
f 2379 2380 2362
f 2362 2380 2363
f 2380 2381 2363
f 2363 2381 2364
f 2381 2382 2364
f 2364 2382 2365
f 2382 2383 2365
f 2365 2383 2366
f 2383 2384 2366
f 2366 2384 2367
f 2384 2385 2367
f 2367 2385 2368
f 2385 2386 2368
f 2368 2386 2369
f 2386 2387 2369
f 2369 2387 2370
f 2387 2388 2370
f 2370 2388 2371
f 2388 2389 2371
f 2371 2389 2372
f 2389 2390 2372
f 2372 2390 2373
f 2390 2391 2373
f 2373 2391 2374
f 2391 2392 2374
f 1670 1668 2375
f 1668 2393 2375
f 2375 2393 2376
f 2393 2394 2376
f 2376 2394 2377
f 2394 2395 2377
f 2377 2395 2378
f 2395 2396 2378
f 2378 2396 2379
f 2396 2397 2379
f 2379 2397 2380
f 2397 2398 2380
f 2380 2398 2381
f 2398 2399 2381
f 2381 2399 2382
f 2399 2400 2382
f 2382 2400 2383
f 2400 2401 2383
f 2383 2401 2384
f 2401 2402 2384
f 2384 2402 2385
f 2402 2403 2385
f 2385 2403 2386
f 2403 2404 2386
f 2386 2404 2387
f 2404 2405 2387
f 2387 2405 2388
f 2405 2406 2388
f 2388 2406 2389
f 2406 2407 2389
f 2389 2407 2390
f 2407 2408 2390
f 2390 2408 2391
f 2408 2409 2391
f 2391 2409 2392
f 2409 2410 2392
f 1668 1666 2393
f 1666 1825 2393
f 2393 1825 2394
f 1825 1827 2394
f 2394 1827 2395
f 1827 1829 2395
f 2395 1829 2396
f 1829 1831 2396
f 2396 1831 2397
f 1831 1833 2397
f 2397 1833 2398
f 1833 1835 2398
f 2398 1835 2399
f 1835 1837 2399
f 2399 1837 2400
f 1837 1839 2400
f 2400 1839 2401
f 1839 1841 2401
f 2401 1841 2402
f 1841 1843 2402
f 2402 1843 2403
f 1843 1845 2403
f 2403 1845 2404
f 1845 1847 2404
f 2404 1847 2405
f 1847 1849 2405
f 2405 1849 2406
f 1849 1851 2406
f 2406 1851 2407
f 1851 1853 2407
f 2407 1853 2408
f 1853 1740 2408
f 2408 1740 2409
f 1740 1736 2409
f 2409 1736 2410
f 1736 1735 2410
f 1654 1652 1923
f 1652 2411 1923
f 1923 2411 1924
f 2411 2412 1924
f 1924 2412 1925
f 2412 2413 1925
f 1925 2413 1926
f 2413 2414 1926
f 1926 2414 1927
f 2414 2415 1927
f 1927 2415 1928
f 2415 2416 1928
f 1928 2416 1929
f 2416 2417 1929
f 1929 2417 1930
f 2417 2418 1930
f 1930 2418 1931
f 2418 2419 1931
f 1931 2419 1932
f 2419 2420 1932
f 1932 2420 1933
f 2420 2421 1933
f 1933 2421 1934
f 2421 2422 1934
f 1934 2422 1935
f 2422 2423 1935
f 1935 2423 1936
f 2423 2424 1936
f 1936 2424 1937
f 2424 2425 1937
f 1937 2425 1742
f 2425 2426 1742
f 1742 2426 1743
f 2426 2427 1743
f 1743 2427 1746
f 2427 2428 1746
f 1652 1650 2411
f 1650 2429 2411
f 2411 2429 2412
f 2429 2430 2412
f 2412 2430 2413
f 2430 2431 2413
f 2413 2431 2414
f 2431 2432 2414
f 2414 2432 2415
f 2432 2433 2415
f 2415 2433 2416
f 2433 2434 2416
f 2416 2434 2417
f 2434 2435 2417
f 2417 2435 2418
f 2435 2436 2418
f 2418 2436 2419
f 2436 2437 2419
f 2419 2437 2420
f 2437 2438 2420
f 2420 2438 2421
f 2438 2439 2421
f 2421 2439 2422
f 2439 2440 2422
f 2422 2440 2423
f 2440 2441 2423
f 2423 2441 2424
f 2441 2442 2424
f 2424 2442 2425
f 2442 2443 2425
f 2425 2443 2426
f 2443 2444 2426
f 2426 2444 2427
f 2444 2445 2427
f 2427 2445 2428
f 2445 2446 2428
f 1650 1648 2429
f 1648 2447 2429
f 2429 2447 2430
f 2447 2448 2430
f 2430 2448 2431
f 2448 2449 2431
f 2431 2449 2432
f 2449 2450 2432
f 2432 2450 2433
f 2450 2451 2433
f 2433 2451 2434
f 2451 2452 2434
f 2434 2452 2435
f 2452 2453 2435
f 2435 2453 2436
f 2453 2454 2436
f 2436 2454 2437
f 2454 2455 2437
f 2437 2455 2438
f 2455 2456 2438
f 2438 2456 2439
f 2456 2457 2439
f 2439 2457 2440
f 2457 2458 2440
f 2440 2458 2441
f 2458 2459 2441
f 2441 2459 2442
f 2459 2460 2442
f 2442 2460 2443
f 2460 2461 2443
f 2443 2461 2444
f 2461 2462 2444
f 2444 2462 2445
f 2462 2463 2445
f 2445 2463 2446
f 2463 2464 2446
f 1648 1646 2447
f 1646 2465 2447
f 2447 2465 2448
f 2465 2466 2448
f 2448 2466 2449
f 2466 2467 2449
f 2449 2467 2450
f 2467 2468 2450
f 2450 2468 2451
f 2468 2469 2451
f 2451 2469 2452
f 2469 2470 2452
f 2452 2470 2453
f 2470 2471 2453
f 2453 2471 2454
f 2471 2472 2454
f 2454 2472 2455
f 2472 2473 2455
f 2455 2473 2456
f 2473 2474 2456
f 2456 2474 2457
f 2474 2475 2457
f 2457 2475 2458
f 2475 2476 2458
f 2458 2476 2459
f 2476 2477 2459
f 2459 2477 2460
f 2477 2478 2460
f 2460 2478 2461
f 2478 2479 2461
f 2461 2479 2462
f 2479 2480 2462
f 2462 2480 2463
f 2480 2481 2463
f 2463 2481 2464
f 2481 2482 2464
f 1646 1644 2465
f 1644 2483 2465
f 2465 2483 2466
f 2483 2484 2466
f 2466 2484 2467
f 2484 2485 2467
f 2467 2485 2468
f 2485 2486 2468
f 2468 2486 2469
f 2486 2487 2469
f 2469 2487 2470
f 2487 2488 2470
f 2470 2488 2471
f 2488 2489 2471
f 2471 2489 2472
f 2489 2490 2472
f 2472 2490 2473
f 2490 2491 2473
f 2473 2491 2474
f 2491 2492 2474
f 2474 2492 2475
f 2492 2493 2475
f 2475 2493 2476
f 2493 2494 2476
f 2476 2494 2477
f 2494 2495 2477
f 2477 2495 2478
f 2495 2496 2478
f 2478 2496 2479
f 2496 2497 2479
f 2479 2497 2480
f 2497 2498 2480
f 2480 2498 2481
f 2498 2499 2481
f 2481 2499 2482
f 2499 2500 2482
f 1644 1642 2483
f 1642 2501 2483
f 2483 2501 2484
f 2501 2502 2484
f 2484 2502 2485
f 2502 2503 2485
f 2485 2503 2486
f 2503 2504 2486
f 2486 2504 2487
f 2504 2505 2487
f 2487 2505 2488
f 2505 2506 2488
f 2488 2506 2489
f 2506 2507 2489
f 2489 2507 2490
f 2507 2508 2490
f 2490 2508 2491
f 2508 2509 2491
f 2491 2509 2492
f 2509 2510 2492
f 2492 2510 2493
f 2510 2511 2493
f 2493 2511 2494
f 2511 2512 2494
f 2494 2512 2495
f 2512 2513 2495
f 2495 2513 2496
f 2513 2514 2496
f 2496 2514 2497
f 2514 2515 2497
f 2497 2515 2498
f 2515 2516 2498
f 2498 2516 2499
f 2516 2517 2499
f 2499 2517 2500
f 2517 2518 2500
f 1642 1640 2501
f 1640 2519 2501
f 2501 2519 2502
f 2519 2520 2502
f 2502 2520 2503
f 2520 2521 2503
f 2503 2521 2504
f 2521 2522 2504
f 2504 2522 2505
f 2522 2523 2505
f 2505 2523 2506
f 2523 2524 2506
f 2506 2524 2507
f 2524 2525 2507
f 2507 2525 2508
f 2525 2526 2508
f 2508 2526 2509
f 2526 2527 2509
f 2509 2527 2510
f 2527 2528 2510
f 2510 2528 2511
f 2528 2529 2511
f 2511 2529 2512
f 2529 2530 2512
f 2512 2530 2513
f 2530 2531 2513
f 2513 2531 2514
f 2531 2532 2514
f 2514 2532 2515
f 2532 2533 2515
f 2515 2533 2516
f 2533 2534 2516
f 2516 2534 2517
f 2534 2535 2517
f 2517 2535 2518
f 2535 2536 2518
f 1640 1638 2519
f 1638 2537 2519
f 2519 2537 2520
f 2537 2538 2520
f 2520 2538 2521
f 2538 2539 2521
f 2521 2539 2522
f 2539 2540 2522
f 2522 2540 2523
f 2540 2541 2523
f 2523 2541 2524
f 2541 2542 2524
f 2524 2542 2525
f 2542 2543 2525
f 2525 2543 2526
f 2543 2544 2526
f 2526 2544 2527
f 2544 2545 2527
f 2527 2545 2528
f 2545 2546 2528
f 2528 2546 2529
f 2546 2547 2529
f 2529 2547 2530
f 2547 2548 2530
f 2530 2548 2531
f 2548 2549 2531
f 2531 2549 2532
f 2549 2550 2532
f 2532 2550 2533
f 2550 2551 2533
f 2533 2551 2534
f 2551 2552 2534
f 2534 2552 2535
f 2552 2553 2535
f 2535 2553 2536
f 2553 2554 2536
f 1638 1636 2537
f 1636 2555 2537
f 2537 2555 2538
f 2555 2556 2538
f 2538 2556 2539
f 2556 2557 2539
f 2539 2557 2540
f 2557 2558 2540
f 2540 2558 2541
f 2558 2559 2541
f 2541 2559 2542
f 2559 2560 2542
f 2542 2560 2543
f 2560 2561 2543
f 2543 2561 2544
f 2561 2562 2544
f 2544 2562 2545
f 2562 2563 2545
f 2545 2563 2546
f 2563 2564 2546
f 2546 2564 2547
f 2564 2565 2547
f 2547 2565 2548
f 2565 2566 2548
f 2548 2566 2549
f 2566 2567 2549
f 2549 2567 2550
f 2567 2568 2550
f 2550 2568 2551
f 2568 2569 2551
f 2551 2569 2552
f 2569 2570 2552
f 2552 2570 2553
f 2570 2571 2553
f 2553 2571 2554
f 2571 2572 2554
f 1636 1634 2555
f 1634 2573 2555
f 2555 2573 2556
f 2573 2574 2556
f 2556 2574 2557
f 2574 2575 2557
f 2557 2575 2558
f 2575 2576 2558
f 2558 2576 2559
f 2576 2577 2559
f 2559 2577 2560
f 2577 2578 2560
f 2560 2578 2561
f 2578 2579 2561
f 2561 2579 2562
f 2579 2580 2562
f 2562 2580 2563
f 2580 2581 2563
f 2563 2581 2564
f 2581 2582 2564
f 2564 2582 2565
f 2582 2583 2565
f 2565 2583 2566
f 2583 2584 2566
f 2566 2584 2567
f 2584 2585 2567
f 2567 2585 2568
f 2585 2586 2568
f 2568 2586 2569
f 2586 2587 2569
f 2569 2587 2570
f 2587 2588 2570
f 2570 2588 2571
f 2588 2589 2571
f 2571 2589 2572
f 2589 2590 2572
f 1634 1632 2573
f 1632 2591 2573
f 2573 2591 2574
f 2591 2592 2574
f 2574 2592 2575
f 2592 2593 2575
f 2575 2593 2576
f 2593 2594 2576
f 2576 2594 2577
f 2594 2595 2577
f 2577 2595 2578
f 2595 2596 2578
f 2578 2596 2579
f 2596 2597 2579
f 2579 2597 2580
f 2597 2598 2580
f 2580 2598 2581
f 2598 2599 2581
f 2581 2599 2582
f 2599 2600 2582
f 2582 2600 2583
f 2600 2601 2583
f 2583 2601 2584
f 2601 2602 2584
f 2584 2602 2585
f 2602 2603 2585
f 2585 2603 2586
f 2603 2604 2586
f 2586 2604 2587
f 2604 2605 2587
f 2587 2605 2588
f 2605 2606 2588
f 2588 2606 2589
f 2606 2607 2589
f 2589 2607 2590
f 2607 2608 2590
f 1632 1630 2591
f 1630 1938 2591
f 2591 1938 2592
f 1938 1940 2592
f 2592 1940 2593
f 1940 1942 2593
f 2593 1942 2594
f 1942 1944 2594
f 2594 1944 2595
f 1944 1946 2595
f 2595 1946 2596
f 1946 1948 2596
f 2596 1948 2597
f 1948 1950 2597
f 2597 1950 2598
f 1950 1952 2598
f 2598 1952 2599
f 1952 1954 2599
f 2599 1954 2600
f 1954 1956 2600
f 2600 1956 2601
f 1956 1958 2601
f 2601 1958 2602
f 1958 1960 2602
f 2602 1960 2603
f 1960 1962 2603
f 2603 1962 2604
f 1962 1964 2604
f 2604 1964 2605
f 1964 1966 2605
f 2605 1966 2606
f 1966 1753 2606
f 2606 1753 2607
f 1753 1749 2607
f 2607 1749 2608
f 1749 1748 2608
f 1618 1616 2036
f 1616 2609 2036
f 2036 2609 2037
f 2609 2610 2037
f 2037 2610 2038
f 2610 2611 2038
f 2038 2611 2039
f 2611 2612 2039
f 2039 2612 2040
f 2612 2613 2040
f 2040 2613 2041
f 2613 2614 2041
f 2041 2614 2042
f 2614 2615 2042
f 2042 2615 2043
f 2615 2616 2043
f 2043 2616 2044
f 2616 2617 2044
f 2044 2617 2045
f 2617 2618 2045
f 2045 2618 2046
f 2618 2619 2046
f 2046 2619 2047
f 2619 2620 2047
f 2047 2620 2048
f 2620 2621 2048
f 2048 2621 2049
f 2621 2622 2049
f 2049 2622 2050
f 2622 2623 2050
f 2050 2623 1755
f 2623 2624 1755
f 1755 2624 1756
f 2624 2625 1756
f 1756 2625 1759
f 2625 2626 1759
f 1616 1614 2609
f 1614 2627 2609
f 2609 2627 2610
f 2627 2628 2610
f 2610 2628 2611
f 2628 2629 2611
f 2611 2629 2612
f 2629 2630 2612
f 2612 2630 2613
f 2630 2631 2613
f 2613 2631 2614
f 2631 2632 2614
f 2614 2632 2615
f 2632 2633 2615
f 2615 2633 2616
f 2633 2634 2616
f 2616 2634 2617
f 2634 2635 2617
f 2617 2635 2618
f 2635 2636 2618
f 2618 2636 2619
f 2636 2637 2619
f 2619 2637 2620
f 2637 2638 2620
f 2620 2638 2621
f 2638 2639 2621
f 2621 2639 2622
f 2639 2640 2622
f 2622 2640 2623
f 2640 2641 2623
f 2623 2641 2624
f 2641 2642 2624
f 2624 2642 2625
f 2642 2643 2625
f 2625 2643 2626
f 2643 2644 2626
f 1614 1612 2627
f 1612 2645 2627
f 2627 2645 2628
f 2645 2646 2628
f 2628 2646 2629
f 2646 2647 2629
f 2629 2647 2630
f 2647 2648 2630
f 2630 2648 2631
f 2648 2649 2631
f 2631 2649 2632
f 2649 2650 2632
f 2632 2650 2633
f 2650 2651 2633
f 2633 2651 2634
f 2651 2652 2634
f 2634 2652 2635
f 2652 2653 2635
f 2635 2653 2636
f 2653 2654 2636
f 2636 2654 2637
f 2654 2655 2637
f 2637 2655 2638
f 2655 2656 2638
f 2638 2656 2639
f 2656 2657 2639
f 2639 2657 2640
f 2657 2658 2640
f 2640 2658 2641
f 2658 2659 2641
f 2641 2659 2642
f 2659 2660 2642
f 2642 2660 2643
f 2660 2661 2643
f 2643 2661 2644
f 2661 2662 2644
f 1612 1610 2645
f 1610 2663 2645
f 2645 2663 2646
f 2663 2664 2646
f 2646 2664 2647
f 2664 2665 2647
f 2647 2665 2648
f 2665 2666 2648
f 2648 2666 2649
f 2666 2667 2649
f 2649 2667 2650
f 2667 2668 2650
f 2650 2668 2651
f 2668 2669 2651
f 2651 2669 2652
f 2669 2670 2652
f 2652 2670 2653
f 2670 2671 2653
f 2653 2671 2654
f 2671 2672 2654
f 2654 2672 2655
f 2672 2673 2655
f 2655 2673 2656
f 2673 2674 2656
f 2656 2674 2657
f 2674 2675 2657
f 2657 2675 2658
f 2675 2676 2658
f 2658 2676 2659
f 2676 2677 2659
f 2659 2677 2660
f 2677 2678 2660
f 2660 2678 2661
f 2678 2679 2661
f 2661 2679 2662
f 2679 2680 2662
f 1610 1608 2663
f 1608 2681 2663
f 2663 2681 2664
f 2681 2682 2664
f 2664 2682 2665
f 2682 2683 2665
f 2665 2683 2666
f 2683 2684 2666
f 2666 2684 2667
f 2684 2685 2667
f 2667 2685 2668
f 2685 2686 2668
f 2668 2686 2669
f 2686 2687 2669
f 2669 2687 2670
f 2687 2688 2670
f 2670 2688 2671
f 2688 2689 2671
f 2671 2689 2672
f 2689 2690 2672
f 2672 2690 2673
f 2690 2691 2673
f 2673 2691 2674
f 2691 2692 2674
f 2674 2692 2675
f 2692 2693 2675
f 2675 2693 2676
f 2693 2694 2676
f 2676 2694 2677
f 2694 2695 2677
f 2677 2695 2678
f 2695 2696 2678
f 2678 2696 2679
f 2696 2697 2679
f 2679 2697 2680
f 2697 2698 2680
f 1608 1606 2681
f 1606 2699 2681
f 2681 2699 2682
f 2699 2700 2682
f 2682 2700 2683
f 2700 2701 2683
f 2683 2701 2684
f 2701 2702 2684
f 2684 2702 2685
f 2702 2703 2685
f 2685 2703 2686
f 2703 2704 2686
f 2686 2704 2687
f 2704 2705 2687
f 2687 2705 2688
f 2705 2706 2688
f 2688 2706 2689
f 2706 2707 2689
f 2689 2707 2690
f 2707 2708 2690
f 2690 2708 2691
f 2708 2709 2691
f 2691 2709 2692
f 2709 2710 2692
f 2692 2710 2693
f 2710 2711 2693
f 2693 2711 2694
f 2711 2712 2694
f 2694 2712 2695
f 2712 2713 2695
f 2695 2713 2696
f 2713 2714 2696
f 2696 2714 2697
f 2714 2715 2697
f 2697 2715 2698
f 2715 2716 2698
f 1606 1604 2699
f 1604 2717 2699
f 2699 2717 2700
f 2717 2718 2700
f 2700 2718 2701
f 2718 2719 2701
f 2701 2719 2702
f 2719 2720 2702
f 2702 2720 2703
f 2720 2721 2703
f 2703 2721 2704
f 2721 2722 2704
f 2704 2722 2705
f 2722 2723 2705
f 2705 2723 2706
f 2723 2724 2706
f 2706 2724 2707
f 2724 2725 2707
f 2707 2725 2708
f 2725 2726 2708
f 2708 2726 2709
f 2726 2727 2709
f 2709 2727 2710
f 2727 2728 2710
f 2710 2728 2711
f 2728 2729 2711
f 2711 2729 2712
f 2729 2730 2712
f 2712 2730 2713
f 2730 2731 2713
f 2713 2731 2714
f 2731 2732 2714
f 2714 2732 2715
f 2732 2733 2715
f 2715 2733 2716
f 2733 2734 2716
f 1604 1602 2717
f 1602 2735 2717
f 2717 2735 2718
f 2735 2736 2718
f 2718 2736 2719
f 2736 2737 2719
f 2719 2737 2720
f 2737 2738 2720
f 2720 2738 2721
f 2738 2739 2721
f 2721 2739 2722
f 2739 2740 2722
f 2722 2740 2723
f 2740 2741 2723
f 2723 2741 2724
f 2741 2742 2724
f 2724 2742 2725
f 2742 2743 2725
f 2725 2743 2726
f 2743 2744 2726
f 2726 2744 2727
f 2744 2745 2727
f 2727 2745 2728
f 2745 2746 2728
f 2728 2746 2729
f 2746 2747 2729
f 2729 2747 2730
f 2747 2748 2730
f 2730 2748 2731
f 2748 2749 2731
f 2731 2749 2732
f 2749 2750 2732
f 2732 2750 2733
f 2750 2751 2733
f 2733 2751 2734
f 2751 2752 2734
f 1602 1600 2735
f 1600 2753 2735
f 2735 2753 2736
f 2753 2754 2736
f 2736 2754 2737
f 2754 2755 2737
f 2737 2755 2738
f 2755 2756 2738
f 2738 2756 2739
f 2756 2757 2739
f 2739 2757 2740
f 2757 2758 2740
f 2740 2758 2741
f 2758 2759 2741
f 2741 2759 2742
f 2759 2760 2742
f 2742 2760 2743
f 2760 2761 2743
f 2743 2761 2744
f 2761 2762 2744
f 2744 2762 2745
f 2762 2763 2745
f 2745 2763 2746
f 2763 2764 2746
f 2746 2764 2747
f 2764 2765 2747
f 2747 2765 2748
f 2765 2766 2748
f 2748 2766 2749
f 2766 2767 2749
f 2749 2767 2750
f 2767 2768 2750
f 2750 2768 2751
f 2768 2769 2751
f 2751 2769 2752
f 2769 2770 2752
f 1600 1598 2753
f 1598 2771 2753
f 2753 2771 2754
f 2771 2772 2754
f 2754 2772 2755
f 2772 2773 2755
f 2755 2773 2756
f 2773 2774 2756
f 2756 2774 2757
f 2774 2775 2757
f 2757 2775 2758
f 2775 2776 2758
f 2758 2776 2759
f 2776 2777 2759
f 2759 2777 2760
f 2777 2778 2760
f 2760 2778 2761
f 2778 2779 2761
f 2761 2779 2762
f 2779 2780 2762
f 2762 2780 2763
f 2780 2781 2763
f 2763 2781 2764
f 2781 2782 2764
f 2764 2782 2765
f 2782 2783 2765
f 2765 2783 2766
f 2783 2784 2766
f 2766 2784 2767
f 2784 2785 2767
f 2767 2785 2768
f 2785 2786 2768
f 2768 2786 2769
f 2786 2787 2769
f 2769 2787 2770
f 2787 2788 2770
f 1598 1596 2771
f 1596 2789 2771
f 2771 2789 2772
f 2789 2790 2772
f 2772 2790 2773
f 2790 2791 2773
f 2773 2791 2774
f 2791 2792 2774
f 2774 2792 2775
f 2792 2793 2775
f 2775 2793 2776
f 2793 2794 2776
f 2776 2794 2777
f 2794 2795 2777
f 2777 2795 2778
f 2795 2796 2778
f 2778 2796 2779
f 2796 2797 2779
f 2779 2797 2780
f 2797 2798 2780
f 2780 2798 2781
f 2798 2799 2781
f 2781 2799 2782
f 2799 2800 2782
f 2782 2800 2783
f 2800 2801 2783
f 2783 2801 2784
f 2801 2802 2784
f 2784 2802 2785
f 2802 2803 2785
f 2785 2803 2786
f 2803 2804 2786
f 2786 2804 2787
f 2804 2805 2787
f 2787 2805 2788
f 2805 2806 2788
f 1596 1594 2789
f 1594 2051 2789
f 2789 2051 2790
f 2051 2053 2790
f 2790 2053 2791
f 2053 2055 2791
f 2791 2055 2792
f 2055 2057 2792
f 2792 2057 2793
f 2057 2059 2793
f 2793 2059 2794
f 2059 2061 2794
f 2794 2061 2795
f 2061 2063 2795
f 2795 2063 2796
f 2063 2065 2796
f 2796 2065 2797
f 2065 2067 2797
f 2797 2067 2798
f 2067 2069 2798
f 2798 2069 2799
f 2069 2071 2799
f 2799 2071 2800
f 2071 2073 2800
f 2800 2073 2801
f 2073 2075 2801
f 2801 2075 2802
f 2075 2077 2802
f 2802 2077 2803
f 2077 2079 2803
f 2803 2079 2804
f 2079 1713 2804
f 2804 1713 2805
f 1713 1712 2805
f 2805 1712 2806
f 1712 1710 2806
f 1582 1580 2149
f 1580 2807 2149
f 2149 2807 2150
f 2807 2808 2150
f 2150 2808 2151
f 2808 2809 2151
f 2151 2809 2152
f 2809 2810 2152
f 2152 2810 2153
f 2810 2811 2153
f 2153 2811 2154
f 2811 2812 2154
f 2154 2812 2155
f 2812 2813 2155
f 2155 2813 2156
f 2813 2814 2156
f 2156 2814 2157
f 2814 2815 2157
f 2157 2815 2158
f 2815 2816 2158
f 2158 2816 2159
f 2816 2817 2159
f 2159 2817 2160
f 2817 2818 2160
f 2160 2818 2161
f 2818 2819 2161
f 2161 2819 2162
f 2819 2820 2162
f 2162 2820 2163
f 2820 2821 2163
f 2163 2821 1716
f 2821 2822 1716
f 1716 2822 1717
f 2822 2823 1717
f 1717 2823 1720
f 2823 2824 1720
f 1580 1578 2807
f 1578 2825 2807
f 2807 2825 2808
f 2825 2826 2808
f 2808 2826 2809
f 2826 2827 2809
f 2809 2827 2810
f 2827 2828 2810
f 2810 2828 2811
f 2828 2829 2811
f 2811 2829 2812
f 2829 2830 2812
f 2812 2830 2813
f 2830 2831 2813
f 2813 2831 2814
f 2831 2832 2814
f 2814 2832 2815
f 2832 2833 2815
f 2815 2833 2816
f 2833 2834 2816
f 2816 2834 2817
f 2834 2835 2817
f 2817 2835 2818
f 2835 2836 2818
f 2818 2836 2819
f 2836 2837 2819
f 2819 2837 2820
f 2837 2838 2820
f 2820 2838 2821
f 2838 2839 2821
f 2821 2839 2822
f 2839 2840 2822
f 2822 2840 2823
f 2840 2841 2823
f 2823 2841 2824
f 2841 2842 2824
f 1578 1576 2825
f 1576 2843 2825
f 2825 2843 2826
f 2843 2844 2826
f 2826 2844 2827
f 2844 2845 2827
f 2827 2845 2828
f 2845 2846 2828
f 2828 2846 2829
f 2846 2847 2829
f 2829 2847 2830
f 2847 2848 2830
f 2830 2848 2831
f 2848 2849 2831
f 2831 2849 2832
f 2849 2850 2832
f 2832 2850 2833
f 2850 2851 2833
f 2833 2851 2834
f 2851 2852 2834
f 2834 2852 2835
f 2852 2853 2835
f 2835 2853 2836
f 2853 2854 2836
f 2836 2854 2837
f 2854 2855 2837
f 2837 2855 2838
f 2855 2856 2838
f 2838 2856 2839
f 2856 2857 2839
f 2839 2857 2840
f 2857 2858 2840
f 2840 2858 2841
f 2858 2859 2841
f 2841 2859 2842
f 2859 2860 2842
f 1576 1574 2843
f 1574 2861 2843
f 2843 2861 2844
f 2861 2862 2844
f 2844 2862 2845
f 2862 2863 2845
f 2845 2863 2846
f 2863 2864 2846
f 2846 2864 2847
f 2864 2865 2847
f 2847 2865 2848
f 2865 2866 2848
f 2848 2866 2849
f 2866 2867 2849
f 2849 2867 2850
f 2867 2868 2850
f 2850 2868 2851
f 2868 2869 2851
f 2851 2869 2852
f 2869 2870 2852
f 2852 2870 2853
f 2870 2871 2853
f 2853 2871 2854
f 2871 2872 2854
f 2854 2872 2855
f 2872 2873 2855
f 2855 2873 2856
f 2873 2874 2856
f 2856 2874 2857
f 2874 2875 2857
f 2857 2875 2858
f 2875 2876 2858
f 2858 2876 2859
f 2876 2877 2859
f 2859 2877 2860
f 2877 2878 2860
f 1574 1572 2861
f 1572 2879 2861
f 2861 2879 2862
f 2879 2880 2862
f 2862 2880 2863
f 2880 2881 2863
f 2863 2881 2864
f 2881 2882 2864
f 2864 2882 2865
f 2882 2883 2865
f 2865 2883 2866
f 2883 2884 2866
f 2866 2884 2867
f 2884 2885 2867
f 2867 2885 2868
f 2885 2886 2868
f 2868 2886 2869
f 2886 2887 2869
f 2869 2887 2870
f 2887 2888 2870
f 2870 2888 2871
f 2888 2889 2871
f 2871 2889 2872
f 2889 2890 2872
f 2872 2890 2873
f 2890 2891 2873
f 2873 2891 2874
f 2891 2892 2874
f 2874 2892 2875
f 2892 2893 2875
f 2875 2893 2876
f 2893 2894 2876
f 2876 2894 2877
f 2894 2895 2877
f 2877 2895 2878
f 2895 2896 2878
f 1572 1570 2879
f 1570 2897 2879
f 2879 2897 2880
f 2897 2898 2880
f 2880 2898 2881
f 2898 2899 2881
f 2881 2899 2882
f 2899 2900 2882
f 2882 2900 2883
f 2900 2901 2883
f 2883 2901 2884
f 2901 2902 2884
f 2884 2902 2885
f 2902 2903 2885
f 2885 2903 2886
f 2903 2904 2886
f 2886 2904 2887
f 2904 2905 2887
f 2887 2905 2888
f 2905 2906 2888
f 2888 2906 2889
f 2906 2907 2889
f 2889 2907 2890
f 2907 2908 2890
f 2890 2908 2891
f 2908 2909 2891
f 2891 2909 2892
f 2909 2910 2892
f 2892 2910 2893
f 2910 2911 2893
f 2893 2911 2894
f 2911 2912 2894
f 2894 2912 2895
f 2912 2913 2895
f 2895 2913 2896
f 2913 2914 2896
f 1570 1568 2897
f 1568 2915 2897
f 2897 2915 2898
f 2915 2916 2898
f 2898 2916 2899
f 2916 2917 2899
f 2899 2917 2900
f 2917 2918 2900
f 2900 2918 2901
f 2918 2919 2901
f 2901 2919 2902
f 2919 2920 2902
f 2902 2920 2903
f 2920 2921 2903
f 2903 2921 2904
f 2921 2922 2904
f 2904 2922 2905
f 2922 2923 2905
f 2905 2923 2906
f 2923 2924 2906
f 2906 2924 2907
f 2924 2925 2907
f 2907 2925 2908
f 2925 2926 2908
f 2908 2926 2909
f 2926 2927 2909
f 2909 2927 2910
f 2927 2928 2910
f 2910 2928 2911
f 2928 2929 2911
f 2911 2929 2912
f 2929 2930 2912
f 2912 2930 2913
f 2930 2931 2913
f 2913 2931 2914
f 2931 2932 2914
f 1568 1566 2915
f 1566 2933 2915
f 2915 2933 2916
f 2933 2934 2916
f 2916 2934 2917
f 2934 2935 2917
f 2917 2935 2918
f 2935 2936 2918
f 2918 2936 2919
f 2936 2937 2919
f 2919 2937 2920
f 2937 2938 2920
f 2920 2938 2921
f 2938 2939 2921
f 2921 2939 2922
f 2939 2940 2922
f 2922 2940 2923
f 2940 2941 2923
f 2923 2941 2924
f 2941 2942 2924
f 2924 2942 2925
f 2942 2943 2925
f 2925 2943 2926
f 2943 2944 2926
f 2926 2944 2927
f 2944 2945 2927
f 2927 2945 2928
f 2945 2946 2928
f 2928 2946 2929
f 2946 2947 2929
f 2929 2947 2930
f 2947 2948 2930
f 2930 2948 2931
f 2948 2949 2931
f 2931 2949 2932
f 2949 2950 2932
f 1566 1564 2933
f 1564 2951 2933
f 2933 2951 2934
f 2951 2952 2934
f 2934 2952 2935
f 2952 2953 2935
f 2935 2953 2936
f 2953 2954 2936
f 2936 2954 2937
f 2954 2955 2937
f 2937 2955 2938
f 2955 2956 2938
f 2938 2956 2939
f 2956 2957 2939
f 2939 2957 2940
f 2957 2958 2940
f 2940 2958 2941
f 2958 2959 2941
f 2941 2959 2942
f 2959 2960 2942
f 2942 2960 2943
f 2960 2961 2943
f 2943 2961 2944
f 2961 2962 2944
f 2944 2962 2945
f 2962 2963 2945
f 2945 2963 2946
f 2963 2964 2946
f 2946 2964 2947
f 2964 2965 2947
f 2947 2965 2948
f 2965 2966 2948
f 2948 2966 2949
f 2966 2967 2949
f 2949 2967 2950
f 2967 2968 2950
f 1564 1562 2951
f 1562 2969 2951
f 2951 2969 2952
f 2969 2970 2952
f 2952 2970 2953
f 2970 2971 2953
f 2953 2971 2954
f 2971 2972 2954
f 2954 2972 2955
f 2972 2973 2955
f 2955 2973 2956
f 2973 2974 2956
f 2956 2974 2957
f 2974 2975 2957
f 2957 2975 2958
f 2975 2976 2958
f 2958 2976 2959
f 2976 2977 2959
f 2959 2977 2960
f 2977 2978 2960
f 2960 2978 2961
f 2978 2979 2961
f 2961 2979 2962
f 2979 2980 2962
f 2962 2980 2963
f 2980 2981 2963
f 2963 2981 2964
f 2981 2982 2964
f 2964 2982 2965
f 2982 2983 2965
f 2965 2983 2966
f 2983 2984 2966
f 2966 2984 2967
f 2984 2985 2967
f 2967 2985 2968
f 2985 2986 2968
f 1562 1560 2969
f 1560 2987 2969
f 2969 2987 2970
f 2987 2988 2970
f 2970 2988 2971
f 2988 2989 2971
f 2971 2989 2972
f 2989 2990 2972
f 2972 2990 2973
f 2990 2991 2973
f 2973 2991 2974
f 2991 2992 2974
f 2974 2992 2975
f 2992 2993 2975
f 2975 2993 2976
f 2993 2994 2976
f 2976 2994 2977
f 2994 2995 2977
f 2977 2995 2978
f 2995 2996 2978
f 2978 2996 2979
f 2996 2997 2979
f 2979 2997 2980
f 2997 2998 2980
f 2980 2998 2981
f 2998 2999 2981
f 2981 2999 2982
f 2999 3000 2982
f 2982 3000 2983
f 3000 3001 2983
f 2983 3001 2984
f 3001 3002 2984
f 2984 3002 2985
f 3002 3003 2985
f 2985 3003 2986
f 3003 3004 2986
f 1560 1558 2987
f 1558 2164 2987
f 2987 2164 2988
f 2164 2166 2988
f 2988 2166 2989
f 2166 2168 2989
f 2989 2168 2990
f 2168 2170 2990
f 2990 2170 2991
f 2170 2172 2991
f 2991 2172 2992
f 2172 2174 2992
f 2992 2174 2993
f 2174 2176 2993
f 2993 2176 2994
f 2176 2178 2994
f 2994 2178 2995
f 2178 2180 2995
f 2995 2180 2996
f 2180 2182 2996
f 2996 2182 2997
f 2182 2184 2997
f 2997 2184 2998
f 2184 2186 2998
f 2998 2186 2999
f 2186 2188 2999
f 2999 2188 3000
f 2188 2190 3000
f 3000 2190 3001
f 2190 2192 3001
f 3001 2192 3002
f 2192 1726 3002
f 3002 1726 3003
f 1726 1725 3003
f 3003 1725 3004
f 1725 1723 3004
f 1723 1722 3005
f 1721 1720 3005
f 1720 2824 3005
f 2824 2842 3005
f 2842 2860 3005
f 3005 2860 2878
f 2968 3005 2950
f 3005 2932 2950
f 2968 2986 3005
f 2986 3004 3005
f 3005 3004 1723
f 2878 2896 3005
f 2896 2914 3005
f 3005 2914 2932
f 1707 1706 3006
f 1707 3006 2133
f 1714 2082 3007
f 2082 2099 3007
f 3007 2099 3006
f 2099 2116 3006
f 3006 2116 2133
f 1741 1856 3008
f 1856 1873 3008
f 1873 1890 3008
f 1890 1907 3008
f 3008 1907 3009
f 1907 1701 3009
f 3009 1701 1700
f 1698 1697 3010
f 1698 3010 2020
f 1754 1969 3011
f 1969 1986 3011
f 3011 1986 3010
f 1986 2003 3010
f 3010 2003 2020
f 1704 1703 3012
f 1704 3012 1794
f 1727 2195 3013
f 2195 2212 3013
f 3013 2212 3012
f 2212 1793 3012
f 3012 1793 1794
f 3006 1706 1718
f 1718 1719 3006
f 1719 1721 3006
f 3006 1721 3014
f 1721 3005 3014
f 3014 3005 3015
f 1709 3007 3016
f 3007 3017 3016
f 3016 3017 3018
f 1709 1711 3007
f 1711 1715 3007
f 3007 1715 1714
f 1737 1738 3008
f 1738 1739 3008
f 3008 1739 1741
f 1737 3008 3019
f 3008 3020 3019
f 3019 3020 3021
f 3009 1700 1744
f 1744 1745 3009
f 1745 1747 3009
f 3009 1747 3022
f 1747 3023 3022
f 3022 3023 3024
f 1750 1751 3011
f 1751 1752 3011
f 3011 1752 1754
f 1750 3011 3023
f 3011 3025 3023
f 3023 3025 3024
f 3012 1703 1731
f 1731 1732 3012
f 1732 1734 3012
f 3012 1734 3026
f 1734 3019 3026
f 3026 3019 3021
f 1722 3013 3005
f 3013 3027 3005
f 3005 3027 3015
f 1722 1724 3013
f 1724 1728 3013
f 3013 1728 1727
f 3010 1697 1757
f 1757 1758 3010
f 1758 1760 3010
f 3010 1760 3028
f 1760 3016 3028
f 3028 3016 3018
f 3017 3014 3018
f 3014 3015 3018
f 3020 3022 3021
f 3022 3024 3021
f 3025 3028 3024
f 3028 3018 3024
f 3024 3018 3021
f 3018 3015 3021
f 3021 3015 3026
f 3015 3027 3026
f 3027 3013 3026
f 3013 3012 3026
f 3017 3007 3014
f 3007 3006 3014
f 3009 3022 3008
f 3022 3020 3008
f 3010 3028 3011
f 3028 3025 3011
f 1044 3029 3030
f 3029 1044 1010
f 3031 1037 3030
f 1037 1045 3030
f 3030 1045 1044
f 3032 1054 3031
f 1054 1038 3031
f 3031 1038 1037
f 1065 1064 3033
f 1064 1056 3033
f 3033 1056 3032
f 1056 1055 3032
f 3032 1055 1054
f 1019 1059 3034
f 1059 1058 3034
f 3034 1058 3033
f 1058 1057 3033
f 3033 1057 1065
f 998 1001 3035
f 1001 1012 3035
f 3035 1012 3034
f 1012 1011 3034
f 3034 1011 1019
f 1003 1002 3035
f 1002 999 3035
f 3035 999 998
f 1016 1015 3036
f 1015 1014 3036
f 3036 1014 3035
f 1014 1004 3035
f 3035 1004 1003
f 3037 3038 1115
f 1115 1030 3037
f 1030 1029 3037
f 3037 1029 3036
f 1029 1028 3036
f 3036 1028 1016
f 3039 1107 3040
f 1107 1106 3040
f 1106 1113 3040
f 1113 1117 3040
f 3040 1117 3038
f 1117 1116 3038
f 3038 1116 1115
f 3041 3042 1103
f 1103 1105 3041
f 1105 1110 3041
f 3041 1110 3039
f 1110 1109 3039
f 3039 1109 1107
f 3043 3044 1097
f 1097 1099 3043
f 1099 1100 3043
f 3043 1100 3042
f 1100 1102 3042
f 3042 1102 1103
f 3045 1088 3046
f 1088 1090 3046
f 3046 1090 1091
f 1091 1093 3046
f 1093 1094 3046
f 3046 1094 3044
f 1094 1096 3044
f 3044 1096 1097
f 3047 3048 1082
f 1082 1084 3047
f 1084 1085 3047
f 3047 1085 3045
f 1085 1087 3045
f 3045 1087 1088
f 1075 1076 3049
f 3049 1076 3050
f 1076 1078 3050
f 1078 1079 3050
f 3050 1079 3048
f 1079 1081 3048
f 3048 1081 1082
f 3051 1072 3049
f 1072 1073 3049
f 3049 1073 1075
f 3052 1069 3051
f 1069 1070 3051
f 3051 1070 1072
f 3053 3054 3055
f 3054 3056 3055
f 3056 1066 3055
f 3055 1066 3052
f 1066 1067 3052
f 3052 1067 1069
f 3057 3058 3055
f 3058 3059 3055
f 3055 3059 3053
f 3060 3061 3062
f 3061 3063 3062
f 3062 3063 3055
f 3063 3064 3055
f 3055 3064 3057
f 3065 3066 3067
f 3066 3068 3067
f 3067 3068 3062
f 3068 3069 3062
f 3062 3069 3060
f 3070 3071 3072
f 3071 3073 3072
f 3072 3073 3067
f 3073 3074 3067
f 3067 3074 3065
f 1031 3075 3076
f 3075 1031 1018
f 3077 1033 3076
f 1033 1032 3076
f 3076 1032 1031
f 3078 1035 3077
f 1035 1034 3077
f 3077 1034 1033
f 1051 1063 3079
f 1063 1062 3079
f 3079 1062 3078
f 1062 1036 3078
f 3078 1036 1035
f 1023 1022 3080
f 1022 1053 3080
f 3080 1053 3079
f 1053 1052 3079
f 3079 1052 1051
f 1020 1006 3081
f 1006 1005 3081
f 3081 1005 3080
f 1005 1024 3080
f 3080 1024 1023
f 1043 1013 3081
f 1013 1021 3081
f 3081 1021 1020
f 1047 1046 3082
f 1046 1026 3082
f 3082 1026 3081
f 1026 1025 3081
f 3081 1025 1043
f 3083 1041 3084
f 1041 1040 3084
f 3084 1040 1039
f 1039 1061 3084
f 1061 1060 3084
f 3084 1060 3082
f 1060 1048 3082
f 3082 1048 1047
f 1027 1050 3085
f 1050 1049 3085
f 3085 1049 3083
f 1049 1042 3083
f 3083 1042 1041
f 1009 1008 3086
f 1008 1027 3086
f 3086 1027 3087
f 1027 3085 3087
f 3088 3089 3090
f 3089 3091 3090
f 3090 3091 3092
f 3091 3093 3092
f 3092 3093 3094
f 3093 3095 3094
f 3094 3095 3096
f 3095 3097 3096
f 3096 3097 3098
f 3097 3099 3098
f 3098 3099 3100
f 3099 3101 3100
f 3100 3101 3102
f 3101 3103 3102
f 3102 3103 3104
f 3103 3105 3104
f 3104 3105 3106
f 3105 3107 3106
f 3106 3107 3108
f 3107 3109 3108
f 3108 3109 3110
f 3109 3111 3110
f 3110 3111 3112
f 3111 3113 3112
f 3112 3113 3114
f 3113 3115 3114
f 3114 3115 3116
f 3115 3117 3116
f 3116 3117 3118
f 3117 3119 3118
f 3118 3119 3120
f 3119 3121 3120
f 3120 3121 3122
f 3121 3123 3122
f 3122 3123 3124
f 3123 3125 3124
f 3124 3125 3126
f 3125 3127 3126
f 3126 3127 3128
f 3127 3129 3128
f 3128 3129 3130
f 3129 3131 3130
f 3130 3131 3132
f 3131 3133 3132
f 3132 3133 3134
f 3133 3135 3134
f 3134 3135 3136
f 3135 3137 3136
f 3136 3137 3138
f 3137 3139 3138
f 3138 3139 3140
f 3139 3141 3140
f 3140 3141 3142
f 3141 3143 3142
f 3142 3143 3144
f 3143 3145 3144
f 3144 3145 3146
f 3145 3147 3146
f 3146 3147 3148
f 3147 3149 3148
f 3148 3149 3150
f 3149 3151 3150
f 3150 3151 3152
f 3151 3153 3152
f 3152 3153 3154
f 3153 3155 3154
f 3154 3155 3156
f 3155 3157 3156
f 3156 3157 3158
f 3157 3159 3158
f 3158 3159 3160
f 3159 3161 3160
f 3160 3161 3162
f 3161 3163 3162
f 3162 3163 3164
f 3163 3165 3164
f 3164 3165 3166
f 3165 3167 3166
f 3166 3167 3168
f 3167 3169 3168
f 3168 3169 3170
f 3169 3171 3170
f 3170 3171 3172
f 3171 3173 3172
f 3172 3173 3174
f 3173 3175 3174
f 3174 3175 3176
f 3175 3177 3176
f 3176 3177 3178
f 3177 3179 3178
f 3178 3179 3180
f 3179 3181 3180
f 3180 3181 3182
f 3181 3183 3182
f 3182 3183 3184
f 3183 3185 3184
f 3184 3185 3186
f 3185 3187 3186
f 3186 3187 3188
f 3187 3189 3188
f 3188 3189 3190
f 3189 3191 3190
f 3190 3191 3192
f 3191 3193 3192
f 3192 3193 3194
f 3193 3195 3194
f 3194 3195 3196
f 3195 3197 3196
f 3196 3197 3198
f 3197 3199 3198
f 3198 3199 3200
f 3199 3201 3200
f 3200 3201 3202
f 3201 3203 3202
f 3202 3203 3204
f 3203 3205 3204
f 3204 3205 3206
f 3205 3207 3206
f 3206 3207 3208
f 3207 3209 3208
f 3208 3209 3210
f 3209 3211 3210
f 3210 3211 3212
f 3211 3213 3212
f 3212 3213 3214
f 3213 3215 3214
f 3214 3215 3216
f 3215 3217 3216
f 3216 3217 3218
f 3217 3219 3218
f 3218 3219 3220
f 3219 3221 3220
f 3220 3221 3222
f 3221 3223 3222
f 3222 3223 3224
f 3223 3225 3224
f 3224 3225 3226
f 3225 3227 3226
f 3226 3227 3228
f 3227 3229 3228
f 3228 3229 3230
f 3229 3231 3230
f 3230 3231 3088
f 3231 3089 3088
f 3228 3230 3232
f 3230 3088 3232
f 3232 3088 3090
f 3222 3224 3232
f 3224 3226 3232
f 3232 3226 3228
f 3216 3218 3232
f 3218 3220 3232
f 3232 3220 3222
f 3210 3212 3232
f 3212 3214 3232
f 3232 3214 3216
f 3204 3206 3232
f 3206 3208 3232
f 3232 3208 3210
f 3198 3200 3232
f 3200 3202 3232
f 3232 3202 3204
f 3192 3194 3232
f 3194 3196 3232
f 3232 3196 3198
f 3186 3188 3232
f 3188 3190 3232
f 3232 3190 3192
f 3180 3182 3232
f 3182 3184 3232
f 3232 3184 3186
f 3174 3176 3232
f 3176 3178 3232
f 3232 3178 3180
f 3168 3170 3232
f 3170 3172 3232
f 3232 3172 3174
f 3162 3164 3232
f 3164 3166 3232
f 3232 3166 3168
f 3156 3158 3232
f 3158 3160 3232
f 3232 3160 3162
f 3150 3152 3232
f 3152 3154 3232
f 3232 3154 3156
f 3144 3146 3232
f 3146 3148 3232
f 3232 3148 3150
f 3138 3140 3232
f 3140 3142 3232
f 3232 3142 3144
f 3132 3134 3232
f 3134 3136 3232
f 3232 3136 3138
f 3126 3128 3232
f 3128 3130 3232
f 3232 3130 3132
f 3120 3122 3232
f 3122 3124 3232
f 3232 3124 3126
f 3114 3116 3232
f 3116 3118 3232
f 3232 3118 3120
f 3108 3110 3232
f 3110 3112 3232
f 3232 3112 3114
f 3102 3104 3232
f 3104 3106 3232
f 3232 3106 3108
f 3096 3098 3232
f 3098 3100 3232
f 3232 3100 3102
f 3090 3092 3232
f 3092 3094 3232
f 3232 3094 3096
f 3117 3233 3119
f 3233 3234 3119
f 3119 3234 3121
f 3234 3235 3121
f 3121 3235 3123
f 3235 3236 3123
f 3123 3236 3125
f 3236 3237 3125
f 3125 3237 3127
f 3237 3238 3127
f 3127 3238 3129
f 3238 3239 3129
f 3129 3239 3131
f 3239 3240 3131
f 3131 3240 3133
f 3240 3241 3133
f 3133 3241 3135
f 3241 3242 3135
f 3135 3242 3137
f 3242 3243 3137
f 3137 3243 3139
f 3243 3244 3139
f 3139 3244 3141
f 3244 3245 3141
f 3141 3245 3143
f 3245 3246 3143
f 3143 3246 3145
f 3246 3247 3145
f 3145 3247 3147
f 3247 3248 3147
f 3147 3248 3149
f 3248 3249 3149
f 3149 3249 3151
f 3249 3250 3151
f 3151 3250 3153
f 3250 3251 3153
f 3153 3251 3155
f 3251 3252 3155
f 3155 3252 3157
f 3252 3253 3157
f 3157 3253 3159
f 3253 3254 3159
f 3159 3254 3161
f 3254 3255 3161
f 3161 3255 3163
f 3255 3256 3163
f 3163 3256 3165
f 3256 3257 3165
f 3165 3257 3167
f 3257 3258 3167
f 3167 3258 3169
f 3258 3259 3169
f 3169 3259 3171
f 3259 3260 3171
f 3171 3260 3173
f 3260 3261 3173
f 3173 3261 3175
f 3261 3262 3175
f 3175 3262 3177
f 3262 3263 3177
f 3177 3263 3179
f 3263 3264 3179
f 3179 3264 3181
f 3264 3265 3181
f 3181 3265 3183
f 3265 3266 3183
f 3183 3266 3185
f 3266 3267 3185
f 3185 3267 3187
f 3267 3268 3187
f 3187 3268 3189
f 3268 3269 3189
f 3189 3269 3191
f 3269 3270 3191
f 3191 3270 3193
f 3270 3271 3193
f 3193 3271 3195
f 3271 3272 3195
f 3195 3272 3197
f 3272 3273 3197
f 3197 3273 3199
f 3273 3274 3199
f 3199 3274 3201
f 3274 3275 3201
f 3201 3275 3203
f 3275 3276 3203
f 3203 3276 3205
f 3276 3277 3205
f 3205 3277 3207
f 3277 3278 3207
f 3207 3278 3209
f 3278 3279 3209
f 3209 3279 3211
f 3279 3280 3211
f 3211 3280 3213
f 3280 3281 3213
f 3213 3281 3215
f 3281 3282 3215
f 3215 3282 3217
f 3282 3283 3217
f 3217 3283 3219
f 3283 3284 3219
f 3219 3284 3221
f 3284 3285 3221
f 3221 3285 3223
f 3285 3286 3223
f 3223 3286 3225
f 3286 3287 3225
f 3225 3287 3227
f 3287 3288 3227
f 3227 3288 3229
f 3288 3289 3229
f 3229 3289 3231
f 3289 3290 3231
f 3231 3290 3089
f 3290 3291 3089
f 3089 3291 3091
f 3291 3292 3091
f 3091 3292 3093
f 3292 3293 3093
f 3093 3293 3095
f 3293 3294 3095
f 3095 3294 3097
f 3294 3295 3097
f 3097 3295 3099
f 3295 3296 3099
f 3099 3296 3101
f 3296 3297 3101
f 3101 3297 3103
f 3297 3298 3103
f 3103 3298 3105
f 3298 3299 3105
f 3105 3299 3107
f 3299 3300 3107
f 3107 3300 3109
f 3300 3301 3109
f 3109 3301 3111
f 3301 3302 3111
f 3111 3302 3113
f 3302 3303 3113
f 3113 3303 3115
f 3303 3304 3115
f 3115 3304 3117
f 3304 3233 3117
f 3305 3254 3306
f 3254 3253 3306
f 3306 3253 3307
f 3253 3252 3307
f 3307 3252 3308
f 3252 3251 3308
f 3308 3251 3309
f 3251 3250 3309
f 3309 3250 3310
f 3250 3249 3310
f 3310 3249 3311
f 3249 3248 3311
f 3311 3248 3312
f 3248 3247 3312
f 3312 3247 3313
f 3247 3246 3313
f 3313 3246 3314
f 3246 3245 3314
f 3314 3245 3315
f 3245 3244 3315
f 3315 3244 3316
f 3244 3243 3316
f 3316 3243 3317
f 3243 3242 3317
f 3317 3242 3318
f 3242 3241 3318
f 3318 3241 3319
f 3241 3240 3319
f 3319 3240 3320
f 3240 3239 3320
f 3320 3239 3321
f 3239 3238 3321
f 3321 3238 3322
f 3238 3237 3322
f 3322 3237 3323
f 3237 3236 3323
f 3323 3236 3324
f 3236 3235 3324
f 3324 3235 3325
f 3235 3234 3325
f 3325 3234 3326
f 3234 3233 3326
f 3326 3233 3327
f 3233 3304 3327
f 3327 3304 3328
f 3304 3303 3328
f 3328 3303 3329
f 3303 3302 3329
f 3329 3302 3330
f 3302 3301 3330
f 3330 3301 3331
f 3301 3300 3331
f 3331 3300 3332
f 3300 3299 3332
f 3332 3299 3333
f 3299 3298 3333
f 3333 3298 3334
f 3298 3297 3334
f 3334 3297 3335
f 3297 3296 3335
f 3335 3296 3336
f 3296 3295 3336
f 3336 3295 3337
f 3295 3294 3337
f 3337 3294 3338
f 3294 3293 3338
f 3338 3293 3339
f 3293 3292 3339
f 3339 3292 3340
f 3292 3291 3340
f 3340 3291 3341
f 3291 3290 3341
f 3341 3290 3342
f 3290 3289 3342
f 3342 3289 3343
f 3289 3288 3343
f 3343 3288 3344
f 3288 3287 3344
f 3344 3287 3345
f 3287 3286 3345
f 3345 3286 3346
f 3286 3285 3346
f 3346 3285 3347
f 3285 3284 3347
f 3347 3284 3348
f 3284 3283 3348
f 3348 3283 3349
f 3283 3282 3349
f 3349 3282 3350
f 3282 3281 3350
f 3350 3281 3351
f 3281 3280 3351
f 3351 3280 3352
f 3280 3279 3352
f 3352 3279 3353
f 3279 3278 3353
f 3353 3278 3354
f 3278 3277 3354
f 3354 3277 3355
f 3277 3276 3355
f 3355 3276 3356
f 3276 3275 3356
f 3356 3275 3357
f 3275 3274 3357
f 3357 3274 3358
f 3274 3273 3358
f 3358 3273 3359
f 3273 3272 3359
f 3359 3272 3360
f 3272 3271 3360
f 3360 3271 3361
f 3271 3270 3361
f 3361 3270 3362
f 3270 3269 3362
f 3362 3269 3363
f 3269 3268 3363
f 3363 3268 3364
f 3268 3267 3364
f 3364 3267 3365
f 3267 3266 3365
f 3365 3266 3366
f 3266 3265 3366
f 3366 3265 3367
f 3265 3264 3367
f 3367 3264 3368
f 3264 3263 3368
f 3368 3263 3369
f 3263 3262 3369
f 3369 3262 3370
f 3262 3261 3370
f 3370 3261 3371
f 3261 3260 3371
f 3371 3260 3372
f 3260 3259 3372
f 3372 3259 3373
f 3259 3258 3373
f 3373 3258 3374
f 3258 3257 3374
f 3374 3257 3375
f 3257 3256 3375
f 3375 3256 3376
f 3256 3255 3376
f 3376 3255 3305
f 3255 3254 3305
f 3377 3378 3379
f 3380 3381 3382
f 3383 3384 3319
f 3384 3318 3319
f 3385 3379 3386
f 3387 3388 3389
f 3390 3391 3379
f 3391 3392 3379
f 3379 3392 3386
f 3389 3393 3387
f 3393 3394 3387
f 3387 3394 3395
f 3396 3397 3341
f 3397 3398 3341
f 3341 3398 3340
f 3399 3400 3338
f 3401 3402 3403
f 3402 3404 3403
f 3403 3404 3405
f 3382 3406 3380
f 3406 3407 3380
f 3380 3407 3408
f 3409 3410 3341
f 3410 3411 3341
f 3341 3411 3396
f 3399 3338 3398
f 3338 3339 3398
f 3398 3339 3340
f 3307 3308 3379
f 3308 3309 3379
f 3401 3412 3402
f 3412 3413 3402
f 3402 3413 3381
f 3413 3414 3381
f 3381 3414 3382
f 3415 3416 3417
f 3416 3418 3417
f 3417 3418 3387
f 3418 3419 3387
f 3387 3419 3388
f 3320 3420 3319
f 3420 3421 3319
f 3319 3421 3383
f 3422 3423 3328
f 3395 3409 3387
f 3409 3341 3387
f 3387 3341 3424
f 3341 3342 3424
f 3424 3342 3425
f 3342 3343 3425
f 3425 3343 3426
f 3343 3344 3426
f 3426 3344 3427
f 3344 3345 3427
f 3427 3345 3346
f 3346 3347 3427
f 3347 3348 3427
f 3427 3348 3349
f 3309 3310 3379
f 3310 3311 3379
f 3379 3311 3312
f 3385 3386 3428
f 3386 3429 3428
f 3428 3429 3430
f 3429 3431 3430
f 3430 3431 3432
f 3431 3433 3432
f 3432 3433 3434
f 3433 3435 3434
f 3434 3435 3436
f 3407 3437 3408
f 3437 3438 3408
f 3408 3438 3439
f 3438 3440 3439
f 3439 3440 3415
f 3440 3441 3415
f 3415 3441 3416
f 3320 3321 3420
f 3321 3322 3420
f 3420 3322 3323
f 3442 3443 3444
f 3445 3446 3447
f 3446 3448 3447
f 3447 3448 3449
f 3335 3336 3400
f 3336 3337 3400
f 3400 3337 3338
f 3423 3450 3328
f 3450 3420 3328
f 3328 3420 3327
f 3420 3326 3327
f 3372 3373 3451
f 3373 3374 3451
f 3451 3374 3375
f 3375 3376 3451
f 3376 3305 3451
f 3451 3305 3379
f 3305 3306 3379
f 3379 3306 3307
f 3312 3313 3379
f 3313 3314 3379
f 3379 3314 3315
f 3435 3452 3436
f 3452 3453 3436
f 3436 3453 3454
f 3453 3455 3454
f 3454 3455 3443
f 3455 3456 3443
f 3443 3456 3444
f 3457 3458 3448
f 3458 3459 3448
f 3448 3459 3449
f 3460 3461 3462
f 3461 3446 3462
f 3462 3446 3463
f 3446 3445 3463
f 3328 3329 3422
f 3329 3330 3422
f 3422 3330 3464
f 3330 3331 3464
f 3464 3331 3465
f 3331 3332 3465
f 3465 3332 3466
f 3332 3333 3466
f 3466 3333 3467
f 3333 3334 3467
f 3467 3334 3468
f 3323 3324 3420
f 3324 3325 3420
f 3420 3325 3326
f 3349 3350 3427
f 3350 3351 3427
f 3427 3351 3352
f 3355 3356 3427
f 3356 3357 3427
f 3315 3316 3379
f 3316 3317 3379
f 3379 3317 3318
f 3444 3469 3442
f 3469 3470 3442
f 3442 3470 3457
f 3470 3471 3457
f 3457 3471 3458
f 3460 3472 3461
f 3472 3473 3461
f 3461 3473 3404
f 3473 3474 3404
f 3404 3474 3405
f 3335 3400 3334
f 3400 3475 3334
f 3334 3475 3468
f 3357 3358 3427
f 3358 3359 3427
f 3427 3359 3451
f 3359 3360 3451
f 3451 3360 3361
f 3367 3368 3451
f 3368 3369 3451
f 3384 3476 3318
f 3476 3477 3318
f 3318 3477 3379
f 3477 3478 3379
f 3379 3478 3390
f 3352 3353 3427
f 3353 3354 3427
f 3427 3354 3355
f 3361 3362 3451
f 3362 3363 3451
f 3451 3363 3364
f 3369 3370 3451
f 3370 3371 3451
f 3451 3371 3372
f 3364 3365 3451
f 3365 3366 3451
f 3451 3366 3367
f 3479 3480 3481
f 3480 3482 3481
f 3483 3484 3485
f 3486 3487 3488
f 3487 3489 3488
f 3488 3489 3451
f 3489 3490 3451
f 3451 3490 3491
f 3491 3492 3451
f 3492 3493 3451
f 3451 3493 3494
f 3451 3495 3496
f 3485 3497 3483
f 3497 3498 3483
f 3483 3498 3499
f 3494 3500 3451
f 3500 3501 3451
f 3451 3501 3495
f 3496 3502 3451
f 3502 3503 3451
f 3451 3503 3504
f 3498 3505 3499
f 3505 3506 3499
f 3499 3506 3507
f 3506 3508 3507
f 3507 3508 3509
f 3510 3511 3482
f 3511 3512 3482
f 3482 3512 3481
f 3513 3514 3515
f 3508 3516 3509
f 3516 3517 3509
f 3509 3517 3518
f 3517 3519 3518
f 3518 3519 3520
f 3519 3521 3520
f 3520 3521 3522
f 3521 3523 3522
f 3522 3523 3524
f 3523 3525 3524
f 3524 3525 3526
f 3525 3527 3526
f 3526 3527 3488
f 3527 3528 3488
f 3488 3528 3486
f 3529 3530 3427
f 3530 3531 3427
f 3427 3531 3532
f 3531 3533 3532
f 3532 3533 3510
f 3533 3534 3510
f 3510 3534 3511
f 3535 3536 3537
f 3536 3538 3537
f 3537 3538 3539
f 3540 3541 3427
f 3541 3542 3427
f 3427 3542 3529
f 3513 3515 3538
f 3515 3543 3538
f 3538 3543 3539
f 3535 3544 3536
f 3544 3545 3536
f 3536 3545 3546
f 3545 3547 3546
f 3547 3548 3546
f 3548 3549 3546
f 3546 3549 3484
f 3549 3550 3484
f 3484 3550 3485
f 3504 3551 3451
f 3551 3552 3451
f 3451 3552 3553
f 3479 3554 3480
f 3554 3555 3480
f 3480 3555 3513
f 3555 3556 3513
f 3513 3556 3514
f 3553 3557 3451
f 3557 3558 3451
f 3451 3558 3559
f 3427 3560 3561
f 3561 3562 3427
f 3562 3563 3427
f 3427 3563 3564
f 3564 3565 3427
f 3565 3566 3427
f 3427 3566 3540
f 3559 3567 3451
f 3567 3568 3451
f 3451 3568 3427
f 3568 3569 3427
f 3427 3569 3560
f 3570 3571 3572
f 3573 3574 3451
f 3574 3575 3451
f 3451 3575 3488
f 3575 3576 3488
f 3488 3576 3577
f 3577 3578 3488
f 3578 3579 3488
f 3488 3579 3580
f 3580 3581 3488
f 3581 3582 3488
f 3488 3582 3583
f 3584 3585 3586
f 3585 3587 3586
f 3586 3587 3571
f 3587 3588 3571
f 3571 3588 3572
f 3589 3590 3591
f 3589 3591 3592
f 3593 3591 3594
f 3591 3595 3594
f 3596 3597 3598
f 3584 3586 3599
f 3586 3600 3599
f 3599 3600 3601
f 3590 3602 3591
f 3602 3603 3591
f 3591 3603 3595
f 3583 3604 3488
f 3604 3605 3488
f 3488 3605 3606
f 3572 3607 3570
f 3607 3608 3570
f 3570 3608 3609
f 3608 3610 3609
f 3609 3610 3591
f 3610 3611 3591
f 3591 3611 3592
f 3598 3597 3600
f 3597 3612 3600
f 3600 3612 3601
f 3593 3613 3591
f 3613 3614 3591
f 3591 3614 3615
f 3451 3616 3617
f 3618 3619 3451
f 3619 3620 3451
f 3451 3620 3621
f 3621 3622 3451
f 3622 3623 3451
f 3451 3623 3573
f 3617 3624 3451
f 3624 3625 3451
f 3451 3625 3618
f 3626 3627 3628
f 3629 3630 3451
f 3630 3631 3451
f 3451 3631 3632
f 3632 3633 3451
f 3633 3634 3451
f 3451 3634 3616
f 3606 3635 3488
f 3635 3636 3488
f 3488 3636 3637
f 3636 3638 3637
f 3637 3638 3627
f 3638 3639 3627
f 3627 3639 3628
f 3628 3640 3626
f 3640 3641 3626
f 3626 3641 3642
f 3641 3643 3642
f 3615 3644 3591
f 3644 3645 3591
f 3591 3645 3451
f 3645 3646 3451
f 3451 3646 3629
f 3647 3648 3649
f 3648 3642 3649
f 3649 3642 3650
f 3642 3643 3650
f 3647 3651 3648
f 3651 3652 3648
f 3648 3652 3598
f 3652 3653 3598
f 3598 3653 3596
f 3654 3655 3656
f 3657 3658 3451
f 3658 3659 3451
f 3451 3659 3660
f 3654 3656 3661
f 3379 3378 3451
f 3378 3662 3451
f 3451 3662 3657
f 3660 3663 3451
f 3663 3664 3451
f 3451 3664 3665
f 3666 3667 3668
f 3655 3654 3669
f 3654 3670 3669
f 3669 3670 3671
f 3656 3672 3661
f 3672 3673 3661
f 3661 3673 3674
f 3673 3675 3674
f 3671 3670 3676
f 3670 3677 3676
f 3676 3677 3678
f 3677 3679 3678
f 3678 3679 3680
f 3681 3682 3683
f 3682 3684 3683
f 3683 3684 3685
f 3665 3686 3451
f 3686 3687 3451
f 3451 3687 3688
f 3668 3667 3684
f 3667 3689 3684
f 3684 3689 3685
f 3675 3690 3674
f 3690 3691 3674
f 3674 3691 3668
f 3691 3692 3668
f 3668 3692 3666
f 3693 3694 3379
f 3694 3695 3379
f 3379 3695 3696
f 3696 3697 3379
f 3697 3698 3379
f 3379 3698 3377
f 3699 3700 3701
f 3700 3682 3701
f 3701 3682 3702
f 3682 3681 3702
f 3703 3704 3379
f 3704 3705 3379
f 3379 3705 3706
f 3706 3707 3379
f 3707 3708 3379
f 3379 3708 3693
f 3688 3709 3451
f 3709 3710 3451
f 3451 3710 3711
f 3711 3712 3451
f 3712 3713 3451
f 3451 3713 3714
f 3680 3679 3715
f 3679 3716 3715
f 3715 3716 3717
f 3716 3718 3717
f 3717 3718 3719
f 3718 3720 3719
f 3719 3720 3721
f 3720 3722 3721
f 3721 3722 3723
f 3699 3724 3700
f 3724 3725 3700
f 3700 3725 3726
f 3727 3728 3591
f 3725 3729 3726
f 3729 3730 3726
f 3726 3730 3731
f 3730 3732 3731
f 3732 3733 3731
f 3731 3733 3734
f 3733 3735 3734
f 3734 3735 3379
f 3735 3736 3379
f 3379 3736 3703
f 3722 3737 3723
f 3737 3591 3723
f 3723 3591 3738
f 3591 3728 3738
f 3714 3739 3451
f 3739 3740 3451
f 3451 3740 3591
f 3740 3741 3591
f 3591 3741 3727
f 3742 3382 3743
f 3382 3414 3743
f 3743 3414 3744
f 3414 3413 3744
f 3744 3413 3745
f 3413 3412 3745
f 3745 3412 3746
f 3412 3401 3746
f 3746 3401 3747
f 3401 3403 3747
f 3747 3403 3748
f 3403 3405 3748
f 3748 3405 3749
f 3405 3474 3749
f 3749 3474 3750
f 3474 3473 3750
f 3750 3473 3751
f 3473 3472 3751
f 3751 3472 3752
f 3472 3460 3752
f 3752 3460 3753
f 3460 3462 3753
f 3753 3462 3754
f 3462 3463 3754
f 3754 3463 3755
f 3463 3445 3755
f 3755 3445 3756
f 3445 3447 3756
f 3756 3447 3757
f 3447 3449 3757
f 3757 3449 3758
f 3449 3459 3758
f 3758 3459 3759
f 3459 3458 3759
f 3759 3458 3760
f 3458 3471 3760
f 3760 3471 3761
f 3471 3470 3761
f 3761 3470 3762
f 3470 3469 3762
f 3762 3469 3763
f 3469 3444 3763
f 3763 3444 3764
f 3444 3456 3764
f 3764 3456 3765
f 3456 3455 3765
f 3765 3455 3766
f 3455 3453 3766
f 3766 3453 3767
f 3453 3452 3767
f 3767 3452 3768
f 3452 3435 3768
f 3768 3435 3769
f 3435 3433 3769
f 3769 3433 3770
f 3433 3431 3770
f 3770 3431 3771
f 3431 3429 3771
f 3771 3429 3772
f 3429 3386 3772
f 3772 3386 3773
f 3386 3392 3773
f 3773 3392 3774
f 3392 3391 3774
f 3774 3391 3775
f 3391 3390 3775
f 3775 3390 3776
f 3390 3478 3776
f 3776 3478 3777
f 3478 3477 3777
f 3777 3477 3778
f 3477 3476 3778
f 3778 3476 3779
f 3476 3384 3779
f 3779 3384 3780
f 3384 3383 3780
f 3780 3383 3781
f 3383 3421 3781
f 3781 3421 3782
f 3421 3420 3782
f 3782 3420 3783
f 3420 3450 3783
f 3783 3450 3784
f 3450 3423 3784
f 3784 3423 3785
f 3423 3422 3785
f 3785 3422 3786
f 3422 3464 3786
f 3786 3464 3787
f 3464 3465 3787
f 3787 3465 3788
f 3465 3466 3788
f 3788 3466 3789
f 3466 3467 3789
f 3789 3467 3790
f 3467 3468 3790
f 3790 3468 3791
f 3468 3475 3791
f 3791 3475 3792
f 3475 3400 3792
f 3792 3400 3793
f 3400 3399 3793
f 3793 3399 3794
f 3399 3398 3794
f 3794 3398 3795
f 3398 3397 3795
f 3795 3397 3796
f 3397 3396 3796
f 3796 3396 3797
f 3396 3411 3797
f 3797 3411 3798
f 3411 3410 3798
f 3798 3410 3799
f 3410 3409 3799
f 3799 3409 3800
f 3409 3395 3800
f 3800 3395 3801
f 3395 3394 3801
f 3801 3394 3802
f 3394 3393 3802
f 3802 3393 3803
f 3393 3389 3803
f 3803 3389 3804
f 3389 3388 3804
f 3804 3388 3805
f 3388 3419 3805
f 3805 3419 3806
f 3419 3418 3806
f 3806 3418 3807
f 3418 3416 3807
f 3807 3416 3808
f 3416 3441 3808
f 3808 3441 3809
f 3441 3440 3809
f 3809 3440 3810
f 3440 3438 3810
f 3810 3438 3811
f 3438 3437 3811
f 3811 3437 3812
f 3437 3407 3812
f 3812 3407 3813
f 3407 3406 3813
f 3813 3406 3742
f 3406 3382 3742
f 3814 3512 3815
f 3512 3511 3815
f 3815 3511 3816
f 3511 3534 3816
f 3816 3534 3817
f 3534 3533 3817
f 3817 3533 3818
f 3533 3531 3818
f 3818 3531 3819
f 3531 3530 3819
f 3819 3530 3820
f 3530 3529 3820
f 3820 3529 3821
f 3529 3542 3821
f 3821 3542 3822
f 3542 3541 3822
f 3822 3541 3823
f 3541 3540 3823
f 3823 3540 3824
f 3540 3566 3824
f 3824 3566 3825
f 3566 3565 3825
f 3825 3565 3826
f 3565 3564 3826
f 3826 3564 3827
f 3564 3563 3827
f 3827 3563 3828
f 3563 3562 3828
f 3828 3562 3829
f 3562 3561 3829
f 3829 3561 3830
f 3561 3560 3830
f 3830 3560 3831
f 3560 3569 3831
f 3831 3569 3832
f 3569 3568 3832
f 3832 3568 3833
f 3568 3567 3833
f 3833 3567 3834
f 3567 3559 3834
f 3834 3559 3835
f 3559 3558 3835
f 3835 3558 3836
f 3558 3557 3836
f 3836 3557 3837
f 3557 3553 3837
f 3837 3553 3838
f 3553 3552 3838
f 3838 3552 3839
f 3552 3551 3839
f 3839 3551 3840
f 3551 3504 3840
f 3840 3504 3841
f 3504 3503 3841
f 3841 3503 3842
f 3503 3502 3842
f 3842 3502 3843
f 3502 3496 3843
f 3843 3496 3844
f 3496 3495 3844
f 3844 3495 3845
f 3495 3501 3845
f 3845 3501 3846
f 3501 3500 3846
f 3846 3500 3847
f 3500 3494 3847
f 3847 3494 3848
f 3494 3493 3848
f 3848 3493 3849
f 3493 3492 3849
f 3849 3492 3850
f 3492 3491 3850
f 3850 3491 3851
f 3491 3490 3851
f 3851 3490 3852
f 3490 3489 3852
f 3852 3489 3853
f 3489 3487 3853
f 3853 3487 3854
f 3487 3486 3854
f 3854 3486 3855
f 3486 3528 3855
f 3855 3528 3856
f 3528 3527 3856
f 3856 3527 3857
f 3527 3525 3857
f 3857 3525 3858
f 3525 3523 3858
f 3858 3523 3859
f 3523 3521 3859
f 3859 3521 3860
f 3521 3519 3860
f 3860 3519 3861
f 3519 3517 3861
f 3861 3517 3862
f 3517 3516 3862
f 3862 3516 3863
f 3516 3508 3863
f 3863 3508 3864
f 3508 3506 3864
f 3864 3506 3865
f 3506 3505 3865
f 3865 3505 3866
f 3505 3498 3866
f 3866 3498 3867
f 3498 3497 3867
f 3867 3497 3868
f 3497 3485 3868
f 3868 3485 3869
f 3485 3550 3869
f 3869 3550 3870
f 3550 3549 3870
f 3870 3549 3871
f 3549 3548 3871
f 3871 3548 3872
f 3548 3547 3872
f 3872 3547 3873
f 3547 3545 3873
f 3873 3545 3874
f 3545 3544 3874
f 3874 3544 3875
f 3544 3535 3875
f 3875 3535 3876
f 3535 3537 3876
f 3876 3537 3877
f 3537 3539 3877
f 3877 3539 3878
f 3539 3543 3878
f 3878 3543 3879
f 3543 3515 3879
f 3879 3515 3880
f 3515 3514 3880
f 3880 3514 3881
f 3514 3556 3881
f 3881 3556 3882
f 3556 3555 3882
f 3882 3555 3883
f 3555 3554 3883
f 3883 3554 3884
f 3554 3479 3884
f 3884 3479 3885
f 3479 3481 3885
f 3885 3481 3814
f 3481 3512 3814
f 3886 3574 3887
f 3574 3573 3887
f 3887 3573 3888
f 3573 3623 3888
f 3888 3623 3889
f 3623 3622 3889
f 3889 3622 3890
f 3622 3621 3890
f 3890 3621 3891
f 3621 3620 3891
f 3891 3620 3892
f 3620 3619 3892
f 3892 3619 3893
f 3619 3618 3893
f 3893 3618 3894
f 3618 3625 3894
f 3894 3625 3895
f 3625 3624 3895
f 3895 3624 3896
f 3624 3617 3896
f 3896 3617 3897
f 3617 3616 3897
f 3897 3616 3898
f 3616 3634 3898
f 3898 3634 3899
f 3634 3633 3899
f 3899 3633 3900
f 3633 3632 3900
f 3900 3632 3901
f 3632 3631 3901
f 3901 3631 3902
f 3631 3630 3902
f 3902 3630 3903
f 3630 3629 3903
f 3903 3629 3904
f 3629 3646 3904
f 3904 3646 3905
f 3646 3645 3905
f 3905 3645 3906
f 3645 3644 3906
f 3906 3644 3907
f 3644 3615 3907
f 3907 3615 3908
f 3615 3614 3908
f 3908 3614 3909
f 3614 3613 3909
f 3909 3613 3910
f 3613 3593 3910
f 3910 3593 3911
f 3593 3594 3911
f 3911 3594 3912
f 3594 3595 3912
f 3912 3595 3913
f 3595 3603 3913
f 3913 3603 3914
f 3603 3602 3914
f 3914 3602 3915
f 3602 3590 3915
f 3915 3590 3916
f 3590 3589 3916
f 3916 3589 3917
f 3589 3592 3917
f 3917 3592 3918
f 3592 3611 3918
f 3918 3611 3919
f 3611 3610 3919
f 3919 3610 3920
f 3610 3608 3920
f 3920 3608 3921
f 3608 3607 3921
f 3921 3607 3922
f 3607 3572 3922
f 3922 3572 3923
f 3572 3588 3923
f 3923 3588 3924
f 3588 3587 3924
f 3924 3587 3925
f 3587 3585 3925
f 3925 3585 3926
f 3585 3584 3926
f 3926 3584 3927
f 3584 3599 3927
f 3927 3599 3928
f 3599 3601 3928
f 3928 3601 3929
f 3601 3612 3929
f 3929 3612 3930
f 3612 3597 3930
f 3930 3597 3931
f 3597 3596 3931
f 3931 3596 3932
f 3596 3653 3932
f 3932 3653 3933
f 3653 3652 3933
f 3933 3652 3934
f 3652 3651 3934
f 3934 3651 3935
f 3651 3647 3935
f 3935 3647 3936
f 3647 3649 3936
f 3936 3649 3937
f 3649 3650 3937
f 3937 3650 3938
f 3650 3643 3938
f 3938 3643 3939
f 3643 3641 3939
f 3939 3641 3940
f 3641 3640 3940
f 3940 3640 3941
f 3640 3628 3941
f 3941 3628 3942
f 3628 3639 3942
f 3942 3639 3943
f 3639 3638 3943
f 3943 3638 3944
f 3638 3636 3944
f 3944 3636 3945
f 3636 3635 3945
f 3945 3635 3946
f 3635 3606 3946
f 3946 3606 3947
f 3606 3605 3947
f 3947 3605 3948
f 3605 3604 3948
f 3948 3604 3949
f 3604 3583 3949
f 3949 3583 3950
f 3583 3582 3950
f 3950 3582 3951
f 3582 3581 3951
f 3951 3581 3952
f 3581 3580 3952
f 3952 3580 3953
f 3580 3579 3953
f 3953 3579 3954
f 3579 3578 3954
f 3954 3578 3955
f 3578 3577 3955
f 3955 3577 3956
f 3577 3576 3956
f 3956 3576 3957
f 3576 3575 3957
f 3957 3575 3886
f 3575 3574 3886
f 3958 3378 3959
f 3378 3377 3959
f 3959 3377 3960
f 3377 3698 3960
f 3960 3698 3961
f 3698 3697 3961
f 3961 3697 3962
f 3697 3696 3962
f 3962 3696 3963
f 3696 3695 3963
f 3963 3695 3964
f 3695 3694 3964
f 3964 3694 3965
f 3694 3693 3965
f 3965 3693 3966
f 3693 3708 3966
f 3966 3708 3967
f 3708 3707 3967
f 3967 3707 3968
f 3707 3706 3968
f 3968 3706 3969
f 3706 3705 3969
f 3969 3705 3970
f 3705 3704 3970
f 3970 3704 3971
f 3704 3703 3971
f 3971 3703 3972
f 3703 3736 3972
f 3972 3736 3973
f 3736 3735 3973
f 3973 3735 3974
f 3735 3733 3974
f 3974 3733 3975
f 3733 3732 3975
f 3975 3732 3976
f 3732 3730 3976
f 3976 3730 3977
f 3730 3729 3977
f 3977 3729 3978
f 3729 3725 3978
f 3978 3725 3979
f 3725 3724 3979
f 3979 3724 3980
f 3724 3699 3980
f 3980 3699 3981
f 3699 3701 3981
f 3981 3701 3982
f 3701 3702 3982
f 3982 3702 3983
f 3702 3681 3983
f 3983 3681 3984
f 3681 3683 3984
f 3984 3683 3985
f 3683 3685 3985
f 3985 3685 3986
f 3685 3689 3986
f 3986 3689 3987
f 3689 3667 3987
f 3987 3667 3988
f 3667 3666 3988
f 3988 3666 3989
f 3666 3692 3989
f 3989 3692 3990
f 3692 3691 3990
f 3990 3691 3991
f 3691 3690 3991
f 3991 3690 3992
f 3690 3675 3992
f 3992 3675 3993
f 3675 3673 3993
f 3993 3673 3994
f 3673 3672 3994
f 3994 3672 3995
f 3672 3656 3995
f 3995 3656 3996
f 3656 3655 3996
f 3996 3655 3997
f 3655 3669 3997
f 3997 3669 3998
f 3669 3671 3998
f 3998 3671 3999
f 3671 3676 3999
f 3999 3676 4000
f 3676 3678 4000
f 4000 3678 4001
f 3678 3680 4001
f 4001 3680 4002
f 3680 3715 4002
f 4002 3715 4003
f 3715 3717 4003
f 4003 3717 4004
f 3717 3719 4004
f 4004 3719 4005
f 3719 3721 4005
f 4005 3721 4006
f 3721 3723 4006
f 4006 3723 4007
f 3723 3738 4007
f 4007 3738 4008
f 3738 3728 4008
f 4008 3728 4009
f 3728 3727 4009
f 4009 3727 4010
f 3727 3741 4010
f 4010 3741 4011
f 3741 3740 4011
f 4011 3740 4012
f 3740 3739 4012
f 4012 3739 4013
f 3739 3714 4013
f 4013 3714 4014
f 3714 3713 4014
f 4014 3713 4015
f 3713 3712 4015
f 4015 3712 4016
f 3712 3711 4016
f 4016 3711 4017
f 3711 3710 4017
f 4017 3710 4018
f 3710 3709 4018
f 4018 3709 4019
f 3709 3688 4019
f 4019 3688 4020
f 3688 3687 4020
f 4020 3687 4021
f 3687 3686 4021
f 4021 3686 4022
f 3686 3665 4022
f 4022 3665 4023
f 3665 3664 4023
f 4023 3664 4024
f 3664 3663 4024
f 4024 3663 4025
f 3663 3660 4025
f 4025 3660 4026
f 3660 3659 4026
f 4026 3659 4027
f 3659 3658 4027
f 4027 3658 4028
f 3658 3657 4028
f 4028 3657 4029
f 3657 3662 4029
f 4029 3662 3958
f 3662 3378 3958
f 3993 3994 4030
f 3774 3775 4031
f 25 21 4031
f 66 61 3779
f 61 57 3779
f 3779 57 3778
f 21 16 4031
f 16 12 4031
f 4031 12 7
f 7 4 4031
f 4 312 4031
f 4031 312 4032
f 312 308 4032
f 174 169 3794
f 3775 3776 4031
f 3776 3777 4031
f 4031 3777 3778
f 44 39 4031
f 44 4031 48
f 39 34 4031
f 34 30 4031
f 4031 30 25
f 308 306 4032
f 306 303 4032
f 4032 303 300
f 300 297 4032
f 297 294 4032
f 4032 294 291
f 291 286 4032
f 286 282 4032
f 4032 282 277
f 192 188 4033
f 188 183 4033
f 4033 3799 3800
f 3800 3801 4033
f 3801 3802 4033
f 4033 3802 4034
f 3747 4035 3746
f 4035 4036 3746
f 3746 4036 3745
f 3757 3758 4037
f 3778 57 4031
f 57 52 4031
f 4031 52 48
f 156 152 3794
f 152 147 3794
f 3794 147 3793
f 3779 3780 66
f 3780 3781 66
f 66 3781 70
f 3781 3782 70
f 70 3782 75
f 174 3794 178
f 3794 3795 178
f 178 3795 183
f 3795 3796 183
f 3796 3797 183
f 183 3797 4033
f 3797 3798 4033
f 4033 3798 3799
f 4038 4039 3813
f 4037 3758 4040
f 169 165 3794
f 165 161 3794
f 3794 161 156
f 3813 3742 4038
f 3742 3743 4038
f 4038 3743 4036
f 3743 3744 4036
f 4036 3744 3745
f 3747 3748 4035
f 3748 3749 4035
f 4035 3749 4041
f 3749 3750 4041
f 3750 3751 4041
f 3751 3752 4041
f 4041 3752 4042
f 3752 3753 4042
f 3753 3754 4042
f 3754 3755 4042
f 4042 3755 4037
f 3755 3756 4037
f 4037 3756 3757
f 4043 3767 4044
f 3767 3768 4044
f 4044 3768 4045
f 3768 3769 4045
f 4045 3769 4046
f 3769 3770 4046
f 4046 3770 4047
f 3770 3771 4047
f 4047 3771 4048
f 3771 3772 4048
f 4048 3772 4031
f 3772 3773 4031
f 4031 3773 3774
f 277 273 4032
f 273 270 4032
f 4032 270 265
f 265 261 4032
f 261 257 4032
f 4032 257 252
f 4034 3802 4049
f 3802 3803 4049
f 4049 3803 4050
f 3803 3804 4050
f 4050 3804 4051
f 3804 3805 4051
f 4051 3805 4052
f 3805 3806 4052
f 4052 3806 4053
f 4054 3811 4039
f 3811 3812 4039
f 4039 3812 3813
f 4055 3764 4056
f 3764 3765 4056
f 4056 3765 4043
f 3765 3766 4043
f 4043 3766 3767
f 252 246 4032
f 246 242 4032
f 4032 242 4033
f 242 237 4033
f 4033 237 233
f 233 228 4033
f 228 224 4033
f 4033 224 219
f 3782 3783 102
f 3783 3784 102
f 102 3784 108
f 3784 3785 108
f 108 3785 112
f 3806 3807 4053
f 3807 3808 4053
f 4053 3808 4057
f 3808 3809 4057
f 4057 3809 4054
f 3809 3810 4054
f 4054 3810 3811
f 3758 3759 4040
f 3759 3760 4040
f 4040 3760 4058
f 3760 3761 4058
f 3761 3762 4058
f 4058 3762 4055
f 3762 3763 4055
f 4055 3763 3764
f 219 215 4033
f 215 210 4033
f 4033 210 205
f 205 201 4033
f 201 197 4033
f 4033 197 192
f 102 97 3782
f 97 93 3782
f 3782 93 89
f 3793 147 3792
f 147 142 3792
f 3792 142 138
f 89 84 3782
f 84 79 3782
f 3782 79 75
f 112 3785 117
f 3785 3786 117
f 117 3786 122
f 3786 3787 122
f 122 3787 126
f 3787 3788 126
f 126 3788 129
f 3788 3789 129
f 129 3789 3790
f 138 134 3792
f 134 129 3792
f 3792 129 3791
f 129 3790 3791
f 4030 3994 4059
f 3993 4030 3992
f 4030 4060 3992
f 3992 4060 3991
f 3994 3995 4059
f 3995 3996 4059
f 4059 3996 4061
f 4022 4023 4032
f 4023 4024 4032
f 4032 4024 4025
f 4031 3960 3961
f 3961 3962 4031
f 3962 3963 4031
f 4031 3963 3964
f 4025 4026 4032
f 4026 4027 4032
f 4032 4027 4028
f 4028 4029 4032
f 4029 3958 4032
f 4032 3958 4031
f 3958 3959 4031
f 4031 3959 3960
f 3987 4062 3986
f 4062 4063 3986
f 3986 4063 3985
f 4063 3984 3985
f 3996 3997 4061
f 3997 3998 4061
f 4061 3998 4064
f 3998 3999 4064
f 4064 3999 4065
f 4019 4020 4032
f 4020 4021 4032
f 4032 4021 4022
f 3964 3965 4031
f 3965 3966 4031
f 4031 3966 3967
f 3967 3968 4031
f 3968 3969 4031
f 4031 3969 3970
f 3984 4063 3983
f 4063 4066 3983
f 3983 4066 3982
f 3987 3988 4062
f 3988 3989 4062
f 4062 3989 4060
f 3989 3990 4060
f 4060 3990 3991
f 4067 3979 3980
f 3970 3971 4031
f 3971 3972 4031
f 4031 3972 4068
f 3972 3973 4068
f 4068 3973 4069
f 4012 4013 4032
f 4016 4017 4032
f 4017 4018 4032
f 4032 4018 4019
f 3973 3974 4069
f 3974 3975 4069
f 4069 3975 4070
f 4067 3980 4066
f 3980 3981 4066
f 4066 3981 3982
f 3999 4000 4065
f 4000 4001 4065
f 4065 4001 4071
f 4001 4002 4071
f 4071 4002 4072
f 4002 4003 4072
f 4072 4003 4073
f 4003 4004 4073
f 4073 4004 4074
f 4004 4005 4074
f 4074 4005 4075
f 4005 4006 4075
f 4075 4006 4076
f 4006 4007 4076
f 4076 4007 4008
f 4013 4014 4032
f 4014 4015 4032
f 4032 4015 4016
f 3975 3976 4070
f 3976 3977 4070
f 4070 3977 4067
f 3977 3978 4067
f 4067 3978 3979
f 4008 4009 4076
f 4009 4010 4076
f 4076 4010 4032
f 4010 4011 4032
f 4032 4011 4012
f 3887 3888 4032
f 3924 4077 3923
f 4077 4078 3923
f 3954 3955 4079
f 4080 3921 4078
f 3921 3922 4078
f 4078 3922 3923
f 3911 3912 4076
f 3912 3913 4076
f 3951 4079 3950
f 4079 3949 3950
f 3951 3952 4079
f 3952 3953 4079
f 4079 3953 3954
f 3888 3889 4032
f 3889 3890 4032
f 4032 3890 3891
f 3913 3914 4076
f 3914 3915 4076
f 4076 3915 3916
f 3945 3946 4079
f 3955 3956 4079
f 3956 3957 4079
f 4079 3957 4032
f 3957 3886 4032
f 4032 3886 3887
f 3891 3892 4032
f 3892 3893 4032
f 4032 3893 3894
f 3916 3917 4076
f 3917 3918 4076
f 4076 3918 4081
f 3918 3919 4081
f 4081 3919 4080
f 3919 3920 4080
f 4080 3920 3921
f 3924 3925 4077
f 3925 3926 4077
f 4077 3926 4082
f 3926 3927 4082
f 3894 3895 4032
f 3895 3896 4032
f 4032 3896 3897
f 3946 3947 4079
f 3947 3948 4079
f 4079 3948 3949
f 4076 3907 3908
f 3930 4083 3929
f 4083 4082 3929
f 3929 4082 3928
f 4082 3927 3928
f 3897 3898 4032
f 3898 3899 4032
f 4032 3899 3900
f 3900 3901 4032
f 3901 3902 4032
f 4032 3902 3903
f 3908 3909 4076
f 3909 3910 4076
f 4076 3910 3911
f 3934 3935 4084
f 4085 3937 3938
f 3903 3904 4032
f 3904 3905 4032
f 4032 3905 4076
f 3905 3906 4076
f 4076 3906 3907
f 4085 3938 4086
f 4084 3935 4085
f 3935 3936 4085
f 4085 3936 3937
f 3938 3939 4086
f 3939 3940 4086
f 4086 3940 4087
f 3940 3941 4087
f 3941 3942 4087
f 4087 3942 4088
f 3942 3943 4088
f 4088 3943 4079
f 3943 3944 4079
f 4079 3944 3945
f 3930 3931 4083
f 3931 3932 4083
f 4083 3932 4084
f 3932 3933 4084
f 4084 3933 3934
f 3848 3849 4032
f 3841 3842 4032
f 3849 3850 4032
f 3850 3851 4032
f 4032 3851 4079
f 3851 3852 4079
f 4079 3852 3853
f 3883 3884 4089
f 3842 3843 4032
f 3843 3844 4032
f 4032 3844 3845
f 4033 3819 3820
f 3845 3846 4032
f 3846 3847 4032
f 4032 3847 3848
f 3853 3854 4079
f 3854 3855 4079
f 4079 3855 3856
f 4090 4091 3860
f 4092 4093 3867
f 4089 3884 4094
f 3834 3835 4032
f 3860 4091 3859
f 4091 4095 3859
f 3859 4095 3858
f 4095 4096 3858
f 3858 4096 3857
f 4096 4097 3857
f 3857 4097 3856
f 4097 4098 3856
f 3856 4098 4079
f 4099 3865 4093
f 3865 3866 4093
f 4093 3866 3867
f 4100 3816 4101
f 3816 3817 4101
f 4101 3817 4033
f 3817 3818 4033
f 4033 3818 3819
f 3820 3821 4033
f 3821 3822 4033
f 4033 3822 3823
f 3829 3830 4033
f 3860 3861 4090
f 3861 3862 4090
f 4090 3862 4102
f 3862 3863 4102
f 4102 3863 4099
f 3863 3864 4099
f 4099 3864 3865
f 3884 3885 4094
f 3885 3814 4094
f 4094 3814 4100
f 3814 3815 4100
f 4100 3815 3816
f 3838 3839 4032
f 3839 3840 4032
f 4032 3840 3841
f 3867 3868 4092
f 3868 3869 4092
f 4092 3869 4103
f 3869 3870 4103
f 3873 4104 3872
f 4104 4103 3872
f 3872 4103 3871
f 4103 3870 3871
f 3876 4105 3875
f 4105 4104 3875
f 3875 4104 3874
f 4104 3873 3874
f 3835 3836 4032
f 3836 3837 4032
f 4032 3837 3838
f 3823 3824 4033
f 3824 3825 4033
f 4033 3825 3826
f 3826 3827 4033
f 3827 3828 4033
f 4033 3828 3829
f 3879 4106 3878
f 4106 4105 3878
f 3878 4105 3877
f 4105 3876 3877
f 3830 3831 4033
f 3831 3832 4033
f 4033 3832 4032
f 3832 3833 4032
f 4032 3833 3834
f 3879 3880 4106
f 3880 3881 4106
f 4106 3881 4089
f 3881 3882 4089
f 4089 3882 3883
f 4101 4033 3427
f 3427 4033 3426
f 3427 3532 4101
f 3532 3510 4101
f 4101 3510 4100
f 3510 3482 4100
f 4100 3482 4094
f 3482 3480 4094
f 4094 3480 4089
f 3480 3513 4089
f 4089 3513 4106
f 3513 3538 4106
f 4106 3538 4105
f 3538 3536 4105
f 4105 3536 4104
f 3536 3546 4104
f 4104 3546 4103
f 3546 3484 4103
f 4103 3484 4092
f 3484 3483 4092
f 4092 3483 4093
f 3483 3499 4093
f 4093 3499 4099
f 3499 3507 4099
f 4099 3507 4102
f 3507 3509 4102
f 4102 3509 4090
f 3509 3518 4090
f 4090 3518 4091
f 3518 3520 4091
f 4091 3520 4095
f 3520 3522 4095
f 4095 3522 4096
f 3522 3524 4096
f 4096 3524 4097
f 3524 3526 4097
f 4097 3526 4098
f 4098 3526 4079
f 3526 3488 4079
f 4079 3488 4088
f 3488 3637 4088
f 3637 3627 4088
f 4088 3627 4087
f 3627 3626 4087
f 4087 3626 4086
f 3626 3642 4086
f 4086 3642 4085
f 3642 3648 4085
f 4085 3648 4084
f 3648 3598 4084
f 4084 3598 4083
f 3598 3600 4083
f 4083 3600 4082
f 3600 3586 4082
f 4082 3586 4077
f 3586 3571 4077
f 4077 3571 4078
f 3571 3570 4078
f 4078 3570 4080
f 3570 3609 4080
f 4080 3609 4081
f 4081 3609 4076
f 3609 3591 4076
f 4076 3591 4075
f 3591 3737 4075
f 3737 3722 4075
f 4075 3722 4074
f 3722 3720 4074
f 4074 3720 4073
f 3720 3718 4073
f 4073 3718 4072
f 3718 3716 4072
f 4072 3716 4071
f 3716 3679 4071
f 4071 3679 4065
f 3679 3677 4065
f 4065 3677 4064
f 3677 3670 4064
f 4064 3670 4061
f 3670 3654 4061
f 4061 3654 4059
f 3654 3661 4059
f 4059 3661 4030
f 3661 3674 4030
f 4030 3674 4060
f 3674 3668 4060
f 4060 3668 4062
f 3668 3684 4062
f 4062 3684 4063
f 3684 3682 4063
f 4063 3682 4066
f 3682 3700 4066
f 4066 3700 4067
f 3700 3726 4067
f 4067 3726 4070
f 3726 3731 4070
f 4070 3731 4069
f 3731 3734 4069
f 4069 3734 4068
f 4068 3734 4031
f 3734 3379 4031
f 4031 3379 4048
f 4033 4034 3426
f 4034 4049 3426
f 3426 4049 3425
f 4049 4050 3425
f 3425 4050 3424
f 4050 4051 3424
f 3424 4051 3387
f 4051 4052 3387
f 3387 4052 3417
f 4052 4053 3417
f 3417 4053 3415
f 4053 4057 3415
f 3415 4057 3439
f 4057 4054 3439
f 3439 4054 3408
f 4054 4039 3408
f 3408 4039 3380
f 4039 4038 3380
f 3380 4038 3381
f 4038 4036 3381
f 3381 4036 3402
f 4036 4035 3402
f 3402 4035 3404
f 4035 4041 3404
f 3404 4041 3461
f 4041 4042 3461
f 3461 4042 3446
f 4042 4037 3446
f 3446 4037 3448
f 4037 4040 3448
f 3448 4040 3457
f 4040 4058 3457
f 3457 4058 3442
f 4058 4055 3442
f 3442 4055 3443
f 4055 4056 3443
f 3443 4056 3454
f 4056 4043 3454
f 3454 4043 3436
f 4043 4044 3436
f 3436 4044 3434
f 4044 4045 3434
f 3434 4045 3432
f 4045 4046 3432
f 3432 4046 3430
f 4046 4047 3430
f 3430 4047 3428
f 4047 4048 3428
f 3428 4048 3385
f 4048 3379 3385
f 4107 4108 4109
f 4108 4110 4109
f 636 635 4111
f 518 517 4112
f 518 4112 519
f 634 633 535
f 517 516 4112
f 516 515 4112
f 4112 515 514
f 636 4111 637
f 488 4113 489
f 4113 4114 489
f 489 4114 490
f 4114 4115 490
f 490 4115 491
f 4115 492 491
f 634 535 635
f 663 662 4116
f 676 675 4107
f 667 666 4117
f 666 665 4117
f 4117 665 4118
f 703 541 632
f 541 540 632
f 632 540 633
f 540 539 633
f 633 539 538
f 533 532 4111
f 532 531 4111
f 531 530 4111
f 4111 530 529
f 529 528 4111
f 528 527 4111
f 4111 527 526
f 526 525 4111
f 525 524 4111
f 4111 524 523
f 523 522 4111
f 522 521 4111
f 4111 521 4112
f 521 520 4112
f 4112 520 519
f 4118 665 4116
f 665 664 4116
f 4116 664 663
f 488 487 4113
f 487 558 4113
f 4113 558 557
f 554 4119 555
f 4119 4113 555
f 555 4113 556
f 4113 557 556
f 4120 550 549
f 545 544 4121
f 544 543 4121
f 4121 543 542
f 680 679 4107
f 497 496 4115
f 496 495 4115
f 538 537 633
f 537 536 633
f 633 536 535
f 662 661 4116
f 661 660 4116
f 4116 660 659
f 554 553 4119
f 553 552 4119
f 4119 552 4120
f 552 551 4120
f 4120 551 550
f 703 702 4109
f 679 678 4107
f 678 677 4107
f 4107 677 676
f 667 4117 668
f 4117 4122 668
f 668 4122 669
f 4122 4123 669
f 669 4123 670
f 4123 4124 670
f 670 4124 671
f 4124 4125 671
f 671 4125 672
f 514 513 4112
f 513 512 4112
f 4112 512 4126
f 512 511 4126
f 4126 511 4127
f 511 510 4127
f 4127 510 4128
f 510 509 4128
f 4128 509 4129
f 509 508 4129
f 4129 508 4130
f 508 507 4130
f 4130 507 4131
f 507 506 4131
f 4131 506 4132
f 506 505 4132
f 4132 505 4133
f 505 504 4133
f 4133 504 4134
f 504 503 4134
f 4134 503 4135
f 503 502 4135
f 4135 502 4136
f 502 501 4136
f 4136 501 4137
f 501 500 4137
f 4137 500 4138
f 500 499 4138
f 4138 499 4115
f 499 498 4115
f 4115 498 497
f 495 494 4115
f 494 493 4115
f 4115 493 492
f 635 535 4111
f 535 534 4111
f 4111 534 533
f 642 641 4111
f 641 640 4111
f 549 548 4120
f 548 547 4120
f 4120 547 4121
f 547 546 4121
f 4121 546 545
f 542 541 4121
f 541 703 4121
f 4121 703 4139
f 703 4109 4139
f 4140 4107 4141
f 4107 4142 4141
f 659 658 4116
f 658 657 4116
f 4116 657 4143
f 657 656 4143
f 4143 656 4144
f 656 655 4144
f 4144 655 4145
f 655 654 4145
f 4145 654 4146
f 654 653 4146
f 4146 653 4147
f 653 652 4147
f 4147 652 4148
f 652 651 4148
f 4148 651 4149
f 651 650 4149
f 4149 650 4150
f 650 649 4150
f 4150 649 4151
f 649 648 4151
f 4151 648 4152
f 648 647 4152
f 4152 647 4153
f 647 646 4153
f 4153 646 4154
f 646 645 4154
f 4154 645 4155
f 645 644 4155
f 4155 644 4111
f 644 643 4111
f 4111 643 642
f 640 639 4111
f 639 638 4111
f 4111 638 637
f 702 701 4109
f 701 700 4109
f 4109 700 699
f 699 698 4109
f 698 697 4109
f 4109 697 696
f 696 695 4109
f 695 694 4109
f 4109 694 693
f 693 692 4109
f 692 691 4109
f 4109 691 690
f 686 685 4107
f 685 684 4107
f 4107 684 683
f 4156 4157 675
f 4157 4158 675
f 675 4158 4159
f 690 689 4109
f 689 688 4109
f 4109 688 4107
f 688 687 4107
f 4107 687 686
f 683 682 4107
f 682 681 4107
f 4107 681 680
f 4125 4160 672
f 4160 4161 672
f 672 4161 673
f 4161 4156 673
f 673 4156 674
f 4156 675 674
f 4159 4162 675
f 4162 4163 675
f 675 4163 4107
f 4163 4164 4107
f 4107 4164 4165
f 4165 4166 4107
f 4166 4167 4107
f 4107 4167 4142
f 4168 4126 4127
f 4126 4168 4112
f 4128 4169 4127
f 4169 4170 4127
f 4127 4170 4168
f 4129 4171 4128
f 4171 4172 4128
f 4128 4172 4169
f 4173 4174 4130
f 4174 4175 4130
f 4130 4175 4129
f 4175 4176 4129
f 4129 4176 4171
f 4177 4178 4131
f 4178 4179 4131
f 4131 4179 4130
f 4179 4180 4130
f 4130 4180 4173
f 4181 4182 4132
f 4182 4183 4132
f 4132 4183 4131
f 4183 4184 4131
f 4131 4184 4177
f 4185 4186 4132
f 4186 4187 4132
f 4132 4187 4181
f 4188 4189 4133
f 4189 4190 4133
f 4133 4190 4132
f 4190 4191 4132
f 4132 4191 4185
f 4135 4192 4134
f 4192 4193 4134
f 4134 4193 4194
f 4194 4195 4134
f 4195 4196 4134
f 4134 4196 4133
f 4196 4197 4133
f 4133 4197 4188
f 4198 4199 4136
f 4199 4200 4136
f 4136 4200 4135
f 4200 4201 4135
f 4135 4201 4192
f 4115 4202 4138
f 4202 4198 4138
f 4138 4198 4137
f 4198 4136 4137
f 4203 4143 4144
f 4143 4203 4116
f 4145 4204 4144
f 4204 4205 4144
f 4144 4205 4203
f 4146 4206 4145
f 4206 4207 4145
f 4145 4207 4204
f 4208 4209 4147
f 4209 4210 4147
f 4147 4210 4146
f 4210 4211 4146
f 4146 4211 4206
f 4212 4213 4148
f 4213 4214 4148
f 4148 4214 4147
f 4214 4215 4147
f 4147 4215 4208
f 4216 4217 4149
f 4217 4218 4149
f 4149 4218 4148
f 4218 4219 4148
f 4148 4219 4212
f 4220 4221 4149
f 4221 4222 4149
f 4149 4222 4216
f 4223 4224 4150
f 4224 4225 4150
f 4150 4225 4149
f 4225 4226 4149
f 4149 4226 4220
f 4152 4227 4151
f 4227 4228 4151
f 4151 4228 4229
f 4229 4230 4151
f 4230 4231 4151
f 4151 4231 4150
f 4231 4232 4150
f 4150 4232 4223
f 4233 4234 4153
f 4234 4235 4153
f 4153 4235 4152
f 4235 4236 4152
f 4152 4236 4227
f 4111 4237 4155
f 4237 4233 4155
f 4155 4233 4154
f 4233 4153 4154
f 4113 4238 4239
f 4114 4113 4239
f 4237 4111 4112
f 4218 4217 4240
f 4186 4185 4239
f 4185 4191 4239
f 4239 4191 4190
f 4217 4216 4240
f 4216 4222 4240
f 4240 4222 4221
f 4186 4239 4187
f 4239 4240 4187
f 4187 4240 4181
f 4240 4221 4181
f 4181 4221 4182
f 4115 4114 4202
f 4114 4239 4202
f 4239 4201 4200
f 4240 4118 4116
f 4200 4199 4239
f 4199 4198 4239
f 4239 4198 4202
f 4213 4212 4240
f 4212 4219 4240
f 4240 4219 4218
f 4112 4226 4225
f 4190 4189 4239
f 4189 4188 4239
f 4239 4188 4197
f 4177 4184 4221
f 4184 4183 4221
f 4221 4183 4182
f 4116 4203 4240
f 4203 4205 4240
f 4240 4205 4204
f 4204 4207 4240
f 4207 4206 4240
f 4240 4206 4211
f 4112 4229 4228
f 4228 4227 4112
f 4227 4236 4112
f 4112 4236 4235
f 4169 4172 4221
f 4225 4224 4112
f 4224 4223 4112
f 4112 4223 4232
f 4235 4234 4112
f 4234 4233 4112
f 4112 4233 4237
f 4197 4196 4239
f 4196 4195 4239
f 4239 4195 4194
f 4208 4215 4240
f 4215 4214 4240
f 4240 4214 4213
f 4226 4112 4220
f 4112 4168 4220
f 4220 4168 4221
f 4168 4170 4221
f 4221 4170 4169
f 4232 4231 4112
f 4231 4230 4112
f 4112 4230 4229
f 4194 4193 4239
f 4193 4192 4239
f 4239 4192 4201
f 4172 4171 4221
f 4171 4176 4221
f 4221 4176 4175
f 4180 4179 4221
f 4179 4178 4221
f 4221 4178 4177
f 4211 4210 4240
f 4210 4209 4240
f 4240 4209 4208
f 4175 4174 4221
f 4174 4173 4221
f 4221 4173 4180
f 1683 1685 400
f 1685 1687 400
f 400 1669 1671
f 1687 1689 400
f 1689 1691 400
f 400 1691 401
f 1691 1693 401
f 401 1693 1695
f 1671 1673 400
f 1673 1675 400
f 400 1675 1677
f 1677 1679 400
f 1679 1681 400
f 400 1681 1683
f 4240 1603 1605
f 4240 1611 1613
f 4241 1647 4242
f 1647 1649 4242
f 4242 1649 4243
f 1649 1651 4243
f 4243 1651 4244
f 1651 1653 4244
f 4244 1653 4245
f 1653 1655 4245
f 4245 1655 4246
f 1655 1657 4246
f 4246 1657 4247
f 1657 1659 4247
f 4247 1659 4248
f 1659 1661 4248
f 1661 1663 4248
f 1663 1665 4248
f 4248 1665 400
f 1665 1667 400
f 400 1667 1669
f 4249 1591 1593
f 1597 1599 4240
f 1599 1601 4240
f 4240 1601 1603
f 1605 1607 4240
f 1607 1609 4240
f 4240 1609 1611
f 1619 4250 1617
f 4250 4240 1617
f 1617 4240 1615
f 4240 1613 1615
f 1619 1621 4250
f 1621 1623 4250
f 4250 1623 4251
f 1623 1625 4251
f 4251 1625 4252
f 1625 1627 4252
f 4252 1627 4253
f 1627 1629 4253
f 4253 1629 4254
f 1629 1631 4254
f 4254 1631 4255
f 1631 1633 4255
f 4255 1633 4256
f 1633 1635 4256
f 4256 1635 4257
f 1635 1637 4257
f 4257 1637 4258
f 1637 1639 4258
f 4258 1639 4259
f 1639 1641 4259
f 4259 1641 4260
f 1641 1643 4260
f 4260 1643 4241
f 1643 1645 4241
f 4241 1645 1647
f 1695 1553 401
f 1553 1555 401
f 401 1555 4261
f 1555 1557 4261
f 4261 1557 4262
f 1557 1559 4262
f 4262 1559 4263
f 1559 1561 4263
f 4263 1561 4264
f 1561 1563 4264
f 4264 1563 4265
f 1563 1565 4265
f 4265 1565 4266
f 1565 1567 4266
f 4266 1567 4267
f 1567 1569 4267
f 4267 1569 4268
f 1569 1571 4268
f 4268 1571 4269
f 1571 1573 4269
f 4269 1573 4270
f 1573 1575 4270
f 4270 1575 4271
f 4249 1593 4240
f 1593 1595 4240
f 4240 1595 1597
f 4271 1575 4272
f 1575 1577 4272
f 4272 1577 4273
f 1577 1579 4273
f 4273 1579 4274
f 1579 1581 4274
f 4274 1581 4275
f 1581 1583 4275
f 4275 1583 4276
f 1583 1585 4276
f 4276 1585 4277
f 1585 1587 4277
f 4277 1587 4249
f 1587 1589 4249
f 4249 1589 1591
f 4117 4250 4122
f 4250 4251 4122
f 4122 4251 4123
f 4251 4252 4123
f 4123 4252 4124
f 4252 4253 4124
f 4124 4253 4125
f 4253 4254 4125
f 4125 4254 4160
f 4254 4255 4160
f 4160 4255 4161
f 4255 4256 4161
f 4161 4256 4156
f 4256 4257 4156
f 4156 4257 4157
f 4257 4258 4157
f 4157 4258 4158
f 4258 4259 4158
f 4158 4259 4159
f 4259 4260 4159
f 4159 4260 4162
f 4260 4241 4162
f 4162 4241 4163
f 4241 4242 4163
f 4163 4242 4164
f 4242 4243 4164
f 4164 4243 4165
f 4243 4244 4165
f 4165 4244 4166
f 4244 4245 4166
f 4166 4245 4167
f 4245 4246 4167
f 4167 4246 4142
f 4246 4247 4142
f 4142 4247 4141
f 4247 4248 4141
f 400 4140 4248
f 4140 4141 4248
f 4250 4117 4240
f 4117 4118 4240
f 4278 4279 4280
f 4279 4281 4280
f 4282 4283 4284
f 4283 4285 4284
f 4284 4285 4286
f 4287 4288 4284
f 4288 4282 4284
f 4289 4290 4287
f 4290 4288 4287
f 4291 1017 4292
f 1017 1007 4292
f 4249 1000 1114
f 4249 1114 4277
f 1114 1112 4277
f 4277 1112 4276
f 1112 1111 4276
f 4276 1111 4275
f 1111 1108 4275
f 4275 1108 4274
f 1108 1104 4274
f 4274 1104 4273
f 1104 1101 4273
f 4273 1101 4272
f 1101 1098 4272
f 4272 1098 4271
f 1098 1095 4271
f 4271 1095 4270
f 1095 1092 4270
f 4270 1092 4269
f 1092 1089 4269
f 4269 1089 4268
f 1089 1086 4268
f 4268 1086 4267
f 1086 1083 4267
f 4267 1083 4266
f 1083 1080 4266
f 4266 1080 4265
f 1080 1077 4265
f 4265 1077 4264
f 1077 1074 4264
f 4264 1074 4263
f 1074 1071 4263
f 4263 1071 4262
f 1071 1068 4262
f 4262 1068 4261
f 1068 402 4261
f 4261 402 401
f 4279 4278 4293
f 4279 4293 4239
f 4293 1007 4239
f 4239 1007 4240
f 1007 1000 4240
f 4240 1000 4249
f 4285 4283 4294
f 4285 4294 4286
f 4291 4292 4295
f 4292 4296 4295
f 4295 4296 4297
f 4296 4298 4297
f 4297 4298 4299
f 4298 4300 4299
f 4299 4300 4301
f 4300 4302 4301
f 4301 4302 4294
f 4302 4303 4294
f 4294 4303 4286
f 1710 1709 3016
f 3016 1760 1759
f 1710 3016 2806
f 2698 3016 2680
f 3016 2662 2680
f 1759 2626 3016
f 2626 2644 3016
f 3016 2644 2662
f 2698 2716 3016
f 2716 2734 3016
f 3016 2734 2752
f 2752 2770 3016
f 2770 2788 3016
f 3016 2788 2806
f 1734 1733 3019
f 1733 2230 3019
f 2230 2248 3019
f 2248 2266 3019
f 3019 2266 2284
f 2284 2302 3019
f 2302 2320 3019
f 3019 2320 2338
f 2338 2356 3019
f 2356 2374 3019
f 3019 2374 2392
f 2392 2410 3019
f 2410 1735 3019
f 3019 1735 1737
f 1748 1750 3023
f 3023 1747 1746
f 1746 2428 3023
f 2428 2446 3023
f 3023 2446 2464
f 2464 2482 3023
f 2482 2500 3023
f 3023 2500 2518
f 2518 2536 3023
f 2536 2554 3023
f 3023 2554 2572
f 2572 2590 3023
f 2590 2608 3023
f 3023 2608 1748
f 4304 4305 4306
f 4305 4304 4307
f 4308 4309 4306
f 4309 4310 4306
f 4306 4310 4304
f 4311 4312 4308
f 4312 4313 4308
f 4308 4313 4309
f 4314 4315 4316
f 4315 4317 4316
f 4316 4317 4311
f 4317 4318 4311
f 4311 4318 4312
f 4319 4320 4321
f 4320 4322 4321
f 4321 4322 4316
f 4322 4323 4316
f 4316 4323 4314
f 4324 4325 4326
f 4325 4327 4326
f 4326 4327 4321
f 4327 4328 4321
f 4321 4328 4319
f 4329 4330 4326
f 4330 4331 4326
f 4326 4331 4324
f 4332 4333 4334
f 4333 4335 4334
f 4334 4335 4326
f 4335 4336 4326
f 4326 4336 4329
f 4337 4338 4339
f 4338 4340 4339
f 4339 4340 4341
f 4341 4342 4339
f 4342 4343 4339
f 4339 4343 4334
f 4343 4344 4334
f 4334 4344 4332
f 4345 4346 4347
f 4346 4348 4347
f 4347 4348 4337
f 4348 4349 4337
f 4337 4349 4338
f 4350 4351 4352
f 4351 4345 4352
f 4352 4345 4353
f 4345 4347 4353
f 4354 4355 4356
f 4357 4358 4359
f 4358 4360 4359
f 4359 4360 4356
f 4360 4361 4356
f 4356 4361 4354
f 4362 4363 4364
f 4363 4365 4364
f 4364 4365 4359
f 4365 4366 4359
f 4359 4366 4357
f 4367 4368 4369
f 4368 4370 4369
f 4369 4370 4364
f 4370 4371 4364
f 4364 4371 4362
f 4369 4372 4373
f 4373 4374 4369
f 4374 4375 4369
f 4369 4375 4367
f 4376 4377 4378
f 4378 4379 4376
f 4379 4380 4376
f 4376 4380 4369
f 4380 4381 4369
f 4369 4381 4372
f 4382 4383 4384
f 4383 4385 4384
f 4382 4386 4383
f 4386 4387 4383
f 4383 4387 4377
f 4387 4388 4377
f 4377 4388 4378
f 4389 4390 4385
f 4390 4391 4385
f 4385 4391 4384
f 4392 4393 4389
f 4393 4394 4389
f 4389 4394 4390
f 4395 4396 4392
f 4396 4397 4392
f 4392 4397 4393
f 4398 4399 4400
f 4400 4401 4398
f 4401 4402 4398
f 4398 4402 4395
f 4402 4403 4395
f 4395 4403 4396
f 4399 4398 4404
f 4398 4405 4404
f 4404 4405 4406
f 4406 4405 4407
f 4405 4408 4407
f 4407 4408 4409
f 4409 4408 4410
f 4408 4411 4410
f 4410 4411 4412
f 4412 4411 4413
f 4411 4414 4413
f 4413 4414 4415
f 4415 4414 4416
f 4414 4417 4416
f 4416 4417 4418
f 4418 4417 4419
f 4417 4420 4419
f 4419 4420 4421
f 4422 4423 4420
f 4423 4424 4420
f 4420 4424 4421
f 4425 4426 4422
f 4426 4427 4422
f 4422 4427 4423
f 4428 4429 4430
f 4429 4431 4430
f 4430 4431 4425
f 4431 4432 4425
f 4425 4432 4426
f 4433 4434 4435
f 4434 4436 4435
f 4435 4436 4430
f 4436 4437 4430
f 4430 4437 4428
f 4438 4439 4435
f 4439 4440 4435
f 4435 4440 4433
f 4441 4442 4443
f 4442 4444 4443
f 4443 4444 4435
f 4444 4445 4435
f 4435 4445 4438
f 4446 4447 4448
f 4447 4449 4448
f 4448 4449 4450
f 4450 4451 4448
f 4451 4452 4448
f 4448 4452 4443
f 4452 4453 4443
f 4443 4453 4441
f 4454 4455 4456
f 4455 4457 4456
f 4456 4457 4446
f 4457 4458 4446
f 4446 4458 4447
f 4459 4460 4461
f 4460 4454 4461
f 4461 4454 4462
f 4454 4456 4462
f 4463 4464 4465
f 4464 4466 4465
f 4467 4468 4469
f 4468 4470 4469
f 4471 4472 4473
f 4472 4474 4473
f 4475 4476 4477
f 4476 4478 4477
f 4467 4469 4479
f 4469 4480 4479
f 4474 4472 4481
f 4472 4482 4481
f 4463 4465 4482
f 4465 4479 4482
f 4482 4479 4481
f 4479 4480 4481
f 4481 4480 4476
f 4480 4478 4476
f 367 4483 4464
f 4483 4484 4464
f 4464 4484 4485
f 367 4464 364
f 4464 4463 364
f 364 4463 4482
f 4475 4486 4487
f 4487 4488 4475
f 4488 4489 4475
f 4475 4489 4476
f 4489 4490 4476
f 4476 4490 4481
f 357 4477 340
f 4477 4478 340
f 340 4478 4480
f 357 4491 4477
f 4491 4492 4477
f 4477 4492 4493
f 4466 4494 4495
f 4495 4496 4466
f 4496 319 4466
f 4466 319 4465
f 319 316 4465
f 4465 316 4479
f 314 4497 4468
f 4497 4498 4468
f 4468 4498 4499
f 314 4468 316
f 4468 4467 316
f 316 4467 4479
f 4470 4500 4501
f 4501 4502 4470
f 4502 337 4470
f 4470 337 4469
f 337 340 4469
f 4469 340 4480
f 4471 4503 4504
f 4504 4505 4471
f 4505 368 4471
f 4471 368 4472
f 368 364 4472
f 4472 364 4482
f 4506 4473 4490
f 4473 4474 4490
f 4490 4474 4481
f 4506 4507 4473
f 4507 4508 4473
f 4473 4508 4509
f 4510 4486 4475
f 4510 4475 4511
f 4493 4512 4477
f 4512 4513 4477
f 4477 4513 4475
f 4513 4514 4475
f 4475 4514 4511
f 4485 4515 4464
f 4515 4516 4464
f 4516 4517 4464
f 4517 4518 4464
f 4464 4518 4466
f 4518 4519 4466
f 4466 4519 4494
f 4499 4520 4468
f 4520 4521 4468
f 4521 4522 4468
f 4522 4523 4468
f 4468 4523 4470
f 4523 4524 4470
f 4470 4524 4500
f 4525 4503 4471
f 4525 4471 4526
f 4509 4527 4473
f 4527 4528 4473
f 4473 4528 4471
f 4528 4529 4471
f 4471 4529 4526
f 4490 4489 4530
f 4531 4532 4490
f 4532 4533 4490
f 4533 4534 4490
f 4490 4534 4506
f 4530 4535 4490
f 4535 4536 4490
f 4490 4536 4537
f 4538 4539 4490
f 4539 4540 4490
f 4490 4540 4531
f 4537 4541 4490
f 4541 4542 4490
f 4490 4542 4538
f 4494 4519 4543
f 4503 4525 4544
f 4486 4510 4545
f 4500 4524 4546
f 313 4547 314
f 4547 4497 314
f 4497 4547 4498
f 4547 4548 4498
f 4498 4548 4499
f 4549 4550 4501
f 4501 4550 4502
f 4550 339 4502
f 4502 339 337
f 357 355 4491
f 355 4551 4491
f 4552 4493 4551
f 4493 4492 4551
f 4551 4492 4491
f 4553 4554 4487
f 4487 4554 4488
f 4554 4530 4488
f 4488 4530 4489
f 4506 4534 4507
f 4534 4555 4507
f 4556 4509 4555
f 4509 4508 4555
f 4555 4508 4507
f 4557 4558 4504
f 4504 4558 4505
f 4558 370 4505
f 4505 370 368
f 366 4559 367
f 4559 4483 367
f 4483 4559 4484
f 4559 4560 4484
f 4484 4560 4485
f 4561 4562 4495
f 4495 4562 4496
f 4562 320 4496
f 4496 320 319
f 4563 4564 4565
f 4564 4566 4565
f 4565 4566 4567
f 4566 4568 4567
f 4567 4568 4569
f 4568 4570 4569
f 4569 4570 4571
f 4570 4572 4571
f 4571 4572 4573
f 4572 4574 4573
f 4573 4574 4575
f 4574 4576 4575
f 4575 4576 4577
f 4576 4578 4577
f 4577 4578 4579
f 4578 4580 4579
f 4579 4580 4581
f 4580 4582 4581
f 4581 4582 4583
f 4582 4584 4583
f 4583 4584 4585
f 4584 4586 4585
f 4585 4586 4587
f 4586 4588 4587
f 4587 4588 4589
f 4588 4590 4589
f 4589 4590 4591
f 4590 4592 4591
f 4591 4592 4593
f 4592 4594 4593
f 4593 4594 4595
f 4594 4596 4595
f 4595 4596 4514
f 4596 4511 4514
f 4564 4597 4566
f 4597 4598 4566
f 4566 4598 4568
f 4598 4599 4568
f 4568 4599 4570
f 4599 4600 4570
f 4570 4600 4572
f 4600 4601 4572
f 4572 4601 4574
f 4601 4602 4574
f 4574 4602 4576
f 4602 4603 4576
f 4576 4603 4578
f 4603 4604 4578
f 4578 4604 4580
f 4604 4605 4580
f 4580 4605 4582
f 4605 4606 4582
f 4582 4606 4584
f 4606 4607 4584
f 4584 4607 4586
f 4607 4608 4586
f 4586 4608 4588
f 4608 4609 4588
f 4588 4609 4590
f 4609 4610 4590
f 4590 4610 4592
f 4610 4611 4592
f 4592 4611 4594
f 4611 4612 4594
f 4594 4612 4596
f 4612 4545 4596
f 4596 4545 4511
f 4545 4510 4511
f 4597 4613 4598
f 4613 4614 4598
f 4598 4614 4599
f 4614 4615 4599
f 4599 4615 4600
f 4615 4616 4600
f 4600 4616 4601
f 4616 4617 4601
f 4601 4617 4602
f 4617 4618 4602
f 4602 4618 4603
f 4618 4619 4603
f 4603 4619 4604
f 4619 4620 4604
f 4604 4620 4605
f 4620 4621 4605
f 4605 4621 4606
f 4621 4622 4606
f 4606 4622 4607
f 4622 4623 4607
f 4607 4623 4608
f 4623 4624 4608
f 4608 4624 4609
f 4624 4625 4609
f 4609 4625 4610
f 4625 4626 4610
f 4610 4626 4611
f 4626 4627 4611
f 4611 4627 4612
f 4627 4628 4612
f 4612 4628 4545
f 4628 4553 4545
f 4545 4553 4486
f 4553 4487 4486
f 4629 4630 4631
f 4630 4632 4631
f 4631 4632 4633
f 4632 4634 4633
f 4633 4634 4635
f 4634 4636 4635
f 4635 4636 4637
f 4636 4638 4637
f 4637 4638 4639
f 4638 4640 4639
f 4639 4640 4641
f 4640 4642 4641
f 4641 4642 4643
f 4642 4644 4643
f 4643 4644 4645
f 4644 4646 4645
f 4645 4646 4647
f 4646 4648 4647
f 4647 4648 4649
f 4648 4650 4649
f 4649 4650 4651
f 4650 4652 4651
f 4651 4652 4653
f 4652 4654 4653
f 4653 4654 4655
f 4654 4656 4655
f 4655 4656 4657
f 4656 4658 4657
f 4657 4658 4659
f 4658 4660 4659
f 4659 4660 4556
f 4660 4661 4556
f 4556 4661 4509
f 4661 4527 4509
f 4630 4662 4632
f 4662 4663 4632
f 4632 4663 4634
f 4663 4664 4634
f 4634 4664 4636
f 4664 4665 4636
f 4636 4665 4638
f 4665 4666 4638
f 4638 4666 4640
f 4666 4667 4640
f 4640 4667 4642
f 4667 4668 4642
f 4642 4668 4644
f 4668 4669 4644
f 4644 4669 4646
f 4669 4670 4646
f 4646 4670 4648
f 4670 4671 4648
f 4648 4671 4650
f 4671 4672 4650
f 4650 4672 4652
f 4672 4673 4652
f 4652 4673 4654
f 4673 4674 4654
f 4654 4674 4656
f 4674 4675 4656
f 4656 4675 4658
f 4675 4676 4658
f 4658 4676 4660
f 4676 4677 4660
f 4660 4677 4661
f 4677 4678 4661
f 4661 4678 4527
f 4678 4528 4527
f 4662 4679 4663
f 4679 4680 4663
f 4663 4680 4664
f 4680 4681 4664
f 4664 4681 4665
f 4681 4682 4665
f 4665 4682 4666
f 4682 4683 4666
f 4666 4683 4667
f 4683 4684 4667
f 4667 4684 4668
f 4684 4685 4668
f 4668 4685 4669
f 4685 4686 4669
f 4669 4686 4670
f 4686 4687 4670
f 4670 4687 4671
f 4687 4688 4671
f 4671 4688 4672
f 4688 4689 4672
f 4672 4689 4673
f 4689 4690 4673
f 4673 4690 4674
f 4690 4691 4674
f 4674 4691 4675
f 4691 4692 4675
f 4675 4692 4676
f 4692 4693 4676
f 4676 4693 4677
f 4693 4694 4677
f 4677 4694 4678
f 4694 4695 4678
f 4678 4695 4528
f 4695 4529 4528
f 4679 4696 4680
f 4696 4697 4680
f 4680 4697 4681
f 4697 4698 4681
f 4681 4698 4682
f 4698 4699 4682
f 4682 4699 4683
f 4699 4700 4683
f 4683 4700 4684
f 4700 4701 4684
f 4684 4701 4685
f 4701 4702 4685
f 4685 4702 4686
f 4702 4703 4686
f 4686 4703 4687
f 4703 4704 4687
f 4687 4704 4688
f 4704 4705 4688
f 4688 4705 4689
f 4705 4706 4689
f 4689 4706 4690
f 4706 4707 4690
f 4690 4707 4691
f 4707 4708 4691
f 4691 4708 4692
f 4708 4709 4692
f 4692 4709 4693
f 4709 4710 4693
f 4693 4710 4694
f 4710 4711 4694
f 4694 4711 4695
f 4711 4712 4695
f 4695 4712 4529
f 4712 4526 4529
f 4696 4713 4697
f 4713 4714 4697
f 4697 4714 4698
f 4714 4715 4698
f 4698 4715 4699
f 4715 4716 4699
f 4699 4716 4700
f 4716 4717 4700
f 4700 4717 4701
f 4717 4718 4701
f 4701 4718 4702
f 4718 4719 4702
f 4702 4719 4703
f 4719 4720 4703
f 4703 4720 4704
f 4720 4721 4704
f 4704 4721 4705
f 4721 4722 4705
f 4705 4722 4706
f 4722 4723 4706
f 4706 4723 4707
f 4723 4724 4707
f 4707 4724 4708
f 4724 4725 4708
f 4708 4725 4709
f 4725 4726 4709
f 4709 4726 4710
f 4726 4727 4710
f 4710 4727 4711
f 4727 4728 4711
f 4711 4728 4712
f 4728 4544 4712
f 4712 4544 4526
f 4544 4525 4526
f 4713 4729 4714
f 4729 4730 4714
f 4714 4730 4715
f 4730 4731 4715
f 4715 4731 4716
f 4731 4732 4716
f 4716 4732 4717
f 4732 4733 4717
f 4717 4733 4718
f 4733 4734 4718
f 4718 4734 4719
f 4734 4735 4719
f 4719 4735 4720
f 4735 4736 4720
f 4720 4736 4721
f 4736 4737 4721
f 4721 4737 4722
f 4737 4738 4722
f 4722 4738 4723
f 4738 4739 4723
f 4723 4739 4724
f 4739 4740 4724
f 4724 4740 4725
f 4740 4741 4725
f 4725 4741 4726
f 4741 4742 4726
f 4726 4742 4727
f 4742 4743 4727
f 4727 4743 4728
f 4743 4744 4728
f 4728 4744 4544
f 4744 4557 4544
f 4544 4557 4503
f 4557 4504 4503
f 4745 4746 4747
f 4746 4748 4747
f 4747 4748 4749
f 4748 4750 4749
f 4749 4750 4751
f 4750 4752 4751
f 4751 4752 4753
f 4752 4754 4753
f 4753 4754 4755
f 4754 4756 4755
f 4755 4756 4757
f 4756 4758 4757
f 4757 4758 4759
f 4758 4760 4759
f 4759 4760 4761
f 4760 4762 4761
f 4761 4762 4763
f 4762 4764 4763
f 4763 4764 4765
f 4764 4766 4765
f 4765 4766 4767
f 4766 4768 4767
f 4767 4768 4769
f 4768 4770 4769
f 4769 4770 4771
f 4770 4772 4771
f 4771 4772 4773
f 4772 4774 4773
f 4773 4774 4775
f 4774 4776 4775
f 4775 4776 4560
f 4776 4777 4560
f 4560 4777 4485
f 4777 4515 4485
f 4746 4778 4748
f 4778 4779 4748
f 4748 4779 4750
f 4779 4780 4750
f 4750 4780 4752
f 4780 4781 4752
f 4752 4781 4754
f 4781 4782 4754
f 4754 4782 4756
f 4782 4783 4756
f 4756 4783 4758
f 4783 4784 4758
f 4758 4784 4760
f 4784 4785 4760
f 4760 4785 4762
f 4785 4786 4762
f 4762 4786 4764
f 4786 4787 4764
f 4764 4787 4766
f 4787 4788 4766
f 4766 4788 4768
f 4788 4789 4768
f 4768 4789 4770
f 4789 4790 4770
f 4770 4790 4772
f 4790 4791 4772
f 4772 4791 4774
f 4791 4792 4774
f 4774 4792 4776
f 4792 4793 4776
f 4776 4793 4777
f 4793 4794 4777
f 4777 4794 4515
f 4794 4516 4515
f 4778 4795 4779
f 4795 4796 4779
f 4779 4796 4780
f 4796 4797 4780
f 4780 4797 4781
f 4797 4798 4781
f 4781 4798 4782
f 4798 4799 4782
f 4782 4799 4783
f 4799 4800 4783
f 4783 4800 4784
f 4800 4801 4784
f 4784 4801 4785
f 4801 4802 4785
f 4785 4802 4786
f 4802 4803 4786
f 4786 4803 4787
f 4803 4804 4787
f 4787 4804 4788
f 4804 4805 4788
f 4788 4805 4789
f 4805 4806 4789
f 4789 4806 4790
f 4806 4807 4790
f 4790 4807 4791
f 4807 4808 4791
f 4791 4808 4792
f 4808 4809 4792
f 4792 4809 4793
f 4809 4810 4793
f 4793 4810 4794
f 4810 4811 4794
f 4794 4811 4516
f 4811 4517 4516
f 4795 4812 4796
f 4812 4813 4796
f 4796 4813 4797
f 4813 4814 4797
f 4797 4814 4798
f 4814 4815 4798
f 4798 4815 4799
f 4815 4816 4799
f 4799 4816 4800
f 4816 4817 4800
f 4800 4817 4801
f 4817 4818 4801
f 4801 4818 4802
f 4818 4819 4802
f 4802 4819 4803
f 4819 4820 4803
f 4803 4820 4804
f 4820 4821 4804
f 4804 4821 4805
f 4821 4822 4805
f 4805 4822 4806
f 4822 4823 4806
f 4806 4823 4807
f 4823 4824 4807
f 4807 4824 4808
f 4824 4825 4808
f 4808 4825 4809
f 4825 4826 4809
f 4809 4826 4810
f 4826 4827 4810
f 4810 4827 4811
f 4827 4828 4811
f 4811 4828 4517
f 4828 4518 4517
f 4812 4829 4813
f 4829 4830 4813
f 4813 4830 4814
f 4830 4831 4814
f 4814 4831 4815
f 4831 4832 4815
f 4815 4832 4816
f 4832 4833 4816
f 4816 4833 4817
f 4833 4834 4817
f 4817 4834 4818
f 4834 4835 4818
f 4818 4835 4819
f 4835 4836 4819
f 4819 4836 4820
f 4836 4837 4820
f 4820 4837 4821
f 4837 4838 4821
f 4821 4838 4822
f 4838 4839 4822
f 4822 4839 4823
f 4839 4840 4823
f 4823 4840 4824
f 4840 4841 4824
f 4824 4841 4825
f 4841 4842 4825
f 4825 4842 4826
f 4842 4843 4826
f 4826 4843 4827
f 4843 4844 4827
f 4827 4844 4828
f 4844 4543 4828
f 4828 4543 4518
f 4543 4519 4518
f 4829 4845 4830
f 4845 4846 4830
f 4830 4846 4831
f 4846 4847 4831
f 4831 4847 4832
f 4847 4848 4832
f 4832 4848 4833
f 4848 4849 4833
f 4833 4849 4834
f 4849 4850 4834
f 4834 4850 4835
f 4850 4851 4835
f 4835 4851 4836
f 4851 4852 4836
f 4836 4852 4837
f 4852 4853 4837
f 4837 4853 4838
f 4853 4854 4838
f 4838 4854 4839
f 4854 4855 4839
f 4839 4855 4840
f 4855 4856 4840
f 4840 4856 4841
f 4856 4857 4841
f 4841 4857 4842
f 4857 4858 4842
f 4842 4858 4843
f 4858 4859 4843
f 4843 4859 4844
f 4859 4860 4844
f 4844 4860 4543
f 4860 4561 4543
f 4543 4561 4494
f 4561 4495 4494
f 4861 4862 4863
f 4862 4864 4863
f 4863 4864 4865
f 4864 4866 4865
f 4865 4866 4867
f 4866 4868 4867
f 4867 4868 4869
f 4868 4870 4869
f 4869 4870 4871
f 4870 4872 4871
f 4871 4872 4873
f 4872 4874 4873
f 4873 4874 4875
f 4874 4876 4875
f 4875 4876 4877
f 4876 4878 4877
f 4877 4878 4879
f 4878 4880 4879
f 4879 4880 4881
f 4880 4882 4881
f 4881 4882 4883
f 4882 4884 4883
f 4883 4884 4885
f 4884 4886 4885
f 4885 4886 4887
f 4886 4888 4887
f 4887 4888 4889
f 4888 4890 4889
f 4889 4890 4891
f 4890 4892 4891
f 4891 4892 4548
f 4892 4893 4548
f 4548 4893 4499
f 4893 4520 4499
f 4862 4894 4864
f 4894 4895 4864
f 4864 4895 4866
f 4895 4896 4866
f 4866 4896 4868
f 4896 4897 4868
f 4868 4897 4870
f 4897 4898 4870
f 4870 4898 4872
f 4898 4899 4872
f 4872 4899 4874
f 4899 4900 4874
f 4874 4900 4876
f 4900 4901 4876
f 4876 4901 4878
f 4901 4902 4878
f 4878 4902 4880
f 4902 4903 4880
f 4880 4903 4882
f 4903 4904 4882
f 4882 4904 4884
f 4904 4905 4884
f 4884 4905 4886
f 4905 4906 4886
f 4886 4906 4888
f 4906 4907 4888
f 4888 4907 4890
f 4907 4908 4890
f 4890 4908 4892
f 4908 4909 4892
f 4892 4909 4893
f 4909 4910 4893
f 4893 4910 4520
f 4910 4521 4520
f 4894 4911 4895
f 4911 4912 4895
f 4895 4912 4896
f 4912 4913 4896
f 4896 4913 4897
f 4913 4914 4897
f 4897 4914 4898
f 4914 4915 4898
f 4898 4915 4899
f 4915 4916 4899
f 4899 4916 4900
f 4916 4917 4900
f 4900 4917 4901
f 4917 4918 4901
f 4901 4918 4902
f 4918 4919 4902
f 4902 4919 4903
f 4919 4920 4903
f 4903 4920 4904
f 4920 4921 4904
f 4904 4921 4905
f 4921 4922 4905
f 4905 4922 4906
f 4922 4923 4906
f 4906 4923 4907
f 4923 4924 4907
f 4907 4924 4908
f 4924 4925 4908
f 4908 4925 4909
f 4925 4926 4909
f 4909 4926 4910
f 4926 4927 4910
f 4910 4927 4521
f 4927 4522 4521
f 4911 4928 4912
f 4928 4929 4912
f 4912 4929 4913
f 4929 4930 4913
f 4913 4930 4914
f 4930 4931 4914
f 4914 4931 4915
f 4931 4932 4915
f 4915 4932 4916
f 4932 4933 4916
f 4916 4933 4917
f 4933 4934 4917
f 4917 4934 4918
f 4934 4935 4918
f 4918 4935 4919
f 4935 4936 4919
f 4919 4936 4920
f 4936 4937 4920
f 4920 4937 4921
f 4937 4938 4921
f 4921 4938 4922
f 4938 4939 4922
f 4922 4939 4923
f 4939 4940 4923
f 4923 4940 4924
f 4940 4941 4924
f 4924 4941 4925
f 4941 4942 4925
f 4925 4942 4926
f 4942 4943 4926
f 4926 4943 4927
f 4943 4944 4927
f 4927 4944 4522
f 4944 4523 4522
f 4928 4945 4929
f 4945 4946 4929
f 4929 4946 4930
f 4946 4947 4930
f 4930 4947 4931
f 4947 4948 4931
f 4931 4948 4932
f 4948 4949 4932
f 4932 4949 4933
f 4949 4950 4933
f 4933 4950 4934
f 4950 4951 4934
f 4934 4951 4935
f 4951 4952 4935
f 4935 4952 4936
f 4952 4953 4936
f 4936 4953 4937
f 4953 4954 4937
f 4937 4954 4938
f 4954 4955 4938
f 4938 4955 4939
f 4955 4956 4939
f 4939 4956 4940
f 4956 4957 4940
f 4940 4957 4941
f 4957 4958 4941
f 4941 4958 4942
f 4958 4959 4942
f 4942 4959 4943
f 4959 4960 4943
f 4943 4960 4944
f 4960 4546 4944
f 4944 4546 4523
f 4546 4524 4523
f 4945 4961 4946
f 4961 4962 4946
f 4946 4962 4947
f 4962 4963 4947
f 4947 4963 4948
f 4963 4964 4948
f 4948 4964 4949
f 4964 4965 4949
f 4949 4965 4950
f 4965 4966 4950
f 4950 4966 4951
f 4966 4967 4951
f 4951 4967 4952
f 4967 4968 4952
f 4952 4968 4953
f 4968 4969 4953
f 4953 4969 4954
f 4969 4970 4954
f 4954 4970 4955
f 4970 4971 4955
f 4955 4971 4956
f 4971 4972 4956
f 4956 4972 4957
f 4972 4973 4957
f 4957 4973 4958
f 4973 4974 4958
f 4958 4974 4959
f 4974 4975 4959
f 4959 4975 4960
f 4975 4976 4960
f 4960 4976 4546
f 4976 4549 4546
f 4546 4549 4500
f 4549 4501 4500
f 4977 4978 4979
f 4978 4980 4979
f 4979 4980 4981
f 4980 4982 4981
f 4981 4982 4983
f 4982 4984 4983
f 4983 4984 4985
f 4984 4986 4985
f 4985 4986 4987
f 4986 4988 4987
f 4987 4988 4989
f 4988 4990 4989
f 4989 4990 4991
f 4990 4992 4991
f 4991 4992 4993
f 4992 4994 4993
f 4993 4994 4995
f 4994 4996 4995
f 4995 4996 4997
f 4996 4998 4997
f 4997 4998 4999
f 4998 5000 4999
f 4999 5000 5001
f 5000 5002 5001
f 5001 5002 5003
f 5002 5004 5003
f 5003 5004 5005
f 5004 5006 5005
f 5005 5006 5007
f 5006 5008 5007
f 5007 5008 4552
f 5008 5009 4552
f 4552 5009 4493
f 5009 4512 4493
f 4978 5010 4980
f 5010 5011 4980
f 4980 5011 4982
f 5011 5012 4982
f 4982 5012 4984
f 5012 5013 4984
f 4984 5013 4986
f 5013 5014 4986
f 4986 5014 4988
f 5014 5015 4988
f 4988 5015 4990
f 5015 5016 4990
f 4990 5016 4992
f 5016 5017 4992
f 4992 5017 4994
f 5017 5018 4994
f 4994 5018 4996
f 5018 5019 4996
f 4996 5019 4998
f 5019 5020 4998
f 4998 5020 5000
f 5020 5021 5000
f 5000 5021 5002
f 5021 5022 5002
f 5002 5022 5004
f 5022 5023 5004
f 5004 5023 5006
f 5023 5024 5006
f 5006 5024 5008
f 5024 5025 5008
f 5008 5025 5009
f 5025 5026 5009
f 5009 5026 4512
f 5026 4513 4512
f 5010 4563 5011
f 4563 4565 5011
f 5011 4565 5012
f 4565 4567 5012
f 5012 4567 5013
f 4567 4569 5013
f 5013 4569 5014
f 4569 4571 5014
f 5014 4571 5015
f 4571 4573 5015
f 5015 4573 5016
f 4573 4575 5016
f 5016 4575 5017
f 4575 4577 5017
f 5017 4577 5018
f 4577 4579 5018
f 5018 4579 5019
f 4579 4581 5019
f 5019 4581 5020
f 4581 4583 5020
f 5020 4583 5021
f 4583 4585 5021
f 5021 4585 5022
f 4585 4587 5022
f 5022 4587 5023
f 4587 4589 5023
f 5023 4589 5024
f 4589 4591 5024
f 5024 4591 5025
f 4591 4593 5025
f 5025 4593 5026
f 4593 4595 5026
f 5026 4595 4513
f 4595 4514 4513
f 4613 5027 4614
f 5027 5028 4614
f 4614 5028 4615
f 5028 5029 4615
f 4615 5029 4616
f 5029 5030 4616
f 4616 5030 4617
f 5030 5031 4617
f 4617 5031 4618
f 5031 5032 4618
f 4618 5032 4619
f 5032 5033 4619
f 4619 5033 4620
f 5033 5034 4620
f 4620 5034 4621
f 5034 5035 4621
f 4621 5035 4622
f 5035 5036 4622
f 4622 5036 4623
f 5036 5037 4623
f 4623 5037 4624
f 5037 5038 4624
f 4624 5038 4625
f 5038 5039 4625
f 4625 5039 4626
f 5039 5040 4626
f 4626 5040 4627
f 5040 5041 4627
f 4627 5041 4628
f 5041 5042 4628
f 4628 5042 4553
f 5042 5043 4553
f 4553 5043 4554
f 5043 5044 4554
f 4554 5044 4530
f 5044 4535 4530
f 5027 5045 5028
f 5045 5046 5028
f 5028 5046 5029
f 5046 5047 5029
f 5029 5047 5030
f 5047 5048 5030
f 5030 5048 5031
f 5048 5049 5031
f 5031 5049 5032
f 5049 5050 5032
f 5032 5050 5033
f 5050 5051 5033
f 5033 5051 5034
f 5051 5052 5034
f 5034 5052 5035
f 5052 5053 5035
f 5035 5053 5036
f 5053 5054 5036
f 5036 5054 5037
f 5054 5055 5037
f 5037 5055 5038
f 5055 5056 5038
f 5038 5056 5039
f 5056 5057 5039
f 5039 5057 5040
f 5057 5058 5040
f 5040 5058 5041
f 5058 5059 5041
f 5041 5059 5042
f 5059 5060 5042
f 5042 5060 5043
f 5060 5061 5043
f 5043 5061 5044
f 5061 5062 5044
f 5044 5062 4535
f 5062 4536 4535
f 5045 5063 5046
f 5063 5064 5046
f 5046 5064 5047
f 5064 5065 5047
f 5047 5065 5048
f 5065 5066 5048
f 5048 5066 5049
f 5066 5067 5049
f 5049 5067 5050
f 5067 5068 5050
f 5050 5068 5051
f 5068 5069 5051
f 5051 5069 5052
f 5069 5070 5052
f 5052 5070 5053
f 5070 5071 5053
f 5053 5071 5054
f 5071 5072 5054
f 5054 5072 5055
f 5072 5073 5055
f 5055 5073 5056
f 5073 5074 5056
f 5056 5074 5057
f 5074 5075 5057
f 5057 5075 5058
f 5075 5076 5058
f 5058 5076 5059
f 5076 5077 5059
f 5059 5077 5060
f 5077 5078 5060
f 5060 5078 5061
f 5078 5079 5061
f 5061 5079 5062
f 5079 5080 5062
f 5062 5080 4536
f 5080 4537 4536
f 5063 5081 5064
f 5081 5082 5064
f 5064 5082 5065
f 5082 5083 5065
f 5065 5083 5066
f 5083 5084 5066
f 5066 5084 5067
f 5084 5085 5067
f 5067 5085 5068
f 5085 5086 5068
f 5068 5086 5069
f 5086 5087 5069
f 5069 5087 5070
f 5087 5088 5070
f 5070 5088 5071
f 5088 5089 5071
f 5071 5089 5072
f 5089 5090 5072
f 5072 5090 5073
f 5090 5091 5073
f 5073 5091 5074
f 5091 5092 5074
f 5074 5092 5075
f 5092 5093 5075
f 5075 5093 5076
f 5093 5094 5076
f 5076 5094 5077
f 5094 5095 5077
f 5077 5095 5078
f 5095 5096 5078
f 5078 5096 5079
f 5096 5097 5079
f 5079 5097 5080
f 5097 5098 5080
f 5080 5098 4537
f 5098 4541 4537
f 5081 5099 5082
f 5099 5100 5082
f 5082 5100 5083
f 5100 5101 5083
f 5083 5101 5084
f 5101 5102 5084
f 5084 5102 5085
f 5102 5103 5085
f 5085 5103 5086
f 5103 5104 5086
f 5086 5104 5087
f 5104 5105 5087
f 5087 5105 5088
f 5105 5106 5088
f 5088 5106 5089
f 5106 5107 5089
f 5089 5107 5090
f 5107 5108 5090
f 5090 5108 5091
f 5108 5109 5091
f 5091 5109 5092
f 5109 5110 5092
f 5092 5110 5093
f 5110 5111 5093
f 5093 5111 5094
f 5111 5112 5094
f 5094 5112 5095
f 5112 5113 5095
f 5095 5113 5096
f 5113 5114 5096
f 5096 5114 5097
f 5114 5115 5097
f 5097 5115 5098
f 5115 5116 5098
f 5098 5116 4541
f 5116 4542 4541
f 5099 5117 5100
f 5117 5118 5100
f 5100 5118 5101
f 5118 5119 5101
f 5101 5119 5102
f 5119 5120 5102
f 5102 5120 5103
f 5120 5121 5103
f 5103 5121 5104
f 5121 5122 5104
f 5104 5122 5105
f 5122 5123 5105
f 5105 5123 5106
f 5123 5124 5106
f 5106 5124 5107
f 5124 5125 5107
f 5107 5125 5108
f 5125 5126 5108
f 5108 5126 5109
f 5126 5127 5109
f 5109 5127 5110
f 5127 5128 5110
f 5110 5128 5111
f 5128 5129 5111
f 5111 5129 5112
f 5129 5130 5112
f 5112 5130 5113
f 5130 5131 5113
f 5113 5131 5114
f 5131 5132 5114
f 5114 5132 5115
f 5132 5133 5115
f 5115 5133 5116
f 5133 5134 5116
f 5116 5134 4542
f 5134 4538 4542
f 5117 5135 5118
f 5135 5136 5118
f 5118 5136 5119
f 5136 5137 5119
f 5119 5137 5120
f 5137 5138 5120
f 5120 5138 5121
f 5138 5139 5121
f 5121 5139 5122
f 5139 5140 5122
f 5122 5140 5123
f 5140 5141 5123
f 5123 5141 5124
f 5141 5142 5124
f 5124 5142 5125
f 5142 5143 5125
f 5125 5143 5126
f 5143 5144 5126
f 5126 5144 5127
f 5144 5145 5127
f 5127 5145 5128
f 5145 5146 5128
f 5128 5146 5129
f 5146 5147 5129
f 5129 5147 5130
f 5147 5148 5130
f 5130 5148 5131
f 5148 5149 5131
f 5131 5149 5132
f 5149 5150 5132
f 5132 5150 5133
f 5150 5151 5133
f 5133 5151 5134
f 5151 5152 5134
f 5134 5152 4538
f 5152 4539 4538
f 5135 5153 5136
f 5153 5154 5136
f 5136 5154 5137
f 5154 5155 5137
f 5137 5155 5138
f 5155 5156 5138
f 5138 5156 5139
f 5156 5157 5139
f 5139 5157 5140
f 5157 5158 5140
f 5140 5158 5141
f 5158 5159 5141
f 5141 5159 5142
f 5159 5160 5142
f 5142 5160 5143
f 5160 5161 5143
f 5143 5161 5144
f 5161 5162 5144
f 5144 5162 5145
f 5162 5163 5145
f 5145 5163 5146
f 5163 5164 5146
f 5146 5164 5147
f 5164 5165 5147
f 5147 5165 5148
f 5165 5166 5148
f 5148 5166 5149
f 5166 5167 5149
f 5149 5167 5150
f 5167 5168 5150
f 5150 5168 5151
f 5168 5169 5151
f 5151 5169 5152
f 5169 5170 5152
f 5152 5170 4539
f 5170 4540 4539
f 5153 5171 5154
f 5171 5172 5154
f 5154 5172 5155
f 5172 5173 5155
f 5155 5173 5156
f 5173 5174 5156
f 5156 5174 5157
f 5174 5175 5157
f 5157 5175 5158
f 5175 5176 5158
f 5158 5176 5159
f 5176 5177 5159
f 5159 5177 5160
f 5177 5178 5160
f 5160 5178 5161
f 5178 5179 5161
f 5161 5179 5162
f 5179 5180 5162
f 5162 5180 5163
f 5180 5181 5163
f 5163 5181 5164
f 5181 5182 5164
f 5164 5182 5165
f 5182 5183 5165
f 5165 5183 5166
f 5183 5184 5166
f 5166 5184 5167
f 5184 5185 5167
f 5167 5185 5168
f 5185 5186 5168
f 5168 5186 5169
f 5186 5187 5169
f 5169 5187 5170
f 5187 5188 5170
f 5170 5188 4540
f 5188 4531 4540
f 5171 5189 5172
f 5189 5190 5172
f 5172 5190 5173
f 5190 5191 5173
f 5173 5191 5174
f 5191 5192 5174
f 5174 5192 5175
f 5192 5193 5175
f 5175 5193 5176
f 5193 5194 5176
f 5176 5194 5177
f 5194 5195 5177
f 5177 5195 5178
f 5195 5196 5178
f 5178 5196 5179
f 5196 5197 5179
f 5179 5197 5180
f 5197 5198 5180
f 5180 5198 5181
f 5198 5199 5181
f 5181 5199 5182
f 5199 5200 5182
f 5182 5200 5183
f 5200 5201 5183
f 5183 5201 5184
f 5201 5202 5184
f 5184 5202 5185
f 5202 5203 5185
f 5185 5203 5186
f 5203 5204 5186
f 5186 5204 5187
f 5204 5205 5187
f 5187 5205 5188
f 5205 5206 5188
f 5188 5206 4531
f 5206 4532 4531
f 5189 5207 5190
f 5207 5208 5190
f 5190 5208 5191
f 5208 5209 5191
f 5191 5209 5192
f 5209 5210 5192
f 5192 5210 5193
f 5210 5211 5193
f 5193 5211 5194
f 5211 5212 5194
f 5194 5212 5195
f 5212 5213 5195
f 5195 5213 5196
f 5213 5214 5196
f 5196 5214 5197
f 5214 5215 5197
f 5197 5215 5198
f 5215 5216 5198
f 5198 5216 5199
f 5216 5217 5199
f 5199 5217 5200
f 5217 5218 5200
f 5200 5218 5201
f 5218 5219 5201
f 5201 5219 5202
f 5219 5220 5202
f 5202 5220 5203
f 5220 5221 5203
f 5203 5221 5204
f 5221 5222 5204
f 5204 5222 5205
f 5222 5223 5205
f 5205 5223 5206
f 5223 5224 5206
f 5206 5224 4532
f 5224 4533 4532
f 5207 4629 5208
f 4629 4631 5208
f 5208 4631 5209
f 4631 4633 5209
f 5209 4633 5210
f 4633 4635 5210
f 5210 4635 5211
f 4635 4637 5211
f 5211 4637 5212
f 4637 4639 5212
f 5212 4639 5213
f 4639 4641 5213
f 5213 4641 5214
f 4641 4643 5214
f 5214 4643 5215
f 4643 4645 5215
f 5215 4645 5216
f 4645 4647 5216
f 5216 4647 5217
f 4647 4649 5217
f 5217 4649 5218
f 4649 4651 5218
f 5218 4651 5219
f 4651 4653 5219
f 5219 4653 5220
f 4653 4655 5220
f 5220 4655 5221
f 4655 4657 5221
f 5221 4657 5222
f 4657 4659 5222
f 5222 4659 5223
f 4659 4556 5223
f 5223 4556 5224
f 4556 4555 5224
f 5224 4555 4533
f 4555 4534 4533
f 4729 5225 4730
f 5225 5226 4730
f 4730 5226 4731
f 5226 5227 4731
f 4731 5227 4732
f 5227 5228 4732
f 4732 5228 4733
f 5228 5229 4733
f 4733 5229 4734
f 5229 5230 4734
f 4734 5230 4735
f 5230 5231 4735
f 4735 5231 4736
f 5231 5232 4736
f 4736 5232 4737
f 5232 5233 4737
f 4737 5233 4738
f 5233 5234 4738
f 4738 5234 4739
f 5234 5235 4739
f 4739 5235 4740
f 5235 5236 4740
f 4740 5236 4741
f 5236 5237 4741
f 4741 5237 4742
f 5237 5238 4742
f 4742 5238 4743
f 5238 5239 4743
f 4743 5239 4744
f 5239 5240 4744
f 4744 5240 4557
f 5240 5241 4557
f 4557 5241 4558
f 5241 5242 4558
f 4558 5242 370
f 5242 372 370
f 5225 5243 5226
f 5243 5244 5226
f 5226 5244 5227
f 5244 5245 5227
f 5227 5245 5228
f 5245 5246 5228
f 5228 5246 5229
f 5246 5247 5229
f 5229 5247 5230
f 5247 5248 5230
f 5230 5248 5231
f 5248 5249 5231
f 5231 5249 5232
f 5249 5250 5232
f 5232 5250 5233
f 5250 5251 5233
f 5233 5251 5234
f 5251 5252 5234
f 5234 5252 5235
f 5252 5253 5235
f 5235 5253 5236
f 5253 5254 5236
f 5236 5254 5237
f 5254 5255 5237
f 5237 5255 5238
f 5255 5256 5238
f 5238 5256 5239
f 5256 5257 5239
f 5239 5257 5240
f 5257 5258 5240
f 5240 5258 5241
f 5258 5259 5241
f 5241 5259 5242
f 5259 5260 5242
f 5242 5260 372
f 5260 377 372
f 5243 5261 5244
f 5261 5262 5244
f 5244 5262 5245
f 5262 5263 5245
f 5245 5263 5246
f 5263 5264 5246
f 5246 5264 5247
f 5264 5265 5247
f 5247 5265 5248
f 5265 5266 5248
f 5248 5266 5249
f 5266 5267 5249
f 5249 5267 5250
f 5267 5268 5250
f 5250 5268 5251
f 5268 5269 5251
f 5251 5269 5252
f 5269 5270 5252
f 5252 5270 5253
f 5270 5271 5253
f 5253 5271 5254
f 5271 5272 5254
f 5254 5272 5255
f 5272 5273 5255
f 5255 5273 5256
f 5273 5274 5256
f 5256 5274 5257
f 5274 5275 5257
f 5257 5275 5258
f 5275 5276 5258
f 5258 5276 5259
f 5276 5277 5259
f 5259 5277 5260
f 5277 5278 5260
f 5260 5278 377
f 5278 379 377
f 5261 5279 5262
f 5279 5280 5262
f 5262 5280 5263
f 5280 5281 5263
f 5263 5281 5264
f 5281 5282 5264
f 5264 5282 5265
f 5282 5283 5265
f 5265 5283 5266
f 5283 5284 5266
f 5266 5284 5267
f 5284 5285 5267
f 5267 5285 5268
f 5285 5286 5268
f 5268 5286 5269
f 5286 5287 5269
f 5269 5287 5270
f 5287 5288 5270
f 5270 5288 5271
f 5288 5289 5271
f 5271 5289 5272
f 5289 5290 5272
f 5272 5290 5273
f 5290 5291 5273
f 5273 5291 5274
f 5291 5292 5274
f 5274 5292 5275
f 5292 5293 5275
f 5275 5293 5276
f 5293 5294 5276
f 5276 5294 5277
f 5294 5295 5277
f 5277 5295 5278
f 5295 5296 5278
f 5278 5296 379
f 5296 381 379
f 5279 5297 5280
f 5297 5298 5280
f 5280 5298 5281
f 5298 5299 5281
f 5281 5299 5282
f 5299 5300 5282
f 5282 5300 5283
f 5300 5301 5283
f 5283 5301 5284
f 5301 5302 5284
f 5284 5302 5285
f 5302 5303 5285
f 5285 5303 5286
f 5303 5304 5286
f 5286 5304 5287
f 5304 5305 5287
f 5287 5305 5288
f 5305 5306 5288
f 5288 5306 5289
f 5306 5307 5289
f 5289 5307 5290
f 5307 5308 5290
f 5290 5308 5291
f 5308 5309 5291
f 5291 5309 5292
f 5309 5310 5292
f 5292 5310 5293
f 5310 5311 5293
f 5293 5311 5294
f 5311 5312 5294
f 5294 5312 5295
f 5312 5313 5295
f 5295 5313 5296
f 5313 5314 5296
f 5296 5314 381
f 5314 382 381
f 5297 5315 5298
f 5315 5316 5298
f 5298 5316 5299
f 5316 5317 5299
f 5299 5317 5300
f 5317 5318 5300
f 5300 5318 5301
f 5318 5319 5301
f 5301 5319 5302
f 5319 5320 5302
f 5302 5320 5303
f 5320 5321 5303
f 5303 5321 5304
f 5321 5322 5304
f 5304 5322 5305
f 5322 5323 5305
f 5305 5323 5306
f 5323 5324 5306
f 5306 5324 5307
f 5324 5325 5307
f 5307 5325 5308
f 5325 5326 5308
f 5308 5326 5309
f 5326 5327 5309
f 5309 5327 5310
f 5327 5328 5310
f 5310 5328 5311
f 5328 5329 5311
f 5311 5329 5312
f 5329 5330 5312
f 5312 5330 5313
f 5330 5331 5313
f 5313 5331 5314
f 5331 5332 5314
f 5314 5332 382
f 5332 384 382
f 5315 5333 5316
f 5333 5334 5316
f 5316 5334 5317
f 5334 5335 5317
f 5317 5335 5318
f 5335 5336 5318
f 5318 5336 5319
f 5336 5337 5319
f 5319 5337 5320
f 5337 5338 5320
f 5320 5338 5321
f 5338 5339 5321
f 5321 5339 5322
f 5339 5340 5322
f 5322 5340 5323
f 5340 5341 5323
f 5323 5341 5324
f 5341 5342 5324
f 5324 5342 5325
f 5342 5343 5325
f 5325 5343 5326
f 5343 5344 5326
f 5326 5344 5327
f 5344 5345 5327
f 5327 5345 5328
f 5345 5346 5328
f 5328 5346 5329
f 5346 5347 5329
f 5329 5347 5330
f 5347 5348 5330
f 5330 5348 5331
f 5348 5349 5331
f 5331 5349 5332
f 5349 5350 5332
f 5332 5350 384
f 5350 373 384
f 5333 5351 5334
f 5351 5352 5334
f 5334 5352 5335
f 5352 5353 5335
f 5335 5353 5336
f 5353 5354 5336
f 5336 5354 5337
f 5354 5355 5337
f 5337 5355 5338
f 5355 5356 5338
f 5338 5356 5339
f 5356 5357 5339
f 5339 5357 5340
f 5357 5358 5340
f 5340 5358 5341
f 5358 5359 5341
f 5341 5359 5342
f 5359 5360 5342
f 5342 5360 5343
f 5360 5361 5343
f 5343 5361 5344
f 5361 5362 5344
f 5344 5362 5345
f 5362 5363 5345
f 5345 5363 5346
f 5363 5364 5346
f 5346 5364 5347
f 5364 5365 5347
f 5347 5365 5348
f 5365 5366 5348
f 5348 5366 5349
f 5366 5367 5349
f 5349 5367 5350
f 5367 5368 5350
f 5350 5368 373
f 5368 374 373
f 5351 5369 5352
f 5369 5370 5352
f 5352 5370 5353
f 5370 5371 5353
f 5353 5371 5354
f 5371 5372 5354
f 5354 5372 5355
f 5372 5373 5355
f 5355 5373 5356
f 5373 5374 5356
f 5356 5374 5357
f 5374 5375 5357
f 5357 5375 5358
f 5375 5376 5358
f 5358 5376 5359
f 5376 5377 5359
f 5359 5377 5360
f 5377 5378 5360
f 5360 5378 5361
f 5378 5379 5361
f 5361 5379 5362
f 5379 5380 5362
f 5362 5380 5363
f 5380 5381 5363
f 5363 5381 5364
f 5381 5382 5364
f 5364 5382 5365
f 5382 5383 5365
f 5365 5383 5366
f 5383 5384 5366
f 5366 5384 5367
f 5384 5385 5367
f 5367 5385 5368
f 5385 5386 5368
f 5368 5386 374
f 5386 376 374
f 5369 5387 5370
f 5387 5388 5370
f 5370 5388 5371
f 5388 5389 5371
f 5371 5389 5372
f 5389 5390 5372
f 5372 5390 5373
f 5390 5391 5373
f 5373 5391 5374
f 5391 5392 5374
f 5374 5392 5375
f 5392 5393 5375
f 5375 5393 5376
f 5393 5394 5376
f 5376 5394 5377
f 5394 5395 5377
f 5377 5395 5378
f 5395 5396 5378
f 5378 5396 5379
f 5396 5397 5379
f 5379 5397 5380
f 5397 5398 5380
f 5380 5398 5381
f 5398 5399 5381
f 5381 5399 5382
f 5399 5400 5382
f 5382 5400 5383
f 5400 5401 5383
f 5383 5401 5384
f 5401 5402 5384
f 5384 5402 5385
f 5402 5403 5385
f 5385 5403 5386
f 5403 5404 5386
f 5386 5404 376
f 5404 361 376
f 5387 5405 5388
f 5405 5406 5388
f 5388 5406 5389
f 5406 5407 5389
f 5389 5407 5390
f 5407 5408 5390
f 5390 5408 5391
f 5408 5409 5391
f 5391 5409 5392
f 5409 5410 5392
f 5392 5410 5393
f 5410 5411 5393
f 5393 5411 5394
f 5411 5412 5394
f 5394 5412 5395
f 5412 5413 5395
f 5395 5413 5396
f 5413 5414 5396
f 5396 5414 5397
f 5414 5415 5397
f 5397 5415 5398
f 5415 5416 5398
f 5398 5416 5399
f 5416 5417 5399
f 5399 5417 5400
f 5417 5418 5400
f 5400 5418 5401
f 5418 5419 5401
f 5401 5419 5402
f 5419 5420 5402
f 5402 5420 5403
f 5420 5421 5403
f 5403 5421 5404
f 5421 5422 5404
f 5404 5422 361
f 5422 363 361
f 5405 4745 5406
f 4745 4747 5406
f 5406 4747 5407
f 4747 4749 5407
f 5407 4749 5408
f 4749 4751 5408
f 5408 4751 5409
f 4751 4753 5409
f 5409 4753 5410
f 4753 4755 5410
f 5410 4755 5411
f 4755 4757 5411
f 5411 4757 5412
f 4757 4759 5412
f 5412 4759 5413
f 4759 4761 5413
f 5413 4761 5414
f 4761 4763 5414
f 5414 4763 5415
f 4763 4765 5415
f 5415 4765 5416
f 4765 4767 5416
f 5416 4767 5417
f 4767 4769 5417
f 5417 4769 5418
f 4769 4771 5418
f 5418 4771 5419
f 4771 4773 5419
f 5419 4773 5420
f 4773 4775 5420
f 5420 4775 5421
f 4775 4560 5421
f 5421 4560 5422
f 4560 4559 5422
f 5422 4559 363
f 4559 366 363
f 4845 5423 4846
f 5423 5424 4846
f 4846 5424 4847
f 5424 5425 4847
f 4847 5425 4848
f 5425 5426 4848
f 4848 5426 4849
f 5426 5427 4849
f 4849 5427 4850
f 5427 5428 4850
f 4850 5428 4851
f 5428 5429 4851
f 4851 5429 4852
f 5429 5430 4852
f 4852 5430 4853
f 5430 5431 4853
f 4853 5431 4854
f 5431 5432 4854
f 4854 5432 4855
f 5432 5433 4855
f 4855 5433 4856
f 5433 5434 4856
f 4856 5434 4857
f 5434 5435 4857
f 4857 5435 4858
f 5435 5436 4858
f 4858 5436 4859
f 5436 5437 4859
f 4859 5437 4860
f 5437 5438 4860
f 4860 5438 4561
f 5438 5439 4561
f 4561 5439 4562
f 5439 5440 4562
f 4562 5440 320
f 5440 322 320
f 5423 5441 5424
f 5441 5442 5424
f 5424 5442 5425
f 5442 5443 5425
f 5425 5443 5426
f 5443 5444 5426
f 5426 5444 5427
f 5444 5445 5427
f 5427 5445 5428
f 5445 5446 5428
f 5428 5446 5429
f 5446 5447 5429
f 5429 5447 5430
f 5447 5448 5430
f 5430 5448 5431
f 5448 5449 5431
f 5431 5449 5432
f 5449 5450 5432
f 5432 5450 5433
f 5450 5451 5433
f 5433 5451 5434
f 5451 5452 5434
f 5434 5452 5435
f 5452 5453 5435
f 5435 5453 5436
f 5453 5454 5436
f 5436 5454 5437
f 5454 5455 5437
f 5437 5455 5438
f 5455 5456 5438
f 5438 5456 5439
f 5456 5457 5439
f 5439 5457 5440
f 5457 5458 5440
f 5440 5458 322
f 5458 323 322
f 5441 5459 5442
f 5459 5460 5442
f 5442 5460 5443
f 5460 5461 5443
f 5443 5461 5444
f 5461 5462 5444
f 5444 5462 5445
f 5462 5463 5445
f 5445 5463 5446
f 5463 5464 5446
f 5446 5464 5447
f 5464 5465 5447
f 5447 5465 5448
f 5465 5466 5448
f 5448 5466 5449
f 5466 5467 5449
f 5449 5467 5450
f 5467 5468 5450
f 5450 5468 5451
f 5468 5469 5451
f 5451 5469 5452
f 5469 5470 5452
f 5452 5470 5453
f 5470 5471 5453
f 5453 5471 5454
f 5471 5472 5454
f 5454 5472 5455
f 5472 5473 5455
f 5455 5473 5456
f 5473 5474 5456
f 5456 5474 5457
f 5474 5475 5457
f 5457 5475 5458
f 5475 5476 5458
f 5458 5476 323
f 5476 325 323
f 5459 5477 5460
f 5477 5478 5460
f 5460 5478 5461
f 5478 5479 5461
f 5461 5479 5462
f 5479 5480 5462
f 5462 5480 5463
f 5480 5481 5463
f 5463 5481 5464
f 5481 5482 5464
f 5464 5482 5465
f 5482 5483 5465
f 5465 5483 5466
f 5483 5484 5466
f 5466 5484 5467
f 5484 5485 5467
f 5467 5485 5468
f 5485 5486 5468
f 5468 5486 5469
f 5486 5487 5469
f 5469 5487 5470
f 5487 5488 5470
f 5470 5488 5471
f 5488 5489 5471
f 5471 5489 5472
f 5489 5490 5472
f 5472 5490 5473
f 5490 5491 5473
f 5473 5491 5474
f 5491 5492 5474
f 5474 5492 5475
f 5492 5493 5475
f 5475 5493 5476
f 5493 5494 5476
f 5476 5494 325
f 5494 326 325
f 5477 5495 5478
f 5495 5496 5478
f 5478 5496 5479
f 5496 5497 5479
f 5479 5497 5480
f 5497 5498 5480
f 5480 5498 5481
f 5498 5499 5481
f 5481 5499 5482
f 5499 5500 5482
f 5482 5500 5483
f 5500 5501 5483
f 5483 5501 5484
f 5501 5502 5484
f 5484 5502 5485
f 5502 5503 5485
f 5485 5503 5486
f 5503 5504 5486
f 5486 5504 5487
f 5504 5505 5487
f 5487 5505 5488
f 5505 5506 5488
f 5488 5506 5489
f 5506 5507 5489
f 5489 5507 5490
f 5507 5508 5490
f 5490 5508 5491
f 5508 5509 5491
f 5491 5509 5492
f 5509 5510 5492
f 5492 5510 5493
f 5510 5511 5493
f 5493 5511 5494
f 5511 5512 5494
f 5494 5512 326
f 5512 328 326
f 5495 5513 5496
f 5513 5514 5496
f 5496 5514 5497
f 5514 5515 5497
f 5497 5515 5498
f 5515 5516 5498
f 5498 5516 5499
f 5516 5517 5499
f 5499 5517 5500
f 5517 5518 5500
f 5500 5518 5501
f 5518 5519 5501
f 5501 5519 5502
f 5519 5520 5502
f 5502 5520 5503
f 5520 5521 5503
f 5503 5521 5504
f 5521 5522 5504
f 5504 5522 5505
f 5522 5523 5505
f 5505 5523 5506
f 5523 5524 5506
f 5506 5524 5507
f 5524 5525 5507
f 5507 5525 5508
f 5525 5526 5508
f 5508 5526 5509
f 5526 5527 5509
f 5509 5527 5510
f 5527 5528 5510
f 5510 5528 5511
f 5528 5529 5511
f 5511 5529 5512
f 5529 5530 5512
f 5512 5530 328
f 5530 329 328
f 5513 5531 5514
f 5531 5532 5514
f 5514 5532 5515
f 5532 5533 5515
f 5515 5533 5516
f 5533 5534 5516
f 5516 5534 5517
f 5534 5535 5517
f 5517 5535 5518
f 5535 5536 5518
f 5518 5536 5519
f 5536 5537 5519
f 5519 5537 5520
f 5537 5538 5520
f 5520 5538 5521
f 5538 5539 5521
f 5521 5539 5522
f 5539 5540 5522
f 5522 5540 5523
f 5540 5541 5523
f 5523 5541 5524
f 5541 5542 5524
f 5524 5542 5525
f 5542 5543 5525
f 5525 5543 5526
f 5543 5544 5526
f 5526 5544 5527
f 5544 5545 5527
f 5527 5545 5528
f 5545 5546 5528
f 5528 5546 5529
f 5546 5547 5529
f 5529 5547 5530
f 5547 5548 5530
f 5530 5548 329
f 5548 331 329
f 5531 5549 5532
f 5549 5550 5532
f 5532 5550 5533
f 5550 5551 5533
f 5533 5551 5534
f 5551 5552 5534
f 5534 5552 5535
f 5552 5553 5535
f 5535 5553 5536
f 5553 5554 5536
f 5536 5554 5537
f 5554 5555 5537
f 5537 5555 5538
f 5555 5556 5538
f 5538 5556 5539
f 5556 5557 5539
f 5539 5557 5540
f 5557 5558 5540
f 5540 5558 5541
f 5558 5559 5541
f 5541 5559 5542
f 5559 5560 5542
f 5542 5560 5543
f 5560 5561 5543
f 5543 5561 5544
f 5561 5562 5544
f 5544 5562 5545
f 5562 5563 5545
f 5545 5563 5546
f 5563 5564 5546
f 5546 5564 5547
f 5564 5565 5547
f 5547 5565 5548
f 5565 5566 5548
f 5548 5566 331
f 5566 333 331
f 5549 5567 5550
f 5567 5568 5550
f 5550 5568 5551
f 5568 5569 5551
f 5551 5569 5552
f 5569 5570 5552
f 5552 5570 5553
f 5570 5571 5553
f 5553 5571 5554
f 5571 5572 5554
f 5554 5572 5555
f 5572 5573 5555
f 5555 5573 5556
f 5573 5574 5556
f 5556 5574 5557
f 5574 5575 5557
f 5557 5575 5558
f 5575 5576 5558
f 5558 5576 5559
f 5576 5577 5559
f 5559 5577 5560
f 5577 5578 5560
f 5560 5578 5561
f 5578 5579 5561
f 5561 5579 5562
f 5579 5580 5562
f 5562 5580 5563
f 5580 5581 5563
f 5563 5581 5564
f 5581 5582 5564
f 5564 5582 5565
f 5582 5583 5565
f 5565 5583 5566
f 5583 5584 5566
f 5566 5584 333
f 5584 334 333
f 5567 5585 5568
f 5585 5586 5568
f 5568 5586 5569
f 5586 5587 5569
f 5569 5587 5570
f 5587 5588 5570
f 5570 5588 5571
f 5588 5589 5571
f 5571 5589 5572
f 5589 5590 5572
f 5572 5590 5573
f 5590 5591 5573
f 5573 5591 5574
f 5591 5592 5574
f 5574 5592 5575
f 5592 5593 5575
f 5575 5593 5576
f 5593 5594 5576
f 5576 5594 5577
f 5594 5595 5577
f 5577 5595 5578
f 5595 5596 5578
f 5578 5596 5579
f 5596 5597 5579
f 5579 5597 5580
f 5597 5598 5580
f 5580 5598 5581
f 5598 5599 5581
f 5581 5599 5582
f 5599 5600 5582
f 5582 5600 5583
f 5600 5601 5583
f 5583 5601 5584
f 5601 5602 5584
f 5584 5602 334
f 5602 336 334
f 5585 5603 5586
f 5603 5604 5586
f 5586 5604 5587
f 5604 5605 5587
f 5587 5605 5588
f 5605 5606 5588
f 5588 5606 5589
f 5606 5607 5589
f 5589 5607 5590
f 5607 5608 5590
f 5590 5608 5591
f 5608 5609 5591
f 5591 5609 5592
f 5609 5610 5592
f 5592 5610 5593
f 5610 5611 5593
f 5593 5611 5594
f 5611 5612 5594
f 5594 5612 5595
f 5612 5613 5595
f 5595 5613 5596
f 5613 5614 5596
f 5596 5614 5597
f 5614 5615 5597
f 5597 5615 5598
f 5615 5616 5598
f 5598 5616 5599
f 5616 5617 5599
f 5599 5617 5600
f 5617 5618 5600
f 5600 5618 5601
f 5618 5619 5601
f 5601 5619 5602
f 5619 5620 5602
f 5602 5620 336
f 5620 317 336
f 5603 4861 5604
f 4861 4863 5604
f 5604 4863 5605
f 4863 4865 5605
f 5605 4865 5606
f 4865 4867 5606
f 5606 4867 5607
f 4867 4869 5607
f 5607 4869 5608
f 4869 4871 5608
f 5608 4871 5609
f 4871 4873 5609
f 5609 4873 5610
f 4873 4875 5610
f 5610 4875 5611
f 4875 4877 5611
f 5611 4877 5612
f 4877 4879 5612
f 5612 4879 5613
f 4879 4881 5613
f 5613 4881 5614
f 4881 4883 5614
f 5614 4883 5615
f 4883 4885 5615
f 5615 4885 5616
f 4885 4887 5616
f 5616 4887 5617
f 4887 4889 5617
f 5617 4889 5618
f 4889 4891 5618
f 5618 4891 5619
f 4891 4548 5619
f 5619 4548 5620
f 4548 4547 5620
f 5620 4547 317
f 4547 313 317
f 4961 5621 4962
f 5621 5622 4962
f 4962 5622 4963
f 5622 5623 4963
f 4963 5623 4964
f 5623 5624 4964
f 4964 5624 4965
f 5624 5625 4965
f 4965 5625 4966
f 5625 5626 4966
f 4966 5626 4967
f 5626 5627 4967
f 4967 5627 4968
f 5627 5628 4968
f 4968 5628 4969
f 5628 5629 4969
f 4969 5629 4970
f 5629 5630 4970
f 4970 5630 4971
f 5630 5631 4971
f 4971 5631 4972
f 5631 5632 4972
f 4972 5632 4973
f 5632 5633 4973
f 4973 5633 4974
f 5633 5634 4974
f 4974 5634 4975
f 5634 5635 4975
f 4975 5635 4976
f 5635 5636 4976
f 4976 5636 4549
f 5636 5637 4549
f 4549 5637 4550
f 5637 5638 4550
f 4550 5638 339
f 5638 342 339
f 5621 5639 5622
f 5639 5640 5622
f 5622 5640 5623
f 5640 5641 5623
f 5623 5641 5624
f 5641 5642 5624
f 5624 5642 5625
f 5642 5643 5625
f 5625 5643 5626
f 5643 5644 5626
f 5626 5644 5627
f 5644 5645 5627
f 5627 5645 5628
f 5645 5646 5628
f 5628 5646 5629
f 5646 5647 5629
f 5629 5647 5630
f 5647 5648 5630
f 5630 5648 5631
f 5648 5649 5631
f 5631 5649 5632
f 5649 5650 5632
f 5632 5650 5633
f 5650 5651 5633
f 5633 5651 5634
f 5651 5652 5634
f 5634 5652 5635
f 5652 5653 5635
f 5635 5653 5636
f 5653 5654 5636
f 5636 5654 5637
f 5654 5655 5637
f 5637 5655 5638
f 5655 5656 5638
f 5638 5656 342
f 5656 343 342
f 5639 5657 5640
f 5657 5658 5640
f 5640 5658 5641
f 5658 5659 5641
f 5641 5659 5642
f 5659 5660 5642
f 5642 5660 5643
f 5660 5661 5643
f 5643 5661 5644
f 5661 5662 5644
f 5644 5662 5645
f 5662 5663 5645
f 5645 5663 5646
f 5663 5664 5646
f 5646 5664 5647
f 5664 5665 5647
f 5647 5665 5648
f 5665 5666 5648
f 5648 5666 5649
f 5666 5667 5649
f 5649 5667 5650
f 5667 5668 5650
f 5650 5668 5651
f 5668 5669 5651
f 5651 5669 5652
f 5669 5670 5652
f 5652 5670 5653
f 5670 5671 5653
f 5653 5671 5654
f 5671 5672 5654
f 5654 5672 5655
f 5672 5673 5655
f 5655 5673 5656
f 5673 5674 5656
f 5656 5674 343
f 5674 345 343
f 5657 5675 5658
f 5675 5676 5658
f 5658 5676 5659
f 5676 5677 5659
f 5659 5677 5660
f 5677 5678 5660
f 5660 5678 5661
f 5678 5679 5661
f 5661 5679 5662
f 5679 5680 5662
f 5662 5680 5663
f 5680 5681 5663
f 5663 5681 5664
f 5681 5682 5664
f 5664 5682 5665
f 5682 5683 5665
f 5665 5683 5666
f 5683 5684 5666
f 5666 5684 5667
f 5684 5685 5667
f 5667 5685 5668
f 5685 5686 5668
f 5668 5686 5669
f 5686 5687 5669
f 5669 5687 5670
f 5687 5688 5670
f 5670 5688 5671
f 5688 5689 5671
f 5671 5689 5672
f 5689 5690 5672
f 5672 5690 5673
f 5690 5691 5673
f 5673 5691 5674
f 5691 5692 5674
f 5674 5692 345
f 5692 346 345
f 5675 5693 5676
f 5693 5694 5676
f 5676 5694 5677
f 5694 5695 5677
f 5677 5695 5678
f 5695 5696 5678
f 5678 5696 5679
f 5696 5697 5679
f 5679 5697 5680
f 5697 5698 5680
f 5680 5698 5681
f 5698 5699 5681
f 5681 5699 5682
f 5699 5700 5682
f 5682 5700 5683
f 5700 5701 5683
f 5683 5701 5684
f 5701 5702 5684
f 5684 5702 5685
f 5702 5703 5685
f 5685 5703 5686
f 5703 5704 5686
f 5686 5704 5687
f 5704 5705 5687
f 5687 5705 5688
f 5705 5706 5688
f 5688 5706 5689
f 5706 5707 5689
f 5689 5707 5690
f 5707 5708 5690
f 5690 5708 5691
f 5708 5709 5691
f 5691 5709 5692
f 5709 5710 5692
f 5692 5710 346
f 5710 348 346
f 5693 5711 5694
f 5711 5712 5694
f 5694 5712 5695
f 5712 5713 5695
f 5695 5713 5696
f 5713 5714 5696
f 5696 5714 5697
f 5714 5715 5697
f 5697 5715 5698
f 5715 5716 5698
f 5698 5716 5699
f 5716 5717 5699
f 5699 5717 5700
f 5717 5718 5700
f 5700 5718 5701
f 5718 5719 5701
f 5701 5719 5702
f 5719 5720 5702
f 5702 5720 5703
f 5720 5721 5703
f 5703 5721 5704
f 5721 5722 5704
f 5704 5722 5705
f 5722 5723 5705
f 5705 5723 5706
f 5723 5724 5706
f 5706 5724 5707
f 5724 5725 5707
f 5707 5725 5708
f 5725 5726 5708
f 5708 5726 5709
f 5726 5727 5709
f 5709 5727 5710
f 5727 5728 5710
f 5710 5728 348
f 5728 349 348
f 5711 5729 5712
f 5729 5730 5712
f 5712 5730 5713
f 5730 5731 5713
f 5713 5731 5714
f 5731 5732 5714
f 5714 5732 5715
f 5732 5733 5715
f 5715 5733 5716
f 5733 5734 5716
f 5716 5734 5717
f 5734 5735 5717
f 5717 5735 5718
f 5735 5736 5718
f 5718 5736 5719
f 5736 5737 5719
f 5719 5737 5720
f 5737 5738 5720
f 5720 5738 5721
f 5738 5739 5721
f 5721 5739 5722
f 5739 5740 5722
f 5722 5740 5723
f 5740 5741 5723
f 5723 5741 5724
f 5741 5742 5724
f 5724 5742 5725
f 5742 5743 5725
f 5725 5743 5726
f 5743 5744 5726
f 5726 5744 5727
f 5744 5745 5727
f 5727 5745 5728
f 5745 5746 5728
f 5728 5746 349
f 5746 351 349
f 5729 5747 5730
f 5747 5748 5730
f 5730 5748 5731
f 5748 5749 5731
f 5731 5749 5732
f 5749 5750 5732
f 5732 5750 5733
f 5750 5751 5733
f 5733 5751 5734
f 5751 5752 5734
f 5734 5752 5735
f 5752 5753 5735
f 5735 5753 5736
f 5753 5754 5736
f 5736 5754 5737
f 5754 5755 5737
f 5737 5755 5738
f 5755 5756 5738
f 5738 5756 5739
f 5756 5757 5739
f 5739 5757 5740
f 5757 5758 5740
f 5740 5758 5741
f 5758 5759 5741
f 5741 5759 5742
f 5759 5760 5742
f 5742 5760 5743
f 5760 5761 5743
f 5743 5761 5744
f 5761 5762 5744
f 5744 5762 5745
f 5762 5763 5745
f 5745 5763 5746
f 5763 5764 5746
f 5746 5764 351
f 5764 358 351
f 5747 5765 5748
f 5765 5766 5748
f 5748 5766 5749
f 5766 5767 5749
f 5749 5767 5750
f 5767 5768 5750
f 5750 5768 5751
f 5768 5769 5751
f 5751 5769 5752
f 5769 5770 5752
f 5752 5770 5753
f 5770 5771 5753
f 5753 5771 5754
f 5771 5772 5754
f 5754 5772 5755
f 5772 5773 5755
f 5755 5773 5756
f 5773 5774 5756
f 5756 5774 5757
f 5774 5775 5757
f 5757 5775 5758
f 5775 5776 5758
f 5758 5776 5759
f 5776 5777 5759
f 5759 5777 5760
f 5777 5778 5760
f 5760 5778 5761
f 5778 5779 5761
f 5761 5779 5762
f 5779 5780 5762
f 5762 5780 5763
f 5780 5781 5763
f 5763 5781 5764
f 5781 5782 5764
f 5764 5782 358
f 5782 360 358
f 5765 5783 5766
f 5783 5784 5766
f 5766 5784 5767
f 5784 5785 5767
f 5767 5785 5768
f 5785 5786 5768
f 5768 5786 5769
f 5786 5787 5769
f 5769 5787 5770
f 5787 5788 5770
f 5770 5788 5771
f 5788 5789 5771
f 5771 5789 5772
f 5789 5790 5772
f 5772 5790 5773
f 5790 5791 5773
f 5773 5791 5774
f 5791 5792 5774
f 5774 5792 5775
f 5792 5793 5775
f 5775 5793 5776
f 5793 5794 5776
f 5776 5794 5777
f 5794 5795 5777
f 5777 5795 5778
f 5795 5796 5778
f 5778 5796 5779
f 5796 5797 5779
f 5779 5797 5780
f 5797 5798 5780
f 5780 5798 5781
f 5798 5799 5781
f 5781 5799 5782
f 5799 5800 5782
f 5782 5800 360
f 5800 352 360
f 5783 5801 5784
f 5801 5802 5784
f 5784 5802 5785
f 5802 5803 5785
f 5785 5803 5786
f 5803 5804 5786
f 5786 5804 5787
f 5804 5805 5787
f 5787 5805 5788
f 5805 5806 5788
f 5788 5806 5789
f 5806 5807 5789
f 5789 5807 5790
f 5807 5808 5790
f 5790 5808 5791
f 5808 5809 5791
f 5791 5809 5792
f 5809 5810 5792
f 5792 5810 5793
f 5810 5811 5793
f 5793 5811 5794
f 5811 5812 5794
f 5794 5812 5795
f 5812 5813 5795
f 5795 5813 5796
f 5813 5814 5796
f 5796 5814 5797
f 5814 5815 5797
f 5797 5815 5798
f 5815 5816 5798
f 5798 5816 5799
f 5816 5817 5799
f 5799 5817 5800
f 5817 5818 5800
f 5800 5818 352
f 5818 354 352
f 5801 4977 5802
f 4977 4979 5802
f 5802 4979 5803
f 4979 4981 5803
f 5803 4981 5804
f 4981 4983 5804
f 5804 4983 5805
f 4983 4985 5805
f 5805 4985 5806
f 4985 4987 5806
f 5806 4987 5807
f 4987 4989 5807
f 5807 4989 5808
f 4989 4991 5808
f 5808 4991 5809
f 4991 4993 5809
f 5809 4993 5810
f 4993 4995 5810
f 5810 4995 5811
f 4995 4997 5811
f 5811 4997 5812
f 4997 4999 5812
f 5812 4999 5813
f 4999 5001 5813
f 5813 5001 5814
f 5001 5003 5814
f 5814 5003 5815
f 5003 5005 5815
f 5815 5005 5816
f 5005 5007 5816
f 5816 5007 5817
f 5007 4552 5817
f 5817 4552 5818
f 4552 4551 5818
f 5818 4551 354
f 4551 355 354
f 5819 5010 5820
f 5010 4978 5820
f 5820 4978 5821
f 4978 4977 5821
f 5821 4977 5822
f 4977 5801 5822
f 5822 5801 5823
f 5801 5783 5823
f 5823 5783 5824
f 5783 5765 5824
f 5824 5765 5825
f 5765 5747 5825
f 5825 5747 5826
f 5747 5729 5826
f 5826 5729 5827
f 5729 5711 5827
f 5827 5711 5828
f 5711 5693 5828
f 5828 5693 5829
f 5693 5675 5829
f 5829 5675 5830
f 5675 5657 5830
f 5830 5657 5831
f 5657 5639 5831
f 5831 5639 5832
f 5639 5621 5832
f 5832 5621 5833
f 5621 4961 5833
f 5833 4961 5834
f 4961 4945 5834
f 5834 4945 5835
f 4945 4928 5835
f 5835 4928 5836
f 4928 4911 5836
f 5836 4911 5837
f 4911 4894 5837
f 5837 4894 5838
f 4894 4862 5838
f 5838 4862 5839
f 4862 4861 5839
f 5839 4861 5840
f 4861 5603 5840
f 5840 5603 5841
f 5603 5585 5841
f 5841 5585 5842
f 5585 5567 5842
f 5842 5567 5843
f 5567 5549 5843
f 5843 5549 5844
f 5549 5531 5844
f 5844 5531 5845
f 5531 5513 5845
f 5845 5513 5846
f 5513 5495 5846
f 5846 5495 5847
f 5495 5477 5847
f 5847 5477 5848
f 5477 5459 5848
f 5848 5459 5849
f 5459 5441 5849
f 5849 5441 5850
f 5441 5423 5850
f 5850 5423 5851
f 5423 4845 5851
f 5851 4845 5852
f 4845 4829 5852
f 5852 4829 5853
f 4829 4812 5853
f 5853 4812 5854
f 4812 4795 5854
f 5854 4795 5855
f 4795 4778 5855
f 5855 4778 5856
f 4778 4746 5856
f 5856 4746 5857
f 4746 4745 5857
f 5857 4745 5858
f 4745 5405 5858
f 5858 5405 5859
f 5405 5387 5859
f 5859 5387 5860
f 5387 5369 5860
f 5860 5369 5861
f 5369 5351 5861
f 5861 5351 5862
f 5351 5333 5862
f 5862 5333 5863
f 5333 5315 5863
f 5863 5315 5864
f 5315 5297 5864
f 5864 5297 5865
f 5297 5279 5865
f 5865 5279 5866
f 5279 5261 5866
f 5866 5261 5867
f 5261 5243 5867
f 5867 5243 5868
f 5243 5225 5868
f 5868 5225 5869
f 5225 4729 5869
f 5869 4729 5870
f 4729 4713 5870
f 5870 4713 5871
f 4713 4696 5871
f 5871 4696 5872
f 4696 4679 5872
f 5872 4679 5873
f 4679 4662 5873
f 5873 4662 5874
f 4662 4630 5874
f 5874 4630 5875
f 4630 4629 5875
f 5875 4629 5876
f 4629 5207 5876
f 5876 5207 5877
f 5207 5189 5877
f 5877 5189 5878
f 5189 5171 5878
f 5878 5171 5879
f 5171 5153 5879
f 5879 5153 5880
f 5153 5135 5880
f 5880 5135 5881
f 5135 5117 5881
f 5881 5117 5882
f 5117 5099 5882
f 5882 5099 5883
f 5099 5081 5883
f 5883 5081 5884
f 5081 5063 5884
f 5884 5063 5885
f 5063 5045 5885
f 5885 5045 5886
f 5045 5027 5886
f 5886 5027 5887
f 5027 4613 5887
f 5887 4613 5888
f 4613 4597 5888
f 5888 4597 5889
f 4597 4564 5889
f 5889 4564 5890
f 4564 4563 5890
f 5890 4563 5819
f 4563 5010 5819
f 5891 5892 5893
f 5892 5894 5893
f 5893 5894 5895
f 5896 5897 5893
f 5897 5898 5893
f 5893 5898 5891
f 5899 5900 5893
f 5900 5901 5893
f 5893 5901 5896
f 5902 5903 5893
f 5903 5904 5893
f 5893 5904 5899
f 5905 5906 5893
f 5906 5907 5893
f 5893 5907 5902
f 5908 5909 5893
f 5909 5910 5893
f 5893 5910 5905
f 5911 5912 5893
f 5912 5913 5893
f 5893 5913 5908
f 5914 5915 5893
f 5915 5916 5893
f 5893 5916 5911
f 5917 5918 5893
f 5918 5919 5893
f 5893 5919 5914
f 5920 5921 5893
f 5921 5922 5893
f 5893 5922 5917
f 5923 5924 5893
f 5924 5925 5893
f 5893 5925 5920
f 5926 5927 5893
f 5927 5928 5893
f 5893 5928 5923
f 5929 5930 5893
f 5930 5931 5893
f 5893 5931 5926
f 5932 5933 5893
f 5933 5934 5893
f 5893 5934 5929
f 5935 5936 5893
f 5936 5937 5893
f 5893 5937 5932
f 5938 5939 5893
f 5939 5940 5893
f 5893 5940 5935
f 5941 5942 5893
f 5942 5943 5893
f 5893 5943 5938
f 5944 5945 5893
f 5945 5946 5893
f 5893 5946 5941
f 5947 5948 5893
f 5948 5949 5893
f 5893 5949 5944
f 5950 5951 5893
f 5951 5952 5893
f 5893 5952 5947
f 5953 5954 5893
f 5954 5955 5893
f 5893 5955 5950
f 5956 5957 5893
f 5957 5958 5893
f 5893 5958 5953
f 5959 5960 5893
f 5960 5961 5893
f 5893 5961 5956
f 5895 5962 5893
f 5962 5963 5893
f 5893 5963 5959
f 5964 5930 5965
f 5930 5929 5965
f 5965 5929 5966
f 5929 5934 5966
f 5966 5934 5967
f 5934 5933 5967
f 5967 5933 5968
f 5933 5932 5968
f 5968 5932 5969
f 5932 5937 5969
f 5969 5937 5970
f 5937 5936 5970
f 5970 5936 5971
f 5936 5935 5971
f 5971 5935 5972
f 5935 5940 5972
f 5972 5940 5973
f 5940 5939 5973
f 5973 5939 5974
f 5939 5938 5974
f 5974 5938 5975
f 5938 5943 5975
f 5975 5943 5976
f 5943 5942 5976
f 5976 5942 5977
f 5942 5941 5977
f 5977 5941 5978
f 5941 5946 5978
f 5978 5946 5979
f 5946 5945 5979
f 5979 5945 5980
f 5945 5944 5980
f 5980 5944 5981
f 5944 5949 5981
f 5981 5949 5982
f 5949 5948 5982
f 5982 5948 5983
f 5948 5947 5983
f 5983 5947 5984
f 5947 5952 5984
f 5984 5952 5985
f 5952 5951 5985
f 5985 5951 5986
f 5951 5950 5986
f 5986 5950 5987
f 5950 5955 5987
f 5987 5955 5988
f 5955 5954 5988
f 5988 5954 5989
f 5954 5953 5989
f 5989 5953 5990
f 5953 5958 5990
f 5990 5958 5991
f 5958 5957 5991
f 5991 5957 5992
f 5957 5956 5992
f 5992 5956 5993
f 5956 5961 5993
f 5993 5961 5994
f 5961 5960 5994
f 5994 5960 5995
f 5960 5959 5995
f 5995 5959 5996
f 5959 5963 5996
f 5996 5963 5997
f 5963 5962 5997
f 5997 5962 5998
f 5962 5895 5998
f 5998 5895 5999
f 5895 5894 5999
f 5999 5894 6000
f 5894 5892 6000
f 6000 5892 6001
f 5892 5891 6001
f 6001 5891 6002
f 5891 5898 6002
f 6002 5898 6003
f 5898 5897 6003
f 6003 5897 6004
f 5897 5896 6004
f 6004 5896 6005
f 5896 5901 6005
f 6005 5901 6006
f 5901 5900 6006
f 6006 5900 6007
f 5900 5899 6007
f 6007 5899 6008
f 5899 5904 6008
f 6008 5904 6009
f 5904 5903 6009
f 6009 5903 6010
f 5903 5902 6010
f 6010 5902 6011
f 5902 5907 6011
f 6011 5907 6012
f 5907 5906 6012
f 6012 5906 6013
f 5906 5905 6013
f 6013 5905 6014
f 5905 5910 6014
f 6014 5910 6015
f 5910 5909 6015
f 6015 5909 6016
f 5909 5908 6016
f 6016 5908 6017
f 5908 5913 6017
f 6017 5913 6018
f 5913 5912 6018
f 6018 5912 6019
f 5912 5911 6019
f 6019 5911 6020
f 5911 5916 6020
f 6020 5916 6021
f 5916 5915 6021
f 6021 5915 6022
f 5915 5914 6022
f 6022 5914 6023
f 5914 5919 6023
f 6023 5919 6024
f 5919 5918 6024
f 6024 5918 6025
f 5918 5917 6025
f 6025 5917 6026
f 5917 5922 6026
f 6026 5922 6027
f 5922 5921 6027
f 6027 5921 6028
f 5921 5920 6028
f 6028 5920 6029
f 5920 5925 6029
f 6029 5925 6030
f 5925 5924 6030
f 6030 5924 6031
f 5924 5923 6031
f 6031 5923 6032
f 5923 5928 6032
f 6032 5928 6033
f 5928 5927 6033
f 6033 5927 6034
f 5927 5926 6034
f 6034 5926 6035
f 5926 5931 6035
f 6035 5931 5964
f 5931 5930 5964
f 6036 6037 6038
f 6037 6039 6038
f 6038 6039 6040
f 6041 6042 6038
f 6042 6043 6038
f 6038 6043 6036
f 6044 6045 6038
f 6045 6046 6038
f 6038 6046 6041
f 6047 6048 6038
f 6048 6049 6038
f 6038 6049 6044
f 6050 6051 6038
f 6051 6052 6038
f 6038 6052 6047
f 6053 6054 6038
f 6054 6055 6038
f 6038 6055 6050
f 6056 6057 6038
f 6057 6058 6038
f 6038 6058 6053
f 6059 6060 6038
f 6060 6061 6038
f 6038 6061 6056
f 6062 6063 6038
f 6063 6064 6038
f 6038 6064 6059
f 6065 6066 6038
f 6066 6067 6038
f 6038 6067 6062
f 6068 6069 6038
f 6069 6070 6038
f 6038 6070 6065
f 6071 6072 6038
f 6072 6073 6038
f 6038 6073 6068
f 6074 6075 6038
f 6075 6076 6038
f 6038 6076 6071
f 6077 6078 6038
f 6078 6079 6038
f 6038 6079 6074
f 6080 6081 6038
f 6081 6082 6038
f 6038 6082 6077
f 6083 6084 6038
f 6084 6085 6038
f 6038 6085 6080
f 6086 6087 6038
f 6087 6088 6038
f 6038 6088 6083
f 6089 6090 6038
f 6090 6091 6038
f 6038 6091 6086
f 6092 6093 6038
f 6093 6094 6038
f 6038 6094 6089
f 6095 6096 6038
f 6096 6097 6038
f 6038 6097 6092
f 6098 6099 6038
f 6099 6100 6038
f 6038 6100 6095
f 6101 6102 6038
f 6102 6103 6038
f 6038 6103 6098
f 6104 6105 6038
f 6105 6106 6038
f 6038 6106 6101
f 6040 6107 6038
f 6107 6108 6038
f 6038 6108 6104
f 6109 6075 6110
f 6075 6074 6110
f 6110 6074 6111
f 6074 6079 6111
f 6111 6079 6112
f 6079 6078 6112
f 6112 6078 6113
f 6078 6077 6113
f 6113 6077 6114
f 6077 6082 6114
f 6114 6082 6115
f 6082 6081 6115
f 6115 6081 6116
f 6081 6080 6116
f 6116 6080 6117
f 6080 6085 6117
f 6117 6085 6118
f 6085 6084 6118
f 6118 6084 6119
f 6084 6083 6119
f 6119 6083 6120
f 6083 6088 6120
f 6120 6088 6121
f 6088 6087 6121
f 6121 6087 6122
f 6087 6086 6122
f 6122 6086 6123
f 6086 6091 6123
f 6123 6091 6124
f 6091 6090 6124
f 6124 6090 6125
f 6090 6089 6125
f 6125 6089 6126
f 6089 6094 6126
f 6126 6094 6127
f 6094 6093 6127
f 6127 6093 6128
f 6093 6092 6128
f 6128 6092 6129
f 6092 6097 6129
f 6129 6097 6130
f 6097 6096 6130
f 6130 6096 6131
f 6096 6095 6131
f 6131 6095 6132
f 6095 6100 6132
f 6132 6100 6133
f 6100 6099 6133
f 6133 6099 6134
f 6099 6098 6134
f 6134 6098 6135
f 6098 6103 6135
f 6135 6103 6136
f 6103 6102 6136
f 6136 6102 6137
f 6102 6101 6137
f 6137 6101 6138
f 6101 6106 6138
f 6138 6106 6139
f 6106 6105 6139
f 6139 6105 6140
f 6105 6104 6140
f 6140 6104 6141
f 6104 6108 6141
f 6141 6108 6142
f 6108 6107 6142
f 6142 6107 6143
f 6107 6040 6143
f 6143 6040 6144
f 6040 6039 6144
f 6144 6039 6145
f 6039 6037 6145
f 6145 6037 6146
f 6037 6036 6146
f 6146 6036 6147
f 6036 6043 6147
f 6147 6043 6148
f 6043 6042 6148
f 6148 6042 6149
f 6042 6041 6149
f 6149 6041 6150
f 6041 6046 6150
f 6150 6046 6151
f 6046 6045 6151
f 6151 6045 6152
f 6045 6044 6152
f 6152 6044 6153
f 6044 6049 6153
f 6153 6049 6154
f 6049 6048 6154
f 6154 6048 6155
f 6048 6047 6155
f 6155 6047 6156
f 6047 6052 6156
f 6156 6052 6157
f 6052 6051 6157
f 6157 6051 6158
f 6051 6050 6158
f 6158 6050 6159
f 6050 6055 6159
f 6159 6055 6160
f 6055 6054 6160
f 6160 6054 6161
f 6054 6053 6161
f 6161 6053 6162
f 6053 6058 6162
f 6162 6058 6163
f 6058 6057 6163
f 6163 6057 6164
f 6057 6056 6164
f 6164 6056 6165
f 6056 6061 6165
f 6165 6061 6166
f 6061 6060 6166
f 6166 6060 6167
f 6060 6059 6167
f 6167 6059 6168
f 6059 6064 6168
f 6168 6064 6169
f 6064 6063 6169
f 6169 6063 6170
f 6063 6062 6170
f 6170 6062 6171
f 6062 6067 6171
f 6171 6067 6172
f 6067 6066 6172
f 6172 6066 6173
f 6066 6065 6173
f 6173 6065 6174
f 6065 6070 6174
f 6174 6070 6175
f 6070 6069 6175
f 6175 6069 6176
f 6069 6068 6176
f 6176 6068 6177
f 6068 6073 6177
f 6177 6073 6178
f 6073 6072 6178
f 6178 6072 6179
f 6072 6071 6179
f 6179 6071 6180
f 6071 6076 6180
f 6180 6076 6109
f 6076 6075 6109
f 6181 6182 6183
f 6182 6184 6183
f 6183 6184 6185
f 6186 6187 6183
f 6187 6188 6183
f 6183 6188 6181
f 6189 6190 6183
f 6190 6191 6183
f 6183 6191 6186
f 6192 6193 6183
f 6193 6194 6183
f 6183 6194 6189
f 6195 6196 6183
f 6196 6197 6183
f 6183 6197 6192
f 6198 6199 6183
f 6199 6200 6183
f 6183 6200 6195
f 6201 6202 6183
f 6202 6203 6183
f 6183 6203 6198
f 6204 6205 6183
f 6205 6206 6183
f 6183 6206 6201
f 6207 6208 6183
f 6208 6209 6183
f 6183 6209 6204
f 6210 6211 6183
f 6211 6212 6183
f 6183 6212 6207
f 6213 6214 6183
f 6214 6215 6183
f 6183 6215 6210
f 6216 6217 6183
f 6217 6218 6183
f 6183 6218 6213
f 6219 6220 6183
f 6220 6221 6183
f 6183 6221 6216
f 6222 6223 6183
f 6223 6224 6183
f 6183 6224 6219
f 6225 6226 6183
f 6226 6227 6183
f 6183 6227 6222
f 6228 6229 6183
f 6229 6230 6183
f 6183 6230 6225
f 6231 6232 6183
f 6232 6233 6183
f 6183 6233 6228
f 6234 6235 6183
f 6235 6236 6183
f 6183 6236 6231
f 6237 6238 6183
f 6238 6239 6183
f 6183 6239 6234
f 6240 6241 6183
f 6241 6242 6183
f 6183 6242 6237
f 6243 6244 6183
f 6244 6245 6183
f 6183 6245 6240
f 6246 6247 6183
f 6247 6248 6183
f 6183 6248 6243
f 6249 6250 6183
f 6250 6251 6183
f 6183 6251 6246
f 6185 6252 6183
f 6252 6253 6183
f 6183 6253 6249
f 6254 6220 6255
f 6220 6219 6255
f 6255 6219 6256
f 6219 6224 6256
f 6256 6224 6257
f 6224 6223 6257
f 6257 6223 6258
f 6223 6222 6258
f 6258 6222 6259
f 6222 6227 6259
f 6259 6227 6260
f 6227 6226 6260
f 6260 6226 6261
f 6226 6225 6261
f 6261 6225 6262
f 6225 6230 6262
f 6262 6230 6263
f 6230 6229 6263
f 6263 6229 6264
f 6229 6228 6264
f 6264 6228 6265
f 6228 6233 6265
f 6265 6233 6266
f 6233 6232 6266
f 6266 6232 6267
f 6232 6231 6267
f 6267 6231 6268
f 6231 6236 6268
f 6268 6236 6269
f 6236 6235 6269
f 6269 6235 6270
f 6235 6234 6270
f 6270 6234 6271
f 6234 6239 6271
f 6271 6239 6272
f 6239 6238 6272
f 6272 6238 6273
f 6238 6237 6273
f 6273 6237 6274
f 6237 6242 6274
f 6274 6242 6275
f 6242 6241 6275
f 6275 6241 6276
f 6241 6240 6276
f 6276 6240 6277
f 6240 6245 6277
f 6277 6245 6278
f 6245 6244 6278
f 6278 6244 6279
f 6244 6243 6279
f 6279 6243 6280
f 6243 6248 6280
f 6280 6248 6281
f 6248 6247 6281
f 6281 6247 6282
f 6247 6246 6282
f 6282 6246 6283
f 6246 6251 6283
f 6283 6251 6284
f 6251 6250 6284
f 6284 6250 6285
f 6250 6249 6285
f 6285 6249 6286
f 6249 6253 6286
f 6286 6253 6287
f 6253 6252 6287
f 6287 6252 6288
f 6252 6185 6288
f 6288 6185 6289
f 6185 6184 6289
f 6289 6184 6290
f 6184 6182 6290
f 6290 6182 6291
f 6182 6181 6291
f 6291 6181 6292
f 6181 6188 6292
f 6292 6188 6293
f 6188 6187 6293
f 6293 6187 6294
f 6187 6186 6294
f 6294 6186 6295
f 6186 6191 6295
f 6295 6191 6296
f 6191 6190 6296
f 6296 6190 6297
f 6190 6189 6297
f 6297 6189 6298
f 6189 6194 6298
f 6298 6194 6299
f 6194 6193 6299
f 6299 6193 6300
f 6193 6192 6300
f 6300 6192 6301
f 6192 6197 6301
f 6301 6197 6302
f 6197 6196 6302
f 6302 6196 6303
f 6196 6195 6303
f 6303 6195 6304
f 6195 6200 6304
f 6304 6200 6305
f 6200 6199 6305
f 6305 6199 6306
f 6199 6198 6306
f 6306 6198 6307
f 6198 6203 6307
f 6307 6203 6308
f 6203 6202 6308
f 6308 6202 6309
f 6202 6201 6309
f 6309 6201 6310
f 6201 6206 6310
f 6310 6206 6311
f 6206 6205 6311
f 6311 6205 6312
f 6205 6204 6312
f 6312 6204 6313
f 6204 6209 6313
f 6313 6209 6314
f 6209 6208 6314
f 6314 6208 6315
f 6208 6207 6315
f 6315 6207 6316
f 6207 6212 6316
f 6316 6212 6317
f 6212 6211 6317
f 6317 6211 6318
f 6211 6210 6318
f 6318 6210 6319
f 6210 6215 6319
f 6319 6215 6320
f 6215 6214 6320
f 6320 6214 6321
f 6214 6213 6321
f 6321 6213 6322
f 6213 6218 6322
f 6322 6218 6323
f 6218 6217 6323
f 6323 6217 6324
f 6217 6216 6324
f 6324 6216 6325
f 6216 6221 6325
f 6325 6221 6254
f 6221 6220 6254
f 705 6326 707
f 6326 6327 707
f 6328 706 6327
f 706 707 6327
f 3059 3058 402
f 3059 402 3053
f 4368 4367 404
f 4367 4375 404
f 404 4375 4374
f 4374 4373 404
f 4373 4372 404
f 404 4372 4381
f 1066 3056 402
f 3056 3054 402
f 402 3054 3053
f 3058 3057 402
f 3057 3064 402
f 402 3064 3063
f 4362 4371 404
f 4371 4370 404
f 404 4370 4368
f 4366 4365 404
f 4365 4363 404
f 404 4363 4362
f 3063 3061 402
f 3061 3060 402
f 402 3060 3069
f 3070 4355 3071
f 4355 4354 3071
f 4360 4358 404
f 4358 4357 404
f 404 4357 4366
f 3068 3066 4354
f 3066 3065 4354
f 3069 3068 402
f 3068 4354 402
f 402 4354 404
f 4354 4361 404
f 404 4361 4360
f 3065 3074 4354
f 3074 3073 4354
f 4354 3073 3071
f 4426 411 4427
f 411 6329 4427
f 4427 6329 4423
f 4423 6329 4424
f 6329 6330 4424
f 4424 6330 4421
f 6330 6331 4421
f 4421 6331 4419
f 4419 6331 4418
f 6331 6332 4418
f 4418 6332 4416
f 4416 6332 4415
f 6332 6333 4415
f 4415 6333 4413
f 4413 6333 4412
f 6333 6334 4412
f 4412 6334 4410
f 4410 6334 4409
f 6334 6335 4409
f 4409 6335 4407
f 4407 6335 4406
f 6335 6336 4406
f 4406 6336 4404
f 4404 6336 4399
f 6336 6337 4399
f 4399 6337 4400
f 4400 6337 4401
f 6337 6338 4401
f 4401 6338 4402
f 4402 6338 4403
f 6338 6339 4403
f 4403 6339 4396
f 4396 6339 4397
f 6339 6340 4397
f 4397 6340 4393
f 4393 6340 4394
f 6340 6341 4394
f 4394 6341 4390
f 4390 6341 4391
f 6341 6342 4391
f 4391 6342 4384
f 4384 6342 4382
f 6342 6343 4382
f 4382 6343 4386
f 4386 6343 4387
f 6343 6344 4387
f 4387 6344 4388
f 4388 6344 4378
f 6344 6345 4378
f 4378 6345 4379
f 4379 6345 4380
f 6345 404 4380
f 4380 404 4381
f 4436 4434 411
f 4434 4433 411
f 411 4433 4440
f 4325 4324 411
f 4324 4331 411
f 411 4331 409
f 4331 4330 409
f 4429 4428 411
f 4428 4437 411
f 411 4437 4436
f 4330 4329 409
f 4329 4336 409
f 409 4336 4335
f 4350 6346 4351
f 6346 409 4351
f 4445 4325 4438
f 4325 411 4438
f 4438 411 4439
f 411 4440 4439
f 409 4349 4348
f 4426 4432 411
f 4432 4431 411
f 411 4431 4429
f 4348 4346 409
f 4346 4345 409
f 409 4345 4351
f 4447 4458 4307
f 4335 4333 409
f 4333 4332 409
f 409 4332 4344
f 4319 4328 4445
f 4328 4327 4445
f 4445 4327 4325
f 4447 4307 4449
f 4459 4307 4460
f 4307 4454 4460
f 4309 4313 4445
f 4458 4457 4307
f 4457 4455 4307
f 4307 4455 4454
f 4344 4343 409
f 4343 4342 409
f 409 4342 4341
f 4442 4307 4444
f 4307 4304 4444
f 4444 4304 4445
f 4304 4310 4445
f 4445 4310 4309
f 4341 4340 409
f 4340 4338 409
f 409 4338 4349
f 4313 4312 4445
f 4312 4318 4445
f 4445 4318 4317
f 4323 4322 4445
f 4322 4320 4445
f 4445 4320 4319
f 4442 4441 4307
f 4441 4453 4307
f 4307 4453 4452
f 4452 4451 4307
f 4451 4450 4307
f 4307 4450 4449
f 4317 4315 4445
f 4315 4314 4445
f 4445 4314 4323
f 6347 6348 6349
f 6348 6350 6349
f 6349 6350 6351
f 6350 6352 6351
f 6351 6352 6353
f 6352 6354 6353
f 6353 6354 6355
f 6354 6356 6355
f 6355 6356 6357
f 6356 6358 6357
f 6357 6358 6359
f 6358 6360 6359
f 6359 6360 6361
f 6360 6362 6361
f 6361 6362 6363
f 6362 6364 6363
f 6363 6364 6365
f 6364 6366 6365
f 6365 6366 6367
f 6366 6368 6367
f 6367 6368 6369
f 6368 6370 6369
f 6369 6370 6371
f 6370 6372 6371
f 6371 6372 6373
f 6372 6374 6373
f 6373 6374 6375
f 6374 6376 6375
f 6375 6376 6377
f 6376 6378 6377
f 6377 6378 6379
f 6378 6380 6379
f 6379 6380 6381
f 6380 6382 6381
f 6381 6382 6383
f 6382 6384 6383
f 6383 6384 6385
f 6384 6386 6385
f 6385 6386 6387
f 6386 6388 6387
f 6387 6388 6389
f 6388 6390 6389
f 6389 6390 6391
f 6390 6392 6391
f 6391 6392 6393
f 6392 6394 6393
f 6393 6394 6395
f 6394 6396 6395
f 6395 6396 6397
f 6396 6398 6397
f 6397 6398 6399
f 6398 6400 6399
f 6399 6400 6401
f 6400 6402 6401
f 6401 6402 6403
f 6402 6404 6403
f 6403 6404 6405
f 6404 6406 6405
f 6405 6406 6407
f 6406 6408 6407
f 6407 6408 6409
f 6408 6410 6409
f 6409 6410 6411
f 6410 6412 6411
f 6411 6412 6413
f 6412 6414 6413
f 6413 6414 6415
f 6414 6416 6415
f 6415 6416 6417
f 6416 6418 6417
f 6417 6418 6419
f 6418 6420 6419
f 6419 6420 6421
f 6420 6422 6421
f 6421 6422 6423
f 6422 6424 6423
f 6423 6424 6425
f 6424 6426 6425
f 6425 6426 6427
f 6426 6428 6427
f 6427 6428 6429
f 6428 6430 6429
f 6429 6430 6431
f 6430 6432 6431
f 6431 6432 6433
f 6432 6434 6433
f 6433 6434 6435
f 6434 6436 6435
f 6435 6436 6437
f 6436 6438 6437
f 6437 6438 6439
f 6438 6440 6439
f 6439 6440 6441
f 6440 6442 6441
f 6441 6442 6443
f 6442 6444 6443
f 6443 6444 6445
f 6444 6446 6445
f 6445 6446 6447
f 6446 6448 6447
f 6447 6448 6449
f 6448 6450 6449
f 6449 6450 6451
f 6450 6452 6451
f 6451 6452 6453
f 6452 6454 6453
f 6453 6454 6455
f 6454 6456 6455
f 6455 6456 6457
f 6456 6458 6457
f 6457 6458 6459
f 6458 6460 6459
f 6459 6460 6461
f 6460 6462 6461
f 6461 6462 6463
f 6462 6464 6463
f 6463 6464 6465
f 6464 6466 6465
f 6465 6466 6467
f 6466 6468 6467
f 6467 6468 6469
f 6468 6470 6469
f 6469 6470 6471
f 6470 6472 6471
f 6471 6472 6473
f 6472 6474 6473
f 6473 6474 6475
f 6474 6476 6475
f 6475 6476 6477
f 6476 6478 6477
f 6477 6478 6479
f 6478 6480 6479
f 6479 6480 6481
f 6480 6482 6481
f 6481 6482 6483
f 6482 6484 6483
f 6483 6484 6485
f 6484 6486 6485
f 6485 6486 6487
f 6486 6488 6487
f 6487 6488 6489
f 6488 6490 6489
f 6489 6490 6347
f 6490 6348 6347
f 6424 6422 6491
f 6422 6420 6491
f 6491 6420 6418
f 6430 6428 6491
f 6428 6426 6491
f 6491 6426 6424
f 6436 6434 6491
f 6434 6432 6491
f 6491 6432 6430
f 6442 6440 6491
f 6440 6438 6491
f 6491 6438 6436
f 6448 6446 6491
f 6446 6444 6491
f 6491 6444 6442
f 6454 6452 6491
f 6452 6450 6491
f 6491 6450 6448
f 6460 6458 6491
f 6458 6456 6491
f 6491 6456 6454
f 6466 6464 6491
f 6464 6462 6491
f 6491 6462 6460
f 6472 6470 6491
f 6470 6468 6491
f 6491 6468 6466
f 6478 6476 6491
f 6476 6474 6491
f 6491 6474 6472
f 6484 6482 6491
f 6482 6480 6491
f 6491 6480 6478
f 6490 6488 6491
f 6488 6486 6491
f 6491 6486 6484
f 6352 6350 6491
f 6350 6348 6491
f 6491 6348 6490
f 6358 6356 6491
f 6356 6354 6491
f 6491 6354 6352
f 6364 6362 6491
f 6362 6360 6491
f 6491 6360 6358
f 6370 6368 6491
f 6368 6366 6491
f 6491 6366 6364
f 6376 6374 6491
f 6374 6372 6491
f 6491 6372 6370
f 6382 6380 6491
f 6380 6378 6491
f 6491 6378 6376
f 6388 6386 6491
f 6386 6384 6491
f 6491 6384 6382
f 6394 6392 6491
f 6392 6390 6491
f 6491 6390 6388
f 6400 6398 6491
f 6398 6396 6491
f 6491 6396 6394
f 6406 6404 6491
f 6404 6402 6491
f 6491 6402 6400
f 6412 6410 6491
f 6410 6408 6491
f 6491 6408 6406
f 6418 6416 6491
f 6416 6414 6491
f 6491 6414 6412
f 6492 6493 6494
f 6493 6495 6494
f 6494 6495 6496
f 6495 6497 6496
f 6496 6497 6498
f 6497 6499 6498
f 6498 6499 6500
f 6499 6501 6500
f 6500 6501 6502
f 6501 6503 6502
f 6502 6503 6504
f 6503 6505 6504
f 6504 6505 6506
f 6505 6507 6506
f 6506 6507 6508
f 6507 6509 6508
f 6508 6509 6510
f 6509 6511 6510
f 6510 6511 6512
f 6511 6513 6512
f 6512 6513 6514
f 6513 6515 6514
f 6514 6515 6516
f 6515 6517 6516
f 6516 6517 6518
f 6517 6519 6518
f 6518 6519 6520
f 6519 6521 6520
f 6520 6521 6522
f 6521 6523 6522
f 6522 6523 6524
f 6523 6525 6524
f 6524 6525 6526
f 6525 6527 6526
f 6526 6527 6528
f 6527 6529 6528
f 6528 6529 6530
f 6529 6531 6530
f 6530 6531 6532
f 6531 6533 6532
f 6532 6533 6534
f 6533 6535 6534
f 6534 6535 6536
f 6535 6537 6536
f 6536 6537 6538
f 6537 6539 6538
f 6538 6539 6540
f 6539 6541 6540
f 6540 6541 6542
f 6541 6543 6542
f 6542 6543 6544
f 6543 6545 6544
f 6544 6545 6546
f 6545 6547 6546
f 6546 6547 6548
f 6547 6549 6548
f 6548 6549 6550
f 6549 6551 6550
f 6550 6551 6552
f 6551 6553 6552
f 6552 6553 6554
f 6553 6555 6554
f 6554 6555 6556
f 6555 6557 6556
f 6556 6557 6558
f 6557 6559 6558
f 6558 6559 6560
f 6559 6561 6560
f 6560 6561 6562
f 6561 6563 6562
f 6562 6563 6564
f 6563 6565 6564
f 6564 6565 6566
f 6565 6567 6566
f 6566 6567 6568
f 6567 6569 6568
f 6568 6569 6570
f 6569 6571 6570
f 6570 6571 6572
f 6571 6573 6572
f 6572 6573 6574
f 6573 6575 6574
f 6574 6575 6576
f 6575 6577 6576
f 6576 6577 6578
f 6577 6579 6578
f 6578 6579 6580
f 6579 6581 6580
f 6580 6581 6582
f 6581 6583 6582
f 6582 6583 6584
f 6583 6585 6584
f 6584 6585 6586
f 6585 6587 6586
f 6586 6587 6588
f 6587 6589 6588
f 6588 6589 6590
f 6589 6591 6590
f 6590 6591 6592
f 6591 6593 6592
f 6592 6593 6594
f 6593 6595 6594
f 6594 6595 6596
f 6595 6597 6596
f 6596 6597 6598
f 6597 6599 6598
f 6598 6599 6600
f 6599 6601 6600
f 6600 6601 6602
f 6601 6603 6602
f 6602 6603 6604
f 6603 6605 6604
f 6604 6605 6606
f 6605 6607 6606
f 6606 6607 6608
f 6607 6609 6608
f 6608 6609 6610
f 6609 6611 6610
f 6610 6611 6612
f 6611 6613 6612
f 6612 6613 6614
f 6613 6615 6614
f 6614 6615 6616
f 6615 6617 6616
f 6616 6617 6618
f 6617 6619 6618
f 6618 6619 6620
f 6619 6621 6620
f 6620 6621 6622
f 6621 6623 6622
f 6622 6623 6624
f 6623 6625 6624
f 6624 6625 6626
f 6625 6627 6626
f 6626 6627 6628
f 6627 6629 6628
f 6628 6629 6630
f 6629 6631 6630
f 6630 6631 6632
f 6631 6633 6632
f 6632 6633 6634
f 6633 6635 6634
f 6634 6635 6492
f 6635 6493 6492
f 6569 6567 6636
f 6567 6565 6636
f 6636 6565 6563
f 6575 6573 6636
f 6573 6571 6636
f 6636 6571 6569
f 6581 6579 6636
f 6579 6577 6636
f 6636 6577 6575
f 6587 6585 6636
f 6585 6583 6636
f 6636 6583 6581
f 6593 6591 6636
f 6591 6589 6636
f 6636 6589 6587
f 6599 6597 6636
f 6597 6595 6636
f 6636 6595 6593
f 6605 6603 6636
f 6603 6601 6636
f 6636 6601 6599
f 6611 6609 6636
f 6609 6607 6636
f 6636 6607 6605
f 6617 6615 6636
f 6615 6613 6636
f 6636 6613 6611
f 6623 6621 6636
f 6621 6619 6636
f 6636 6619 6617
f 6629 6627 6636
f 6627 6625 6636
f 6636 6625 6623
f 6635 6633 6636
f 6633 6631 6636
f 6636 6631 6629
f 6497 6495 6636
f 6495 6493 6636
f 6636 6493 6635
f 6503 6501 6636
f 6501 6499 6636
f 6636 6499 6497
f 6509 6507 6636
f 6507 6505 6636
f 6636 6505 6503
f 6515 6513 6636
f 6513 6511 6636
f 6636 6511 6509
f 6521 6519 6636
f 6519 6517 6636
f 6636 6517 6515
f 6527 6525 6636
f 6525 6523 6636
f 6636 6523 6521
f 6533 6531 6636
f 6531 6529 6636
f 6636 6529 6527
f 6539 6537 6636
f 6537 6535 6636
f 6636 6535 6533
f 6545 6543 6636
f 6543 6541 6636
f 6636 6541 6539
f 6551 6549 6636
f 6549 6547 6636
f 6636 6547 6545
f 6557 6555 6636
f 6555 6553 6636
f 6636 6553 6551
f 6563 6561 6636
f 6561 6559 6636
f 6636 6559 6557
f 706 6328 704
f 6328 6637 704
f 6326 6637 6327
f 6637 6328 6327
f 6637 6326 6638
f 1009 814 1010
f 814 815 1010
f 705 704 980
f 704 979 980
f 705 980 4290
f 980 981 4290
f 4290 981 982
f 982 983 4290
f 983 984 4290
f 4290 984 985
f 985 986 4290
f 986 987 4290
f 4290 987 988
f 968 969 3070
f 988 989 4290
f 989 990 4290
f 4290 990 991
f 4290 994 995
f 6628 6630 4350
f 935 1010 934
f 1010 933 934
f 926 927 815
f 927 928 815
f 815 928 1010
f 928 929 1010
f 1010 929 930
f 991 992 4290
f 992 993 4290
f 4290 993 994
f 4290 817 4288
f 817 818 4288
f 4288 818 819
f 930 931 1010
f 931 932 1010
f 1010 932 933
f 787 1018 786
f 1018 785 786
f 819 820 4288
f 820 821 4288
f 4288 821 4282
f 848 849 4295
f 815 816 926
f 816 817 926
f 926 817 997
f 817 4290 997
f 997 4290 996
f 4290 995 996
f 6558 6560 6639
f 6560 6562 6639
f 6639 6562 6564
f 4459 6441 6443
f 811 812 1009
f 812 813 1009
f 1009 813 814
f 821 822 4282
f 822 823 4282
f 4282 823 824
f 831 4283 830
f 4283 4282 830
f 851 852 4291
f 6473 6475 6637
f 6457 6459 6638
f 787 788 1018
f 788 789 1018
f 1018 789 790
f 1009 807 808
f 824 825 4282
f 825 826 4282
f 4282 826 827
f 4355 6389 6391
f 6369 6371 704
f 968 3070 967
f 6459 6461 6638
f 6461 6463 6638
f 6638 6463 6465
f 6550 6552 6639
f 6443 6445 4459
f 6445 6447 4459
f 4459 6447 6449
f 790 791 1018
f 791 792 1018
f 1018 792 3075
f 792 793 3075
f 3075 793 3076
f 793 794 3076
f 3076 794 3077
f 794 795 3077
f 3077 795 3078
f 795 796 3078
f 3078 796 3079
f 796 797 3079
f 3079 797 3080
f 797 798 3080
f 3080 798 3081
f 798 799 3081
f 3081 799 3082
f 799 800 3082
f 3082 800 3084
f 800 801 3084
f 3084 801 3083
f 801 802 3083
f 3083 802 3085
f 802 803 3085
f 3085 803 3087
f 803 804 3087
f 3087 804 3086
f 804 805 3086
f 3086 805 1009
f 805 806 1009
f 1009 806 807
f 808 809 1009
f 809 810 1009
f 1009 810 811
f 827 828 4282
f 828 829 4282
f 4282 829 830
f 831 832 4283
f 832 833 4283
f 4283 833 4294
f 833 834 4294
f 834 835 4294
f 4294 835 4301
f 835 836 4301
f 6465 6467 6638
f 6467 6469 6638
f 6638 6469 6637
f 6469 6471 6637
f 6637 6471 6473
f 4355 973 974
f 6532 6534 6639
f 6534 6536 6639
f 6639 6536 6538
f 6538 6540 6639
f 6540 6542 6639
f 6639 6542 6544
f 6552 6554 6639
f 6554 6556 6639
f 6639 6556 6558
f 6522 397 6520
f 397 395 6520
f 6520 395 6518
f 395 6516 6518
f 6576 4307 6574
f 4307 6572 6574
f 836 837 4301
f 837 838 4301
f 4301 838 4299
f 838 839 4299
f 4299 839 840
f 4295 849 4291
f 849 850 4291
f 4291 850 851
f 852 781 4291
f 781 782 4291
f 4291 782 1017
f 782 783 1017
f 1017 783 1018
f 783 784 1018
f 1018 784 785
f 6391 6393 4355
f 6393 6395 4355
f 4355 6395 6397
f 6407 4355 6405
f 4355 6403 6405
f 935 936 1010
f 936 937 1010
f 1010 937 3029
f 937 938 3029
f 3029 938 3030
f 938 939 3030
f 3030 939 3031
f 939 940 3031
f 3031 940 3032
f 940 941 3032
f 3032 941 3033
f 941 942 3033
f 3033 942 3034
f 942 943 3034
f 3034 943 3035
f 943 944 3035
f 3035 944 3036
f 944 945 3036
f 3036 945 3037
f 945 946 3037
f 3037 946 3038
f 946 947 3038
f 3038 947 3040
f 947 948 3040
f 3040 948 3039
f 948 949 3039
f 3039 949 3041
f 949 950 3041
f 3041 950 3042
f 950 951 3042
f 3042 951 3043
f 951 952 3043
f 3043 952 3044
f 952 953 3044
f 3044 953 3046
f 953 954 3046
f 3046 954 3045
f 954 955 3045
f 3045 955 3047
f 955 956 3047
f 3047 956 3048
f 956 957 3048
f 3048 957 3050
f 957 958 3050
f 3050 958 3049
f 958 959 3049
f 3049 959 3051
f 959 960 3051
f 3051 960 3052
f 960 961 3052
f 3052 961 3055
f 961 962 3055
f 3055 962 3062
f 962 963 3062
f 3062 963 3067
f 963 964 3067
f 3067 964 3072
f 964 965 3072
f 3072 965 3070
f 965 966 3070
f 3070 966 967
f 6492 6494 389
f 6522 6524 397
f 6524 6526 397
f 397 6526 398
f 6449 6451 4459
f 6451 6453 4459
f 4459 6453 6455
f 840 841 4299
f 841 842 4299
f 4299 842 4297
f 842 843 4297
f 4297 843 844
f 6397 6399 4355
f 6399 6401 4355
f 4355 6401 6403
f 6475 6477 6637
f 6477 6479 6637
f 6637 6479 6481
f 6481 6483 6637
f 6483 6485 6637
f 6637 6485 6487
f 6371 6373 704
f 6373 6375 704
f 704 6375 6377
f 974 975 4355
f 975 976 4355
f 4355 976 977
f 6544 6546 6639
f 6546 6548 6639
f 6639 6548 6550
f 4350 6630 6346
f 6630 6632 6346
f 6346 6632 389
f 6632 6634 389
f 389 6634 6492
f 393 6506 6508
f 6639 6640 6532
f 6640 399 6532
f 6532 399 6530
f 399 398 6530
f 6530 398 6528
f 398 6526 6528
f 6576 6578 4307
f 6578 6580 4307
f 4307 6580 6582
f 6638 6639 6457
f 6639 6564 6457
f 6457 6564 6455
f 6564 6566 6455
f 6455 6566 4459
f 6566 6568 4459
f 4459 6568 4307
f 6568 6570 4307
f 4307 6570 6572
f 844 845 4297
f 845 846 4297
f 4297 846 4295
f 846 847 4295
f 4295 847 848
f 969 970 3070
f 970 971 3070
f 3070 971 4355
f 971 972 4355
f 4355 972 973
f 6487 6489 6637
f 6489 6347 6637
f 6637 6347 6349
f 6349 6351 6637
f 6351 6353 6637
f 6637 6353 6355
f 6355 6357 6637
f 6357 6359 6637
f 6637 6359 6361
f 6361 6363 6637
f 6363 6365 6637
f 6637 6365 704
f 6365 6367 704
f 704 6367 6369
f 6506 393 6504
f 393 391 6504
f 6504 391 6502
f 6508 6510 393
f 6510 6512 393
f 393 6512 395
f 6512 6514 395
f 395 6514 6516
f 6582 6584 4307
f 6584 6586 4307
f 4307 6586 4305
f 6586 6588 4305
f 4305 6588 4306
f 6588 6590 4306
f 4306 6590 4308
f 6590 6592 4308
f 4308 6592 4311
f 6592 6594 4311
f 4311 6594 4316
f 6594 6596 4316
f 4316 6596 4321
f 6596 6598 4321
f 4321 6598 4326
f 6598 6600 4326
f 4326 6600 4334
f 6600 6602 4334
f 4334 6602 4339
f 6602 6604 4339
f 4339 6604 4337
f 6604 6606 4337
f 4337 6606 4347
f 6606 6608 4347
f 4347 6608 4353
f 6608 6610 4353
f 4353 6610 4352
f 6610 6612 4352
f 4352 6612 4350
f 6612 6614 4350
f 4350 6614 6616
f 6377 6379 704
f 6379 6381 704
f 704 6381 979
f 6381 6383 979
f 979 6383 978
f 6494 6496 389
f 6496 6498 389
f 389 6498 391
f 6498 6500 391
f 391 6500 6502
f 6616 6618 4350
f 6618 6620 4350
f 4350 6620 6622
f 6622 6624 4350
f 6624 6626 4350
f 4350 6626 6628
f 4425 4422 6441
f 4422 4420 6441
f 6441 4420 4417
f 6407 6409 4355
f 6409 6411 4355
f 4355 6411 4356
f 6411 6413 4356
f 4356 6413 4359
f 6413 6415 4359
f 4359 6415 4364
f 6415 6417 4364
f 4364 6417 4369
f 6417 6419 4369
f 4369 6419 4376
f 6419 6421 4376
f 4376 6421 4377
f 6421 6423 4377
f 4377 6423 4383
f 6423 6425 4383
f 4383 6425 4385
f 6425 6427 4385
f 4385 6427 4389
f 6427 6429 4389
f 4389 6429 4392
f 6429 6431 4392
f 4392 6431 4395
f 6431 6433 4395
f 4395 6433 4398
f 6433 6435 4398
f 4398 6435 4405
f 6435 6437 4405
f 4405 6437 4408
f 6437 6439 4408
f 4408 6439 4411
f 6439 6441 4411
f 4411 6441 4414
f 6441 4417 4414
f 978 6383 977
f 6383 6385 977
f 977 6385 4355
f 6385 6387 4355
f 4355 6387 6389
f 4459 4461 6441
f 4461 4462 6441
f 6441 4462 4456
f 4456 4446 6441
f 4446 4448 6441
f 6441 4448 4443
f 4443 4435 6441
f 4435 4430 6441
f 6441 4430 4425
f 4290 4289 705
f 4289 6641 705
f 6641 6642 705
f 6642 6643 705
f 705 6643 6326
f 6644 6638 6645
f 6638 6326 6645
f 6645 6326 6646
f 6326 6643 6646
f 6647 6648 6649
f 6648 6650 6649
f 6649 6650 6651
f 6650 6652 6651
f 6651 6652 6653
f 6652 6654 6653
f 6653 6654 6655
f 6654 6656 6655
f 6655 6656 6657
f 6656 6658 6657
f 6657 6658 6659
f 6658 6660 6659
f 6659 6660 6661
f 6660 6662 6661
f 6661 6662 6663
f 6662 6664 6663
f 6663 6664 6665
f 6664 6666 6665
f 6665 6666 6667
f 6666 6668 6667
f 6667 6668 6669
f 6668 6670 6669
f 6669 6670 6671
f 6670 6672 6671
f 6671 6672 6673
f 6672 6674 6673
f 6673 6674 6675
f 6674 6676 6675
f 6675 6676 6677
f 6676 6678 6677
f 6677 6678 6679
f 6678 6680 6679
f 6679 6680 6681
f 6680 6682 6681
f 6681 6682 6683
f 6682 6684 6683
f 6683 6684 6685
f 6684 6686 6685
f 6685 6686 6687
f 6686 6688 6687
f 6687 6688 6689
f 6688 6690 6689
f 6689 6690 6691
f 6690 6692 6691
f 6691 6692 6693
f 6692 6694 6693
f 6693 6694 6695
f 6694 6696 6695
f 6695 6696 6697
f 6696 6698 6697
f 6697 6698 6699
f 6698 6700 6699
f 6699 6700 6701
f 6700 6702 6701
f 6701 6702 6703
f 6702 6704 6703
f 6703 6704 6705
f 6704 6706 6705
f 6705 6706 6707
f 6706 6708 6707
f 6707 6708 6709
f 6708 6710 6709
f 6709 6710 6711
f 6710 6712 6711
f 6711 6712 6713
f 6712 6714 6713
f 6713 6714 6715
f 6714 6716 6715
f 6715 6716 6717
f 6716 6718 6717
f 6717 6718 6719
f 6718 6720 6719
f 6719 6720 6721
f 6720 6722 6721
f 6721 6722 6723
f 6722 6724 6723
f 6723 6724 6725
f 6724 6726 6725
f 6725 6726 6727
f 6726 6728 6727
f 6727 6728 6729
f 6728 6730 6729
f 6729 6730 6731
f 6730 6732 6731
f 6731 6732 6733
f 6732 6734 6733
f 6733 6734 6735
f 6734 6736 6735
f 6735 6736 6737
f 6736 6738 6737
f 6737 6738 6739
f 6738 6740 6739
f 6739 6740 6741
f 6740 6742 6741
f 6741 6742 6743
f 6742 6744 6743
f 6743 6744 6745
f 6744 6746 6745
f 6745 6746 6747
f 6746 6748 6747
f 6747 6748 6749
f 6748 6750 6749
f 6749 6750 6751
f 6750 6752 6751
f 6751 6752 6753
f 6752 6754 6753
f 6753 6754 6755
f 6754 6756 6755
f 6755 6756 6757
f 6756 6758 6757
f 6757 6758 6759
f 6758 6760 6759
f 6759 6760 6761
f 6760 6762 6761
f 6761 6762 6763
f 6762 6764 6763
f 6763 6764 6765
f 6764 6766 6765
f 6765 6766 6767
f 6766 6768 6767
f 6767 6768 6769
f 6768 6770 6769
f 6769 6770 6771
f 6770 6772 6771
f 6771 6772 6773
f 6772 6774 6773
f 6773 6774 6775
f 6774 6776 6775
f 6775 6776 6777
f 6776 6778 6777
f 6777 6778 6779
f 6778 6780 6779
f 6779 6780 6781
f 6780 6782 6781
f 6781 6782 6783
f 6782 6784 6783
f 6783 6784 6785
f 6784 6786 6785
f 6785 6786 6787
f 6786 6788 6787
f 6787 6788 6789
f 6788 6790 6789
f 6789 6790 6647
f 6790 6648 6647
f 6787 6789 6791
f 6789 6647 6791
f 6791 6647 6649
f 6781 6783 6791
f 6783 6785 6791
f 6791 6785 6787
f 6775 6777 6791
f 6777 6779 6791
f 6791 6779 6781
f 6769 6771 6791
f 6771 6773 6791
f 6791 6773 6775
f 6763 6765 6791
f 6765 6767 6791
f 6791 6767 6769
f 6757 6759 6791
f 6759 6761 6791
f 6791 6761 6763
f 6751 6753 6791
f 6753 6755 6791
f 6791 6755 6757
f 6745 6747 6791
f 6747 6749 6791
f 6791 6749 6751
f 6739 6741 6791
f 6741 6743 6791
f 6791 6743 6745
f 6733 6735 6791
f 6735 6737 6791
f 6791 6737 6739
f 6727 6729 6791
f 6729 6731 6791
f 6791 6731 6733
f 6721 6723 6791
f 6723 6725 6791
f 6791 6725 6727
f 6715 6717 6791
f 6717 6719 6791
f 6791 6719 6721
f 6709 6711 6791
f 6711 6713 6791
f 6791 6713 6715
f 6703 6705 6791
f 6705 6707 6791
f 6791 6707 6709
f 6697 6699 6791
f 6699 6701 6791
f 6791 6701 6703
f 6691 6693 6791
f 6693 6695 6791
f 6791 6695 6697
f 6685 6687 6791
f 6687 6689 6791
f 6791 6689 6691
f 6679 6681 6791
f 6681 6683 6791
f 6791 6683 6685
f 6673 6675 6791
f 6675 6677 6791
f 6791 6677 6679
f 6667 6669 6791
f 6669 6671 6791
f 6791 6671 6673
f 6661 6663 6791
f 6663 6665 6791
f 6791 6665 6667
f 6655 6657 6791
f 6657 6659 6791
f 6791 6659 6661
f 6649 6651 6791
f 6651 6653 6791
f 6791 6653 6655
f 6792 6793 6794
f 6793 6795 6794
f 6794 6795 6796
f 6795 6797 6796
f 6796 6797 6798
f 6797 6799 6798
f 6799 6800 6798
f 6799 6801 6800
f 6801 6802 6800
f 6801 6803 6802
f 6803 6804 6802
f 6803 6805 6804
f 6805 6806 6804
f 6805 6807 6806
f 6807 6808 6806
f 6807 6809 6808
f 6809 6810 6808
f 6809 6811 6810
f 6812 6810 6811
f 6813 6812 6811
f 6814 6812 6813
f 6815 6814 6813
f 6816 6814 6815
f 6817 6816 6815
f 6818 6816 6817
f 6819 6818 6817
f 6820 6818 6819
f 6821 6820 6819
f 6822 6820 6821
f 6823 6822 6821
f 6824 6822 6823
f 6825 6824 6823
f 6826 6824 6825
f 6827 6826 6825
f 6828 6826 6827
f 6829 6828 6827
f 6830 6828 6829
f 6831 6830 6829
f 6832 6830 6831
f 6833 6832 6831
f 6834 6832 6833
f 6835 6834 6833
f 6836 6834 6835
f 6837 6836 6835
f 6838 6836 6837
f 6839 6838 6837
f 6840 6838 6839
f 6841 6840 6839
f 6842 6840 6841
f 6843 6842 6841
f 6844 6842 6843
f 6845 6844 6843
f 6846 6844 6845
f 6847 6846 6845
f 6848 6846 6847
f 6849 6848 6847
f 6850 6848 6849
f 6851 6850 6849
f 6852 6850 6851
f 6853 6852 6851
f 6854 6852 6853
f 6855 6854 6853
f 6856 6854 6855
f 6857 6856 6855
f 6858 6856 6857
f 6859 6858 6857
f 6858 6859 6860
f 6859 6861 6860
f 6860 6861 6862
f 6861 6863 6862
f 6862 6863 6864
f 6863 6865 6864
f 6864 6865 6866
f 6865 6867 6866
f 6866 6867 6868
f 6867 6869 6868
f 6868 6869 6870
f 6869 6871 6870
f 6870 6871 6872
f 6871 6873 6872
f 6872 6873 6874
f 6873 6875 6874
f 6874 6875 6876
f 6875 6877 6876
f 6876 6877 6878
f 6877 6879 6878
f 6878 6879 6880
f 6879 6881 6880
f 6880 6881 6882
f 6881 6883 6882
f 6882 6883 6884
f 6883 6885 6884
f 6884 6885 6886
f 6885 6887 6886
f 6886 6887 6888
f 6887 6889 6888
f 6888 6889 6890
f 6889 6891 6890
f 6890 6891 6892
f 6891 6893 6892
f 6892 6893 6894
f 6893 6895 6894
f 6894 6895 6896
f 6895 6897 6896
f 6896 6897 6898
f 6897 6899 6898
f 6898 6899 6900
f 6899 6901 6900
f 6900 6901 6902
f 6901 6903 6902
f 6902 6903 6904
f 6903 6905 6904
f 6904 6905 6906
f 6905 6907 6906
f 6906 6907 6908
f 6907 6909 6908
f 6908 6909 6910
f 6909 6911 6910
f 6910 6911 6912
f 6911 6913 6912
f 6912 6913 6914
f 6913 6915 6914
f 6914 6915 6916
f 6915 6917 6916
f 6916 6917 6918
f 6917 6919 6918
f 6918 6919 6920
f 6919 6921 6920
f 6920 6921 6922
f 6921 6923 6922
f 6922 6923 6924
f 6923 6925 6924
f 6924 6925 6926
f 6925 6927 6926
f 6926 6927 6928
f 6927 6929 6928
f 6928 6929 6930
f 6929 6931 6930
f 6930 6931 6932
f 6931 6933 6932
f 6932 6933 6934
f 6933 6935 6934
f 6934 6935 6792
f 6935 6793 6792
f 6932 6934 6936
f 6934 6792 6936
f 6936 6792 6794
f 6926 6928 6936
f 6928 6930 6936
f 6936 6930 6932
f 6920 6922 6936
f 6922 6924 6936
f 6936 6924 6926
f 6914 6916 6936
f 6916 6918 6936
f 6936 6918 6920
f 6908 6910 6936
f 6910 6912 6936
f 6936 6912 6914
f 6902 6904 6936
f 6904 6906 6936
f 6936 6906 6908
f 6896 6898 6936
f 6898 6900 6936
f 6936 6900 6902
f 6890 6892 6936
f 6892 6894 6936
f 6936 6894 6896
f 6884 6886 6936
f 6886 6888 6936
f 6936 6888 6890
f 6878 6880 6936
f 6880 6882 6936
f 6936 6882 6884
f 6872 6874 6936
f 6874 6876 6936
f 6936 6876 6878
f 6866 6868 6936
f 6868 6870 6936
f 6936 6870 6872
f 6860 6862 6936
f 6862 6864 6936
f 6936 6864 6866
f 6854 6856 6936
f 6856 6858 6936
f 6936 6858 6860
f 6848 6850 6936
f 6850 6852 6936
f 6936 6852 6854
f 6842 6844 6936
f 6844 6846 6936
f 6936 6846 6848
f 6836 6838 6936
f 6838 6840 6936
f 6936 6840 6842
f 6830 6832 6936
f 6832 6834 6936
f 6936 6834 6836
f 6824 6826 6936
f 6826 6828 6936
f 6936 6828 6830
f 6818 6820 6936
f 6820 6822 6936
f 6936 6822 6824
f 6812 6814 6936
f 6814 6816 6936
f 6936 6816 6818
f 6806 6808 6936
f 6808 6810 6936
f 6936 6810 6812
f 6800 6802 6936
f 6802 6804 6936
f 6936 6804 6806
f 6794 6796 6936
f 6796 6798 6936
f 6936 6798 6800
f 6937 6938 6939
f 6938 6940 6939
f 6714 6712 6941
f 6788 6786 6942
f 6740 6738 6943
f 6929 6927 6944
f 6943 6726 6945
f 6726 6946 6945
f 6718 6947 6948
f 6941 6712 6949
f 6879 6877 6648
f 6801 6950 6803
f 6950 6951 6803
f 6803 6951 6805
f 6801 6799 6950
f 6799 6797 6950
f 6950 6797 6795
f 6788 6942 6790
f 6668 6666 6940
f 6666 6664 6940
f 6940 6664 6662
f 6648 6887 6885
f 6871 6869 6648
f 6813 6811 6952
f 6811 6809 6952
f 6952 6809 6951
f 6809 6807 6951
f 6951 6807 6805
f 6738 6736 6943
f 6736 6734 6943
f 6943 6734 6732
f 6913 6911 6953
f 6911 6909 6953
f 6953 6909 6907
f 6795 6793 6950
f 6793 6935 6950
f 6950 6935 6954
f 6935 6933 6954
f 6954 6933 6944
f 6933 6931 6944
f 6944 6931 6929
f 6726 6724 6946
f 6724 6722 6946
f 6946 6722 6948
f 6722 6720 6948
f 6948 6720 6718
f 6947 6718 6941
f 6718 6716 6941
f 6941 6716 6714
f 6662 6660 6940
f 6660 6658 6940
f 6940 6658 6656
f 6885 6883 6648
f 6883 6881 6648
f 6648 6881 6879
f 6732 6730 6943
f 6730 6728 6943
f 6943 6728 6726
f 6907 6905 6953
f 6905 6903 6953
f 6953 6903 6901
f 6927 6925 6944
f 6925 6923 6944
f 6944 6923 6921
f 6921 6919 6944
f 6919 6917 6944
f 6944 6917 6915
f 6938 6706 6704
f 6897 6895 6648
f 6895 6893 6648
f 6786 6784 6942
f 6784 6782 6942
f 6942 6782 6780
f 6780 6778 6942
f 6778 6776 6942
f 6942 6776 6774
f 6955 6938 6956
f 6938 6957 6956
f 6692 6690 6938
f 6690 6688 6938
f 6938 6688 6686
f 6686 6684 6938
f 6684 6682 6938
f 6938 6682 6940
f 6682 6680 6940
f 6680 6678 6940
f 6678 6676 6940
f 6940 6676 6674
f 6674 6672 6940
f 6672 6670 6940
f 6940 6670 6668
f 6942 6953 6790
f 6953 6901 6790
f 6790 6901 6648
f 6901 6899 6648
f 6648 6899 6897
f 6893 6891 6648
f 6891 6889 6648
f 6648 6889 6887
f 6877 6875 6648
f 6875 6873 6648
f 6648 6873 6871
f 6855 6853 6650
f 6955 6958 6938
f 6958 6959 6938
f 6938 6959 6960
f 6704 6702 6938
f 6702 6700 6938
f 6938 6700 6698
f 6961 6962 6712
f 6962 6963 6712
f 6712 6963 6949
f 6698 6696 6938
f 6696 6694 6938
f 6938 6694 6692
f 6656 6654 6940
f 6654 6652 6940
f 6940 6652 6964
f 6652 6650 6964
f 6964 6650 6965
f 6650 6952 6965
f 6869 6867 6648
f 6867 6865 6648
f 6648 6865 6650
f 6865 6863 6650
f 6650 6863 6861
f 6774 6772 6942
f 6772 6770 6942
f 6942 6770 6966
f 6770 6768 6966
f 6966 6768 6967
f 6768 6766 6967
f 6967 6766 6968
f 6766 6764 6968
f 6968 6764 6969
f 6764 6762 6969
f 6969 6762 6970
f 6762 6760 6970
f 6970 6760 6971
f 6760 6758 6971
f 6971 6758 6972
f 6758 6756 6972
f 6972 6756 6973
f 6756 6754 6973
f 6973 6754 6974
f 6754 6752 6974
f 6974 6752 6975
f 6752 6750 6975
f 6975 6750 6976
f 6750 6748 6976
f 6976 6748 6977
f 6748 6746 6977
f 6977 6746 6978
f 6746 6744 6978
f 6978 6744 6943
f 6744 6742 6943
f 6943 6742 6740
f 6960 6979 6938
f 6979 6980 6938
f 6938 6980 6706
f 6980 6981 6706
f 6706 6981 6982
f 6982 6983 6706
f 6983 6984 6706
f 6706 6984 6708
f 6984 6961 6708
f 6708 6961 6710
f 6961 6712 6710
f 6861 6859 6650
f 6859 6857 6650
f 6650 6857 6855
f 6853 6851 6650
f 6851 6849 6650
f 6650 6849 6847
f 6913 6953 6915
f 6953 6985 6915
f 6915 6985 6986
f 6987 6988 6915
f 6988 6989 6915
f 6915 6989 6944
f 6847 6845 6650
f 6845 6843 6650
f 6650 6843 6841
f 6821 6819 6952
f 6986 6990 6915
f 6990 6991 6915
f 6915 6991 6992
f 6819 6817 6952
f 6817 6815 6952
f 6952 6815 6813
f 6992 6993 6915
f 6993 6994 6915
f 6915 6994 6995
f 6995 6996 6915
f 6996 6997 6915
f 6915 6997 6987
f 6827 6825 6952
f 6825 6823 6952
f 6952 6823 6821
f 6841 6839 6650
f 6839 6837 6650
f 6650 6837 6952
f 6837 6835 6952
f 6952 6835 6833
f 6833 6831 6952
f 6831 6829 6952
f 6952 6829 6827
f 6998 6989 6988
f 6989 6998 6944
f 6987 6999 6988
f 6999 7000 6988
f 6988 7000 6998
f 6997 7001 6987
f 7001 7002 6987
f 6987 7002 6999
f 7003 7004 6996
f 7004 7005 6996
f 6996 7005 6997
f 7005 7006 6997
f 6997 7006 7001
f 7007 7008 6995
f 7008 7009 6995
f 6995 7009 6996
f 7009 7010 6996
f 6996 7010 7003
f 7011 7012 6994
f 7012 7013 6994
f 6994 7013 6995
f 7013 7014 6995
f 6995 7014 7007
f 7015 7016 6994
f 7016 7017 6994
f 6994 7017 7011
f 7018 7019 6993
f 7019 7020 6993
f 6993 7020 6994
f 7020 7021 6994
f 6994 7021 7015
f 6991 7022 6992
f 7022 7023 6992
f 6992 7023 7024
f 7024 7025 6992
f 7025 7026 6992
f 6992 7026 6993
f 7026 7027 6993
f 6993 7027 7018
f 7028 7029 6990
f 7029 7030 6990
f 6990 7030 6991
f 7030 7031 6991
f 6991 7031 7022
f 6953 7032 6985
f 7032 7028 6985
f 6985 7028 6986
f 7028 6990 6986
f 7033 6966 6967
f 6966 7033 6942
f 6968 7034 6967
f 7034 7035 6967
f 6967 7035 7033
f 6969 7036 6968
f 7036 7037 6968
f 6968 7037 7034
f 7038 7039 6970
f 7039 7040 6970
f 6970 7040 6969
f 7040 7041 6969
f 6969 7041 7036
f 7042 7043 6971
f 7043 7044 6971
f 6971 7044 6970
f 7044 7045 6970
f 6970 7045 7038
f 7046 7047 6972
f 7047 7048 6972
f 6972 7048 6971
f 7048 7049 6971
f 6971 7049 7042
f 7050 7051 6972
f 7051 7052 6972
f 6972 7052 7046
f 7053 7054 6973
f 7054 7055 6973
f 6973 7055 6972
f 7055 7056 6972
f 6972 7056 7050
f 6975 7057 6974
f 7057 7058 6974
f 6974 7058 7059
f 7059 7060 6974
f 7060 7061 6974
f 6974 7061 6973
f 7061 7062 6973
f 6973 7062 7053
f 7063 7064 6976
f 7064 7065 6976
f 6976 7065 6975
f 7065 7066 6975
f 6975 7066 7057
f 6943 7067 6978
f 7067 7063 6978
f 6978 7063 6977
f 7063 6976 6977
f 6954 413 7068
f 6950 6954 7068
f 7013 7012 413
f 7032 6953 6942
f 7051 412 7052
f 412 413 7052
f 7052 413 7046
f 7012 7011 413
f 7011 7017 413
f 413 7017 7046
f 7017 7016 7046
f 7046 7016 7047
f 413 6954 6944
f 7051 7050 412
f 7050 7056 412
f 412 7056 7055
f 7008 7007 413
f 7007 7014 413
f 413 7014 7013
f 6943 6945 7067
f 6945 412 7067
f 6942 7021 7020
f 412 7066 7065
f 6944 6998 413
f 6998 7000 413
f 413 7000 6999
f 6999 7002 413
f 7002 7001 413
f 413 7001 7006
f 7042 7049 7016
f 7049 7048 7016
f 7016 7048 7047
f 7065 7064 412
f 7064 7063 412
f 412 7063 7067
f 6942 7024 7023
f 7023 7022 6942
f 7022 7031 6942
f 6942 7031 7030
f 7055 7054 412
f 7054 7053 412
f 412 7053 7062
f 7003 7010 413
f 7010 7009 413
f 413 7009 7008
f 7034 7037 7016
f 7020 7019 6942
f 7019 7018 6942
f 6942 7018 7027
f 7030 7029 6942
f 7029 7028 6942
f 6942 7028 7032
f 7021 6942 7015
f 6942 7033 7015
f 7015 7033 7016
f 7033 7035 7016
f 7016 7035 7034
f 7027 7026 6942
f 7026 7025 6942
f 6942 7025 7024
f 7037 7036 7016
f 7036 7041 7016
f 7016 7041 7040
f 7045 7044 7016
f 7044 7043 7016
f 7016 7043 7042
f 7062 7061 412
f 7061 7060 412
f 412 7060 7059
f 7006 7005 413
f 7005 7004 413
f 413 7004 7003
f 7059 7058 412
f 7058 7057 412
f 412 7057 7066
f 7040 7039 7016
f 7039 7038 7016
f 7016 7038 7045
f 4107 4140 400
f 403 6957 6938
f 6937 4108 6938
f 4108 4107 6938
f 6938 4107 403
f 4107 400 403
f 310 1 7069
f 159 163 7070
f 4278 4280 7071
f 7072 388 7073
f 388 390 7073
f 7073 390 392
f 407 406 7074
f 406 409 7074
f 7074 409 7072
f 7072 7073 7074
f 7073 7075 7074
f 7074 7075 407
f 1007 4293 4292
f 4293 7076 4292
f 4302 4300 7076
f 4300 4298 7076
f 4298 4296 7076
f 7076 4296 4292
f 4284 4286 7077
f 4286 4303 7077
f 1190 1192 6641
f 1192 1194 6641
f 6641 1194 1196
f 1196 1198 6641
f 1198 1200 6641
f 6641 1200 1202
f 1254 4284 1252
f 4284 1250 1252
f 1178 1180 4289
f 1180 1182 4289
f 1202 1204 6641
f 1204 1206 6641
f 6641 1206 1208
f 6641 1214 1216
f 1238 1240 4284
f 1240 1242 4284
f 4284 1242 1244
f 1244 1246 4284
f 1246 1248 4284
f 4284 1248 1250
f 4287 1124 1126
f 1166 1168 4289
f 1168 1170 4289
f 4289 1170 1172
f 1182 1184 4289
f 1184 1186 4289
f 4289 1186 6641
f 1186 1188 6641
f 6641 1188 1190
f 1208 1210 6641
f 1210 1212 6641
f 6641 1212 1214
f 1232 4284 1230
f 4284 1228 1230
f 1232 1234 4284
f 1234 1236 4284
f 4284 1236 1238
f 1254 1256 4284
f 1256 1258 4284
f 4284 1258 1260
f 1158 1160 4289
f 1172 1174 4289
f 1174 1176 4289
f 4289 1176 1178
f 1222 1224 6641
f 1224 1226 6641
f 1126 1128 4287
f 1128 1130 4287
f 4287 1130 1132
f 1132 1134 4287
f 1134 1136 4287
f 4287 1136 1138
f 1138 1140 4287
f 1140 1142 4287
f 4287 1142 1144
f 1160 1162 4289
f 1162 1164 4289
f 4289 1164 1166
f 1216 1218 6641
f 1218 1220 6641
f 6641 1220 1222
f 1260 1118 4284
f 1118 1120 4284
f 4284 1120 4287
f 1120 1122 4287
f 4287 1122 1124
f 1144 1146 4287
f 1146 1148 4287
f 4287 1148 1150
f 1150 1152 4287
f 1152 1154 4287
f 4287 1154 4289
f 1154 1156 4289
f 4289 1156 1158
f 6314 6315 7078
f 394 396 7079
f 396 387 7079
f 387 386 7079
f 386 7080 7079
f 7079 7080 6645
f 6285 6286 6645
f 6315 6316 7078
f 6316 6317 7078
f 7078 6317 7080
f 6317 6318 7080
f 6286 6287 6645
f 6287 6288 6645
f 6645 6288 6289
f 6295 6644 6294
f 6644 6293 6294
f 6310 6311 7078
f 6311 6312 7078
f 6312 6313 7078
f 7078 6313 6314
f 6289 6290 6645
f 6290 6291 6645
f 6645 6291 6644
f 6291 6292 6644
f 6644 6292 6293
f 6644 6298 6299
f 6644 6302 6303
f 6318 6319 7080
f 6319 6320 7080
f 7080 6320 6321
f 6258 6259 7080
f 6278 6279 6645
f 6295 6296 6644
f 6296 6297 6644
f 6644 6297 6298
f 6299 6300 6644
f 6300 6301 6644
f 6644 6301 6302
f 6303 6304 6644
f 6304 6305 6644
f 6644 6305 6306
f 6265 6266 7080
f 6266 6267 7080
f 6274 6275 6645
f 6279 6280 6645
f 6280 6281 6645
f 6645 6281 6282
f 6321 6322 7080
f 6322 6323 7080
f 7080 6323 6324
f 6262 6263 7080
f 6263 6264 7080
f 7080 6264 6265
f 6275 6276 6645
f 6276 6277 6645
f 6645 6277 6278
f 6282 6283 6645
f 6283 6284 6645
f 6645 6284 6285
f 6306 6307 6644
f 6307 6308 6644
f 6644 6308 7078
f 6308 6309 7078
f 7078 6309 6310
f 6324 6325 7080
f 6325 6254 7080
f 7080 6254 6255
f 6255 6256 7080
f 6256 6257 7080
f 7080 6257 6258
f 6259 6260 7080
f 6260 6261 7080
f 7080 6261 6262
f 6267 6268 7080
f 6268 6269 7080
f 7080 6269 6270
f 6270 6271 7080
f 6271 6272 7080
f 7080 6272 6645
f 6272 6273 6645
f 6645 6273 6274
f 146 150 7081
f 1 6 7069
f 6 10 7069
f 7069 10 7082
f 10 15 7082
f 7082 15 19
f 7081 150 7070
f 150 155 7070
f 7070 155 159
f 109 114 7081
f 114 119 7081
f 119 123 7081
f 123 128 7081
f 7081 128 132
f 19 24 7082
f 24 28 7082
f 7082 28 33
f 132 137 7081
f 137 141 7081
f 7081 141 146
f 33 37 7082
f 37 42 7082
f 7082 42 46
f 7082 73 78
f 96 100 7081
f 100 105 7081
f 7081 105 109
f 46 51 7082
f 51 55 7082
f 7082 55 60
f 60 64 7082
f 64 69 7082
f 7082 69 73
f 83 87 7081
f 87 92 7081
f 7081 92 96
f 7083 181 186
f 186 190 7083
f 190 195 7083
f 7083 195 200
f 163 168 7070
f 168 173 7070
f 7070 173 7083
f 173 177 7083
f 7083 177 181
f 200 204 7083
f 204 208 7083
f 7083 208 213
f 227 231 7083
f 231 236 7083
f 7083 236 240
f 298 301 7084
f 301 304 7084
f 7084 304 7069
f 304 307 7069
f 7069 307 310
f 245 249 7084
f 249 254 7084
f 280 285 7084
f 285 289 7084
f 213 217 7083
f 217 222 7083
f 7083 222 227
f 254 258 7084
f 258 262 7084
f 7084 262 267
f 289 292 7084
f 292 295 7084
f 7084 295 298
f 267 271 7084
f 271 276 7084
f 7084 276 280
f 5998 6646 5997
f 6646 6643 5997
f 5997 6643 5996
f 6643 5995 5996
f 6029 6030 7083
f 6030 6031 7083
f 7083 6031 6032
f 6004 6005 6646
f 6005 6006 6646
f 5969 7070 5968
f 7070 5967 5968
f 5972 5973 7070
f 5973 5974 7070
f 7070 5974 5975
f 5998 5999 6646
f 5999 6000 6646
f 6646 6000 6001
f 6001 6002 6646
f 6002 6003 6646
f 6646 6003 6004
f 5969 5970 7070
f 5970 5971 7070
f 7070 5971 5972
f 5975 5976 7070
f 5976 5977 7070
f 7070 5977 5978
f 5990 5991 6643
f 5991 5992 6643
f 6032 6033 7083
f 6033 6034 7083
f 7083 6034 6035
f 5992 5993 6643
f 5993 5994 6643
f 6643 5994 5995
f 6035 5964 7083
f 5964 5965 7083
f 7083 5965 7070
f 5965 5966 7070
f 7070 5966 5967
f 5982 5983 6643
f 5983 5984 6643
f 5984 5985 6643
f 5985 5986 6643
f 6643 5986 5987
f 5978 5979 7070
f 5979 5980 7070
f 7070 5980 6643
f 5980 5981 6643
f 6643 5981 5982
f 5987 5988 6643
f 5988 5989 6643
f 6643 5989 5990
f 6646 6141 6142
f 6142 6143 6646
f 6143 6144 6646
f 6646 6144 6645
f 6155 6645 6154
f 6645 6153 6154
f 6171 6172 7079
f 6172 6173 7079
f 6119 6027 6118
f 6027 6117 6118
f 6155 6156 6645
f 6156 6157 6645
f 6645 6157 6158
f 6144 6145 6645
f 6145 6146 6645
f 6645 6146 6147
f 6147 6148 6645
f 6148 6149 6645
f 6645 6149 6150
f 6173 6174 7079
f 6174 6175 7079
f 7079 6175 6176
f 6150 6151 6645
f 6151 6152 6645
f 6645 6152 6153
f 6165 6166 7079
f 6166 6167 7079
f 7079 6167 6168
f 6168 6169 7079
f 6169 6170 7079
f 7079 6170 6171
f 6006 6007 6646
f 6007 6008 6646
f 6646 6008 6141
f 6008 6009 6141
f 6141 6009 6010
f 6010 6011 6141
f 6011 6012 6141
f 6141 6012 6140
f 6012 6013 6140
f 6158 6159 6645
f 6159 6160 6645
f 6645 6160 6161
f 6161 6162 6645
f 6162 6163 6645
f 6645 6163 7079
f 6163 6164 7079
f 7079 6164 6165
f 6176 6177 7079
f 6177 6178 7079
f 7079 6178 6179
f 6113 6114 7079
f 6114 6115 7079
f 7079 6115 6116
f 6029 7083 6028
f 7083 7079 6028
f 6028 7079 6027
f 7079 6116 6027
f 6027 6116 6117
f 6020 6021 6125
f 6179 6180 7079
f 6180 6109 7079
f 7079 6109 6110
f 6110 6111 7079
f 6111 6112 7079
f 7079 6112 6113
f 6135 6136 6013
f 6136 6137 6013
f 6024 6025 6123
f 6137 6138 6013
f 6138 6139 6013
f 6013 6139 6140
f 6015 6132 6014
f 6132 6133 6014
f 6014 6133 6013
f 6133 6134 6013
f 6013 6134 6135
f 6119 6120 6027
f 6120 6121 6027
f 6027 6121 6122
f 6016 6130 6015
f 6130 6131 6015
f 6015 6131 6132
f 6123 6025 6122
f 6025 6026 6122
f 6122 6026 6027
f 6125 6021 6124
f 6021 6022 6124
f 6124 6022 6123
f 6022 6023 6123
f 6123 6023 6024
f 6020 6125 6019
f 6125 6126 6019
f 6019 6126 6018
f 6126 6127 6018
f 6018 6127 6017
f 6127 6128 6017
f 6017 6128 6016
f 6128 6129 6016
f 6016 6129 6130
f 1387 1389 7081
f 1359 1361 6642
f 1347 1349 6642
f 1349 1351 6642
f 6642 1351 1353
f 1389 1391 7081
f 1391 1393 7081
f 7081 1393 1395
f 1325 1327 6641
f 1327 1329 6641
f 1341 6642 1339
f 6642 1337 1339
f 1341 1343 6642
f 1343 1345 6642
f 6642 1345 1347
f 1353 1355 6642
f 1355 1357 6642
f 6642 1357 1359
f 1395 1397 7081
f 1397 1399 7081
f 7081 1399 1401
f 1271 1273 7077
f 1279 1281 7077
f 1281 1283 7077
f 7077 1283 1285
f 1375 1377 7081
f 1377 1379 7081
f 7081 1379 1381
f 1381 1383 7081
f 1383 1385 7081
f 7081 1385 1387
f 1329 1331 6641
f 1331 1333 6641
f 6641 1333 6642
f 1333 1335 6642
f 6642 1335 1337
f 1361 1363 6642
f 1363 1365 6642
f 6642 1365 1367
f 1367 1369 6642
f 1369 1371 6642
f 6642 1371 7081
f 1371 1373 7081
f 7081 1373 1375
f 1273 1275 7077
f 1275 1277 7077
f 7077 1277 1279
f 1265 1267 7077
f 1267 1269 7077
f 7077 1269 1271
f 1299 1301 6641
f 1319 1321 6641
f 1321 1323 6641
f 6641 1323 1325
f 1401 1403 7081
f 1403 1405 7081
f 7081 1405 7077
f 1405 1263 7077
f 7077 1263 1265
f 1285 1287 7077
f 1287 1289 7077
f 7077 1289 1291
f 1301 1303 6641
f 1303 1305 6641
f 6641 1305 1307
f 1307 1309 6641
f 1309 1311 6641
f 6641 1311 1313
f 1291 1293 7077
f 1293 1295 7077
f 7077 1295 1297
f 1313 1315 6641
f 1315 1317 6641
f 6641 1317 1319
f 1297 1299 7077
f 1299 6641 7077
f 7077 6641 4284
f 6641 1226 4284
f 4284 1226 1228
f 4303 4302 7077
f 4302 7076 7077
f 7077 7076 7081
f 7076 7082 7081
f 7081 7082 83
f 7082 78 83
f 1416 1418 7081
f 1418 1420 7081
f 1478 6642 1476
f 6642 1474 1476
f 1478 1480 6642
f 1480 1482 6642
f 6642 1482 6643
f 1482 1484 6643
f 1484 1486 6643
f 1486 1488 6643
f 6643 1488 1490
f 1490 1492 6643
f 1492 1494 6643
f 6643 1494 1496
f 1502 1504 6643
f 1504 1506 6643
f 6643 1506 1508
f 1538 1540 7070
f 1540 1542 7070
f 7070 1542 1544
f 1456 1458 6642
f 1468 6642 1466
f 6642 1464 1466
f 1468 1470 6642
f 1470 1472 6642
f 6642 1472 1474
f 1496 1498 6643
f 1498 1500 6643
f 6643 1500 1502
f 1508 1510 6643
f 1510 1512 6643
f 6643 1512 1514
f 1522 1524 7070
f 1524 1526 7070
f 1408 1410 7081
f 1420 1422 7081
f 1422 1424 7081
f 7081 1424 1426
f 1526 1528 7070
f 1528 1530 7070
f 7070 1530 1532
f 1532 1534 7070
f 1534 1536 7070
f 7070 1536 1538
f 1410 1412 7081
f 1412 1414 7081
f 7081 1414 1416
f 1458 1460 6642
f 1460 1462 6642
f 6642 1462 1464
f 1514 1516 6643
f 1516 1518 6643
f 6643 1518 7070
f 1518 1520 7070
f 7070 1520 1522
f 1426 1428 7081
f 1428 1430 7081
f 7081 1430 1432
f 1432 1434 7081
f 1434 1436 7081
f 7081 1436 1438
f 1544 1546 7070
f 1546 1548 7070
f 7070 1548 7081
f 1548 1550 7081
f 7081 1550 1408
f 1446 1448 6642
f 1448 1450 6642
f 1450 1452 6642
f 1452 1454 6642
f 6642 1454 1456
f 1438 1440 7081
f 1440 1442 7081
f 7081 1442 6642
f 1442 1444 6642
f 6642 1444 1446
f 240 245 7083
f 245 7084 7083
f 7083 7084 7079
f 7084 7073 7079
f 7079 7073 394
f 7073 392 394
f 4293 4278 7076
f 4278 7071 7076
f 7076 7071 7082
f 7071 7085 7082
f 7082 7085 7069
f 7085 7086 7069
f 7069 7086 7084
f 7086 7087 7084
f 7084 7087 7073
f 7087 7088 7073
f 7073 7088 7075
f 7068 413 408
f 7168 4238 7167
f 4238 7166 7167
f 7169 4281 7170
f 4281 7171 7170
f 7089 7173 7172
f 7089 7172 7174
f 7177 7173 7089
f 7089 4281 7176
f 7089 7176 7175
f 7180 7177 7089
f 7179 7180 7089
f 7089 7175 7178
f 7181 7179 7089
f 7089 7178 7181
f 7176 4281 7182
f 4281 7183 7182
f 7174 7184 7089
f 7089 7184 7185
f 7089 7185 7186
f 7089 7186 7187
f 7089 7187 7188
f 7189 4281 7190
f 4281 7169 7190
f 7191 4281 7192
f 4281 7189 7192
f 7183 4281 7193
f 4281 7191 7193
f 7194 4281 7195
f 4281 7196 7195
f 7197 4281 7198
f 4281 7194 7198
f 7171 4281 7199
f 4281 7197 7199
f 7089 7188 7200
f 7089 7200 7201
f 7089 7201 7202
f 7089 7202 7203
f 7089 7203 7204
f 7089 7204 7205
f 7208 4238 7207
f 4238 7206 7207
f 7210 7090 7209
f 7211 7090 7210
f 4238 7212 7213
f 7215 4238 7214
f 4238 7213 7214
f 7217 4238 7216
f 4238 7215 7216
f 7219 4238 7218
f 4238 7217 7218
f 7221 4238 7220
f 4238 7219 7220
f 7223 4238 7222
f 4238 7221 7222
f 4238 7223 7224
f 7226 4238 7225
f 4238 7224 7225
f 4238 7226 7227
f 4238 7227 7166
f 7230 7196 4281
f 4281 4238 7168
f 4281 7168 7232
f 7231 7230 4281
f 7228 7231 4281
f 4281 7232 7233
f 4281 7233 7234
f 7229 7228 4281
f 7236 7229 4281
f 4281 7234 7235
f 4281 7235 7236
f 4281 4279 4238
f 4238 4279 4239
f 7238 4238 7237
f 4238 7208 7237
f 7240 4238 7239
f 4238 7238 7239
f 4238 7240 7241
f 4238 7241 7212
f 7089 7205 7242
f 7089 7242 7243
f 7089 7243 7244
f 7089 7244 7245
f 7089 7245 7246
f 7089 7246 7247
f 7248 7090 7250
f 7090 7249 7250
f 7209 7090 7251
f 7253 7251 7090
f 7090 7068 7252
f 7090 7252 7253
f 7252 7068 7255
f 7068 7254 7255
f 7261 7254 7068
f 7068 408 7258
f 7068 7258 7259
f 7262 7261 7068
f 7263 7262 7068
f 7068 7259 7260
f 7068 7260 7256
f 7264 7263 7068
f 7068 7256 7257
f 7068 7257 7264
f 7265 7258 408
f 408 7089 7247
f 408 7247 7265
f 7266 7090 7267
f 7090 7211 7267
f 7268 7090 7269
f 7090 7266 7269
f 7270 7090 7268
f 7273 7091 7272
f 7091 7271 7272
f 7274 7271 7091
f 7091 7092 7275
f 7274 7091 7275
f 7275 7092 7276
f 7092 7277 7276
f 7092 7093 7278
f 7092 7278 7277
f 7278 7093 7279
f 7093 7280 7279
f 7281 7280 7093
f 7281 7093 7094
f 7281 7094 7282
f 7094 7283 7282
f 7284 7283 7094
f 7094 7095 7285
f 7284 7094 7285
f 7285 7095 7287
f 7095 7286 7287
f 7095 7096 7288
f 7095 7288 7286
f 7288 7096 7289
f 7096 7290 7289
f 7096 7097 7291
f 7096 7291 7290
f 7291 7097 7292
f 7097 7293 7292
f 7294 7293 7097
f 7097 7098 7295
f 7294 7097 7295
f 7295 7098 7297
f 7098 7296 7297
f 7098 7099 7298
f 7098 7298 7296
f 7298 7099 7299
f 7099 7300 7299
f 7099 7100 7301
f 7099 7301 7300
f 7301 7100 7302
f 7100 7303 7302
f 7304 7303 7100
f 7100 7101 7305
f 7100 7305 7304
f 7305 7101 7307
f 7101 7306 7307
f 7101 7102 7308
f 7101 7308 7306
f 7308 7102 7309
f 7102 7310 7309
f 7102 7090 7311
f 7102 7311 7310
f 7311 7090 7312
f 7090 7313 7312
f 7313 7090 7314
f 7090 7248 7314
f 7317 7206 4238
f 4238 7316 7315
f 7317 4238 7315
f 4238 7103 7318
f 4238 7318 7316
f 7318 7103 7320
f 7103 7319 7320
f 7103 7104 7321
f 7103 7321 7319
f 7321 7104 7323
f 7104 7322 7323
f 7104 7105 7324
f 7104 7324 7322
f 7324 7105 7326
f 7105 7325 7326
f 7327 7325 7105
f 7105 7106 7328
f 7105 7328 7327
f 7328 7106 7330
f 7106 7329 7330
f 7106 7107 7331
f 7106 7331 7329
f 7331 7107 7333
f 7107 7332 7333
f 7107 7108 7334
f 7107 7334 7332
f 7334 7108 7336
f 7108 7335 7336
f 7337 7335 7108
f 7108 7109 7338
f 7108 7338 7337
f 7338 7109 7340
f 7109 7339 7340
f 7109 7110 7341
f 7109 7341 7339
f 7341 7110 7343
f 7110 7342 7343
f 7110 7111 7344
f 7110 7344 7342
f 7344 7111 7346
f 7111 7345 7346
f 7347 7345 7111
f 7111 7112 7348
f 7111 7348 7347
f 7348 7112 7350
f 7112 7349 7350
f 7112 7113 7351
f 7112 7351 7349
f 7273 7351 7113
f 7273 7113 7091
f 7352 7090 7353
f 7090 7270 7353
f 7354 7090 7355
f 7090 7352 7355
f 7356 7090 7357
f 7090 7354 7357
f 7358 7090 7359
f 7090 7356 7359
f 7360 7090 7361
f 7090 7358 7361
f 7249 7090 7362
f 7090 7360 7362
f 7114 5857 5858
f 5890 5819 405
f 5860 5861 412
f 7114 5858 412
f 5858 5859 412
f 412 5859 5860
f 403 5823 5824
f 5824 5825 403
f 5825 5826 403
f 403 5826 5827
f 5861 5862 412
f 5862 5863 412
f 412 5863 5864
f 5819 5820 405
f 5820 5821 405
f 405 5821 403
f 5821 5822 403
f 403 5822 5823
f 5890 405 5889
f 405 7115 5889
f 5889 7115 5888
f 7115 7116 5888
f 5888 7116 5887
f 7116 7117 5887
f 5887 7117 5886
f 7117 7118 5886
f 5886 7118 5885
f 7118 7119 5885
f 5885 7119 5884
f 7119 7120 5884
f 5884 7120 5883
f 7120 7121 5883
f 5883 7121 5882
f 7121 7122 5882
f 5882 7122 5881
f 5827 5828 403
f 5828 5829 403
f 403 5829 5830
f 5830 5831 403
f 5831 5832 403
f 403 5832 5833
f 412 5870 410
f 5870 5871 410
f 5833 5834 403
f 5834 5835 403
f 403 5835 7123
f 5867 5868 412
f 5868 5869 412
f 412 5869 5870
f 5864 5865 412
f 5865 5866 412
f 412 5866 5867
f 5835 5836 7123
f 5836 5837 7123
f 7123 5837 7124
f 5837 5838 7124
f 7124 5838 7125
f 5838 5839 7125
f 7125 5839 7126
f 5839 5840 7126
f 7126 5840 7127
f 5840 5841 7127
f 7127 5841 7128
f 5841 5842 7128
f 7128 5842 7129
f 5842 5843 7129
f 7129 5843 7130
f 5843 5844 7130
f 5844 5845 7130
f 7130 5845 7131
f 5845 5846 7131
f 7131 5846 7132
f 5846 5847 7132
f 7132 5847 7133
f 5847 5848 7133
f 7133 5848 7134
f 5848 5849 7134
f 7134 5849 7135
f 5849 5850 7135
f 7135 5850 7136
f 5850 5851 7136
f 7136 5851 7137
f 5851 5852 7137
f 7137 5852 7138
f 5852 5853 7138
f 7138 5853 7139
f 5853 5854 7139
f 7139 5854 7140
f 5854 5855 7140
f 7140 5855 7114
f 5855 5856 7114
f 7114 5856 5857
f 7122 7141 5881
f 7141 7142 5881
f 5881 7142 5880
f 7142 7143 5880
f 5880 7143 5879
f 7143 7144 5879
f 5879 7144 5878
f 7144 7145 5878
f 5878 7145 5877
f 7145 7146 5877
f 5877 7146 5876
f 7146 7147 5876
f 5876 7147 5875
f 7147 7148 5875
f 5875 7148 5874
f 7148 7149 5874
f 5874 7149 5873
f 7149 410 5873
f 5873 410 5872
f 410 5871 5872
f 6956 7123 6955
f 7123 7124 6955
f 6955 7124 6958
f 7124 7125 6958
f 6958 7125 6959
f 7125 7126 6959
f 6959 7126 6960
f 7126 7127 6960
f 6960 7127 6979
f 7127 7128 6979
f 6979 7128 6980
f 7128 7129 6980
f 6980 7129 6981
f 7129 7130 6981
f 6981 7130 6982
f 7130 7131 6982
f 6982 7131 6983
f 7131 7132 6983
f 6983 7132 6984
f 7132 7133 6984
f 6984 7133 6961
f 7133 7134 6961
f 6961 7134 6962
f 7134 7135 6962
f 6962 7135 6963
f 7135 7136 6963
f 6963 7136 6949
f 7136 7137 6949
f 6949 7137 6941
f 7137 7138 6941
f 6941 7138 6947
f 7138 7139 6947
f 6947 7139 6948
f 7139 7140 6948
f 6948 7140 6946
f 7140 7114 6946
f 6957 403 6956
f 403 7123 6956
f 6946 7114 6945
f 7114 412 6945
f 4108 7150 7151
f 7151 7152 4108
f 7152 7153 4108
f 4108 7153 7154
f 6939 7155 6937
f 7155 7156 6937
f 6937 7156 7157
f 7157 7158 6937
f 7158 7159 6937
f 6937 7159 7160
f 7160 7161 6937
f 7161 7162 6937
f 6937 7162 4108
f 7162 7163 4108
f 4108 7163 7150
f 7154 7164 4108
f 7164 7165 4108
f 4108 7165 4110
f 408 407 7089
f 407 7075 7089
f 7075 7088 7089
f 7088 7087 7089
f 7087 7086 7089
f 7086 7085 7089
f 7089 7085 4281
f 7085 7071 4281
f 4281 7071 4280
f 4109 4110 7165
f 7107 7106 4139
f 4139 7106 4121
f 7106 7105 4121
f 4121 7105 4120
f 4120 7105 7104
f 4120 7104 4119
f 4119 7104 7103
f 4119 7103 4238
f 4113 4119 4238
f 6950 7068 6951
f 6951 7068 7090
f 6951 7090 6952
f 6952 7090 7102
f 6952 7102 6965
f 6965 7102 7101
f 6965 7101 6964
f 6964 7101 7100
f 6940 6964 7100
f 6940 7100 7099
f 6939 6940 7099
f 4109 7107 4139
f 7165 7107 4109
f 7108 7107 7165
f 7164 7108 7165
f 7109 7108 7164
f 7154 7109 7164
f 7110 7109 7154
f 7153 7110 7154
f 7111 7110 7153
f 7153 7152 7111
f 7111 7152 7112
f 7152 7151 7112
f 7112 7151 7113
f 7151 7150 7113
f 7113 7150 7091
f 7150 7163 7091
f 7091 7163 7092
f 7163 7162 7092
f 7092 7162 7093
f 7162 7161 7093
f 7093 7161 7094
f 7161 7160 7094
f 7094 7160 7095
f 7160 7159 7095
f 7159 7096 7095
f 7158 7096 7159
f 7158 7097 7096
f 7157 7097 7158
f 7157 7098 7097
f 7156 7098 7157
f 7156 7099 7098
f 7155 7099 7156
f 7155 6939 7099
f 399 6640 385
f 6640 7080 385
f 385 7080 386
f 6639 7078 6640
f 7078 7080 6640
f 6638 6644 6639
f 6644 7078 6639
f 409 6346 7072
f 6346 389 7072
f 7072 389 388
f 405 404 6345
f 405 6345 7115
f 6345 6344 7115
f 7115 6344 7116
f 6344 6343 7116
f 7116 6343 7117
f 6343 6342 7117
f 7117 6342 7118
f 6342 6341 7118
f 7118 6341 7119
f 6341 6340 7119
f 7119 6340 7120
f 6340 6339 7120
f 7120 6339 7121
f 6339 6338 7121
f 7121 6338 7122
f 6338 6337 7122
f 7122 6337 7141
f 6337 6336 7141
f 7141 6336 7142
f 6336 6335 7142
f 7142 6335 7143
f 6335 6334 7143
f 7143 6334 7144
f 6334 6333 7144
f 7144 6333 7145
f 6333 6332 7145
f 7145 6332 7146
f 6332 6331 7146
f 7146 6331 7147
f 6331 6330 7147
f 7147 6330 7148
f 6330 6329 7148
f 7148 6329 7149
f 6329 411 7149
f 7149 411 410
f 7221 7220 3
f 3 9 7222
f 7221 3 7222
f 7223 7222 9
f 9 13 7225
f 7224 7223 9
f 9 7225 7224
f 7226 7225 13
f 13 18 7167
f 13 7167 7166
f 7227 7226 13
f 13 7166 7227
f 7168 7167 18
f 18 23 7232
f 7168 18 7232
f 7232 23 27
f 7232 27 7233
f 7233 27 31
f 7233 31 7234
f 7234 31 36
f 7234 36 7235
f 7235 36 41
f 7235 41 7236
f 7236 41 45
f 7236 45 7229
f 7229 45 50
f 7229 50 7228
f 7228 50 54
f 7228 54 7231
f 7231 54 59
f 7231 59 7230
f 7196 7230 59
f 59 63 7195
f 7196 59 7195
f 7194 7195 63
f 63 68 7198
f 7194 63 7198
f 7197 7198 68
f 68 72 7199
f 7197 68 7199
f 7171 7199 72
f 72 77 7170
f 7171 72 7170
f 7169 7170 77
f 77 81 7190
f 7169 77 7190
f 7189 7190 81
f 81 85 7192
f 7189 81 7192
f 7191 7192 85
f 85 90 7193
f 7191 85 7193
f 7183 7193 90
f 90 95 7182
f 7183 90 7182
f 7176 7182 95
f 95 99 7175
f 7176 95 7175
f 7175 99 104
f 7175 104 7178
f 7178 104 107
f 7178 107 7181
f 7181 107 111
f 7181 111 7179
f 7179 111 115
f 7179 115 7180
f 7180 115 120
f 7180 120 7177
f 7173 7177 120
f 120 125 7172
f 7173 120 7172
f 7174 7172 125
f 125 131 7185
f 7184 7174 125
f 125 7185 7184
f 7186 7185 131
f 131 135 7187
f 7186 131 7187
f 7188 7187 135
f 135 139 7200
f 7188 135 7200
f 7201 7200 139
f 139 144 7202
f 7201 139 7202
f 7203 7202 144
f 144 149 7204
f 7203 144 7204
f 7205 7204 149
f 149 153 7242
f 7205 149 7242
f 7243 7242 153
f 153 158 7244
f 7243 153 7244
f 7245 7244 158
f 158 162 7246
f 7245 158 7246
f 7247 7246 162
f 162 167 7265
f 7247 162 7265
f 7258 7265 167
f 167 171 7259
f 7258 167 7259
f 7259 171 176
f 7259 176 7260
f 7260 176 180
f 7260 180 7256
f 7256 180 184
f 7256 184 7257
f 7257 184 189
f 7257 189 7264
f 7264 189 194
f 7264 194 7263
f 7263 194 198
f 7263 198 7262
f 7262 198 202
f 7262 202 7261
f 7254 7261 202
f 202 207 7255
f 7254 202 7255
f 7252 7255 207
f 207 211 7253
f 7252 207 7253
f 7251 7253 211
f 211 216 7267
f 211 7267 7211
f 7209 7251 211
f 211 7211 7210
f 211 7210 7209
f 7266 7267 216
f 216 221 7269
f 7266 216 7269
f 7268 7269 221
f 221 225 7353
f 7270 7268 221
f 221 7353 7270
f 7352 7353 225
f 225 230 7355
f 7352 225 7355
f 7354 7355 230
f 230 234 7357
f 7354 230 7357
f 7356 7357 234
f 234 239 7359
f 7356 234 7359
f 7358 7359 239
f 239 243 7361
f 7358 239 7361
f 7360 7361 243
f 243 248 7362
f 7360 243 7362
f 7249 7362 248
f 248 251 7250
f 7249 248 7250
f 7248 7250 251
f 251 255 7314
f 7248 251 7314
f 7313 7314 255
f 255 260 7312
f 7313 255 7312
f 7311 7312 260
f 260 264 7309
f 7310 7311 260
f 260 7309 7310
f 7308 7309 264
f 264 268 7307
f 7306 7308 264
f 264 7307 7306
f 7305 7307 268
f 268 274 7304
f 7305 268 7304
f 7303 7304 274
f 274 279 7302
f 7303 274 7302
f 7301 7302 279
f 279 283 7299
f 7300 7301 279
f 279 7299 7300
f 7298 7299 283
f 283 288 7297
f 7296 7298 283
f 283 7297 7296
f 7295 7297 288
f 288 290 7294
f 7295 288 7294
f 7293 7294 290
f 290 293 7292
f 7293 290 7292
f 7291 7292 293
f 293 296 7289
f 7290 7291 293
f 293 7289 7290
f 7288 7289 296
f 296 299 7287
f 7286 7288 296
f 296 7287 7286
f 7285 7287 299
f 299 302 7284
f 7285 299 7284
f 7283 7284 302
f 302 305 7282
f 7283 302 7282
f 7281 7282 305
f 305 309 7279
f 7280 7281 305
f 305 7279 7280
f 7278 7279 309
f 309 311 7276
f 7277 7278 309
f 309 7276 7277
f 7275 7276 311
f 311 315 7274
f 7275 311 7274
f 7271 7274 315
f 315 318 7272
f 7271 315 7272
f 7273 7272 318
f 318 321 7350
f 318 7350 7349
f 7351 7273 318
f 318 7349 7351
f 7348 7350 321
f 321 324 7347
f 7348 321 7347
f 7345 7347 324
f 324 327 7346
f 7345 324 7346
f 7344 7346 327
f 327 330 7343
f 7342 7344 327
f 327 7343 7342
f 7341 7343 330
f 330 332 7340
f 7339 7341 330
f 330 7340 7339
f 7338 7340 332
f 332 335 7337
f 7338 332 7337
f 7335 7337 335
f 335 338 7336
f 7335 335 7336
f 7334 7336 338
f 338 341 7333
f 7332 7334 338
f 338 7333 7332
f 7331 7333 341
f 341 344 7330
f 7329 7331 341
f 341 7330 7329
f 7328 7330 344
f 344 347 7327
f 7328 344 7327
f 7325 7327 347
f 347 350 7326
f 7325 347 7326
f 7324 7326 350
f 350 353 7323
f 7322 7324 350
f 350 7323 7322
f 7321 7323 353
f 353 356 7320
f 7319 7321 353
f 353 7320 7319
f 7318 7320 356
f 356 359 7315
f 7316 7318 356
f 356 7315 7316
f 7315 359 362
f 7315 362 7317
f 7206 7317 362
f 362 365 7207
f 362 7207 7206
f 7208 7207 365
f 365 369 7237
f 7208 365 7237
f 7238 7237 369
f 369 371 7239
f 7238 369 7239
f 7240 7239 371
f 371 375 7241
f 7240 371 7241
f 7212 7241 375
f 375 378 7214
f 7213 7212 375
f 375 7214 7213
f 7215 7214 378
f 378 380 7216
f 7215 378 7216
f 362 359 356
f 356 353 350
f 350 347 344
f 344 341 338
f 338 335 332
f 332 330 327
f 327 324 321
f 321 318 315
f 315 311 7365
f 315 7365 7363
f 327 321 315
f 338 332 327
f 350 344 338
f 362 356 350
f 369 365 362
f 375 371 369
f 380 378 375
f 3 383 380
f 13 9 3
f 23 18 13
f 31 27 23
f 41 36 31
f 50 45 41
f 59 54 50
f 68 63 59
f 77 72 68
f 85 81 77
f 95 90 85
f 104 99 95
f 7449 107 104
f 7452 7449 104
f 104 95 85
f 85 77 68
f 68 59 50
f 50 41 31
f 31 23 13
f 13 3 380
f 380 375 369
f 369 362 350
f 350 338 327
f 327 315 7363
f 327 7363 7366
f 369 350 327
f 13 380 369
f 50 31 13
f 85 68 50
f 7452 104 85
f 7445 7452 85
f 85 50 13
f 13 369 327
f 327 7366 7367
f 327 7367 7369
f 7447 7445 85
f 7454 7447 85
f 327 7369 7390
f 327 7390 7391
f 7442 7454 85
f 7444 7442 85
f 327 7391 7395
f 327 7395 7393
f 7444 85 13
f 7439 7444 13
f 327 7393 7396
f 327 7396 7399
f 7455 7439 13
f 7434 7455 13
f 327 7399 7403
f 327 7403 7402
f 7432 7434 13
f 7435 7432 13
f 13 327 7402
f 13 7402 7405
f 7387 7435 13
f 7388 7387 13
f 13 7405 7408
f 13 7408 7406
f 7385 7388 13
f 7386 7385 13
f 13 7406 7412
f 13 7412 7410
f 7389 7386 13
f 7382 7389 13
f 13 7410 7422
f 13 7422 7414
f 7383 7382 13
f 7384 7383 13
f 13 7414 7420
f 13 7420 7418
f 7381 7384 13
f 7437 7381 13
f 13 7418 7416
f 13 7416 7458
f 7427 7437 13
f 7429 7427 13
f 13 7458 7425
f 7425 7429 13
f 274 268 264
f 264 260 255
f 255 251 248
f 248 243 239
f 239 234 230
f 230 225 221
f 221 216 211
f 211 207 202
f 202 198 194
f 194 189 184
f 184 180 176
f 176 171 167
f 167 162 158
f 158 153 149
f 149 144 139
f 139 135 131
f 131 125 120
f 120 115 111
f 111 107 7449
f 111 7449 7448
f 131 120 111
f 149 139 131
f 167 158 149
f 184 176 167
f 202 194 184
f 221 211 202
f 239 230 221
f 255 248 239
f 274 264 255
f 283 279 274
f 290 288 283
f 296 293 290
f 302 299 296
f 309 305 302
f 7365 311 309
f 7364 7365 309
f 309 302 296
f 296 290 283
f 283 274 255
f 255 239 221
f 221 202 184
f 184 167 149
f 149 131 111
f 111 7448 7451
f 111 7451 7450
f 184 149 111
f 255 221 184
f 296 283 255
f 7364 309 296
f 7368 7364 296
f 296 255 184
f 184 111 7450
f 184 7450 7446
f 7371 7368 296
f 7370 7371 296
f 184 7446 7453
f 184 7453 7440
f 7394 7370 296
f 7392 7394 296
f 184 7440 7441
f 184 7441 7443
f 7404 7392 296
f 7397 7404 296
f 184 7443 7438
f 184 7438 7456
f 7398 7397 296
f 7401 7398 296
f 184 7456 7433
f 184 7433 7378
f 7400 7401 296
f 7423 7400 296
f 184 7378 7379
f 184 7379 7377
f 7407 7423 296
f 7411 7407 296
f 184 7377 7376
f 184 7376 7380
f 7409 7411 296
f 7421 7409 296
f 184 7380 7374
f 184 7374 7373
f 7421 296 184
f 7413 7421 184
f 184 7373 7375
f 184 7375 7372
f 7419 7413 184
f 7415 7419 184
f 184 7372 7431
f 184 7431 7430
f 7417 7415 184
f 7457 7417 184
f 184 7430 7436
f 184 7436 7426
f 7424 7457 184
f 184 7426 7428
f 184 7428 7424
f 7217 7216 380
f 380 383 7218
f 7217 380 7218
f 7219 7218 383
f 383 3 7220
f 7219 383 7220
f 7429 2 5
f 7429 5 7427
f 7427 5 8
f 7427 8 7437
f 7437 8 11
f 7437 11 7381
f 7381 11 14
f 7381 14 7384
f 7384 14 17
f 7384 17 7383
f 7383 17 20
f 7383 20 7382
f 7382 20 22
f 7382 22 7389
f 7389 22 26
f 7389 26 7386
f 7386 26 29
f 7386 29 7385
f 7385 29 32
f 7385 32 7388
f 7388 32 35
f 7388 35 7387
f 7387 35 38
f 7387 38 7435
f 38 40 7432
f 38 7432 7435
f 40 43 7434
f 40 7434 7432
f 43 47 7455
f 43 7455 7434
f 47 49 7439
f 47 7439 7455
f 49 53 7444
f 49 7444 7439
f 53 56 7442
f 53 7442 7444
f 56 58 7454
f 56 7454 7442
f 58 62 7447
f 58 7447 7454
f 62 65 7445
f 62 7445 7447
f 65 67 7452
f 65 7452 7445
f 67 71 7449
f 67 7449 7452
f 71 74 7448
f 71 7448 7449
f 74 76 7451
f 74 7451 7448
f 76 80 7450
f 76 7450 7451
f 80 82 7446
f 80 7446 7450
f 82 86 7453
f 82 7453 7446
f 86 88 7440
f 86 7440 7453
f 88 91 7441
f 88 7441 7440
f 91 94 7443
f 91 7443 7441
f 94 98 7438
f 94 7438 7443
f 98 101 7456
f 98 7456 7438
f 101 103 7433
f 101 7433 7456
f 103 106 7378
f 103 7378 7433
f 106 110 7379
f 106 7379 7378
f 110 113 7377
f 110 7377 7379
f 113 116 7376
f 113 7376 7377
f 116 118 7380
f 116 7380 7376
f 118 121 7374
f 118 7374 7380
f 121 124 7373
f 121 7373 7374
f 124 127 7375
f 124 7375 7373
f 127 130 7372
f 127 7372 7375
f 130 133 7431
f 130 7431 7372
f 133 136 7430
f 133 7430 7431
f 136 140 7436
f 136 7436 7430
f 140 143 7426
f 140 7426 7436
f 143 145 7428
f 143 7428 7426
f 145 148 7424
f 145 7424 7428
f 148 151 7457
f 148 7457 7424
f 151 154 7417
f 151 7417 7457
f 154 157 7415
f 154 7415 7417
f 157 160 7419
f 157 7419 7415
f 160 164 7413
f 160 7413 7419
f 164 166 7421
f 164 7421 7413
f 166 170 7409
f 166 7409 7421
f 170 172 7411
f 170 7411 7409
f 172 175 7407
f 172 7407 7411
f 175 179 7423
f 175 7423 7407
f 179 182 7400
f 179 7400 7423
f 7400 182 185
f 7400 185 7401
f 7401 185 187
f 7401 187 7398
f 7398 187 191
f 7398 191 7397
f 7397 191 193
f 7397 193 7404
f 7404 193 196
f 7404 196 7392
f 7392 196 199
f 7392 199 7394
f 7394 199 203
f 7394 203 7370
f 7370 203 206
f 7370 206 7371
f 7371 206 209
f 7371 209 7368
f 7368 209 212
f 7368 212 7364
f 7364 212 214
f 7364 214 7365
f 7365 214 218
f 7365 218 7363
f 7363 218 220
f 7363 220 7366
f 7366 220 223
f 7366 223 7367
f 7367 223 226
f 7367 226 7369
f 7369 226 229
f 7369 229 7390
f 7390 229 232
f 7390 232 7391
f 7391 232 235
f 7391 235 7395
f 7395 235 238
f 7395 238 7393
f 7393 238 241
f 7393 241 7396
f 7396 241 244
f 7396 244 7399
f 7399 244 247
f 7399 247 7403
f 7403 247 250
f 7403 250 7402
f 7402 250 253
f 7402 253 7405
f 7405 253 256
f 7405 256 7408
f 7408 256 259
f 7408 259 7406
f 7406 259 263
f 7406 263 7412
f 7412 263 266
f 7412 266 7410
f 7410 266 269
f 7410 269 7422
f 7422 269 272
f 7422 272 7414
f 7414 272 275
f 7414 275 7420
f 7420 275 278
f 7420 278 7418
f 7418 278 281
f 7418 281 7416
f 7416 281 284
f 7416 284 7458
f 7458 284 287
f 7458 287 7425
f 7425 287 2
f 7425 2 7429
f 170 166 164
f 164 160 157
f 157 154 151
f 151 148 145
f 145 143 140
f 140 136 133
f 133 130 127
f 127 124 121
f 121 118 116
f 116 113 110
f 110 106 103
f 103 101 98
f 98 94 91
f 91 88 86
f 86 82 80
f 80 76 74
f 74 71 67
f 67 65 62
f 62 58 56
f 56 53 49
f 49 47 43
f 43 40 38
f 38 35 32
f 32 29 26
f 26 22 20
f 20 17 14
f 14 11 8
f 8 5 2
f 2 287 284
f 284 281 278
f 278 275 272
f 272 269 266
f 266 263 259
f 259 256 253
f 253 250 247
f 247 244 241
f 241 238 235
f 235 232 229
f 229 226 223
f 223 220 218
f 218 214 212
f 212 209 206
f 206 203 199
f 199 196 193
f 193 191 187
f 187 185 182
f 182 179 175
f 175 172 170
f 170 164 157
f 157 151 145
f 145 140 133
f 133 127 121
f 121 116 110
f 110 103 98
f 98 91 86
f 86 80 74
f 74 67 62
f 62 56 49
f 49 43 38
f 38 32 26
f 26 20 14
f 14 8 2
f 2 284 278
f 278 272 266
f 266 259 253
f 253 247 241
f 241 235 229
f 229 223 218
f 218 212 206
f 206 199 193
f 193 187 182
f 182 175 170
f 170 157 145
f 145 133 121
f 121 110 98
f 98 86 74
f 74 62 49
f 49 38 26
f 26 14 2
f 2 278 266
f 266 253 241
f 241 229 218
f 218 206 193
f 193 182 170
f 170 145 121
f 121 98 74
f 74 49 26
f 26 2 266
f 266 241 218
f 218 193 170
f 170 121 74
f 74 26 266
f 266 218 170
f 74 266 170