v 7.80410766602e-05 -0.0777147445679 0.0192600078583
v 0.00179999923706 -0.0731001815796 0.0192600097656
v 0.000120422363281 -0.0777794036865 0.0192600078583
v 0.000153144836426 -0.0778192443848 0.0192600078583
v 0.000208339691162 -0.077873374939 0.0192600078583
v 4.98199462891e-06 -0.0774959869385 0.0192600078583
v 1.98402404785e-05 -0.0775718536377 0.0192600078583
v 0 -0.077418838501 0.0192600078583
v 4.43267822266e-05 -0.0776451797485 0.0192600078583
v 0.000270030975342 -0.077919960022 0.0192600078583
v 0.000314270019531 -0.0779464416504 0.0192600078583
v 0.000360618591309 -0.0779690246582 0.0192600078583
v 0.000433349609375 -0.0779952316284 0.0192600078583
v 0.000483448028564 -0.0780074081421 0.0192600078583
v 0.000560089111328 -0.0780175094604 0.0192600078583
v 0.000611633300781 -0.0780187301636 0.0192600078583
v 0.000663089752197 -0.0780155181885 0.0192600078583
v 0.000714084625244 -0.0780078964233 0.0192600078583
v 0.000764232635498 -0.0779959259033 0.0192600078583
v 0.000813167572021 -0.0779796981812 0.0192600078583
v 0.000883514404297 -0.0779476318359 0.0192600078583
v 0.000927864074707 -0.077921333313 0.0192600078583
v 0.000969791412354 -0.0778913421631 0.0192600078583
v 0.00102747344971 -0.0778398666382 0.0192600078583
v 0.00106204223633 -0.077801612854 0.0192600078583
v 0.0010931968689 -0.0777605361938 0.0192600078583
v 0.00179999923706 -0.0670918045044 0.0192600078583
v 0.00179999923706 -0.0648269271851 0.0192600078583
v 0.00429774856567 -0.0724418258667 0.0192600097656
v 0.0027364616394 -0.0715452804565 0.0192600097656
v 0.00179999923706 -0.0594852333069 0.0192600078583
v 0.00179999923706 -0.0574328842163 0.0192600078583
v 0.00179999923706 -0.0531650543213 0.0192600097656
v 0.00425844192505 -0.0687621765137 0.0192600078583
v 0.00359799575806 -0.069969871521 0.0192600078583
v 0.00726473236084 -0.0670163650513 0.0192600078583
v 0.00650527191162 -0.0639613494873 0.0192600078583
v 0.00489464569092 -0.0675988082886 0.0192600078583
v 0.00595163726807 -0.0652455444336 0.0192600078583
v 7.80410766602e-05 -0.0777147445679 0.0347400054932
v 1.98402404785e-05 -0.0775718536377 0.0347400054932
v 4.98199462891e-06 -0.0774959869385 0.0347400054932
v 0 -0.077418838501 0.0347400054932
v 4.43267822266e-05 -0.0776451797485 0.0347400054932
v 0.000120422363281 -0.0777794036865 0.0347400054932
v 0.000153144836426 -0.0778192443848 0.0347400054932
v 0.000208339691162 -0.077873374939 0.0347400054932
v 0.000270030975342 -0.077919960022 0.0347400054932
v 0.000314270019531 -0.0779464416504 0.0347400054932
v 0.000360618591309 -0.0779690246582 0.0347400054932
v 0.000433349609375 -0.0779952316284 0.0347400054932
v 0.000483448028564 -0.0780074081421 0.0347400054932
v 0.000560089111328 -0.0780175094604 0.0347400054932
v 0.000611633300781 -0.0780187301636 0.0347400054932
v 0.000663089752197 -0.0780155181885 0.0347400054932
v 0.000714084625244 -0.0780078964233 0.0347400054932
v 0.000764232635498 -0.0779959259033 0.0347400054932
v 0.000813167572021 -0.0779796981812 0.0347400054932
v 0.000883514404297 -0.0779476318359 0.0347400054932
v 0.000927864074707 -0.077921333313 0.0347400054932
v 0.000969791412354 -0.0778913421631 0.0347400054932
v 0.00102747344971 -0.0778398666382 0.0347400054932
v 0.00106204223633 -0.077801612854 0.0347400054932
v 0.0010931968689 -0.0777605361938 0.0347400054932
v 0.00179999923706 -0.0731001815796 0.0347400054932
v 0.0027364616394 -0.0715452804565 0.0347400054932
v 0.00179999923706 -0.0670918045044 0.0347400054932
v 0.00179999923706 -0.0648269271851 0.0347400093079
v 0.00359799575806 -0.069969871521 0.0347400054932
v 0.00429774856567 -0.0724418258667 0.0347400054932
v 0.00425844192505 -0.0687621765137 0.0347400054932
v 0.00179999923706 -0.0594852333069 0.0347400093079
v 0.00489464569092 -0.0675988082886 0.0347400054932
v 0.00595163726807 -0.0652455444336 0.0347400093079
v 0.00650527191162 -0.0639613494873 0.0347400093079
v 0 -0.00300003552437 0.0192600135803
v 0.00179999923706 -0.0512812461853 0.0192600097656
v 0.00841822052002 -0.0592901268005 0.0192600078583
v 0.00179999923706 -0.0477885131836 0.0192600097656
v 0.00179999923706 -0.0460406074524 0.0192600097656
v 0.0101007537842 -0.0548317718506 0.0192600078583
v 0.00179999923706 -0.0431222190857 0.0192600097656
v 0.00179999923706 -0.0414852561951 0.0192600097656
v 0.0115845756531 -0.0505636482239 0.0192600097656
v 0.00179999923706 -0.0396411819458 0.0192600097656
v 0.00179999923706 -0.0370831375122 0.019260011673
v 0.0130254058838 -0.0460346374512 0.0192600097656
v 0.00179999923706 -0.0574328842163 0.0347400093079
v 0.00179999923706 -0.0512812461853 0.0347400093079
v 0.00179999923706 -0.0460406074524 0.0347400093079
v 0.00179999923706 -0.0414852561951 0.0347400054932
v 0.00179999923706 -0.0531650543213 0.0347400093079
v 0.00791264343262 -0.060562122345 0.0192600078583
v 0.00179999923706 -0.0477885131836 0.0347400093079
v 0.00963935852051 -0.0560910186768 0.0192600078583
v 0.00179999923706 -0.0431222190857 0.0347400054932
v 0.0111636886597 -0.0518101005554 0.0192600097656
v 0.00179999923706 -0.0396411819458 0.0347400054932
v 0.0123890037537 -0.0480851974487 0.0192600097656
v 0.0100032272339 -0.0614720649719 0.0192600078583
v 0.0125084838867 -0.0558185462952 0.0192600078583
v 0.00791264343262 -0.060562122345 0.0347400093079
v 0.00726473236084 -0.0670163650513 0.0347400054932
v 0.0100032272339 -0.0614720649719 0.0347400093079
v 0.00179999923706 -0.0357893867493 0.019260011673
v 0.0142398872375 -0.0418497848511 0.0192600097656
v 0.0136650848389 -0.0438784790039 0.0192600097656
v 0.00841822052002 -0.0592901268005 0.0347400093079
v 0.0101007537842 -0.0548317718506 0.0347400093079
v 0.0115845756531 -0.0505636482239 0.0347400093079
v 0.00963935852051 -0.0560910186768 0.0347400093079
v 0.0111636886597 -0.0518101005554 0.0347400093079
v 0.0130254058838 -0.0460346374512 0.0347400093079
v 0.0142398872375 -0.0418497848511 0.0347400054932
v 0.00179999923706 -0.0333688163757 0.019260011673
v 0 -0.00300003671646 0.0347400093079
v 0.00179999923706 -0.0370831375122 0.0347400054932
v 0.0125084838867 -0.0558185462952 0.0347400093079
v 0.0123890037537 -0.0480851974487 0.0347400093079
v 0.0136650848389 -0.0438784790039 0.0347400093079
v 0.00179999923706 -0.0357893867493 0.0347400054932
v 0.00179999923706 -0.0323223609924 0.019260011673
v 0.00179999923706 -0.0300129871368 0.019260011673
v 0.00179999923706 -0.0291528129578 0.019260011673
v 0.00179999923706 -0.0269330005646 0.0192600097656
v 0.00179999923706 -0.0262136592865 0.0192600097656
v 0.00179999923706 -0.0240651569366 0.019260011673
v 0.0140790176392 -0.0288841209412 0.019260011673
v 0.00179999923706 -0.0333688163757 0.0347400054932
v 0.00179999923706 -0.0300129909515 0.0347400054932
v 0.00179999923706 -0.0269330043793 0.0347400054932
v 0.00179999923706 -0.0240651607513 0.0347400093079
v 0.00179999923706 -0.0234518108368 0.019260011673
v 0.00179999923706 -0.021358839035 0.0347400093079
v 0.00179999923706 -0.0213588352203 0.019260011673
v 0.00179999923706 -0.0208239326477 0.019260011673
v 0.00179999923706 -0.0234518146515 0.0347400093079
v 0.0140594100952 -0.0272331905365 0.0192600097656
v 0.00179999923706 -0.0187725028992 0.019260011673
v 0.00179999923706 -0.0182934780121 0.019260011673
v 0.00179999923706 -0.0162708892822 0.019260011673
v 0.00179999923706 -0.0158285198212 0.019260011673
v 0.00179999923706 -0.0138229122162 0.019260011673
v 0.00179999923706 -0.0134000368118 0.019260011673
v 0.00179999923706 -0.0114000368118 0.019260011673
v 0.00179999923706 -0.0100000362396 0.0192600135803
v 0.00336483001709 -0.00384841918945 0.0192600135803
v 6.85119628906e-06 -0.00273856830597 0.0192600135803
v 0.00342330551147 -0.003769572258 0.0192600135803
v 2.73475646973e-05 -0.00247909092903 0.0192600135803
v 0.00348558044434 -0.00369368982315 0.0192600135803
v 6.13327026367e-05 -0.00222357845306 0.0192600135803
v 8.3309173584e-05 -0.0020979180336 0.0192600135803
v 0.000137016296387 -0.00185198521614 0.0192600135803
v 0.000203380584717 -0.00161478972435 0.0192600135803
v 0.000281894683838 -0.00138813662529 0.0192600135803
v 0.000371963500977 -0.00117375123501 0.0192600135803
v 0.000421119689941 -0.00107167267799 0.0192600135803
v 0.000472900390625 -0.000973264873028 0.0192600135803
v 0.000527206420898 -0.000878715217113 0.0192600135803
v 0.00310094451904 -0.00562739896774 0.0192600135803
v 0.00325982666016 -0.00598583173752 0.0192600135803
v 0.00331029129028 -0.00607003068924 0.0192600135803
v 0.00336483001709 -0.00615165185928 0.0192600135803
v 0.00342330551147 -0.0062304983139 0.0192600135803
v 0.00348558044434 -0.00630638074875 0.0192600135803
v 0.00355150604248 -0.00637911653519 0.0192600135803
v 0.00362091827393 -0.00644852924347 0.0192600135803
v 0.00313401412964 -0.00571982526779 0.0192600135803
v 0.00317158126831 -0.00581051778793 0.0192600135803
v 0.00321355056763 -0.00589925813675 0.0192600135803
v 0.00304859542847 -0.00543823766708 0.0192600135803
v 0.00302944564819 -0.00534195899963 0.0192600135803
v 0.00307244873047 -0.00553346061707 0.0192600135803
v 0.00301504135132 -0.00524485683441 0.0192600135803
v 0.00300542068481 -0.00514716434479 0.0192600135803
v 0.00300060272217 -0.00504911756516 0.0192600135803
v 0.00300060272217 -0.00495095300674 0.0192600135803
v 0.00300542068481 -0.00485290622711 0.0192600135803
v 0.00301504135132 -0.00475521373749 0.0192600135803
v 0.00302944564819 -0.00465811157227 0.0192600135803
v 0.00304859542847 -0.00456183290482 0.0192600135803
v 0.00307244873047 -0.00446660995483 0.0192600135803
v 0.00310094451904 -0.00437267160416 0.0192600135803
v 0.00313401412964 -0.00428024530411 0.0192600135803
v 0.00317158126831 -0.00418955278397 0.0192600135803
v 0.00321355056763 -0.00410081243515 0.0192600135803
v 0.00325982666016 -0.00401423883438 0.0192600135803
v 0.00331029129028 -0.0039300403595 0.0192600135803
v 0.000583938598633 -0.000788203537464 0.0192600135803
v 0.00064298248291 -0.000701902210712 0.0192600135803
v 0.000704231262207 -0.000619975507259 0.0192600135803
v 0.000767562866211 -0.00054257941246 0.0192600135803
v 0.000832859039307 -0.000469861149788 0.0192600135803
v 0.000900001525879 -0.000401959270239 0.0192600135803
v 0.000968852996826 -0.000339002996683 0.0192600135803
v 0.00103928756714 -0.000281112134457 0.0192600135803
v 0.00111116790771 -0.000228396907449 0.0192600135803
v 0.00118436431885 -0.000180957645178 0.0192600135803
v 0.00125872802734 -0.000138884663582 0.0192600135803
v 0.0013341255188 -0.000102258019149 0.0192600135803
v 0.00141040802002 -7.11474791169e-05 0.0192600135803
v 0.00148743438721 -4.56122457981e-05 0.0192600135803
v 0.00156505203247 -2.57009193301e-05 0.0192600135803
v 0.00164311981201 -1.1451408267e-05 0.0192600135803
v 0.00179999923706 -3.55027077603e-08 0.0192600135803
v 0.00355150604248 -0.00362095451355 0.0192600135803
v 0.00172148513794 -2.89084087126e-06 0.0192600135803
v 0.00362091827393 -0.00355154132843 0.0192600135803
v 0.00369365310669 -0.00651445293427 0.0192600135803
v 0.0037695350647 -0.00657672834396 0.0192600135803
v 0.00384838485718 -0.00663520479202 0.0192600135803
v 0.00393000411987 -0.00668974256516 0.0192600135803
v 0.00401420211792 -0.00674020910263 0.0192600135803
v 0.00410077667236 -0.00678648376465 0.0192600135803
v 0.00418951797485 -0.00682845497131 0.0192600135803
v 0.0043726348877 -0.00689909172058 0.0192600135803
v 0.00446657562256 -0.00692758750916 0.0192600135803
v 0.00428020858765 -0.00686602067947 0.0192600135803
v 0.0045617980957 -0.00695143938065 0.0192600135803
v 0.00465807723999 -0.00697059059143 0.0192600135803
v 0.00475518035889 -0.00698499441147 0.0192600135803
v 0.00485287094116 -0.00699461603165 0.0192600135803
v 0.00495091629028 -0.00699943304062 0.0192600135803
v 0.00504908370972 -0.00699943304062 0.0192600135803
v 0.00514712905884 -0.00699461603165 0.0192600135803
v 0.00524481964111 -0.00698499441147 0.0192600135803
v 0.00534192276001 -0.00697059059143 0.0192600135803
v 0.0054382019043 -0.00695143938065 0.0192600135803
v 0.00553342437744 -0.00692758750916 0.0192600135803
v 0.0056273651123 -0.00689909172058 0.0192600135803
v 0.00571979141235 -0.00686602067947 0.0192600135803
v 0.00581048202515 -0.00682845497131 0.0192600135803
v 0.00369365310669 -0.00348561787605 0.0192600135803
v 0.0037695350647 -0.00342334270477 0.0192600135803
v 0.00384838485718 -0.0033648660183 0.0192600135803
v 0.00393000411987 -0.00331032848358 0.0192600135803
v 0.00401420211792 -0.00325986146927 0.0192600135803
v 0.00410077667236 -0.00321358680725 0.0192600135803
v 0.00418951797485 -0.00317161607742 0.0192600135803
v 0.00428020858765 -0.00313404989243 0.0192600135803
v 0.0043726348877 -0.00310097908974 0.0192600135803
v 0.00446657562256 -0.00307248330116 0.0192600135803
v 0.0045617980957 -0.00304863119125 0.0192600135803
v 0.00465807723999 -0.00302948021889 0.0192600135803
v 0.00475518035889 -0.00301507639885 0.0192600135803
v 0.00485287094116 -0.00300545454025 0.0192600135803
v 0.00495091629028 -0.0030006377697 0.0192600135803
v 0.00504908370972 -0.0030006377697 0.0192600135803
v 0.00514712905884 -0.00300545454025 0.0192600135803
v 0.00524481964111 -0.00301507639885 0.0192600135803
v 0.00534192276001 -0.00302948021889 0.0192600135803
v 0.0054382019043 -0.00304863119125 0.0192600135803
v 0.00553342437744 -0.00307248330116 0.0192600135803
v 0.0056273651123 -0.00310097908974 0.0192600135803
v 0.00571979141235 -0.00313404989243 0.0192600135803
v 0.00581048202515 -0.00317161607742 0.0192600135803
v 0.00589922332764 -0.00678648376465 0.0192600135803
v 0.00598579788208 -0.00674020910263 0.0192600135803
v 0.00606999588013 -0.00668974256516 0.0192600135803
v 0.00615161514282 -0.00663520479202 0.0192600135803
v 0.00623046112061 -0.00657672834396 0.0192600135803
v 0.00589922332764 -0.00321358680725 0.0192600135803
v 0.00598579788208 -0.00325986146927 0.0192600135803
v 0.00606999588013 -0.00331032848358 0.0192600135803
v 0.00615161514282 -0.0033648660183 0.0192600135803
v 0.00623046112061 -0.00342334270477 0.0192600135803
v 0.00179999923706 -0.0187725067139 0.0347400093079
v 0.00179999923706 -0.0162708930969 0.0347400093079
v 0.00179999923706 -0.0138229122162 0.0347400093079
v 0.00179999923706 -0.0114000368118 0.0347400093079
v 6.85119628906e-06 -0.00273856949806 0.0347400093079
v 2.73475646973e-05 -0.00247909212112 0.0347400093079
v 6.13327026367e-05 -0.00222357964516 0.0347400093079
v 8.3309173584e-05 -0.00209791922569 0.0347400093079
v 0.000137016296387 -0.00185198628902 0.0347400093079
v 0.000203380584717 -0.00161479079723 0.0347400093079
v 0.000281894683838 -0.00138813769817 0.0347400093079
v 0.000371963500977 -0.00117375230789 0.0347400093079
v 0.000421119689941 -0.00107167375088 0.0347400093079
v 0.000472900390625 -0.000973266005516 0.0347400093079
v 0.000527206420898 -0.000878716349602 0.0347400093079
v 0.000583938598633 -0.000788204669952 0.0347400093079
v 0.00064298248291 -0.000701903343201 0.0347400093079
v 0.000704231262207 -0.000619976639748 0.0347400093079
v 0.000767562866211 -0.000542580544949 0.0347400093079
v 0.000832859039307 -0.000469862312078 0.0347400093079
v 0.000900001525879 -0.000401960432529 0.0347400093079
v 0.000968852996826 -0.000339004158974 0.0347400093079
v 0.00103928756714 -0.000281113296747 0.0347400093079
v 0.00111116790771 -0.000228398069739 0.0347400093079
v 0.00118436431885 -0.000180958807468 0.0347400093079
v 0.00125872802734 -0.000138885825872 0.0347400093079
v 0.0013341255188 -0.00010225918889 0.0347400093079
v 0.00141040802002 -7.11486488581e-05 0.0347400093079
v 0.00148743438721 -4.56134155393e-05 0.0347400093079
v 0.00156505203247 -2.57020909339e-05 0.0347400093079
v 0.00164311981201 -1.14525770769e-05 0.0347400093079
v 0.00172148513794 -2.89200968109e-06 0.0347400093079
v 0.00179999923706 -3.66714120901e-08 0.0347400131226
v 0.00336483001709 -0.00615165376663 0.0347400093079
v 0.00307244873047 -0.00553346252441 0.0347400093079
v 0.00310094451904 -0.00562740087509 0.0347400093079
v 0.00313401412964 -0.00571982717514 0.0347400093079
v 0.00317158126831 -0.00581051969528 0.0347400093079
v 0.00304859542847 -0.00543823957443 0.0347400093079
v 0.00301504135132 -0.00524485874176 0.0347400093079
v 0.00302944564819 -0.00534196090698 0.0347400093079
v 0.00300542068481 -0.00514716625214 0.0347400093079
v 0.00300060272217 -0.0050491194725 0.0347400093079
v 0.00300060272217 -0.00495095491409 0.0347400093079
v 0.00321355056763 -0.0058992600441 0.0347400093079
v 0.00325982666016 -0.00598583364487 0.0347400093079
v 0.00331029129028 -0.00607003259659 0.0347400093079
v 0.00342330551147 -0.00623050022125 0.0347400093079
v 0.00348558044434 -0.0063063826561 0.0347400093079
v 0.00355150604248 -0.00637911844254 0.0347400093079
v 0.00362091827393 -0.00644853115082 0.0347400093079
v 0.00369365310669 -0.00651445484161 0.0347400093079
v 0.0037695350647 -0.00657673025131 0.0347400093079
v 0.00384838485718 -0.00663520669937 0.0347400093079
v 0.00393000411987 -0.0066897444725 0.0347400093079
v 0.00401420211792 -0.00674021100998 0.0347400093079
v 0.00410077667236 -0.006786485672 0.0347400093079
v 0.00418951797485 -0.00682845687866 0.0347400093079
v 0.00428020858765 -0.00686602258682 0.0347400093079
v 0.0043726348877 -0.00689909362793 0.0347400093079
v 0.00446657562256 -0.0069275894165 0.0347400093079
v 0.00300542068481 -0.00485290813446 0.0347400093079
v 0.00301504135132 -0.00475521564484 0.0347400093079
v 0.00302944564819 -0.00465811347961 0.0347400093079
v 0.00304859542847 -0.00456183481216 0.0347400093079
v 0.00307244873047 -0.00446661186218 0.0347400093079
v 0.00310094451904 -0.00437267351151 0.0347400093079
v 0.00313401412964 -0.00428024721146 0.0347400093079
v 0.00317158126831 -0.00418955469131 0.0347400093079
v 0.00321355056763 -0.0041008143425 0.0347400093079
v 0.00325982666016 -0.00401424074173 0.0347400093079
v 0.00331029129028 -0.00393004155159 0.0347400093079
v 0.00336483001709 -0.00384842038155 0.0347400093079
v 0.00342330551147 -0.00376957345009 0.0347400093079
v 0.00348558044434 -0.00369369101524 0.0347400093079
v 0.00355150604248 -0.00362095570564 0.0347400093079
v 0.00362091827393 -0.00355154252052 0.0347400093079
v 0.00369365310669 -0.00348561906815 0.0347400093079
v 0.0037695350647 -0.00342334389687 0.0347400093079
v 0.00384838485718 -0.00336486721039 0.0347400093079
v 0.00393000411987 -0.00331032967567 0.0347400093079
v 0.00401420211792 -0.00325986266136 0.0347400093079
v 0.00410077667236 -0.00321358799934 0.0347400093079
v 0.00418951797485 -0.00317161726952 0.0347400093079
v 0.00428020858765 -0.00313405108452 0.0347400093079
v 0.0043726348877 -0.00310098028183 0.0347400093079
v 0.00446657562256 -0.00307248449326 0.0347400093079
v 0.0045617980957 -0.00695144128799 0.0347400093079
v 0.00465807723999 -0.00697059249878 0.0347400093079
v 0.00475518035889 -0.00698499631882 0.0347400093079
v 0.00485287094116 -0.006994617939 0.0347400093079
v 0.00495091629028 -0.00699943494797 0.0347400093079
v 0.00504908370972 -0.00699943494797 0.0347400093079
v 0.00514712905884 -0.006994617939 0.0347400093079
v 0.00524481964111 -0.00698499631882 0.0347400093079
v 0.00534192276001 -0.00697059249878 0.0347400093079
v 0.0054382019043 -0.00695144128799 0.0347400093079
v 0.00553342437744 -0.0069275894165 0.0347400093079
v 0.0056273651123 -0.00689909362793 0.0347400093079
v 0.00571979141235 -0.00686602258682 0.0347400093079
v 0.00581048202515 -0.00682845687866 0.0347400093079
v 0.00589922332764 -0.006786485672 0.0347400093079
v 0.00598579788208 -0.00674021100998 0.0347400093079
v 0.0045617980957 -0.00304863238335 0.0347400093079
v 0.00465807723999 -0.00302948141098 0.0347400093079
v 0.00475518035889 -0.00301507759094 0.0347400093079
v 0.00485287094116 -0.00300545573235 0.0347400093079
v 0.00495091629028 -0.00300063896179 0.0347400093079
v 0.00504908370972 -0.00300063896179 0.0347400093079
v 0.00514712905884 -0.00300545573235 0.0347400093079
v 0.00524481964111 -0.00301507759094 0.0347400093079
v 0.00534192276001 -0.00302948141098 0.0347400093079
v 0.0054382019043 -0.00304863238335 0.0347400093079
v 0.00553342437744 -0.00307248449326 0.0347400093079
v 0.0056273651123 -0.00310098028183 0.0347400093079
v 0.00571979141235 -0.00313405108452 0.0347400093079
v 0.00581048202515 -0.00317161726952 0.0347400093079
v 0.00589922332764 -0.00321358799934 0.0347400093079
v 0.0153067741394 -0.0378107795715 0.019260011673
v 0.0162455291748 -0.0338893051147 0.019260011673
v 0.0147569961548 -0.0253553829193 0.0192600097656
v 0.0159347457886 -0.0240499725342 0.019260011673
v 0.0147885398865 -0.0398209609985 0.0192600097656
v 0.0157796516418 -0.0358847694397 0.019260011673
v 0.0155343055725 -0.0316037597656 0.019260011673
v 0.00179999923706 -0.0323223609924 0.0347400054932
v 0.00179999923706 -0.0291528167725 0.0347400054932
v 0.00179999923706 -0.0262136631012 0.0347400054932
v 0.00179999923706 -0.0208239364624 0.0347400093079
v 0.0153067741394 -0.0378107795715 0.0347400054932
v 0.0162455291748 -0.0338893051147 0.0347400054932
v 0.0140790176392 -0.0288841247559 0.0347400054932
v 0.0147569961548 -0.025355386734 0.0347400054932
v 0.0189833984375 -0.0188607730865 0.019260011673
v 0.0192126312256 -0.0171333656311 0.019260011673
v 0.0196489105225 -0.0134000339508 0.019260011673
v 0.017769493103 -0.00657672834396 0.0192600135803
v 0.017769493103 -0.00342334270477 0.0192600135803
v 0.00630634689331 -0.00651445293427 0.0192600135803
v 0.017693611145 -0.00651445293427 0.0192600135803
v 0.00637908172607 -0.00644852924347 0.0192600135803
v 0.0176208724976 -0.00644852924347 0.0192600135803
v 0.00644849395752 -0.00637911653519 0.0192600135803
v 0.0175514602661 -0.00637911653519 0.0192600135803
v 0.00651441955566 -0.00630638074875 0.0192600135803
v 0.017485534668 -0.00630638074875 0.0192600135803
v 0.00657669448853 -0.0062304983139 0.0192600135803
v 0.0174232635498 -0.0062304983139 0.0192600135803
v 0.00663516998291 -0.00615165185928 0.0192600135803
v 0.0173647842407 -0.00615165185928 0.0192600135803
v 0.00668970870972 -0.00607003068924 0.0192600135803
v 0.0173102493286 -0.00607003068924 0.0192600135803
v 0.00674017333984 -0.00598583173752 0.0192600135803
v 0.0172597808838 -0.00598583173752 0.0192600135803
v 0.00678644943237 -0.00589925813675 0.0192600135803
v 0.0172135047913 -0.00589925813675 0.0192600135803
v 0.00682841873169 -0.00581051778793 0.0192600135803
v 0.0171715354919 -0.00581051778793 0.0192600135803
v 0.00686598587036 -0.00571982526779 0.0192600135803
v 0.0171339683533 -0.00571982526779 0.0192600135803
v 0.00689905548096 -0.00562739896774 0.0192600135803
v 0.0171008987427 -0.00562739896774 0.0192600135803
v 0.00692755126953 -0.00553346061707 0.0192600135803
v 0.0170724029541 -0.00553346061707 0.0192600135803
v 0.00695140457153 -0.00543823766708 0.0192600135803
v 0.0170485496521 -0.00543823766708 0.0192600135803
v 0.00697055435181 -0.00534195899963 0.0192600135803
v 0.0170293998718 -0.00534195899963 0.0192600135803
v 0.00698495864868 -0.00524485683441 0.0192600135803
v 0.017014995575 -0.00524485683441 0.0192600135803
v 0.00699457931519 -0.00514716434479 0.0192600135803
v 0.0170053710938 -0.00514716434479 0.0192600135803
v 0.00699939727783 -0.00504911756516 0.0192600135803
v 0.0170005569458 -0.00504911756516 0.0192600135803
v 0.00699939727783 -0.00495095300674 0.0192600135803
v 0.00699457931519 -0.00485290622711 0.0192600135803
v 0.0170005569458 -0.00495095300674 0.0192600135803
v 0.017693611145 -0.00348561787605 0.0192600135803
v 0.00630634689331 -0.00348561787605 0.0192600135803
v 0.0176208724976 -0.00355154132843 0.0192600135803
v 0.00637908172607 -0.00355154132843 0.0192600135803
v 0.00692755126953 -0.00446660995483 0.0192600135803
v 0.0170485496521 -0.00456183290482 0.0192600135803
v 0.00695140457153 -0.00456183290482 0.0192600135803
v 0.00689905548096 -0.00437267160416 0.0192600135803
v 0.0170724029541 -0.00446660995483 0.0192600135803
v 0.00686598587036 -0.00428024530411 0.0192600135803
v 0.0171008987427 -0.00437267160416 0.0192600135803
v 0.00651441955566 -0.00369368982315 0.0192600135803
v 0.0174232635498 -0.003769572258 0.0192600135803
v 0.00657669448853 -0.003769572258 0.0192600135803
v 0.00644849395752 -0.00362095451355 0.0192600135803
v 0.017485534668 -0.00369368982315 0.0192600135803
v 0.0173647842407 -0.00384841918945 0.0192600135803
v 0.00663516998291 -0.00384841918945 0.0192600135803
v 0.0173102493286 -0.0039300403595 0.0192600135803
v 0.00668970870972 -0.0039300403595 0.0192600135803
v 0.00678644943237 -0.00410081243515 0.0192600135803
v 0.0171715354919 -0.00418955278397 0.0192600135803
v 0.00682841873169 -0.00418955278397 0.0192600135803
v 0.0172597808838 -0.00401423883438 0.0192600135803
v 0.00674017333984 -0.00401423883438 0.0192600135803
v 0.0172135047913 -0.00410081243515 0.0192600135803
v 0.0171339683533 -0.00428024530411 0.0192600135803
v 0.00698495864868 -0.00475521373749 0.0192600135803
v 0.0170053710938 -0.00485290622711 0.0192600135803
v 0.00697055435181 -0.00465811157227 0.0192600135803
v 0.017014995575 -0.00475521373749 0.0192600135803
v 0.0170293998718 -0.00465811157227 0.0192600135803
v 0.0175514602661 -0.00362095451355 0.0192600135803
v 0.00179999923706 -0.0182934818268 0.0347400093079
v 0.0186992645264 -0.0208405361176 0.019260011673
v 0.00179999923706 -0.0158285198212 0.0347400093079
v 0.00179999923706 -0.0134000368118 0.0347400093079
v 0.00179999923706 -0.0100000362396 0.0347400093079
v 0.0199787979126 -0.0100000362396 0.0192600135803
v 0.00606999588013 -0.0066897444725 0.0347400093079
v 0.00615161514282 -0.00663520669937 0.0347400093079
v 0.00623046112061 -0.00657673025131 0.0347400093079
v 0.00630634689331 -0.00651445484161 0.0347400093079
v 0.00637908172607 -0.00644853115082 0.0347400093079
v 0.00644849395752 -0.00637911844254 0.0347400093079
v 0.00651441955566 -0.0063063826561 0.0347400093079
v 0.00657669448853 -0.00623050022125 0.0347400093079
v 0.00663516998291 -0.00615165376663 0.0347400093079
v 0.00668970870972 -0.00607003259659 0.0347400093079
v 0.00674017333984 -0.00598583364487 0.0347400093079
v 0.00678644943237 -0.0058992600441 0.0347400093079
v 0.00682841873169 -0.00581051969528 0.0347400093079
v 0.00686598587036 -0.00571982717514 0.0347400093079
v 0.00689905548096 -0.00562740087509 0.0347400093079
v 0.00692755126953 -0.00553346252441 0.0347400093079
v 0.00695140457153 -0.00543823957443 0.0347400093079
v 0.00697055435181 -0.00534196090698 0.0347400093079
v 0.00698495864868 -0.00524485874176 0.0347400093079
v 0.00699457931519 -0.00514716625214 0.0347400093079
v 0.00699939727783 -0.0050491194725 0.0347400093079
v 0.00699939727783 -0.00495095491409 0.0347400093079
v 0.00699457931519 -0.00485290813446 0.0347400093079
v 0.00598579788208 -0.00325986266136 0.0347400093079
v 0.00615161514282 -0.00336486721039 0.0347400093079
v 0.00606999588013 -0.00331032967567 0.0347400093079
v 0.00623046112061 -0.00342334389687 0.0347400093079
v 0.00630634689331 -0.00348561906815 0.0347400093079
v 0.00651441955566 -0.00369369101524 0.0347400093079
v 0.00657669448853 -0.00376957345009 0.0347400093079
v 0.00663516998291 -0.00384842038155 0.0347400093079
v 0.00668970870972 -0.00393004155159 0.0347400093079
v 0.00637908172607 -0.00355154252052 0.0347400093079
v 0.00644849395752 -0.00362095570564 0.0347400093079
v 0.00686598587036 -0.00428024721146 0.0347400093079
v 0.00692755126953 -0.00446661186218 0.0347400093079
v 0.00689905548096 -0.00437267351151 0.0347400093079
v 0.00674017333984 -0.00401424074173 0.0347400093079
v 0.00678644943237 -0.0041008143425 0.0347400093079
v 0.00682841873169 -0.00418955469131 0.0347400093079
v 0.00695140457153 -0.00456183481216 0.0347400093079
v 0.00697055435181 -0.00465811347961 0.0347400093079
v 0.00698495864868 -0.00475521564484 0.0347400093079
v 0.0184324874878 -0.0225686168671 0.0347400093079
v 0.0147885398865 -0.0398209609985 0.0347400054932
v 0.0157796516418 -0.0358847694397 0.0347400054932
v 0.0155343055725 -0.0316037635803 0.0347400054932
v 0.0140594100952 -0.0272331943512 0.0347400054932
v 0.0159347457886 -0.0240499763489 0.0347400093079
v 0.0189833984375 -0.0188607769012 0.0347400093079
v 0.0194549255371 -0.0151459169388 0.0347400093079
v 0.0198504180908 -0.0114000339508 0.0347400093079
v 0.0220344161987 -3.66714157281e-08 0.0347400131226
v 0.0192126312256 -0.0171333694458 0.0347400093079
v 0.0196489105225 -0.0134000339508 0.0347400093079
v 0.017769493103 -0.00657673025131 0.0347400093079
v 0.017769493103 -0.00342334389687 0.0347400093079
v 0.017693611145 -0.00651445484161 0.0347400093079
v 0.0176208724976 -0.00644853115082 0.0347400093079
v 0.0175514602661 -0.00637911844254 0.0347400093079
v 0.017485534668 -0.0063063826561 0.0347400093079
v 0.0174232635498 -0.00623050022125 0.0347400093079
v 0.0173647842407 -0.00615165376663 0.0347400093079
v 0.0173102493286 -0.00607003259659 0.0347400093079
v 0.0172597808838 -0.00598583364487 0.0347400093079
v 0.0172135047913 -0.0058992600441 0.0347400093079
v 0.0171715354919 -0.00581051969528 0.0347400093079
v 0.0171339683533 -0.00571982717514 0.0347400093079
v 0.0171008987427 -0.00562740087509 0.0347400093079
v 0.0170724029541 -0.00553346252441 0.0347400093079
v 0.0170485496521 -0.00543823957443 0.0347400093079
v 0.0170293998718 -0.00534196090698 0.0347400093079
v 0.017014995575 -0.00524485874176 0.0347400093079
v 0.0170053710938 -0.00514716625214 0.0347400093079
v 0.0170005569458 -0.0050491194725 0.0347400093079
v 0.0170005569458 -0.00495095491409 0.0347400093079
v 0.017693611145 -0.00348561906815 0.0347400093079
v 0.0176208724976 -0.00355154252052 0.0347400093079
v 0.0170485496521 -0.00456183481216 0.0347400093079
v 0.0170724029541 -0.00446661186218 0.0347400093079
v 0.0171008987427 -0.00437267351151 0.0347400093079
v 0.0174232635498 -0.00376957345009 0.0347400093079
v 0.017485534668 -0.00369369101524 0.0347400093079
v 0.0173647842407 -0.00384842038155 0.0347400093079
v 0.0173102493286 -0.00393004155159 0.0347400093079
v 0.0171715354919 -0.00418955469131 0.0347400093079
v 0.0172597808838 -0.00401424074173 0.0347400093079
v 0.0172135047913 -0.0041008143425 0.0347400093079
v 0.0171339683533 -0.00428024721146 0.0347400093079
v 0.0170053710938 -0.00485290813446 0.0347400093079
v 0.017014995575 -0.00475521564484 0.0347400093079
v 0.0170293998718 -0.00465811347961 0.0347400093079
v 0.0175514602661 -0.00362095570564 0.0347400093079
v 0.0142844810486 -0.0513744010925 0.0192600097656
v 0.0147761535645 -0.0500656166077 0.0192600097656
v 0.0154124755859 -0.0483135528564 0.0192600097656
v 0.0160202941895 -0.046572517395 0.0192600097656
v 0.0163321304321 -0.0456512908936 0.0192600097656
v 0.0168022994995 -0.0442232437134 0.0192600097656
v 0.0185834197998 -0.0383015708923 0.0192600097656
v 0.0142844810486 -0.0513744010925 0.0347400093079
v 0.0147761535645 -0.0500656166077 0.0347400093079
v 0.0154124755859 -0.0483135528564 0.0347400093079
v 0.0160202941895 -0.046572517395 0.0347400093079
v 0.0163321304321 -0.0456512908936 0.0347400093079
v 0.0168022994995 -0.0442232437134 0.0347400093079
v 0.0185834197998 -0.0383015708923 0.0347400054932
v 0.0184324874878 -0.0225686130524 0.019260011673
v 0.017236114502 -0.0289428272247 0.019260011673
v 0.0176568374634 -0.0294819374084 0.019260011673
v 0.0157340888977 -0.0317860794067 0.019260011673
v 0.0177311668396 -0.0295460548401 0.019260011673
v 0.0158279876709 -0.0318650875092 0.019260011673
v 0.019037979126 -0.0366299781799 0.019260011673
v 0.0199745483398 -0.0329041213989 0.019260011673
v 0.017808555603 -0.0296064491272 0.019260011673
v 0.0160214576721 -0.0320160713196 0.019260011673
v 0.0161209106445 -0.0320879592896 0.019260011673
v 0.0178888130188 -0.0296629734039 0.019260011673
v 0.0163249664307 -0.0322243003845 0.019260011673
v 0.0172844963074 -0.0290282402039 0.019260011673
v 0.0173370132446 -0.0291111755371 0.019260011673
v 0.0173935394287 -0.0291914329529 0.019260011673
v 0.0174539337158 -0.0292688217163 0.019260011673
v 0.0175180511475 -0.0293431529999 0.019260011673
v 0.0179717483521 -0.0297154922485 0.019260011673
v 0.0164294433594 -0.0322886772156 0.019260011673
v 0.0165810966492 -0.0323755874634 0.019260011673
v 0.0175857391357 -0.0294142475128 0.019260011673
v 0.0180571594238 -0.0297638778687 0.019260011673
v 0.0181448440552 -0.029808013916 0.019260011673
v 0.018234588623 -0.0298477935791 0.019260011673
v 0.018326171875 -0.0298831233978 0.019260011673
v 0.0184193840027 -0.0299139156342 0.019260011673
v 0.0185139923096 -0.0299400978088 0.019260011673
v 0.0186097717285 -0.029961605072 0.019260011673
v 0.0187064933777 -0.0299783878326 0.019260011673
v 0.0140240325928 -0.0284901199341 0.019260011673
v 0.0170215988159 -0.0282934951782 0.019260011673
v 0.014054069519 -0.0287336864471 0.019260011673
v 0.0140135040283 -0.0283678569794 0.019260011673
v 0.0170095825195 -0.0281960678101 0.019260011673
v 0.0140059776306 -0.0282453727722 0.019260011673
v 0.0170023651123 -0.0280981693268 0.019260011673
v 0.0139999542236 -0.0280000343323 0.019260011673
v 0.0140059776306 -0.0277546958923 0.019260011673
v 0.0169999542236 -0.0280000343323 0.019260011673
v 0.0140135040283 -0.0276322116852 0.019260011673
v 0.0170023651123 -0.0279018993378 0.019260011673
v 0.0140375556946 -0.0273879814148 0.019260011673
v 0.0170095825195 -0.0278040008545 0.019260011673
v 0.0170215988159 -0.0277065734863 0.019260011673
v 0.0173370132446 -0.0268888931274 0.0192600097656
v 0.0149120292664 -0.0251209926605 0.019260011673
v 0.0170598907471 -0.028485994339 0.019260011673
v 0.0170860748291 -0.0285806045532 0.019260011673
v 0.0171168670654 -0.0286738147736 0.019260011673
v 0.0171521949768 -0.0287654018402 0.019260011673
v 0.0170383834839 -0.02839021492 0.019260011673
v 0.0170383834839 -0.0276098537445 0.019260011673
v 0.0170598907471 -0.0275140743256 0.019260011673
v 0.0170860748291 -0.0274194660187 0.019260011673
v 0.0171168670654 -0.027326253891 0.019260011673
v 0.0171521949768 -0.0272346668243 0.0192600097656
v 0.0171919784546 -0.0288551445007 0.019260011673
v 0.0171919784546 -0.0271449241638 0.0192600097656
v 0.017236114502 -0.0270572414398 0.0192600097656
v 0.0172844963074 -0.0269718284607 0.0192600097656
v 0.0173935394287 -0.0268086357117 0.0192600097656
v 0.0150582199097 -0.0249238758087 0.019260011673
v 0.0174539337158 -0.0267312469482 0.0192600097656
v 0.0152139091492 -0.0247341709137 0.019260011673
v 0.0175180511475 -0.0266569156647 0.0192600097656
v 0.0152951965332 -0.0246422405243 0.019260011673
v 0.0175857391357 -0.0265858211517 0.0192600097656
v 0.0154644203186 -0.0244645004272 0.019260011673
v 0.0176568374634 -0.0265181312561 0.0192600097656
v 0.0156421585083 -0.0242952785492 0.019260011673
v 0.0177311668396 -0.0264540138245 0.0192600097656
v 0.0158279876709 -0.0241349830627 0.019260011673
v 0.017808555603 -0.0263936195374 0.0192600097656
v 0.0178888130188 -0.0263370952606 0.0192600097656
v 0.0179717483521 -0.026284576416 0.0192600097656
v 0.0180571594238 -0.0262361927032 0.0192600097656
v 0.0181448440552 -0.0261920566559 0.0192600097656
v 0.018234588623 -0.0261522750854 0.0192600097656
v 0.018326171875 -0.0261169471741 0.0192600097656
v 0.0184193840027 -0.0260861530304 0.0192600097656
v 0.0185139923096 -0.0260599727631 0.0192600097656
v 0.0186097717285 -0.0260384635925 0.0192600097656
v 0.0187064933777 -0.0260216808319 0.0192600097656
v 0.0188039207458 -0.0260096645355 0.0192600097656
v 0.0189018173218 -0.0260024433136 0.0192600097656
v 0.0189999542236 -0.0260000343323 0.0192600097656
v 0.014054069519 -0.0287336902618 0.0347400054932
v 0.0140240325928 -0.0284901237488 0.0347400054932
v 0.0140135040283 -0.0283678607941 0.0347400054932
v 0.0140059776306 -0.0282453765869 0.0347400054932
v 0.0139999542236 -0.028000038147 0.0347400054932
v 0.0140059776306 -0.027754699707 0.0347400054932
v 0.0140135040283 -0.0276322154999 0.0347400054932
v 0.0140375556946 -0.0273879852295 0.0347400054932
v 0.0149120292664 -0.0251209964752 0.0347400093079
v 0.0157340888977 -0.0317860832214 0.0347400054932
v 0.0158279876709 -0.0318650913239 0.0347400054932
v 0.0160214576721 -0.0320160713196 0.0347400054932
v 0.0161209106445 -0.0320879592896 0.0347400054932
v 0.0165810966492 -0.0323755874634 0.0347400054932
v 0.0164294433594 -0.0322886772156 0.0347400054932
v 0.0163249664307 -0.0322243003845 0.0347400054932
v 0.0175180511475 -0.0293431568146 0.0347400054932
v 0.0175857391357 -0.0294142513275 0.0347400054932
v 0.0176568374634 -0.0294819412231 0.0347400054932
v 0.0177311668396 -0.0295460586548 0.0347400054932
v 0.017808555603 -0.0296064529419 0.0347400054932
v 0.0178888130188 -0.0296629772186 0.0347400054932
v 0.0179717483521 -0.0297154960632 0.0347400054932
v 0.0150582199097 -0.0249238796234 0.0347400093079
v 0.0152139091492 -0.0247341747284 0.0347400093079
v 0.0152951965332 -0.024642244339 0.0347400093079
v 0.0154644203186 -0.0244645042419 0.0347400093079
v 0.0156421585083 -0.0242952823639 0.0347400093079
v 0.0158279876709 -0.0241349868774 0.0347400093079
v 0.0170383834839 -0.0283902187347 0.0347400054932
v 0.0170598907471 -0.0284859981537 0.0347400054932
v 0.0170095825195 -0.0281960716248 0.0347400054932
v 0.0170023651123 -0.0280981731415 0.0347400054932
v 0.0170215988159 -0.0282934989929 0.0347400054932
v 0.0171521949768 -0.0287654056549 0.0347400054932
v 0.0171919784546 -0.0288551483154 0.0347400054932
v 0.017236114502 -0.0289428310394 0.0347400054932
v 0.0170860748291 -0.0285806083679 0.0347400054932
v 0.0171168670654 -0.0286738185883 0.0347400054932
v 0.0169999542236 -0.028000038147 0.0347400054932
v 0.0170023651123 -0.0279019031525 0.0347400054932
v 0.0170095825195 -0.0278040046692 0.0347400054932
v 0.0170215988159 -0.027706577301 0.0347400054932
v 0.0170383834839 -0.0276098575592 0.0347400054932
v 0.0170598907471 -0.0275140781403 0.0347400054932
v 0.0170860748291 -0.0274194698334 0.0347400054932
v 0.0171168670654 -0.0273262577057 0.0347400054932
v 0.0171521949768 -0.027234670639 0.0347400054932
v 0.0171919784546 -0.0271449279785 0.0347400054932
v 0.0172844963074 -0.0290282440186 0.0347400054932
v 0.0173370132446 -0.0291111793518 0.0347400054932
v 0.0173935394287 -0.0291914367676 0.0347400054932
v 0.0174539337158 -0.029268825531 0.0347400054932
v 0.017236114502 -0.0270572452545 0.0347400054932
v 0.0172844963074 -0.0269718322754 0.0347400054932
v 0.0173370132446 -0.0268888969421 0.0347400054932
v 0.0173935394287 -0.0268086395264 0.0347400054932
v 0.0174539337158 -0.0267312507629 0.0347400054932
v 0.0175180511475 -0.0266569194794 0.0347400054932
v 0.0175857391357 -0.0265858249664 0.0347400054932
v 0.0176568374634 -0.0265181350708 0.0347400054932
v 0.0177311668396 -0.0264540176392 0.0347400054932
v 0.017808555603 -0.0263936233521 0.0347400054932
v 0.0178888130188 -0.0263370990753 0.0347400054932
v 0.0194549255371 -0.0151459169388 0.019260011673
v 0.0198504180908 -0.0114000339508 0.019260011673
v 0.0178483352661 -0.00663520479202 0.0192600135803
v 0.0179299583435 -0.00668974256516 0.0192600135803
v 0.0180141601563 -0.00674020910263 0.0192600135803
v 0.018100730896 -0.00678648376465 0.0192600135803
v 0.0181894721985 -0.00682845497131 0.0192600135803
v 0.018280166626 -0.00686602067947 0.0192600135803
v 0.0178483352661 -0.0033648660183 0.0192600135803
v 0.0179299583435 -0.00331032848358 0.0192600135803
v 0.0180141601563 -0.00325986146927 0.0192600135803
v 0.018100730896 -0.00321358680725 0.0192600135803
v 0.0181894721985 -0.00317161607742 0.0192600135803
v 0.018280166626 -0.00313404989243 0.0192600135803
v 0.0183725891113 -0.00310097908974 0.0192600135803
v 0.0184665298462 -0.00307248330116 0.0192600135803
v 0.0185617523193 -0.00304863119125 0.0192600135803
v 0.0186580276489 -0.00302948021889 0.0192600135803
v 0.0187551345825 -0.00301507639885 0.0192600135803
v 0.0188528251648 -0.00300545454025 0.0192600135803
v 0.0189508743286 -0.0030006377697 0.0192600135803
v 0.0220344161987 -3.55027077603e-08 0.0192600135803
v 0.0180141601563 -0.00674021100998 0.0347400093079
v 0.0178483352661 -0.00663520669937 0.0347400093079
v 0.0179299583435 -0.0066897444725 0.0347400093079
v 0.0178483352661 -0.00336486721039 0.0347400093079
v 0.0179299583435 -0.00331032967567 0.0347400093079
v 0.0195096511841 -0.0348081665039 0.019260011673
v 0.0197695159912 -0.0337615699768 0.019260011673
v 0.0188039207458 -0.029990404129 0.019260011673
v 0.0189018173218 -0.029997625351 0.019260011673
v 0.0189999542236 -0.0300000343323 0.019260011673
v 0.0190980911255 -0.029997625351 0.019260011673
v 0.0191959838867 -0.029990404129 0.019260011673
v 0.0192934112549 -0.0299783878326 0.019260011673
v 0.0193901367188 -0.029961605072 0.019260011673
v 0.0202148590088 -0.032850189209 0.019260011673
v 0.0204513778687 -0.0327847366333 0.019260011673
v 0.020568359375 -0.0327476768494 0.019260011673
v 0.0207994308472 -0.0326649971008 0.019260011673
v 0.0209133758545 -0.032619430542 0.019260011673
v 0.0214644470215 -0.0323504676819 0.019260011673
v 0.0211377258301 -0.0325199813843 0.019260011673
v 0.021248008728 -0.0324661560059 0.019260011673
v 0.0194859161377 -0.0299400978088 0.019260011673
v 0.0195805206299 -0.0299139156342 0.019260011673
v 0.0196737365723 -0.0298831233978 0.019260011673
v 0.0197653198242 -0.0298477935791 0.019260011673
v 0.0198550643921 -0.029808013916 0.019260011673
v 0.0199427490234 -0.0297638778687 0.019260011673
v 0.0200281600952 -0.0297154922485 0.019260011673
v 0.0216749420166 -0.0322243003845 0.019260011673
v 0.0201110992432 -0.0296629734039 0.019260011673
v 0.0218789978027 -0.0320879592896 0.019260011673
v 0.0201913528442 -0.0296064491272 0.019260011673
v 0.0219784545898 -0.0320160713196 0.019260011673
v 0.020268737793 -0.0295460548401 0.019260011673
v 0.0221719207764 -0.0318650875092 0.019260011673
v 0.0203430709839 -0.0294819374084 0.019260011673
v 0.0190980911255 -0.0260024433136 0.0192600097656
v 0.0191959838867 -0.0260096645355 0.0192600097656
v 0.0192934112549 -0.0260216808319 0.0192600097656
v 0.0193901367188 -0.0260384635925 0.0192600097656
v 0.0219784545898 -0.023983997345 0.019260011673
v 0.0218426208496 -0.0238871517181 0.019260011673
v 0.0194859161377 -0.0260599727631 0.0192600097656
v 0.0195805206299 -0.0260861530304 0.0192600097656
v 0.0196737365723 -0.0261169471741 0.0192600097656
v 0.0197653198242 -0.0261522750854 0.0192600097656
v 0.0198550643921 -0.0261920566559 0.0192600097656
v 0.0199427490234 -0.0262361927032 0.0192600097656
v 0.0201913528442 -0.0263936195374 0.0192600097656
v 0.020268737793 -0.0264540138245 0.0192600097656
v 0.0221719207764 -0.0241349830627 0.019260011673
v 0.0203430709839 -0.0265181312561 0.0192600097656
v 0.0200281600952 -0.026284576416 0.0192600097656
v 0.0201110992432 -0.0263370952606 0.0192600097656
v 0.0218653182983 -0.0236854953766 0.019260011673
v 0.0218538513184 -0.0237619018555 0.019260011673
v 0.0215704650879 -0.0322886772156 0.019260011673
v 0.0224476547241 -0.0316212692261 0.019260011673
v 0.0204141693115 -0.0294142475128 0.019260011673
v 0.0226211853027 -0.0314477367401 0.019260011673
v 0.0204818572998 -0.0293431529999 0.019260011673
v 0.0227047119141 -0.0313578300476 0.019260011673
v 0.0205459747314 -0.0292688217163 0.019260011673
v 0.0229416885376 -0.0310761928558 0.019260011673
v 0.0206063690186 -0.0291914329529 0.019260011673
v 0.022357749939 -0.0317047901154 0.019260011673
v 0.0230159912109 -0.0309785308838 0.019260011673
v 0.0206628952026 -0.0291111755371 0.019260011673
v 0.0231573028564 -0.030777885437 0.019260011673
v 0.0207154083252 -0.0290282402039 0.019260011673
v 0.0232885971069 -0.0305705490112 0.019260011673
v 0.0207637939453 -0.0289428272247 0.019260011673
v 0.0234660797119 -0.030248090744 0.019260011673
v 0.0208079299927 -0.0288551445007 0.019260011673
v 0.0228650054932 -0.031172000885 0.019260011673
v 0.0234095611572 -0.0303570175171 0.019260011673
v 0.0235198974609 -0.0301378097534 0.019260011673
v 0.0208477172852 -0.0287654018402 0.019260011673
v 0.023619354248 -0.0299134521484 0.019260011673
v 0.0236649169922 -0.0297995090485 0.019260011673
v 0.0208830413818 -0.0286738147736 0.019260011673
v 0.0237475967407 -0.0295684432983 0.019260011673
v 0.0224476547241 -0.0243787994385 0.019260011673
v 0.0204141693115 -0.0265858211517 0.0192600097656
v 0.0225354919434 -0.0244645004272 0.019260011673
v 0.0204818572998 -0.0266569156647 0.0192600097656
v 0.0227859954834 -0.0247341709137 0.019260011673
v 0.0205459747314 -0.0267312469482 0.0192600097656
v 0.0229416885376 -0.0249238758087 0.019260011673
v 0.0206063690186 -0.0268086357117 0.0192600097656
v 0.0230878753662 -0.0251209926605 0.019260011673
v 0.0206628952026 -0.0268888931274 0.0192600097656
v 0.0231573028564 -0.0252221832275 0.019260011673
v 0.0207154083252 -0.0269718284607 0.0192600097656
v 0.0233503875732 -0.0255355434418 0.0192600097656
v 0.0207637939453 -0.0270572414398 0.0192600097656
v 0.0234660797119 -0.0257519779205 0.0192600097656
v 0.0208079299927 -0.0271449241638 0.0192600097656
v 0.0235709991455 -0.0259738273621 0.0192600097656
v 0.0208477172852 -0.0272346668243 0.0192600097656
v 0.022357749939 -0.0242952785492 0.019260011673
v 0.0209138336182 -0.0285806045532 0.019260011673
v 0.0238188323975 -0.0293335990906 0.019260011673
v 0.0209400177002 -0.028485994339 0.019260011673
v 0.0238784637451 -0.0290955410004 0.019260011673
v 0.0209615249634 -0.02839021492 0.019260011673
v 0.0239263458252 -0.0288548431396 0.019260011673
v 0.0209783096313 -0.0282934951782 0.019260011673
v 0.0239458389282 -0.0287336864471 0.019260011673
v 0.0209903259277 -0.0281960678101 0.019260011673
v 0.0239758758545 -0.0284901199341 0.019260011673
v 0.020997543335 -0.0280981693268 0.019260011673
v 0.0239984436035 -0.0281227397919 0.019260011673
v 0.0209999542236 -0.0280000343323 0.019260011673
v 0.0236649169922 -0.0262005596161 0.0192600097656
v 0.0208830413818 -0.027326253891 0.019260011673
v 0.0209400177002 -0.0275140743256 0.019260011673
v 0.0238784637451 -0.0269045276642 0.0192600097656
v 0.0209615249634 -0.0276098537445 0.019260011673
v 0.0209138336182 -0.0274194660187 0.019260011673
v 0.0238188323975 -0.0266664714813 0.0192600097656
v 0.0237475967407 -0.0264316253662 0.0192600097656
v 0.020997543335 -0.0279018993378 0.019260011673
v 0.023993927002 -0.0277546958923 0.019260011673
v 0.0209903259277 -0.0278040008545 0.019260011673
v 0.0239758758545 -0.0275099487305 0.019260011673
v 0.0209783096313 -0.0277065734863 0.019260011673
v 0.0239458389282 -0.0272663822174 0.0192600097656
v 0.0239038848877 -0.0270245819092 0.0192600097656
v 0.0227047119141 -0.0246422405243 0.019260011673
v 0.0232885971069 -0.0254295215607 0.0192600097656
v 0.0227594146729 -0.0177814865112 0.019260011673
v 0.023850112915 -0.0292149353027 0.019260011673
v 0.02378465271 -0.0265486106873 0.0192600097656
v 0.023993927002 -0.0282453727722 0.019260011673
v 0.0239999542236 -0.0280000343323 0.019260011673
v 0.0235198974609 -0.0258622589111 0.0192600097656
v 0.019037979126 -0.0366299781799 0.0347400054932
v 0.0180571594238 -0.0297638816833 0.0347400054932
v 0.0181448440552 -0.0298080177307 0.0347400054932
v 0.018326171875 -0.0298831272125 0.0347400054932
v 0.018234588623 -0.0298477973938 0.0347400054932
v 0.0184193840027 -0.0299139194489 0.0347400054932
v 0.0185139923096 -0.0299401016235 0.0347400054932
v 0.0186097717285 -0.0299616088867 0.0347400054932
v 0.0187064933777 -0.0299783916473 0.0347400054932
v 0.0188039207458 -0.0299904079437 0.0347400054932
v 0.0189018173218 -0.0299976291656 0.0347400054932
v 0.0189999542236 -0.030000038147 0.0347400054932
v 0.0190980911255 -0.0299976291656 0.0347400054932
v 0.0191959838867 -0.0299904079437 0.0347400054932
v 0.0192934112549 -0.0299783916473 0.0347400054932
v 0.0193901367188 -0.0299616088867 0.0347400054932
v 0.0194859161377 -0.0299401016235 0.0347400054932
v 0.0195096511841 -0.0348081665039 0.0347400054932
v 0.0197695159912 -0.0337615699768 0.0347400054932
v 0.0199745483398 -0.0329041213989 0.0347400054932
v 0.0195805206299 -0.0299139194489 0.0347400054932
v 0.0196737365723 -0.0298831272125 0.0347400054932
v 0.0197653198242 -0.0298477973938 0.0347400054932
v 0.0198550643921 -0.0298080177307 0.0347400054932
v 0.0199427490234 -0.0297638816833 0.0347400054932
v 0.0200281600952 -0.0297154960632 0.0347400054932
v 0.0201110992432 -0.0296629772186 0.0347400054932
v 0.0201913528442 -0.0296064529419 0.0347400054932
v 0.020268737793 -0.0295460586548 0.0347400054932
v 0.0202148590088 -0.032850189209 0.0347400054932
v 0.0204513778687 -0.0327847366333 0.0347400054932
v 0.020568359375 -0.0327476768494 0.0347400054932
v 0.0207994308472 -0.0326649971008 0.0347400054932
v 0.0209133758545 -0.032619430542 0.0347400054932
v 0.0203430709839 -0.0294819412231 0.0347400054932
v 0.0204141693115 -0.0294142513275 0.0347400054932
v 0.0204818572998 -0.0293431568146 0.0347400054932
v 0.0205459747314 -0.029268825531 0.0347400054932
v 0.0179717483521 -0.0262845802307 0.0347400054932
v 0.0180571594238 -0.0262361965179 0.0347400054932
v 0.0181448440552 -0.0261920604706 0.0347400054932
v 0.018234588623 -0.0261522789001 0.0347400054932
v 0.018326171875 -0.0261169509888 0.0347400054932
v 0.0184193840027 -0.0260861568451 0.0347400054932
v 0.0185139923096 -0.0260599765778 0.0347400054932
v 0.0186097717285 -0.0260384674072 0.0347400054932
v 0.0187064933777 -0.0260216846466 0.0347400054932
v 0.0188039207458 -0.0260096683502 0.0347400054932
v 0.0189018173218 -0.0260024471283 0.0347400054932
v 0.0189999542236 -0.026000038147 0.0347400054932
v 0.0190980911255 -0.0260024471283 0.0347400054932
v 0.0191959838867 -0.0260096683502 0.0347400054932
v 0.0192934112549 -0.0260216846466 0.0347400054932
v 0.0193901367188 -0.0260384674072 0.0347400054932
v 0.0186992645264 -0.0208405399323 0.0347400093079
v 0.0194859161377 -0.0260599765778 0.0347400054932
v 0.0195805206299 -0.0260861568451 0.0347400054932
v 0.0196737365723 -0.0261169509888 0.0347400054932
v 0.0197653198242 -0.0261522789001 0.0347400054932
v 0.0199427490234 -0.0262361965179 0.0347400054932
v 0.0200281600952 -0.0262845802307 0.0347400054932
v 0.0198550643921 -0.0261920604706 0.0347400054932
v 0.0201110992432 -0.0263370990753 0.0347400054932
v 0.0201913528442 -0.0263936233521 0.0347400054932
v 0.0206063690186 -0.0291914367676 0.0347400054932
v 0.0206628952026 -0.0291111793518 0.0347400054932
v 0.0207154083252 -0.0290282440186 0.0347400054932
v 0.0207637939453 -0.0289428310394 0.0347400054932
v 0.0208079299927 -0.0288551483154 0.0347400054932
v 0.0208477172852 -0.0287654056549 0.0347400054932
v 0.0208830413818 -0.0286738185883 0.0347400054932
v 0.0209138336182 -0.0285806083679 0.0347400054932
v 0.0209400177002 -0.0284859981537 0.0347400054932
v 0.0209615249634 -0.0283902187347 0.0347400054932
v 0.0209783096313 -0.0282934989929 0.0347400054932
v 0.0209903259277 -0.0281960716248 0.0347400054932
v 0.020997543335 -0.0280981731415 0.0347400054932
v 0.0206063690186 -0.0268086395264 0.0347400054932
v 0.0206628952026 -0.0268888969421 0.0347400054932
v 0.0207154083252 -0.0269718322754 0.0347400054932
v 0.0207637939453 -0.0270572452545 0.0347400054932
v 0.0209999542236 -0.028000038147 0.0347400054932
v 0.020997543335 -0.0279019031525 0.0347400054932
v 0.0209903259277 -0.0278040046692 0.0347400054932
v 0.0209783096313 -0.027706577301 0.0347400054932
v 0.0209138336182 -0.0274194698334 0.0347400054932
v 0.0209400177002 -0.0275140781403 0.0347400054932
v 0.0209615249634 -0.0276098575592 0.0347400054932
v 0.0208079299927 -0.0271449279785 0.0347400054932
v 0.0208830413818 -0.0273262577057 0.0347400054932
v 0.0208477172852 -0.027234670639 0.0347400054932
v 0.020268737793 -0.0264540176392 0.0347400054932
v 0.0203430709839 -0.0265181350708 0.0347400054932
v 0.0204141693115 -0.0265858249664 0.0347400054932
v 0.0204818572998 -0.0266569194794 0.0347400054932
v 0.0205459747314 -0.0267312507629 0.0347400054932
v 0.0211377258301 -0.0325199813843 0.0347400054932
v 0.021248008728 -0.0324661560059 0.0347400054932
v 0.0214644470215 -0.0323504676819 0.0347400054932
v 0.0215704650879 -0.0322886772156 0.0347400054932
v 0.0216749420166 -0.0322243003845 0.0347400054932
v 0.0218789978027 -0.0320879592896 0.0347400054932
v 0.0219784545898 -0.0320160713196 0.0347400054932
v 0.0221719207764 -0.0318650913239 0.0347400054932
v 0.022357749939 -0.0317047939301 0.0347400054932
v 0.0224476547241 -0.0316212730408 0.0347400054932
v 0.0226211853027 -0.0314477405548 0.0347400054932
v 0.0227047119141 -0.0313578338623 0.0347400054932
v 0.0228650054932 -0.0311720046997 0.0347400054932
v 0.0229416885376 -0.0310761966705 0.0347400054932
v 0.0230159912109 -0.0309785346985 0.0347400054932
v 0.0231573028564 -0.0307778892517 0.0347400054932
v 0.0232885971069 -0.0305705528259 0.0347400054932
v 0.0234095611572 -0.0303570213318 0.0347400054932
v 0.0234660797119 -0.0302480945587 0.0347400054932
v 0.0235198974609 -0.0301378135681 0.0347400054932
v 0.023619354248 -0.0299134559631 0.0347400054932
v 0.0236649169922 -0.0297995128632 0.0347400054932
v 0.0237475967407 -0.029568447113 0.0347400054932
v 0.0238188323975 -0.0293336029053 0.0347400054932
v 0.0218426208496 -0.0238871555328 0.0347400093079
v 0.0219784545898 -0.0239840011597 0.0347400093079
v 0.0218538513184 -0.0237619056702 0.0347400093079
v 0.0221719207764 -0.0241349868774 0.0347400093079
v 0.022357749939 -0.0242952823639 0.0347400093079
v 0.0224476547241 -0.0243788032532 0.0347400093079
v 0.0218653182983 -0.0236854991913 0.0347400093079
v 0.0225354919434 -0.0244645042419 0.0347400093079
v 0.0227047119141 -0.024642244339 0.0347400093079
v 0.0227859954834 -0.0247341747284 0.0347400093079
v 0.0230878753662 -0.0251209964752 0.0347400093079
v 0.0229416885376 -0.0249238796234 0.0347400093079
v 0.0231573028564 -0.0252221870422 0.0347400093079
v 0.0232885971069 -0.0254295253754 0.0347400054932
v 0.023850112915 -0.0292149391174 0.0347400054932
v 0.0238784637451 -0.0290955448151 0.0347400054932
v 0.0239263458252 -0.0288548469543 0.0347400054932
v 0.0239458389282 -0.0287336902618 0.0347400054932
v 0.0239758758545 -0.0284901237488 0.0347400054932
v 0.023993927002 -0.0282453765869 0.0347400054932
v 0.0239984436035 -0.0281227436066 0.0347400054932
v 0.0239999542236 -0.028000038147 0.0347400054932
v 0.023993927002 -0.027754699707 0.0347400054932
v 0.0239758758545 -0.0275099525452 0.0347400054932
v 0.0238784637451 -0.0269045314789 0.0347400054932
v 0.0239038848877 -0.0270245857239 0.0347400054932
v 0.0239458389282 -0.0272663860321 0.0347400054932
v 0.0234660797119 -0.0257519817352 0.0347400054932
v 0.0235198974609 -0.0258622627258 0.0347400054932
v 0.0235709991455 -0.0259738311768 0.0347400054932
v 0.0233503875732 -0.0255355472565 0.0347400054932
v 0.0238188323975 -0.026666475296 0.0347400054932
v 0.0237475967407 -0.0264316291809 0.0347400054932
v 0.02378465271 -0.026548614502 0.0347400054932
v 0.0236649169922 -0.0262005634308 0.0347400054932
v 0.023415397644 -0.0118463029861 0.019260011673
v 0.0183725891113 -0.00689909172058 0.0192600135803
v 0.0184665298462 -0.00692758750916 0.0192600135803
v 0.0185617523193 -0.00695143938065 0.0192600135803
v 0.0186580276489 -0.00697059059143 0.0192600135803
v 0.0187551345825 -0.00698499441147 0.0192600135803
v 0.0188528251648 -0.00699461603165 0.0192600135803
v 0.0189508743286 -0.00699943304062 0.0192600135803
v 0.0190490341187 -0.00699943304062 0.0192600135803
v 0.0191470794678 -0.00699461603165 0.0192600135803
v 0.0192447738647 -0.00698499441147 0.0192600135803
v 0.0193418807983 -0.00697059059143 0.0192600135803
v 0.0194381561279 -0.00695143938065 0.0192600135803
v 0.0195333786011 -0.00692758750916 0.0192600135803
v 0.0196273193359 -0.00689909172058 0.0192600135803
v 0.0197197418213 -0.00686602067947 0.0192600135803
v 0.0198104400635 -0.00682845497131 0.0192600135803
v 0.0198991775513 -0.00678648376465 0.0192600135803
v 0.019985748291 -0.00674020910263 0.0192600135803
v 0.0200699462891 -0.00668974256516 0.0192600135803
v 0.0201515731812 -0.00663520479202 0.0192600135803
v 0.0202304153442 -0.00657672834396 0.0192600135803
v 0.0203062973022 -0.00651445293427 0.0192600135803
v 0.0190490341187 -0.0030006377697 0.0192600135803
v 0.0191470794678 -0.00300545454025 0.0192600135803
v 0.0192447738647 -0.00301507639885 0.0192600135803
v 0.0193418807983 -0.00302948021889 0.0192600135803
v 0.0194381561279 -0.00304863119125 0.0192600135803
v 0.0195333786011 -0.00307248330116 0.0192600135803
v 0.0196273193359 -0.00310097908974 0.0192600135803
v 0.0197197418213 -0.00313404989243 0.0192600135803
v 0.0198104400635 -0.00317161607742 0.0192600135803
v 0.0198991775513 -0.00321358680725 0.0192600135803
v 0.019985748291 -0.00325986146927 0.0192600135803
v 0.0200699462891 -0.00331032848358 0.0192600135803
v 0.0201515731812 -0.0033648660183 0.0192600135803
v 0.0202304153442 -0.00342334270477 0.0192600135803
v 0.0235263595581 -0.0104742107391 0.0192600135803
v 0.0236373214722 -0.00850350761414 0.0192600135803
v 0.0203790359497 -0.00644852924347 0.0192600135803
v 0.0204484481812 -0.00637911653519 0.0192600135803
v 0.0205143737793 -0.00630638074875 0.0192600135803
v 0.0205766448975 -0.0062304983139 0.0192600135803
v 0.0206351242065 -0.00615165185928 0.0192600135803
v 0.0206896591187 -0.00607003068924 0.0192600135803
v 0.0207401275635 -0.00598583173752 0.0192600135803
v 0.0237030715942 -0.00669686460495 0.0192600135803
v 0.0207864074707 -0.00589925813675 0.0192600135803
v 0.0208283691406 -0.00581051778793 0.0192600135803
v 0.0208659362793 -0.00571982526779 0.0192600135803
v 0.0208990097046 -0.00562739896774 0.0192600135803
v 0.0237475967407 -0.00656844377518 0.0192600135803
v 0.0209275054932 -0.00553346061707 0.0192600135803
v 0.0238188323975 -0.00633359909058 0.0192600135803
v 0.0209513549805 -0.00543823766708 0.0192600135803
v 0.0239038848877 -0.00597548675537 0.0192600135803
v 0.0209705047607 -0.00534195899963 0.0192600135803
v 0.0239458389282 -0.00573368787766 0.0192600135803
v 0.0209849090576 -0.00524485683441 0.0192600135803
v 0.0239758758545 -0.00549012088776 0.0192600135803
v 0.0209945373535 -0.00514716434479 0.0192600135803
v 0.023993927002 -0.00524537372589 0.0192600135803
v 0.0209993515015 -0.00504911756516 0.0192600135803
v 0.0239999542236 -0.00500003528595 0.0192600135803
v 0.0209993515015 -0.00495095300674 0.0192600135803
v 0.0232280273437 -0.000754495561123 0.0192600135803
v 0.0203062973022 -0.00348561787605 0.0192600135803
v 0.023486114502 -0.00122633337975 0.0192600135803
v 0.0203790359497 -0.00355154132843 0.0192600135803
v 0.0236100311279 -0.00154953038692 0.0192600135803
v 0.0204484481812 -0.00362095451355 0.0192600135803
v 0.0236784439087 -0.0017785102129 0.0192600135803
v 0.0205143737793 -0.00369368982315 0.0192600135803
v 0.023779006958 -0.00226138281822 0.0192600135803
v 0.0205766448975 -0.003769572258 0.0192600135803
v 0.0238104171753 -0.00251176524162 0.0192600135803
v 0.0206351242065 -0.00384841918945 0.0192600135803
v 0.023828918457 -0.00276569724083 0.0192600135803
v 0.0206896591187 -0.0039300403595 0.0192600135803
v 0.0221111602783 -2.76308576576e-06 0.0192600135803
v 0.0221877593994 -1.09408870339e-05 0.0192600135803
v 0.0222640762329 -2.45540291071e-05 0.0192600135803
v 0.0223399810791 -4.3577760458e-05 0.0192600135803
v 0.0224153289795 -6.79774880409e-05 0.0192600135803
v 0.022489982605 -9.77088361979e-05 0.0192600135803
v 0.0209275054932 -0.00446660995483 0.0192600135803
v 0.023850112915 -0.00378513455391 0.0192600135803
v 0.0209513549805 -0.00456183290482 0.0192600135803
v 0.0208283691406 -0.00418955278397 0.0192600135803
v 0.0238139724731 -0.00364970731735 0.0192600135803
v 0.0208659362793 -0.00428024530411 0.0192600135803
v 0.0207401275635 -0.00401423883438 0.0192600135803
v 0.0238343734741 -0.0030213329792 0.0192600135803
v 0.0207864074707 -0.00410081243515 0.0192600135803
v 0.0208990097046 -0.00437267160416 0.0192600135803
v 0.0209945373535 -0.00485290622711 0.0192600135803
v 0.023993927002 -0.00475469684601 0.0192600135803
v 0.0209849090576 -0.00475521373749 0.0192600135803
v 0.0239758758545 -0.00450994968414 0.0192600135803
v 0.0209705047607 -0.00465811157227 0.0192600135803
v 0.0239458389282 -0.00426638269424 0.0192600135803
v 0.0239038848877 -0.00402458381653 0.0192600135803
v 0.0225638122559 -0.000132717758417 0.0192600135803
v 0.0226366729736 -0.000172940582037 0.0192600135803
v 0.022708442688 -0.000218304172158 0.0192600135803
v 0.0227789840698 -0.000268726021051 0.0192600135803
v 0.0228481750488 -0.000324114471674 0.0192600135803
v 0.0229158859253 -0.000384368777275 0.0192600135803
v 0.0229819869995 -0.000449379384518 0.0192600135803
v 0.02304637146 -0.000519028127193 0.0192600135803
v 0.0231089172363 -0.000593188285828 0.0192600135803
v 0.0231695098877 -0.000671725034714 0.0192600135803
v 0.0232843856812 -0.000841349363327 0.0192600135803
v 0.0233901824951 -0.00102666795254 0.0192600135803
v 0.0235715026855 -0.00143889403343 0.0192600135803
v 0.0238784637451 -0.0060955414772 0.0192600135803
v 0.0239984436035 -0.00512274122238 0.0192600135803
v 0.0237349090576 -0.00201637077332 0.0192600135803
v 0.0239623565674 -0.00438798189163 0.0192600135803
v 0.0199787979126 -0.0100000362396 0.0347400093079
v 0.018100730896 -0.006786485672 0.0347400093079
v 0.0181894721985 -0.00682845687866 0.0347400093079
v 0.018280166626 -0.00686602258682 0.0347400093079
v 0.0183725891113 -0.00689909362793 0.0347400093079
v 0.0184665298462 -0.0069275894165 0.0347400093079
v 0.0185617523193 -0.00695144128799 0.0347400093079
v 0.0186580276489 -0.00697059249878 0.0347400093079
v 0.0187551345825 -0.00698499631882 0.0347400093079
v 0.0188528251648 -0.006994617939 0.0347400093079
v 0.0189508743286 -0.00699943494797 0.0347400093079
v 0.0190490341187 -0.00699943494797 0.0347400093079
v 0.0191470794678 -0.006994617939 0.0347400093079
v 0.0192447738647 -0.00698499631882 0.0347400093079
v 0.0193418807983 -0.00697059249878 0.0347400093079
v 0.0194381561279 -0.00695144128799 0.0347400093079
v 0.0180141601563 -0.00325986266136 0.0347400093079
v 0.018100730896 -0.00321358799934 0.0347400093079
v 0.0181894721985 -0.00317161726952 0.0347400093079
v 0.018280166626 -0.00313405108452 0.0347400093079
v 0.0183725891113 -0.00310098028183 0.0347400093079
v 0.0184665298462 -0.00307248449326 0.0347400093079
v 0.0185617523193 -0.00304863238335 0.0347400093079
v 0.0186580276489 -0.00302948141098 0.0347400093079
v 0.0187551345825 -0.00301507759094 0.0347400093079
v 0.0188528251648 -0.00300545573235 0.0347400093079
v 0.0189508743286 -0.00300063896179 0.0347400093079
v 0.0190490341187 -0.00300063896179 0.0347400093079
v 0.0191470794678 -0.00300545573235 0.0347400093079
v 0.0192447738647 -0.00301507759094 0.0347400093079
v 0.0194381561279 -0.00304863238335 0.0347400093079
v 0.0193418807983 -0.00302948141098 0.0347400093079
v 0.0195333786011 -0.0069275894165 0.0347400093079
v 0.0196273193359 -0.00689909362793 0.0347400093079
v 0.0197197418213 -0.00686602258682 0.0347400093079
v 0.0198104400635 -0.00682845687866 0.0347400093079
v 0.0198991775513 -0.006786485672 0.0347400093079
v 0.019985748291 -0.00674021100998 0.0347400093079
v 0.0200699462891 -0.0066897444725 0.0347400093079
v 0.0201515731812 -0.00663520669937 0.0347400093079
v 0.0202304153442 -0.00657673025131 0.0347400093079
v 0.0203062973022 -0.00651445484161 0.0347400093079
v 0.0203790359497 -0.00644853115082 0.0347400093079
v 0.0204484481812 -0.00637911844254 0.0347400093079
v 0.0205143737793 -0.0063063826561 0.0347400093079
v 0.0205766448975 -0.00623050022125 0.0347400093079
v 0.0206351242065 -0.00615165376663 0.0347400093079
v 0.0206896591187 -0.00607003259659 0.0347400093079
v 0.0207401275635 -0.00598583364487 0.0347400093079
v 0.0207864074707 -0.0058992600441 0.0347400093079
v 0.0208283691406 -0.00581051969528 0.0347400093079
v 0.0208659362793 -0.00571982717514 0.0347400093079
v 0.0208990097046 -0.00562740087509 0.0347400093079
v 0.0209275054932 -0.00553346252441 0.0347400093079
v 0.0209513549805 -0.00543823957443 0.0347400093079
v 0.0209705047607 -0.00534196090698 0.0347400093079
v 0.0209849090576 -0.00524485874176 0.0347400093079
v 0.0209945373535 -0.00514716625214 0.0347400093079
v 0.0209993515015 -0.0050491194725 0.0347400093079
v 0.0209993515015 -0.00495095491409 0.0347400093079
v 0.0209945373535 -0.00485290813446 0.0347400093079
v 0.0195333786011 -0.00307248449326 0.0347400093079
v 0.0196273193359 -0.00310098028183 0.0347400093079
v 0.0197197418213 -0.00313405108452 0.0347400093079
v 0.0198104400635 -0.00317161726952 0.0347400093079
v 0.0198991775513 -0.00321358799934 0.0347400093079
v 0.019985748291 -0.00325986266136 0.0347400093079
v 0.0200699462891 -0.00331032967567 0.0347400093079
v 0.0201515731812 -0.00336486721039 0.0347400093079
v 0.0205143737793 -0.00369369101524 0.0347400093079
v 0.0205766448975 -0.00376957345009 0.0347400093079
v 0.0202304153442 -0.00342334389687 0.0347400093079
v 0.0203062973022 -0.00348561906815 0.0347400093079
v 0.0203790359497 -0.00355154252052 0.0347400093079
v 0.0204484481812 -0.00362095570564 0.0347400093079
v 0.0206351242065 -0.00384842038155 0.0347400093079
v 0.0206896591187 -0.00393004155159 0.0347400093079
v 0.0207401275635 -0.00401424074173 0.0347400093079
v 0.0207864074707 -0.0041008143425 0.0347400093079
v 0.0208659362793 -0.00428024721146 0.0347400093079
v 0.0209849090576 -0.00475521564484 0.0347400093079
v 0.0209705047607 -0.00465811347961 0.0347400093079
v 0.0209513549805 -0.00456183481216 0.0347400093079
v 0.0209275054932 -0.00446661186218 0.0347400093079
v 0.0208990097046 -0.00437267351151 0.0347400093079
v 0.0208283691406 -0.00418955469131 0.0347400093079
v 0.0227594146729 -0.0177814903259 0.0347400093079
v 0.023415397644 -0.0118463029861 0.0347400093079
v 0.0235263595581 -0.0104742107391 0.0347400093079
v 0.0221111602783 -2.7642545756e-06 0.0347400093079
v 0.0221877593994 -1.09420558438e-05 0.0347400093079
v 0.0222640762329 -2.45552007109e-05 0.0347400093079
v 0.0223399810791 -4.35789301991e-05 0.0347400093079
v 0.0224153289795 -6.79786577821e-05 0.0347400093079
v 0.022489982605 -9.7710005939e-05 0.0347400093079
v 0.0236373214722 -0.00850350761414 0.0347400093079
v 0.0237030715942 -0.0066968665123 0.0347400093079
v 0.0237475967407 -0.00656844568253 0.0347400093079
v 0.0238188323975 -0.00633360099792 0.0347400093079
v 0.0238784637451 -0.00609554338455 0.0347400093079
v 0.0239038848877 -0.00597548866272 0.0347400093079
v 0.0239458389282 -0.005733689785 0.0347400093079
v 0.0239758758545 -0.0054901227951 0.0347400093079
v 0.023993927002 -0.00524537563324 0.0347400093079
v 0.0239984436035 -0.00512274312973 0.0347400093079
v 0.0239999542236 -0.0050000371933 0.0347400093079
v 0.0225638122559 -0.000132718920708 0.0347400093079
v 0.0226366729736 -0.000172941744328 0.0347400093079
v 0.022708442688 -0.000218305334449 0.0347400093079
v 0.0227789840698 -0.000268727183342 0.0347400093079
v 0.0228481750488 -0.000324115633965 0.0347400093079
v 0.0229158859253 -0.000384369939566 0.0347400093079
v 0.0229819869995 -0.000449380546808 0.0347400093079
v 0.02304637146 -0.000519029259682 0.0347400093079
v 0.0231695098877 -0.000671726167202 0.0347400093079
v 0.0232280273437 -0.000754496693611 0.0347400093079
v 0.0231089172363 -0.000593189418316 0.0347400093079
v 0.023993927002 -0.00475469875336 0.0347400093079
v 0.0239758758545 -0.00450995159149 0.0347400093079
v 0.0239623565674 -0.00438798379898 0.0347400093079
v 0.023850112915 -0.003785135746 0.0347400093079
v 0.0239038848877 -0.00402458572388 0.0347400093079
v 0.0239458389282 -0.00426638460159 0.0347400093079
v 0.0238139724731 -0.00364970850945 0.0347400093079
v 0.0238343734741 -0.0030213341713 0.0347400093079
v 0.023828918457 -0.00276569843292 0.0347400093079
v 0.0235715026855 -0.00143889510632 0.0347400093079
v 0.0236100311279 -0.00154953145981 0.0347400093079
v 0.0232843856812 -0.000841350495815 0.0347400093079
v 0.0233901824951 -0.00102666902542 0.0347400093079
v 0.023486114502 -0.00122633445263 0.0347400093079
v 0.0237349090576 -0.00201637196541 0.0347400093079
v 0.023779006958 -0.00226138401031 0.0347400093079
v 0.0238104171753 -0.00251176643372 0.0347400093079
v 0.0236784439087 -0.00177851128578 0.0347400093079
f 1 2 3
f 3 2 4
f 4 2 5
f 6 2 7
f 8 2 6
f 7 2 9
f 9 2 1
f 5 2 10
f 10 2 11
f 11 2 12
f 12 2 13
f 13 2 14
f 14 2 15
f 15 2 16
f 16 2 17
f 17 2 18
f 18 2 19
f 19 2 20
f 20 2 21
f 21 2 22
f 22 2 23
f 23 2 24
f 24 2 25
f 25 2 26
f 8 27 2
f 8 28 27
f 26 2 29
f 29 2 30
f 8 31 28
f 8 32 31
f 8 33 32
f 27 28 34
f 29 30 35
f 27 34 35
f 35 34 29
f 29 34 36
f 31 32 37
f 36 34 38
f 31 37 39
f 40 1 3
f 41 7 9
f 42 6 7
f 43 8 6
f 44 9 1
f 45 3 4
f 46 4 5
f 47 5 10
f 48 10 11
f 49 11 12
f 50 12 13
f 51 13 14
f 52 14 15
f 53 15 16
f 54 16 17
f 55 17 18
f 56 18 19
f 57 19 20
f 58 20 21
f 59 21 22
f 60 22 23
f 61 23 24
f 62 24 25
f 63 25 26
f 64 26 29
f 65 2 27
f 66 30 2
f 67 27 35
f 68 28 31
f 69 35 30
f 70 29 36
f 71 34 28
f 72 31 39
f 73 38 34
f 74 39 38
f 75 37 32
f 76 33 8
f 33 77 78
f 79 80 81
f 82 83 84
f 85 86 87
f 88 32 33
f 89 77 79
f 90 80 82
f 91 83 85
f 92 33 93
f 94 79 95
f 96 82 97
f 98 85 99
f 36 38 39
f 39 37 36
f 36 37 100
f 100 37 93
f 93 78 100
f 100 78 101
f 102 93 37
f 103 36 100
f 104 100 101
f 33 78 93
f 79 81 95
f 82 84 97
f 101 78 95
f 95 81 101
f 101 81 97
f 85 87 99
f 105 106 107
f 108 78 77
f 109 81 80
f 110 84 83
f 111 95 78
f 112 97 81
f 113 87 86
f 114 106 115
f 44 41 9
f 41 42 7
f 42 43 6
f 40 44 1
f 45 40 3
f 46 45 4
f 47 46 5
f 48 47 10
f 49 48 11
f 50 49 12
f 51 50 13
f 52 51 14
f 53 52 15
f 54 53 16
f 55 54 17
f 56 55 18
f 57 56 19
f 58 57 20
f 59 58 21
f 60 59 22
f 61 60 23
f 62 61 24
f 63 62 25
f 64 63 26
f 65 66 2
f 67 65 27
f 69 67 35
f 68 71 28
f 72 68 31
f 70 64 29
f 66 69 30
f 71 73 34
f 88 75 32
f 73 74 38
f 74 72 39
f 40 45 65
f 45 46 65
f 46 47 65
f 42 41 65
f 43 42 65
f 41 44 65
f 44 40 65
f 47 48 65
f 48 49 65
f 49 50 65
f 50 51 65
f 51 52 65
f 52 53 65
f 53 54 65
f 54 55 65
f 55 56 65
f 56 57 65
f 57 58 65
f 58 59 65
f 59 60 65
f 60 61 65
f 61 62 65
f 62 63 65
f 63 64 65
f 43 65 67
f 43 67 68
f 64 70 65
f 70 66 65
f 43 68 72
f 43 72 88
f 43 88 92
f 67 71 68
f 70 69 66
f 67 69 71
f 69 70 71
f 70 103 71
f 72 75 88
f 103 73 71
f 72 74 75
f 43 116 8
f 92 88 33
f 94 89 79
f 96 90 82
f 98 91 85
f 89 108 77
f 102 92 93
f 90 109 80
f 91 110 83
f 117 113 86
f 116 43 92
f 92 108 89
f 94 109 90
f 96 110 91
f 98 113 117
f 103 70 36
f 75 102 37
f 104 103 100
f 103 74 73
f 74 103 75
f 103 104 75
f 104 102 75
f 102 104 108
f 104 118 108
f 111 94 95
f 108 111 78
f 112 96 97
f 119 98 99
f 109 112 81
f 118 104 101
f 110 119 84
f 120 121 107
f 92 102 108
f 94 111 109
f 96 112 110
f 118 111 108
f 111 118 109
f 118 112 109
f 98 119 113
f 121 120 114
f 76 77 33
f 76 79 77
f 76 80 79
f 76 82 80
f 76 83 82
f 76 85 83
f 86 85 76
f 86 76 105
f 105 76 115
f 115 76 122
f 122 76 123
f 123 76 124
f 124 76 125
f 105 115 106
f 126 127 128
f 117 86 105
f 129 115 122
f 130 123 124
f 116 76 8
f 131 125 126
f 132 127 133
f 134 135 136
f 121 105 107
f 137 133 138
f 125 76 126
f 126 76 127
f 127 76 133
f 133 76 135
f 135 76 136
f 136 76 139
f 139 76 140
f 140 76 141
f 141 76 142
f 142 76 143
f 143 76 144
f 144 76 145
f 145 76 146
f 147 76 148
f 149 148 150
f 151 150 152
f 151 152 153
f 151 153 154
f 151 154 155
f 151 155 156
f 151 156 157
f 151 157 158
f 151 158 159
f 151 159 160
f 146 76 161
f 146 162 163
f 146 163 164
f 146 165 166
f 146 164 165
f 146 166 167
f 146 167 168
f 146 169 170
f 146 161 169
f 146 170 171
f 146 171 162
f 172 76 173
f 174 76 172
f 161 76 174
f 173 76 175
f 175 76 176
f 176 76 177
f 178 76 179
f 177 76 178
f 179 76 180
f 180 76 181
f 181 76 182
f 182 76 183
f 183 76 184
f 184 76 185
f 185 76 186
f 186 76 187
f 187 76 188
f 188 76 189
f 189 76 147
f 151 160 190
f 151 190 191
f 151 191 192
f 151 192 193
f 151 193 194
f 151 194 195
f 151 195 196
f 151 196 197
f 151 197 198
f 151 198 199
f 151 199 200
f 151 200 201
f 151 201 202
f 151 202 203
f 151 203 204
f 151 204 205
f 147 148 149
f 149 150 151
f 151 206 207
f 151 205 208
f 151 208 206
f 207 206 209
f 146 168 210
f 146 210 211
f 146 211 212
f 146 212 213
f 146 213 214
f 146 214 215
f 146 215 216
f 146 217 218
f 146 216 219
f 146 219 217
f 146 218 220
f 146 220 221
f 146 221 222
f 146 222 223
f 146 223 224
f 146 224 225
f 146 225 226
f 146 226 227
f 146 227 228
f 146 228 229
f 146 229 230
f 146 230 231
f 146 231 232
f 146 232 233
f 209 206 234
f 234 206 235
f 235 206 236
f 236 206 237
f 237 206 238
f 238 206 239
f 239 206 240
f 240 206 241
f 241 206 242
f 242 206 243
f 243 206 244
f 244 206 245
f 245 206 246
f 246 206 247
f 247 206 248
f 248 206 249
f 249 206 250
f 250 206 251
f 251 206 252
f 252 206 253
f 253 206 254
f 254 206 255
f 255 206 256
f 256 206 257
f 146 233 258
f 146 258 259
f 146 259 260
f 146 260 261
f 146 261 262
f 263 206 264
f 257 206 263
f 264 206 265
f 265 206 266
f 266 206 267
f 268 139 140
f 269 141 142
f 270 143 144
f 271 145 146
f 272 148 76
f 273 150 148
f 274 152 150
f 275 153 152
f 276 154 153
f 277 155 154
f 278 156 155
f 279 157 156
f 280 158 157
f 281 159 158
f 282 160 159
f 283 190 160
f 284 191 190
f 285 192 191
f 286 193 192
f 287 194 193
f 288 195 194
f 289 196 195
f 290 197 196
f 291 198 197
f 292 199 198
f 293 200 199
f 294 201 200
f 295 202 201
f 296 203 202
f 297 204 203
f 298 205 204
f 299 208 205
f 300 206 208
f 301 164 163
f 302 174 172
f 303 161 174
f 304 169 161
f 305 170 169
f 306 172 173
f 307 175 176
f 308 173 175
f 309 176 177
f 310 177 178
f 311 178 179
f 312 171 170
f 313 162 171
f 314 163 162
f 315 165 164
f 316 166 165
f 317 167 166
f 318 168 167
f 319 210 168
f 320 211 210
f 321 212 211
f 322 213 212
f 323 214 213
f 324 215 214
f 325 216 215
f 326 219 216
f 327 217 219
f 328 218 217
f 329 179 180
f 330 180 181
f 331 181 182
f 332 182 183
f 333 183 184
f 334 184 185
f 335 185 186
f 336 186 187
f 337 187 188
f 338 188 189
f 339 189 147
f 340 147 149
f 341 149 151
f 342 151 207
f 343 207 209
f 344 209 234
f 345 234 235
f 346 235 236
f 347 236 237
f 348 237 238
f 349 238 239
f 350 239 240
f 351 240 241
f 352 241 242
f 353 242 243
f 354 243 244
f 355 220 218
f 356 221 220
f 357 222 221
f 358 223 222
f 359 224 223
f 360 225 224
f 361 226 225
f 362 227 226
f 363 228 227
f 364 229 228
f 365 230 229
f 366 231 230
f 367 232 231
f 368 233 232
f 369 258 233
f 370 259 258
f 371 244 245
f 372 245 246
f 373 246 247
f 374 247 248
f 375 248 249
f 376 249 250
f 377 250 251
f 378 251 252
f 379 252 253
f 380 253 254
f 381 254 255
f 382 255 256
f 383 256 257
f 384 257 263
f 385 263 264
f 122 123 386
f 124 125 387
f 133 135 388
f 136 139 389
f 122 386 390
f 124 387 391
f 126 128 392
f 133 388 138
f 393 122 390
f 394 124 391
f 395 126 392
f 396 136 389
f 397 386 123
f 398 387 125
f 399 128 127
f 400 388 135
f 140 141 401
f 142 143 402
f 144 145 403
f 146 262 404
f 267 206 405
f 404 262 406
f 407 406 408
f 409 408 410
f 411 410 412
f 413 412 414
f 415 414 416
f 417 416 418
f 419 418 420
f 421 420 422
f 423 422 424
f 425 424 426
f 427 426 428
f 429 428 430
f 431 430 432
f 433 432 434
f 435 434 436
f 437 436 438
f 439 438 440
f 441 440 442
f 443 444 442
f 267 445 446
f 446 447 448
f 449 450 451
f 452 453 449
f 454 455 452
f 456 457 458
f 459 460 456
f 458 461 462
f 462 463 464
f 465 466 467
f 464 468 469
f 469 470 465
f 467 471 454
f 472 473 443
f 474 475 472
f 451 476 474
f 448 477 459
f 478 140 479
f 480 142 402
f 481 144 403
f 482 146 483
f 484 260 259
f 485 261 260
f 486 262 261
f 487 406 262
f 488 408 406
f 489 410 408
f 490 412 410
f 491 414 412
f 492 416 414
f 493 418 416
f 494 420 418
f 495 422 420
f 496 424 422
f 497 426 424
f 498 428 426
f 499 430 428
f 500 432 430
f 501 434 432
f 502 436 434
f 503 438 436
f 504 440 438
f 505 442 440
f 506 443 442
f 507 264 265
f 508 266 267
f 509 265 266
f 510 267 446
f 511 446 448
f 512 456 458
f 513 458 462
f 514 462 464
f 515 464 469
f 516 448 459
f 517 459 456
f 518 454 452
f 519 449 451
f 520 452 449
f 521 469 465
f 522 465 467
f 523 467 454
f 524 451 474
f 525 474 472
f 526 472 443
f 121 117 105
f 393 129 122
f 394 130 124
f 395 131 126
f 137 132 133
f 396 134 136
f 129 114 115
f 132 399 127
f 116 92 89
f 116 89 94
f 116 94 90
f 116 90 96
f 116 96 91
f 116 91 98
f 117 116 98
f 117 121 116
f 121 129 116
f 129 393 116
f 393 130 116
f 130 394 116
f 394 131 116
f 121 114 129
f 395 399 132
f 478 268 140
f 480 269 142
f 481 270 144
f 482 271 146
f 116 272 76
f 272 273 148
f 273 274 150
f 274 275 152
f 275 276 153
f 276 277 154
f 277 278 155
f 278 279 156
f 279 280 157
f 280 281 158
f 281 282 159
f 282 283 160
f 283 284 190
f 284 285 191
f 285 286 192
f 286 287 193
f 287 288 194
f 288 289 195
f 289 290 196
f 290 291 197
f 291 292 198
f 292 293 199
f 293 294 200
f 294 295 201
f 295 296 202
f 296 297 203
f 297 298 204
f 298 299 205
f 299 300 208
f 314 301 163
f 302 303 174
f 305 312 170
f 303 304 161
f 304 305 169
f 308 306 173
f 307 308 175
f 306 302 172
f 309 307 176
f 310 309 177
f 311 310 178
f 329 311 179
f 312 313 171
f 313 314 162
f 301 315 164
f 315 316 165
f 316 317 166
f 317 318 167
f 318 319 168
f 319 320 210
f 320 321 211
f 321 322 212
f 322 323 213
f 323 324 214
f 324 325 215
f 325 326 216
f 326 327 219
f 327 328 217
f 328 355 218
f 330 329 180
f 331 330 181
f 332 331 182
f 333 332 183
f 334 333 184
f 335 334 185
f 336 335 186
f 337 336 187
f 338 337 188
f 339 338 189
f 340 339 147
f 341 340 149
f 342 341 151
f 343 342 207
f 344 343 209
f 345 344 234
f 346 345 235
f 347 346 236
f 348 347 237
f 349 348 238
f 350 349 239
f 351 350 240
f 352 351 241
f 353 352 242
f 354 353 243
f 355 356 220
f 356 357 221
f 357 358 222
f 358 359 223
f 359 360 224
f 360 361 225
f 361 362 226
f 362 363 227
f 363 364 228
f 364 365 229
f 365 366 230
f 366 367 231
f 367 368 232
f 368 369 233
f 369 370 258
f 371 354 244
f 372 371 245
f 373 372 246
f 374 373 247
f 375 374 248
f 376 375 249
f 377 376 250
f 378 377 251
f 379 378 252
f 380 379 253
f 381 380 254
f 382 381 255
f 383 382 256
f 384 383 257
f 385 384 263
f 507 385 264
f 131 395 116
f 395 132 116
f 132 137 116
f 137 134 116
f 134 396 116
f 396 268 116
f 268 478 116
f 478 269 116
f 269 480 116
f 480 270 116
f 270 481 116
f 481 271 116
f 271 482 116
f 340 272 116
f 341 273 272
f 342 274 273
f 342 275 274
f 342 276 275
f 342 277 276
f 342 278 277
f 342 279 278
f 342 280 279
f 342 281 280
f 342 282 281
f 482 303 116
f 482 314 313
f 482 301 314
f 482 316 315
f 482 315 301
f 482 317 316
f 482 318 317
f 482 305 304
f 482 304 303
f 482 312 305
f 482 313 312
f 306 308 116
f 302 306 116
f 303 302 116
f 308 307 116
f 307 309 116
f 309 310 116
f 311 329 116
f 310 311 116
f 329 330 116
f 330 331 116
f 331 332 116
f 332 333 116
f 333 334 116
f 334 335 116
f 335 336 116
f 336 337 116
f 337 338 116
f 338 339 116
f 339 340 116
f 342 283 282
f 342 284 283
f 342 285 284
f 342 286 285
f 342 287 286
f 342 288 287
f 342 289 288
f 342 290 289
f 342 291 290
f 342 292 291
f 342 293 292
f 342 294 293
f 342 295 294
f 342 296 295
f 342 297 296
f 342 298 297
f 340 341 272
f 341 342 273
f 342 343 300
f 342 299 298
f 342 300 299
f 343 344 300
f 482 319 318
f 482 320 319
f 482 321 320
f 482 322 321
f 482 323 322
f 482 324 323
f 482 325 324
f 482 328 327
f 482 326 325
f 482 327 326
f 482 355 328
f 482 356 355
f 482 357 356
f 482 358 357
f 482 359 358
f 482 360 359
f 482 361 360
f 482 362 361
f 482 363 362
f 482 364 363
f 482 365 364
f 482 366 365
f 482 367 366
f 482 368 367
f 344 345 300
f 345 346 300
f 346 347 300
f 347 348 300
f 348 349 300
f 349 350 300
f 350 351 300
f 351 352 300
f 352 353 300
f 353 354 300
f 354 371 300
f 371 372 300
f 372 373 300
f 373 374 300
f 374 375 300
f 375 376 300
f 376 377 300
f 377 378 300
f 378 379 300
f 379 380 300
f 380 381 300
f 381 382 300
f 382 383 300
f 383 384 300
f 482 369 368
f 482 370 369
f 482 484 370
f 482 485 484
f 482 486 485
f 385 507 300
f 384 385 300
f 507 509 300
f 509 508 300
f 508 510 300
f 130 397 123
f 131 398 125
f 134 400 135
f 268 527 139
f 528 393 390
f 529 394 391
f 530 395 392
f 531 137 138
f 532 396 389
f 393 397 130
f 394 398 131
f 137 400 134
f 396 532 268
f 393 528 397
f 394 529 398
f 395 530 399
f 137 531 400
f 269 533 141
f 270 534 143
f 271 535 145
f 370 484 259
f 484 485 260
f 485 486 261
f 486 487 262
f 487 488 406
f 488 489 408
f 489 490 410
f 490 491 412
f 491 492 414
f 492 493 416
f 493 494 418
f 494 495 420
f 495 496 422
f 496 497 424
f 497 498 426
f 498 499 428
f 499 500 430
f 500 501 432
f 501 502 434
f 502 503 436
f 503 504 438
f 504 505 440
f 505 506 442
f 509 507 265
f 508 509 266
f 510 508 267
f 511 510 446
f 516 511 448
f 512 517 456
f 513 512 458
f 514 513 462
f 521 515 469
f 515 514 464
f 517 516 459
f 520 518 452
f 519 520 449
f 522 521 465
f 523 522 467
f 518 523 454
f 526 525 472
f 525 524 474
f 506 526 443
f 524 519 451
f 300 536 206
f 478 533 269
f 480 537 270
f 481 538 271
f 482 539 486
f 510 540 300
f 539 487 486
f 541 488 487
f 542 489 488
f 543 490 489
f 544 491 490
f 545 492 491
f 546 493 492
f 547 494 493
f 548 495 494
f 549 496 495
f 550 497 496
f 551 498 497
f 552 499 498
f 553 500 499
f 554 501 500
f 555 502 501
f 556 503 502
f 557 504 503
f 558 505 504
f 506 505 559
f 510 511 560
f 511 516 561
f 519 524 562
f 520 519 563
f 518 520 564
f 512 513 565
f 517 512 566
f 513 514 567
f 514 515 568
f 522 523 569
f 515 521 570
f 521 522 571
f 523 518 572
f 526 506 573
f 525 526 574
f 524 525 575
f 516 517 576
f 97 84 577
f 101 97 577
f 578 84 99
f 577 84 578
f 578 99 579
f 99 87 579
f 579 87 580
f 581 87 107
f 107 106 582
f 580 87 581
f 581 107 582
f 582 106 390
f 582 390 583
f 118 101 577
f 119 99 84
f 584 577 578
f 585 578 579
f 120 107 87
f 528 390 106
f 586 579 580
f 587 580 581
f 588 581 582
f 589 582 583
f 584 118 577
f 585 584 578
f 113 120 87
f 114 528 106
f 586 585 579
f 587 586 580
f 588 587 581
f 589 588 582
f 590 589 583
f 112 584 110
f 118 584 112
f 585 119 110
f 584 585 110
f 585 586 119
f 119 586 113
f 586 587 113
f 588 120 113
f 120 589 114
f 587 588 113
f 588 589 120
f 589 528 114
f 589 590 528
f 389 139 591
f 390 386 583
f 392 128 592
f 392 593 594
f 594 595 596
f 583 386 391
f 583 391 597
f 391 387 598
f 596 599 600
f 600 599 601
f 601 602 603
f 392 592 604
f 392 604 605
f 392 605 606
f 392 606 607
f 392 607 608
f 603 609 610
f 610 609 611
f 392 608 612
f 392 612 593
f 594 593 595
f 596 595 599
f 598 387 611
f 603 602 609
f 611 609 613
f 611 613 614
f 601 599 602
f 611 614 615
f 611 615 616
f 611 616 617
f 611 617 618
f 611 618 619
f 611 619 620
f 621 622 623
f 624 625 621
f 623 622 128
f 626 627 624
f 628 627 626
f 629 630 628
f 631 632 629
f 633 634 631
f 138 635 633
f 138 388 636
f 636 388 637
f 128 638 639
f 128 639 640
f 128 640 641
f 621 625 622
f 624 627 625
f 128 622 642
f 128 642 638
f 628 630 627
f 629 632 630
f 631 634 632
f 633 635 634
f 138 643 635
f 138 644 643
f 138 645 644
f 138 646 645
f 138 647 646
f 128 641 648
f 592 128 648
f 138 649 647
f 138 650 649
f 138 651 650
f 138 636 651
f 652 637 653
f 654 653 655
f 656 655 657
f 658 657 659
f 660 659 661
f 662 661 663
f 662 663 389
f 636 637 652
f 652 653 654
f 654 655 656
f 656 657 658
f 658 659 660
f 660 661 662
f 662 389 664
f 664 389 665
f 665 389 666
f 666 389 667
f 667 389 668
f 668 389 669
f 669 389 670
f 670 389 671
f 671 389 672
f 672 389 673
f 673 389 674
f 674 389 675
f 675 389 676
f 676 389 677
f 527 591 139
f 678 623 128
f 679 621 623
f 680 624 621
f 681 626 624
f 682 628 626
f 683 629 628
f 684 631 629
f 685 633 631
f 531 138 633
f 686 637 388
f 529 391 386
f 530 392 594
f 687 594 596
f 688 596 600
f 689 600 601
f 690 601 603
f 691 611 387
f 692 610 611
f 693 603 610
f 694 608 607
f 695 612 608
f 696 593 612
f 697 595 593
f 698 599 595
f 699 602 599
f 700 609 602
f 701 653 637
f 702 655 653
f 703 657 655
f 704 659 657
f 705 661 659
f 706 663 661
f 532 389 663
f 707 642 622
f 708 638 642
f 709 625 627
f 710 627 630
f 711 622 625
f 712 641 640
f 713 648 641
f 714 592 648
f 715 639 638
f 716 640 639
f 717 630 632
f 718 632 634
f 719 634 635
f 720 635 643
f 721 643 644
f 722 644 645
f 723 645 646
f 724 646 647
f 725 647 649
f 726 649 650
f 727 604 592
f 728 605 604
f 729 606 605
f 730 607 606
f 731 650 651
f 732 651 636
f 733 636 652
f 734 652 654
f 735 654 656
f 736 656 658
f 737 658 660
f 738 660 662
f 739 662 664
f 740 664 665
f 741 665 666
f 140 401 479
f 402 143 742
f 403 145 743
f 146 404 744
f 146 744 745
f 146 745 746
f 146 746 747
f 146 747 748
f 146 748 749
f 146 749 483
f 405 206 750
f 750 206 751
f 751 206 752
f 752 206 753
f 753 206 754
f 754 206 755
f 755 206 756
f 756 206 757
f 757 206 758
f 758 206 759
f 759 206 760
f 760 206 761
f 761 206 762
f 409 410 411
f 417 418 419
f 415 416 417
f 411 412 413
f 413 414 415
f 433 434 435
f 435 436 437
f 437 438 439
f 439 440 441
f 441 442 444
f 443 473 444
f 419 420 421
f 421 422 423
f 423 424 425
f 425 426 427
f 427 428 429
f 429 430 431
f 431 432 433
f 407 408 409
f 404 406 407
f 472 475 473
f 474 476 475
f 451 450 476
f 449 453 450
f 452 455 453
f 454 471 455
f 467 466 471
f 465 470 466
f 469 468 470
f 464 463 468
f 462 461 463
f 458 457 461
f 456 460 457
f 459 477 460
f 448 447 477
f 446 445 447
f 267 405 445
f 762 206 763
f 533 401 141
f 534 742 143
f 535 743 145
f 536 763 206
f 556 437 439
f 554 433 435
f 555 435 437
f 557 439 441
f 558 441 444
f 559 444 473
f 553 431 433
f 552 429 431
f 551 427 429
f 549 423 425
f 548 421 423
f 550 425 427
f 546 417 419
f 545 415 417
f 544 413 415
f 543 411 413
f 542 409 411
f 547 419 421
f 541 407 409
f 539 404 407
f 764 746 745
f 765 744 404
f 766 745 744
f 573 473 475
f 574 475 476
f 575 476 450
f 562 450 453
f 563 453 455
f 564 455 471
f 572 471 466
f 569 466 470
f 571 470 468
f 570 468 463
f 568 463 461
f 567 461 457
f 565 457 460
f 566 460 477
f 576 477 447
f 561 447 445
f 560 445 405
f 540 405 750
f 767 750 751
f 768 751 752
f 391 769 597
f 391 770 769
f 391 598 770
f 611 620 771
f 611 771 772
f 611 772 773
f 611 773 774
f 611 774 775
f 611 775 776
f 611 776 777
f 598 611 778
f 778 611 779
f 779 611 780
f 780 611 781
f 781 611 782
f 611 777 783
f 782 611 784
f 784 611 785
f 785 611 783
f 783 777 786
f 783 786 787
f 783 787 788
f 783 788 789
f 783 789 790
f 783 790 791
f 783 791 792
f 793 792 794
f 795 794 796
f 797 796 798
f 799 798 800
f 677 389 801
f 801 389 802
f 802 389 803
f 803 389 804
f 804 389 805
f 389 591 806
f 804 805 807
f 807 805 808
f 808 805 809
f 809 805 810
f 810 805 811
f 811 805 812
f 813 805 814
f 814 815 816
f 812 805 817
f 817 805 818
f 818 805 813
f 819 591 479
f 389 806 805
f 806 591 820
f 820 591 819
f 783 792 821
f 821 792 793
f 793 794 795
f 795 796 797
f 822 800 823
f 824 823 825
f 826 825 827
f 828 827 829
f 797 798 799
f 799 800 830
f 830 800 822
f 831 829 832
f 833 832 834
f 835 834 836
f 837 836 838
f 822 823 824
f 824 825 826
f 826 827 839
f 839 827 828
f 828 829 831
f 831 832 833
f 833 834 835
f 835 836 840
f 840 836 837
f 837 838 841
f 841 842 843
f 843 842 844
f 844 845 846
f 841 838 842
f 816 847 848
f 848 849 850
f 850 851 852
f 852 853 854
f 854 855 856
f 856 857 858
f 858 859 860
f 860 861 862
f 862 863 864
f 814 805 815
f 816 865 847
f 816 815 865
f 844 842 845
f 846 845 866
f 867 866 868
f 869 868 870
f 871 870 872
f 873 872 874
f 875 874 876
f 877 876 878
f 864 879 880
f 881 882 883
f 884 885 881
f 880 886 884
f 887 888 878
f 889 890 887
f 891 892 889
f 883 893 891
f 848 847 849
f 850 849 894
f 850 894 851
f 852 851 853
f 854 853 855
f 856 855 857
f 858 857 895
f 858 895 859
f 479 896 819
f 846 866 867
f 867 868 897
f 884 898 885
f 897 868 869
f 869 870 871
f 871 872 873
f 873 874 875
f 875 876 899
f 899 876 877
f 877 878 900
f 878 888 900
f 887 890 888
f 889 892 890
f 883 882 893
f 891 893 892
f 881 885 882
f 862 861 901
f 862 901 863
f 860 859 861
f 880 879 886
f 864 863 879
f 884 886 898
f 590 583 597
f 902 597 769
f 903 613 609
f 904 614 613
f 905 616 615
f 906 615 614
f 907 617 616
f 908 618 617
f 909 619 618
f 910 620 619
f 911 771 620
f 912 772 771
f 913 773 772
f 914 774 773
f 915 775 774
f 916 776 775
f 917 777 776
f 918 786 777
f 919 769 770
f 920 770 598
f 921 598 778
f 922 787 786
f 923 788 787
f 924 789 788
f 925 790 789
f 926 791 790
f 927 792 791
f 928 794 792
f 929 796 794
f 930 798 796
f 931 778 779
f 932 779 780
f 933 780 781
f 934 781 782
f 935 782 784
f 936 800 798
f 937 823 800
f 938 825 823
f 939 827 825
f 940 666 667
f 941 667 668
f 942 668 669
f 943 669 670
f 944 670 671
f 945 671 672
f 946 672 673
f 947 673 674
f 948 674 675
f 949 675 676
f 950 676 677
f 951 677 801
f 952 801 802
f 953 802 803
f 954 803 804
f 955 804 807
f 956 479 591
f 957 807 808
f 958 808 809
f 959 809 810
f 960 810 811
f 961 812 817
f 962 817 818
f 963 811 812
f 964 818 813
f 965 813 814
f 966 829 827
f 967 832 829
f 968 834 832
f 969 836 834
f 970 838 836
f 971 842 838
f 972 845 842
f 973 866 845
f 974 868 866
f 975 870 868
f 976 872 870
f 977 874 872
f 978 876 874
f 979 854 856
f 980 856 858
f 981 858 860
f 982 860 862
f 983 878 876
f 984 887 878
f 985 889 887
f 986 891 889
f 987 884 881
f 988 881 883
f 989 883 891
f 990 862 864
f 991 880 884
f 992 864 880
f 993 814 816
f 994 816 848
f 995 848 850
f 996 850 852
f 997 852 854
f 998 784 785
f 999 785 783
f 1000 783 821
f 1001 821 793
f 1002 793 795
f 1003 795 797
f 1004 797 799
f 1005 799 830
f 1006 830 822
f 1007 822 824
f 1008 824 826
f 1009 826 839
f 1010 839 828
f 1011 828 831
f 1012 831 833
f 1013 833 835
f 1014 835 840
f 1015 840 837
f 1016 837 841
f 1017 841 843
f 1018 843 844
f 1019 844 846
f 1020 846 867
f 1021 867 897
f 1022 806 820
f 1023 805 806
f 1024 820 819
f 1025 815 805
f 1026 865 815
f 1027 847 865
f 1028 819 896
f 1029 849 847
f 1030 894 849
f 1031 851 894
f 1032 855 853
f 1033 853 851
f 1034 857 855
f 1035 895 857
f 1036 897 869
f 1037 869 871
f 1038 871 873
f 1039 873 875
f 1040 875 899
f 1041 899 877
f 1042 877 900
f 1043 900 888
f 1044 888 890
f 1045 890 892
f 1046 882 885
f 1047 893 882
f 1048 892 893
f 1049 861 859
f 1050 901 861
f 1051 863 901
f 1052 859 895
f 1053 885 898
f 1054 886 879
f 1055 898 886
f 1056 879 863
f 479 401 896
f 896 401 402
f 402 742 896
f 1057 742 403
f 403 743 1057
f 483 749 1058
f 483 1058 1059
f 483 1059 1060
f 483 1060 1061
f 483 1061 1062
f 483 1062 1063
f 483 1063 1064
f 483 1064 1065
f 483 1065 1066
f 483 1066 1067
f 483 1067 1068
f 483 1068 1069
f 483 1069 1070
f 483 1070 1071
f 483 1071 1072
f 483 1072 1073
f 483 1073 1074
f 483 1074 1075
f 483 1075 1076
f 483 1076 1077
f 483 1077 1078
f 483 1078 1079
f 762 763 1080
f 1080 763 1081
f 1081 763 1082
f 1082 763 1083
f 1083 763 1084
f 1084 763 1085
f 1085 763 1086
f 1086 763 1087
f 1087 763 1088
f 1088 763 1089
f 1089 763 1090
f 1090 763 1091
f 1091 763 1092
f 1092 763 1093
f 896 742 1057
f 1094 743 483
f 1057 743 1094
f 483 1079 1095
f 1095 1079 1096
f 1095 1096 1097
f 1095 1097 1098
f 1095 1098 1099
f 1095 1099 1100
f 1095 1100 1101
f 1095 1101 1102
f 1103 1102 1104
f 483 1095 1094
f 1103 1104 1105
f 1103 1105 1106
f 1103 1106 1107
f 1108 1107 1109
f 1110 1109 1111
f 1112 1111 1113
f 1114 1113 1115
f 1116 1115 1117
f 1118 1117 1119
f 1120 1119 1121
f 1093 1122 1123
f 1123 1124 1125
f 1125 1126 1127
f 1127 1128 1129
f 1129 1130 1131
f 1131 1132 1133
f 1133 1134 1135
f 1093 763 1136
f 1093 1136 1137
f 1093 1137 1138
f 1093 1138 1139
f 1093 1139 1140
f 1093 1140 1141
f 1142 1143 1144
f 1145 1146 1147
f 1148 1149 1150
f 1150 1149 1145
f 1151 1146 1142
f 1147 1146 1151
f 1152 1153 1121
f 1154 1155 1152
f 1156 1157 1154
f 1144 1158 1156
f 1135 1149 1148
f 1093 1159 1160
f 1093 1160 1161
f 1093 1161 1162
f 1093 1162 1163
f 1093 1163 1164
f 1093 1164 1165
f 1093 1165 1166
f 1093 1141 1159
f 1093 1167 1168
f 1093 1168 1122
f 1093 1166 1167
f 1123 1122 1169
f 1123 1170 1124
f 1125 1124 1171
f 1123 1169 1170
f 1095 1102 1103
f 1103 1107 1108
f 1108 1109 1110
f 1110 1111 1172
f 1172 1111 1112
f 1112 1113 1114
f 1114 1115 1116
f 1116 1117 1118
f 1118 1119 1173
f 1173 1119 1120
f 1121 1153 1120
f 1142 1146 1143
f 1129 1174 1130
f 1129 1128 1174
f 1145 1149 1146
f 1135 1134 1149
f 1131 1130 1132
f 1133 1132 1134
f 1154 1157 1175
f 1156 1158 1157
f 1152 1155 1153
f 1154 1175 1155
f 1144 1143 1158
f 1125 1171 1126
f 1127 1126 1128
f 537 402 401
f 538 403 742
f 1176 483 743
f 1177 747 746
f 1178 748 747
f 1179 749 748
f 1180 1058 749
f 1181 1059 1058
f 1182 1060 1059
f 1183 1061 1060
f 1184 1062 1061
f 1185 1063 1062
f 1186 1064 1063
f 1187 1065 1064
f 1188 1066 1065
f 1189 1067 1066
f 1190 1068 1067
f 1191 1069 1068
f 1192 752 753
f 1193 753 754
f 1194 754 755
f 1195 755 756
f 1196 756 757
f 1197 757 758
f 1198 758 759
f 1199 759 760
f 1200 760 761
f 1201 761 762
f 1202 762 1080
f 1203 1080 1081
f 1204 1081 1082
f 1205 1082 1083
f 1206 1084 1085
f 1207 1083 1084
f 1208 1070 1069
f 1209 1071 1070
f 1210 1072 1071
f 1211 1073 1072
f 1212 1074 1073
f 1213 1075 1074
f 1214 1076 1075
f 1215 1077 1076
f 1216 1078 1077
f 1217 1079 1078
f 1218 1096 1079
f 1219 1097 1096
f 1220 1098 1097
f 1221 1099 1098
f 1222 1100 1099
f 1223 1101 1100
f 1224 1102 1101
f 1225 1104 1102
f 1226 1105 1104
f 1227 1106 1105
f 1228 1107 1106
f 1229 1109 1107
f 1230 1111 1109
f 1231 1113 1111
f 1232 1115 1113
f 1233 1117 1115
f 1234 1119 1117
f 1235 1121 1119
f 1236 1152 1121
f 1237 1085 1086
f 1238 1086 1087
f 1239 1087 1088
f 1240 1088 1089
f 1241 1089 1090
f 1242 1090 1091
f 1243 1091 1092
f 1244 1092 1093
f 1245 1129 1131
f 1246 1131 1133
f 1247 1093 1123
f 1248 1123 1125
f 1249 1125 1127
f 1250 1127 1129
f 1251 1133 1135
f 1252 1135 1148
f 1253 1148 1150
f 1254 1150 1145
f 1255 1147 1151
f 1256 1154 1152
f 1257 1156 1154
f 1258 1144 1156
f 1259 1142 1144
f 1260 1151 1142
f 1261 1145 1147
f 1262 896 1057
f 1263 1057 1094
f 1264 1094 1095
f 1265 1136 763
f 1266 1137 1136
f 1267 1138 1137
f 1268 1139 1138
f 1269 1140 1139
f 1270 1141 1140
f 1271 1095 1103
f 1272 1103 1108
f 1273 1108 1110
f 1274 1110 1172
f 1275 1172 1112
f 1276 1112 1114
f 1277 1114 1116
f 1278 1116 1118
f 1279 1118 1173
f 1280 1173 1120
f 1281 1120 1153
f 1282 1159 1141
f 1283 1160 1159
f 1284 1161 1160
f 1285 1162 1161
f 1286 1163 1162
f 1287 1164 1163
f 1288 1165 1164
f 1289 1166 1165
f 1290 1168 1167
f 1291 1122 1168
f 1292 1167 1166
f 1293 1153 1155
f 1294 1155 1175
f 1295 1175 1157
f 1296 1143 1146
f 1297 1158 1143
f 1298 1157 1158
f 1299 1146 1149
f 1300 1149 1134
f 1301 1134 1132
f 1302 1171 1124
f 1303 1126 1171
f 1304 1169 1122
f 1305 1170 1169
f 1306 1124 1170
f 1307 1174 1128
f 1308 1130 1174
f 1309 1132 1130
f 1310 1128 1126
f 956 478 479
f 678 679 623
f 679 680 621
f 680 681 624
f 681 682 626
f 399 678 128
f 682 683 628
f 683 684 629
f 684 685 631
f 685 531 633
f 400 686 388
f 686 701 637
f 397 529 386
f 687 530 594
f 688 687 596
f 689 688 600
f 690 689 601
f 398 691 387
f 693 690 603
f 692 693 610
f 691 692 611
f 730 694 607
f 694 695 608
f 695 696 612
f 696 697 593
f 697 698 595
f 698 699 599
f 699 700 602
f 701 702 653
f 702 703 655
f 703 704 657
f 704 705 659
f 705 706 661
f 706 532 663
f 707 708 642
f 709 711 625
f 710 709 627
f 711 707 622
f 716 712 640
f 712 713 641
f 713 714 648
f 708 715 638
f 715 716 639
f 717 710 630
f 718 717 632
f 719 718 634
f 720 719 635
f 721 720 643
f 722 721 644
f 723 722 645
f 724 723 646
f 725 724 647
f 726 725 649
f 731 726 650
f 714 727 592
f 727 728 604
f 728 729 605
f 729 730 606
f 732 731 651
f 733 732 636
f 734 733 652
f 735 734 654
f 736 735 656
f 737 736 658
f 738 737 660
f 739 738 662
f 740 739 664
f 741 740 665
f 940 741 666
f 532 527 268
f 528 590 397
f 530 714 399
f 530 687 696
f 687 688 697
f 590 529 397
f 590 902 529
f 529 921 398
f 688 689 698
f 689 690 698
f 690 693 699
f 530 727 714
f 530 728 727
f 530 729 728
f 530 730 729
f 530 694 730
f 693 692 700
f 692 691 700
f 530 695 694
f 530 696 695
f 687 697 696
f 688 698 697
f 921 691 398
f 693 700 699
f 691 903 700
f 691 904 903
f 690 699 698
f 691 906 904
f 691 905 906
f 691 907 905
f 691 908 907
f 691 909 908
f 691 910 909
f 679 678 711
f 680 679 709
f 678 399 711
f 681 680 710
f 682 681 710
f 683 682 717
f 684 683 718
f 685 684 719
f 531 685 720
f 531 733 400
f 733 686 400
f 399 715 708
f 399 716 715
f 399 712 716
f 679 711 709
f 680 709 710
f 399 707 711
f 399 708 707
f 682 710 717
f 683 717 718
f 684 718 719
f 685 719 720
f 531 720 721
f 531 721 722
f 531 722 723
f 531 723 724
f 531 724 725
f 399 713 712
f 714 713 399
f 531 725 726
f 531 726 731
f 531 731 732
f 531 732 733
f 734 701 686
f 735 702 701
f 736 703 702
f 737 704 703
f 738 705 704
f 739 706 705
f 739 532 706
f 733 734 686
f 734 735 701
f 735 736 702
f 736 737 703
f 737 738 704
f 738 739 705
f 739 740 532
f 740 741 532
f 741 940 532
f 940 941 532
f 941 942 532
f 942 943 532
f 943 944 532
f 944 945 532
f 945 946 532
f 946 947 532
f 947 948 532
f 948 949 532
f 949 950 532
f 950 951 532
f 537 480 402
f 538 481 403
f 1176 482 483
f 555 554 435
f 554 553 433
f 556 555 437
f 557 556 439
f 558 557 441
f 559 558 444
f 573 559 473
f 553 552 431
f 552 551 429
f 551 550 427
f 550 549 425
f 549 548 423
f 547 546 419
f 546 545 417
f 545 544 415
f 544 543 413
f 543 542 411
f 548 547 421
f 542 541 409
f 541 539 407
f 539 765 404
f 766 764 745
f 765 766 744
f 574 573 475
f 575 574 476
f 562 575 450
f 563 562 453
f 564 563 455
f 572 564 471
f 569 572 466
f 571 569 470
f 570 571 468
f 568 570 463
f 567 568 461
f 565 567 457
f 566 565 460
f 576 566 477
f 561 576 447
f 560 561 445
f 540 560 405
f 767 540 750
f 768 767 751
f 1192 768 752
f 478 956 533
f 537 534 270
f 538 535 271
f 482 765 539
f 482 766 765
f 482 764 766
f 482 1177 764
f 482 1178 1177
f 482 1179 1178
f 482 1176 1179
f 540 767 300
f 767 768 300
f 768 1192 300
f 1192 1193 300
f 1193 1194 300
f 1194 1195 300
f 1195 1196 300
f 1196 1197 300
f 1197 1198 300
f 1198 1199 300
f 1199 1200 300
f 1200 1201 300
f 1201 1202 300
f 542 543 489
f 546 547 493
f 545 546 492
f 543 544 490
f 544 545 491
f 554 555 501
f 555 556 502
f 556 557 503
f 557 558 504
f 558 559 505
f 506 559 573
f 547 548 494
f 548 549 495
f 549 550 496
f 550 551 497
f 551 552 498
f 552 553 499
f 553 554 500
f 541 542 488
f 539 541 487
f 526 573 574
f 525 574 575
f 524 575 562
f 519 562 563
f 520 563 564
f 518 564 572
f 523 572 569
f 522 569 571
f 521 571 570
f 515 570 568
f 514 568 567
f 513 567 565
f 512 565 566
f 517 566 576
f 516 576 561
f 511 561 560
f 510 560 540
f 1202 536 300
f 902 590 597
f 919 902 769
f 700 903 609
f 903 904 613
f 904 906 614
f 905 907 616
f 906 905 615
f 907 908 617
f 908 909 618
f 909 910 619
f 910 911 620
f 911 912 771
f 912 913 772
f 913 914 773
f 914 915 774
f 915 916 775
f 916 917 776
f 917 918 777
f 920 919 770
f 921 920 598
f 931 921 778
f 918 922 786
f 922 923 787
f 923 924 788
f 924 925 789
f 925 926 790
f 926 927 791
f 927 928 792
f 928 929 794
f 929 930 796
f 932 931 779
f 933 932 780
f 934 933 781
f 935 934 782
f 930 936 798
f 936 937 800
f 937 938 823
f 938 939 825
f 941 940 667
f 942 941 668
f 943 942 669
f 944 943 670
f 945 944 671
f 946 945 672
f 947 946 673
f 948 947 674
f 949 948 675
f 950 949 676
f 951 950 677
f 952 951 801
f 953 952 802
f 954 953 803
f 955 954 804
f 957 955 807
f 527 956 591
f 958 957 808
f 959 958 809
f 960 959 810
f 963 960 811
f 961 963 812
f 962 961 817
f 964 962 818
f 965 964 813
f 993 965 814
f 939 966 827
f 966 967 829
f 967 968 832
f 968 969 834
f 969 970 836
f 970 971 838
f 971 972 842
f 972 973 845
f 973 974 866
f 974 975 868
f 975 976 870
f 976 977 872
f 977 978 874
f 978 983 876
f 980 979 856
f 981 980 858
f 982 981 860
f 990 982 862
f 983 984 878
f 984 985 887
f 985 986 889
f 988 987 881
f 986 989 891
f 989 988 883
f 992 990 864
f 991 992 880
f 987 991 884
f 994 993 816
f 995 994 848
f 996 995 850
f 997 996 852
f 979 997 854
f 998 935 784
f 999 998 785
f 1000 999 783
f 1001 1000 821
f 1002 1001 793
f 1003 1002 795
f 1004 1003 797
f 1005 1004 799
f 1006 1005 830
f 1007 1006 822
f 1008 1007 824
f 1009 1008 826
f 1010 1009 839
f 1011 1010 828
f 1012 1011 831
f 1013 1012 833
f 1014 1013 835
f 1015 1014 840
f 1016 1015 837
f 1017 1016 841
f 1018 1017 843
f 1019 1018 844
f 1020 1019 846
f 1021 1020 867
f 1027 1029 847
f 1024 1022 820
f 1022 1023 806
f 1028 1024 819
f 1023 1025 805
f 1025 1026 815
f 1026 1027 865
f 1262 1028 896
f 1029 1030 849
f 1030 1031 894
f 1031 1033 851
f 1033 1032 853
f 1032 1034 855
f 1034 1035 857
f 1036 1021 897
f 1037 1036 869
f 1038 1037 871
f 1039 1038 873
f 1040 1039 875
f 1041 1040 899
f 1042 1041 877
f 1043 1042 900
f 1044 1043 888
f 1045 1044 890
f 1046 1047 882
f 1048 1045 892
f 1047 1048 893
f 1052 1049 859
f 1049 1050 861
f 1051 1056 863
f 1050 1051 901
f 1035 1052 895
f 1056 1054 879
f 1055 1053 898
f 1054 1055 886
f 1053 1046 885
f 529 902 919
f 529 919 920
f 529 920 921
f 691 911 910
f 691 912 911
f 691 913 912
f 691 914 913
f 691 915 914
f 691 916 915
f 691 917 916
f 921 931 691
f 931 932 691
f 932 933 691
f 933 934 691
f 934 935 691
f 691 1000 917
f 935 998 691
f 998 999 691
f 999 1000 691
f 1000 918 917
f 1000 922 918
f 1000 923 922
f 1000 924 923
f 1000 925 924
f 1000 926 925
f 1000 927 926
f 1002 928 927
f 1003 929 928
f 1004 930 929
f 1005 936 930
f 951 952 532
f 952 953 532
f 953 954 532
f 954 955 532
f 955 1023 532
f 532 1022 527
f 955 957 1023
f 957 958 1023
f 958 959 1023
f 959 960 1023
f 960 963 1023
f 963 961 1023
f 965 993 1023
f 993 994 1025
f 961 962 1023
f 962 964 1023
f 964 965 1023
f 1028 956 527
f 532 1023 1022
f 1022 1024 527
f 1024 1028 527
f 1000 1001 927
f 1001 1002 927
f 1002 1003 928
f 1003 1004 929
f 1007 937 936
f 1008 938 937
f 1009 939 938
f 1011 966 939
f 1004 1005 930
f 1005 1006 936
f 1006 1007 936
f 1012 967 966
f 1013 968 967
f 1014 969 968
f 1016 970 969
f 1007 1008 937
f 1008 1009 938
f 1009 1010 939
f 1010 1011 939
f 1011 1012 966
f 1012 1013 967
f 1013 1014 968
f 1014 1015 969
f 1015 1016 969
f 1016 1017 970
f 1017 1018 971
f 1018 1019 971
f 1019 1020 972
f 1017 971 970
f 994 995 1027
f 995 996 1029
f 996 997 1031
f 997 979 1033
f 979 980 1032
f 980 981 1034
f 981 982 1052
f 982 990 1049
f 990 992 1051
f 993 1025 1023
f 994 1027 1026
f 994 1026 1025
f 1019 972 971
f 1020 973 972
f 1021 974 973
f 1037 975 974
f 1038 976 975
f 1039 977 976
f 1040 978 977
f 1042 983 978
f 992 991 1056
f 988 989 1046
f 987 988 1053
f 991 987 1054
f 984 983 1044
f 985 984 1045
f 986 985 1048
f 989 986 1047
f 995 1029 1027
f 996 1030 1029
f 996 1031 1030
f 997 1033 1031
f 979 1032 1033
f 980 1034 1032
f 981 1035 1034
f 981 1052 1035
f 956 1028 1262
f 1020 1021 973
f 1021 1036 974
f 987 1053 1055
f 1036 1037 974
f 1037 1038 975
f 1038 1039 976
f 1039 1040 977
f 1040 1041 978
f 1041 1042 978
f 1042 1043 983
f 983 1043 1044
f 984 1044 1045
f 985 1045 1048
f 989 1047 1046
f 986 1048 1047
f 988 1046 1053
f 990 1050 1049
f 990 1051 1050
f 982 1049 1052
f 991 1054 1056
f 992 1056 1051
f 987 1055 1054
f 533 537 401
f 534 538 742
f 535 1176 743
f 764 1177 746
f 1177 1178 747
f 1178 1179 748
f 1179 1180 749
f 1180 1181 1058
f 1181 1182 1059
f 1182 1183 1060
f 1183 1184 1061
f 1184 1185 1062
f 1185 1186 1063
f 1186 1187 1064
f 1187 1188 1065
f 1188 1189 1066
f 1189 1190 1067
f 1190 1191 1068
f 1191 1208 1069
f 1193 1192 753
f 1194 1193 754
f 1195 1194 755
f 1196 1195 756
f 1197 1196 757
f 1198 1197 758
f 1199 1198 759
f 1200 1199 760
f 1201 1200 761
f 1202 1201 762
f 1203 1202 1080
f 1204 1203 1081
f 1205 1204 1082
f 1207 1205 1083
f 1206 1207 1084
f 1208 1209 1070
f 1209 1210 1071
f 1210 1211 1072
f 1211 1212 1073
f 1212 1213 1074
f 1213 1214 1075
f 1214 1215 1076
f 1215 1216 1077
f 1216 1217 1078
f 1217 1218 1079
f 1218 1219 1096
f 1219 1220 1097
f 1220 1221 1098
f 1221 1222 1099
f 1222 1223 1100
f 1223 1224 1101
f 1224 1225 1102
f 1225 1226 1104
f 1226 1227 1105
f 1227 1228 1106
f 1228 1229 1107
f 1229 1230 1109
f 1230 1231 1111
f 1231 1232 1113
f 1232 1233 1115
f 1233 1234 1117
f 1234 1235 1119
f 1235 1236 1121
f 1237 1206 1085
f 1238 1237 1086
f 1239 1238 1087
f 1240 1239 1088
f 1241 1240 1089
f 1242 1241 1090
f 1243 1242 1091
f 1244 1243 1092
f 1247 1244 1093
f 1245 1250 1129
f 1246 1245 1131
f 1251 1246 1133
f 1248 1247 1123
f 1249 1248 1125
f 1250 1249 1127
f 1252 1251 1135
f 1253 1252 1148
f 1254 1253 1150
f 1260 1255 1151
f 1236 1256 1152
f 1257 1258 1156
f 1256 1257 1154
f 1259 1260 1142
f 1258 1259 1144
f 1261 1254 1145
f 1255 1261 1147
f 1263 1262 1057
f 1264 1263 1094
f 536 1265 763
f 1265 1266 1136
f 1266 1267 1137
f 1267 1268 1138
f 1268 1269 1139
f 1269 1270 1140
f 1271 1264 1095
f 1272 1271 1103
f 1273 1272 1108
f 1274 1273 1110
f 1275 1274 1172
f 1276 1275 1112
f 1277 1276 1114
f 1278 1277 1116
f 1279 1278 1118
f 1280 1279 1173
f 1281 1280 1120
f 1270 1282 1141
f 1282 1283 1159
f 1283 1284 1160
f 1284 1285 1161
f 1286 1287 1163
f 1285 1286 1162
f 1287 1288 1164
f 1288 1289 1165
f 1292 1290 1167
f 1290 1291 1168
f 1291 1304 1122
f 1289 1292 1166
f 1293 1281 1153
f 1294 1293 1155
f 1298 1295 1157
f 1295 1294 1175
f 1299 1296 1146
f 1296 1297 1143
f 1297 1298 1158
f 1300 1299 1149
f 1301 1300 1134
f 1309 1301 1132
f 1306 1302 1124
f 1302 1303 1171
f 1304 1305 1169
f 1305 1306 1170
f 1310 1307 1128
f 1308 1309 1130
f 1307 1308 1174
f 1303 1310 1126
f 956 1262 533
f 1262 537 533
f 537 1262 534
f 1263 538 534
f 538 1263 535
f 1176 1180 1179
f 1176 1181 1180
f 1176 1182 1181
f 1176 1183 1182
f 1176 1184 1183
f 1176 1185 1184
f 1176 1186 1185
f 1176 1187 1186
f 1176 1188 1187
f 1176 1189 1188
f 1176 1190 1189
f 1176 1191 1190
f 1176 1208 1191
f 1176 1209 1208
f 1176 1210 1209
f 1176 1211 1210
f 1176 1212 1211
f 1176 1213 1212
f 1176 1214 1213
f 1176 1215 1214
f 1176 1216 1215
f 1176 1217 1216
f 1202 1203 536
f 1203 1204 536
f 1204 1205 536
f 1205 1207 536
f 1207 1206 536
f 1206 1237 536
f 1237 1238 536
f 1238 1239 536
f 1239 1240 536
f 1240 1241 536
f 1241 1242 536
f 1242 1243 536
f 1243 1244 536
f 1244 1247 536
f 1262 1263 534
f 1264 1176 535
f 1263 1264 535
f 1176 1271 1217
f 1271 1218 1217
f 1271 1219 1218
f 1271 1220 1219
f 1271 1221 1220
f 1271 1222 1221
f 1271 1223 1222
f 1271 1224 1223
f 1272 1225 1224
f 1176 1264 1271
f 1272 1226 1225
f 1272 1227 1226
f 1272 1228 1227
f 1273 1229 1228
f 1274 1230 1229
f 1276 1231 1230
f 1277 1232 1231
f 1278 1233 1232
f 1279 1234 1233
f 1281 1235 1234
f 1247 1248 1291
f 1248 1249 1306
f 1249 1250 1303
f 1250 1245 1310
f 1245 1246 1308
f 1246 1251 1309
f 1251 1252 1301
f 1247 1265 536
f 1247 1266 1265
f 1247 1267 1266
f 1247 1268 1267
f 1247 1269 1268
f 1247 1270 1269
f 1259 1258 1296
f 1261 1255 1299
f 1253 1254 1300
f 1254 1261 1300
f 1260 1259 1299
f 1255 1260 1299
f 1236 1235 1293
f 1256 1236 1294
f 1257 1256 1298
f 1258 1257 1297
f 1252 1253 1300
f 1247 1283 1282
f 1247 1284 1283
f 1247 1285 1284
f 1247 1286 1285
f 1247 1287 1286
f 1247 1288 1287
f 1247 1289 1288
f 1247 1282 1270
f 1247 1290 1292
f 1247 1291 1290
f 1247 1292 1289
f 1248 1304 1291
f 1248 1306 1305
f 1249 1302 1306
f 1248 1305 1304
f 1271 1272 1224
f 1272 1273 1228
f 1273 1274 1229
f 1274 1275 1230
f 1275 1276 1230
f 1276 1277 1231
f 1277 1278 1232
f 1278 1279 1233
f 1279 1280 1234
f 1280 1281 1234
f 1235 1281 1293
f 1259 1296 1299
f 1245 1308 1307
f 1245 1307 1310
f 1261 1299 1300
f 1252 1300 1301
f 1246 1309 1308
f 1251 1301 1309
f 1256 1295 1298
f 1257 1298 1297
f 1236 1293 1294
f 1256 1294 1295
f 1258 1297 1296
f 1249 1303 1302
f 1250 1310 1303