v -7.80410766602e-05 -0.0777147674561 0.019260017395
v -0.00179999923706 -0.0731002044678 0.019260017395
v -0.000120422363281 -0.0777794265747 0.019260017395
v -0.000153144836426 -0.0778192672729 0.019260017395
v -0.000208339691162 -0.0778733978271 0.019260017395
v -4.98199462891e-06 -0.0774960098267 0.019260017395
v -1.98402404785e-05 -0.0775718765259 0.019260017395
v 0 -0.0774188613892 0.019260017395
v -4.43267822266e-05 -0.0776452026367 0.019260017395
v -0.000270030975342 -0.0779199829102 0.019260017395
v -0.000314270019531 -0.0779464645386 0.019260017395
v -0.000360618591309 -0.0779690475464 0.019260017395
v -0.000433349609375 -0.0779952545166 0.019260017395
v -0.000483448028564 -0.0780074310303 0.019260017395
v -0.000560089111328 -0.0780175323486 0.019260017395
v -0.000611633300781 -0.0780187530518 0.019260017395
v -0.000663089752197 -0.0780155410767 0.019260017395
v -0.000714084625244 -0.0780079193115 0.019260017395
v -0.000764232635498 -0.0779959487915 0.019260017395
v -0.000813167572021 -0.0779797210693 0.019260017395
v -0.000883514404297 -0.0779476547241 0.019260017395
v -0.000927864074707 -0.0779213562012 0.019260017395
v -0.000969791412354 -0.0778913650513 0.019260017395
v -0.00102747344971 -0.0778398895264 0.019260017395
v -0.00106204223633 -0.0778016357422 0.019260017395
v -0.0010931968689 -0.077760559082 0.019260017395
v -0.00179999923706 -0.0670918273926 0.0192600154877
v -0.00179999923706 -0.0648269500732 0.0192600154877
v -0.00429774856567 -0.0724418487549 0.019260017395
v -0.0027364616394 -0.0715453033447 0.019260017395
v -0.00179999923706 -0.0594852600098 0.0192600154877
v -0.00179999923706 -0.0574329109192 0.0192600154877
v -0.00179999923706 -0.0531650810242 0.0192600154877
v -0.00425844192505 -0.0687621994019 0.0192600154877
v -0.00359799575806 -0.0699698944092 0.0192600154877
v -0.00726473236084 -0.0670163879395 0.0192600154877
v -0.00650527191162 -0.0639613761902 0.0192600154877
v -0.00489464569092 -0.0675988311768 0.0192600154877
v -0.00595163726807 -0.0652455673218 0.0192600154877
v -7.80410766602e-05 -0.0777147674561 0.0347400131226
v -1.98402404785e-05 -0.0775718765259 0.0347400131226
v -4.98199462891e-06 -0.0774960098267 0.0347400131226
v 0 -0.0774188613892 0.0347400131226
v -4.43267822266e-05 -0.0776452026367 0.0347400131226
v -0.000120422363281 -0.0777794265747 0.0347400131226
v -0.000153144836426 -0.0778192672729 0.0347400131226
v -0.000208339691162 -0.0778733978271 0.0347400131226
v -0.000270030975342 -0.0779199829102 0.0347400131226
v -0.000314270019531 -0.0779464645386 0.0347400131226
v -0.000360618591309 -0.0779690475464 0.0347400131226
v -0.000433349609375 -0.0779952545166 0.0347400131226
v -0.000483448028564 -0.0780074310303 0.0347400131226
v -0.000560089111328 -0.0780175323486 0.0347400131226
v -0.000611633300781 -0.0780187530518 0.0347400131226
v -0.000663089752197 -0.0780155410767 0.0347400131226
v -0.000714084625244 -0.0780079193115 0.0347400131226
v -0.000764232635498 -0.0779959487915 0.0347400131226
v -0.000813167572021 -0.0779797210693 0.0347400131226
v -0.000883514404297 -0.0779476547241 0.0347400131226
v -0.000927864074707 -0.0779213562012 0.0347400131226
v -0.000969791412354 -0.0778913650513 0.0347400131226
v -0.00102747344971 -0.0778398895264 0.0347400131226
v -0.00106204223633 -0.0778016357422 0.0347400131226
v -0.0010931968689 -0.077760559082 0.0347400131226
v -0.00179999923706 -0.0731002044678 0.0347400131226
v -0.0027364616394 -0.0715453033447 0.0347400131226
v -0.00179999923706 -0.0670918273926 0.0347400131226
v -0.00179999923706 -0.0648269500732 0.0347400131226
v -0.00359799575806 -0.0699698944092 0.0347400131226
v -0.00429774856567 -0.0724418487549 0.0347400131226
v -0.00425844192505 -0.0687621994019 0.0347400131226
v -0.00179999923706 -0.0594852600098 0.0347400131226
v -0.00489464569092 -0.0675988311768 0.0347400131226
v -0.00595163726807 -0.0652455673218 0.0347400131226
v -0.00650527191162 -0.0639613761902 0.0347400131226
v 0 -0.00300006103516 0.0192600135803
v -0.00179999923706 -0.0512812728882 0.0192600154877
v -0.00841822052002 -0.0592901535034 0.0192600154877
v -0.00179999923706 -0.0477885398865 0.0192600154877
v -0.00179999923706 -0.0460406341553 0.0192600154877
v -0.0101007537842 -0.0548317985535 0.0192600154877
v -0.00179999923706 -0.0431222457886 0.0192600154877
v -0.00179999923706 -0.0414852828979 0.0192600154877
v -0.0115845756531 -0.0505636749268 0.0192600154877
v -0.00179999923706 -0.0396412086487 0.0192600154877
v -0.00179999923706 -0.0370831642151 0.0192600154877
v -0.0130254058838 -0.0460346641541 0.0192600154877
v -0.00179999923706 -0.0574329109192 0.0347400131226
v -0.00179999923706 -0.0512812728882 0.0347400131226
v -0.00179999923706 -0.0460406341553 0.0347400131226
v -0.00179999923706 -0.0414852828979 0.0347400131226
v -0.00179999923706 -0.0531650810242 0.0347400131226
v -0.00791264343262 -0.0605621490479 0.0192600154877
v -0.00179999923706 -0.0477885398865 0.0347400131226
v -0.00963935852051 -0.0560910453796 0.0192600154877
v -0.00179999923706 -0.0431222457886 0.0347400131226
v -0.0111636886597 -0.0518101272583 0.0192600154877
v -0.00179999923706 -0.0396412086487 0.0347400131226
v -0.0123890037537 -0.0480852241516 0.0192600154877
v -0.0100032272339 -0.0614720916748 0.0192600154877
v -0.0125084838867 -0.055818572998 0.0192600154877
v -0.00791264343262 -0.0605621490479 0.0347400131226
v -0.00726473236084 -0.0670163879395 0.0347400131226
v -0.0100032272339 -0.0614720916748 0.0347400131226
v -0.00179999923706 -0.0357894134521 0.0192600154877
v -0.0142398872375 -0.041849811554 0.0192600154877
v -0.0136650848389 -0.0438785057068 0.0192600154877
v -0.00841822052002 -0.0592901535034 0.0347400131226
v -0.0101007537842 -0.0548317985535 0.0347400131226
v -0.0115845756531 -0.0505636749268 0.0347400131226
v -0.00963935852051 -0.0560910453796 0.0347400131226
v -0.0111636886597 -0.0518101272583 0.0347400131226
v -0.0130254058838 -0.0460346641541 0.0347400131226
v -0.0142398872375 -0.041849811554 0.0347400131226
v -0.00179999923706 -0.0333688430786 0.0192600154877
v 0 -0.0030000603199 0.0347400093079
v -0.00179999923706 -0.0370831642151 0.0347400131226
v -0.0125084838867 -0.055818572998 0.0347400131226
v -0.0123890037537 -0.0480852241516 0.0347400131226
v -0.0136650848389 -0.0438785057068 0.0347400131226
v -0.00179999923706 -0.0357894134521 0.0347400131226
v -0.00179999923706 -0.0323223876953 0.0192600154877
v -0.00179999923706 -0.0300130138397 0.0192600154877
v -0.00179999923706 -0.0291528396606 0.0192600154877
v -0.00179999923706 -0.0269330272675 0.0192600135803
v -0.00179999923706 -0.0262136859894 0.0192600135803
v -0.00179999923706 -0.0240651836395 0.0192600135803
v -0.0140790176392 -0.028884147644 0.0192600154877
v -0.00179999923706 -0.0333688430786 0.0347400131226
v -0.00179999923706 -0.0300130138397 0.0347400093079
v -0.00179999923706 -0.0269330272675 0.0347400093079
v -0.00179999923706 -0.0240651836395 0.0347400093079
v -0.00179999923706 -0.0234518375397 0.0192600135803
v -0.00179999923706 -0.0213588619232 0.0347400093079
v -0.00179999923706 -0.0213588619232 0.0192600135803
v -0.00179999923706 -0.0208239593506 0.0192600135803
v -0.00179999923706 -0.0234518375397 0.0347400093079
v -0.0140594100952 -0.0272332172394 0.0192600135803
v -0.00179999923706 -0.0187725296021 0.0192600135803
v -0.00179999923706 -0.018293504715 0.0192600135803
v -0.00179999923706 -0.0162709159851 0.0192600135803
v -0.00179999923706 -0.0158285446167 0.0192600135803
v -0.00179999923706 -0.0138229370117 0.0192600135803
v -0.00179999923706 -0.0134000616074 0.0192600135803
v -0.00179999923706 -0.0114000616074 0.0192600135803
v -0.00179999923706 -0.0100000610352 0.0192600135803
v -0.00336483001709 -0.00384844470024 0.0192600135803
v -6.85119628906e-06 -0.00273859381676 0.0192600135803
v -0.00342330551147 -0.00376959776878 0.0192600135803
v -2.73475646973e-05 -0.00247911643982 0.0192600135803
v -0.00348558044434 -0.00369371533394 0.0192600135803
v -6.13327026367e-05 -0.00222360396385 0.0192600135803
v -8.3309173584e-05 -0.00209794354439 0.0192600135803
v -0.000137016296387 -0.00185201072693 0.0192600135803
v -0.000203380584717 -0.00161481523514 0.0192600135803
v -0.000281894683838 -0.00138816213608 0.0192600135803
v -0.000371963500977 -0.0011737767458 0.0192600135803
v -0.000421119689941 -0.00107169818878 0.0192600135803
v -0.000472900390625 -0.000973290383816 0.0192600135803
v -0.000527206420898 -0.000878740727901 0.0192600135803
v -0.00310094451904 -0.00562742471695 0.0192600135803
v -0.00325982666016 -0.00598585748672 0.0192600135803
v -0.00331029129028 -0.00607005643845 0.0192600135803
v -0.00336483001709 -0.00615167760849 0.0192600135803
v -0.00342330551147 -0.00623052406311 0.0192600135803
v -0.00348558044434 -0.00630640649796 0.0192600135803
v -0.00355150604248 -0.00637914228439 0.0192600135803
v -0.00362091827393 -0.00644855499268 0.0192600135803
v -0.00313401412964 -0.005719851017 0.0192600135803
v -0.00317158126831 -0.00581054353714 0.0192600135803
v -0.00321355056763 -0.00589928388596 0.0192600135803
v -0.00304859542847 -0.00543826341629 0.0192600135803
v -0.00302944564819 -0.00534198474884 0.0192600135803
v -0.00307244873047 -0.00553348636627 0.0192600135803
v -0.00301504135132 -0.00524488258362 0.0192600135803
v -0.00300542068481 -0.00514719009399 0.0192600135803
v -0.00300060272217 -0.00504914331436 0.0192600135803
v -0.00300060272217 -0.00495097875595 0.0192600135803
v -0.00300542068481 -0.00485293197632 0.0192600135803
v -0.00301504135132 -0.00475523948669 0.0192600135803
v -0.00302944564819 -0.00465813732147 0.0192600135803
v -0.00304859542847 -0.00456185865402 0.0192600135803
v -0.00307244873047 -0.00446663570404 0.0192600135803
v -0.00310094451904 -0.00437269735336 0.0192600135803
v -0.00313401412964 -0.00428027105331 0.0192600135803
v -0.00317158126831 -0.00418957853317 0.0192600135803
v -0.00321355056763 -0.00410083818436 0.0192600135803
v -0.00325982666016 -0.00401426458359 0.0192600135803
v -0.00331029129028 -0.00393006587029 0.0192600135803
v -0.000583938598633 -0.000788229048252 0.0192600135803
v -0.00064298248291 -0.0007019277215 0.0192600135803
v -0.000704231262207 -0.000620001018047 0.0192600135803
v -0.000767562866211 -0.000542604923248 0.0192600135803
v -0.000832859039307 -0.000469886720181 0.0192600135803
v -0.000900001525879 -0.000401984840631 0.0192600135803
v -0.000968852996826 -0.000339028567076 0.0192600135803
v -0.00103928756714 -0.000281137704849 0.0192600135803
v -0.00111116790771 -0.000228422448039 0.0192600135803
v -0.00118436431885 -0.000180983185768 0.0192600135803
v -0.00125872802734 -0.000138910204172 0.0192600135803
v -0.0013341255188 -0.00010228356719 0.0192600135803
v -0.00141040802002 -7.11730271578e-05 0.0192600135803
v -0.00148743438721 -4.5637793839e-05 0.0192600135803
v -0.00156505203247 -2.57264692336e-05 0.0192600135803
v -0.00164311981201 -1.14769581705e-05 0.0192600135803
v -0.00179999923706 -6.1051468947e-08 0.0192600135803
v -0.00355150604248 -0.00362098002434 0.0192600135803
v -0.00172148513794 -2.91638961062e-06 0.0192600135803
v -0.00362091827393 -0.00355156683922 0.0192600135803
v -0.00369365310669 -0.00651447868347 0.0192600135803
v -0.0037695350647 -0.00657675409317 0.0192600135803
v -0.00384838485718 -0.00663523054123 0.0192600135803
v -0.00393000411987 -0.00668976831436 0.0192600135803
v -0.00401420211792 -0.00674023485184 0.0192600135803
v -0.00410077667236 -0.00678650951385 0.0192600135803
v -0.00418951797485 -0.00682848072052 0.0192600135803
v -0.0043726348877 -0.00689911746979 0.0192600135803
v -0.00446657562256 -0.00692761325836 0.0192600135803
v -0.00428020858765 -0.00686604642868 0.0192600135803
v -0.0045617980957 -0.00695146512985 0.0192600135803
v -0.00465807723999 -0.00697061634064 0.0192600135803
v -0.00475518035889 -0.00698502016068 0.0192600135803
v -0.00485287094116 -0.00699464178085 0.0192600135803
v -0.00495091629028 -0.00699945878983 0.0192600135803
v -0.00504908370972 -0.00699945878983 0.0192600135803
v -0.00514712905884 -0.00699464178085 0.0192600135803
v -0.00524481964111 -0.00698502016068 0.0192600135803
v -0.00534192276001 -0.00697061634064 0.0192600135803
v -0.0054382019043 -0.00695146512985 0.0192600135803
v -0.00553342437744 -0.00692761325836 0.0192600135803
v -0.0056273651123 -0.00689911746979 0.0192600135803
v -0.00571979141235 -0.00686604642868 0.0192600135803
v -0.00581048202515 -0.00682848072052 0.0192600135803
v -0.00369365310669 -0.00348564338684 0.0192600135803
v -0.0037695350647 -0.00342336821556 0.0192600135803
v -0.00384838485718 -0.00336489152908 0.0192600135803
v -0.00393000411987 -0.00331035399437 0.0192600135803
v -0.00401420211792 -0.00325988698006 0.0192600135803
v -0.00410077667236 -0.00321361231804 0.0192600135803
v -0.00418951797485 -0.00317164158821 0.0192600135803
v -0.00428020858765 -0.00313407540321 0.0192600135803
v -0.0043726348877 -0.00310100460052 0.0192600135803
v -0.00446657562256 -0.00307250881195 0.0192600135803
v -0.0045617980957 -0.00304865670204 0.0192600135803
v -0.00465807723999 -0.00302950572968 0.0192600135803
v -0.00475518035889 -0.00301510190964 0.0192600135803
v -0.00485287094116 -0.00300548005104 0.0192600135803
v -0.00495091629028 -0.00300066328049 0.0192600135803
v -0.00504908370972 -0.00300066328049 0.0192600135803
v -0.00514712905884 -0.00300548005104 0.0192600135803
v -0.00524481964111 -0.00301510190964 0.0192600135803
v -0.00534192276001 -0.00302950572968 0.0192600135803
v -0.0054382019043 -0.00304865670204 0.0192600135803
v -0.00553342437744 -0.00307250881195 0.0192600135803
v -0.0056273651123 -0.00310100460052 0.0192600135803
v -0.00571979141235 -0.00313407540321 0.0192600135803
v -0.00581048202515 -0.00317164158821 0.0192600135803
v -0.00589922332764 -0.00678650951385 0.0192600135803
v -0.00598579788208 -0.00674023485184 0.0192600135803
v -0.00606999588013 -0.00668976831436 0.0192600135803
v -0.00615161514282 -0.00663523054123 0.0192600135803
v -0.00623046112061 -0.00657675409317 0.0192600135803
v -0.00589922332764 -0.00321361231804 0.0192600135803
v -0.00598579788208 -0.00325988698006 0.0192600135803
v -0.00606999588013 -0.00331035399437 0.0192600135803
v -0.00615161514282 -0.00336489152908 0.0192600135803
v -0.00623046112061 -0.00342336821556 0.0192600135803
v -0.00179999923706 -0.0187725296021 0.0347400093079
v -0.00179999923706 -0.0162709159851 0.0347400093079
v -0.00179999923706 -0.013822936058 0.0347400093079
v -0.00179999923706 -0.0114000606537 0.0347400093079
v -6.85119628906e-06 -0.0027385931015 0.0347400093079
v -2.73475646973e-05 -0.00247911572456 0.0347400093079
v -6.13327026367e-05 -0.0022236032486 0.0347400093079
v -8.3309173584e-05 -0.00209794282913 0.0347400093079
v -0.000137016296387 -0.00185201001167 0.0347400093079
v -0.000203380584717 -0.00161481451988 0.0347400093079
v -0.000281894683838 -0.00138816142082 0.0347400093079
v -0.000371963500977 -0.00117377603054 0.0347400093079
v -0.000421119689941 -0.00107169747353 0.0347400093079
v -0.000472900390625 -0.000973289728165 0.0347400093079
v -0.000527206420898 -0.00087874007225 0.0347400093079
v -0.000583938598633 -0.000788228392601 0.0347400093079
v -0.00064298248291 -0.000701927065849 0.0347400093079
v -0.000704231262207 -0.000620000362396 0.0347400093079
v -0.000767562866211 -0.000542604267597 0.0347400093079
v -0.000832859039307 -0.000469886034727 0.0347400093079
v -0.000900001525879 -0.000401984155178 0.0347400093079
v -0.000968852996826 -0.000339027881622 0.0347400093079
v -0.00103928756714 -0.000281137019396 0.0347400093079
v -0.00111116790771 -0.000228421777487 0.0347400093079
v -0.00118436431885 -0.000180982515216 0.0347400093079
v -0.00125872802734 -0.00013890953362 0.0347400093079
v -0.0013341255188 -0.000102282889187 0.0347400093079
v -0.00141040802002 -7.11723491549e-05 0.0347400093079
v -0.00148743438721 -4.56371158361e-05 0.0347400093079
v -0.00156505203247 -2.57257930934e-05 0.0347400093079
v -0.00164311981201 -1.1476281099e-05 0.0347400093079
v -0.00172148513794 -2.91571300477e-06 0.0347400093079
v -0.00179999923706 -6.03748158028e-08 0.0347400093079
v -0.00336483001709 -0.00615167713165 0.0347400093079
v -0.00307244873047 -0.00553348588943 0.0347400093079
v -0.00310094451904 -0.00562742424011 0.0347400093079
v -0.00313401412964 -0.00571985054016 0.0347400093079
v -0.00317158126831 -0.0058105430603 0.0347400093079
v -0.00304859542847 -0.00543826293945 0.0347400093079
v -0.00301504135132 -0.00524488210678 0.0347400093079
v -0.00302944564819 -0.005341984272 0.0347400093079
v -0.00300542068481 -0.00514718961716 0.0347400093079
v -0.00300060272217 -0.00504914283752 0.0347400093079
v -0.00300060272217 -0.00495097827911 0.0347400093079
v -0.00321355056763 -0.00589928340912 0.0347400093079
v -0.00325982666016 -0.00598585700989 0.0347400093079
v -0.00331029129028 -0.00607005596161 0.0347400093079
v -0.00342330551147 -0.00623052358627 0.0347400093079
v -0.00348558044434 -0.00630640602112 0.0347400093079
v -0.00355150604248 -0.00637914180756 0.0347400093079
v -0.00362091827393 -0.00644855451584 0.0347400093079
v -0.00369365310669 -0.00651447820663 0.0347400093079
v -0.0037695350647 -0.00657675361633 0.0347400093079
v -0.00384838485718 -0.00663523006439 0.0347400093079
v -0.00393000411987 -0.00668976783752 0.0347400093079
v -0.00401420211792 -0.006740234375 0.0347400093079
v -0.00410077667236 -0.00678650903702 0.0347400093079
v -0.00418951797485 -0.00682848024368 0.0347400093079
v -0.00428020858765 -0.00686604595184 0.0347400093079
v -0.0043726348877 -0.00689911699295 0.0347400093079
v -0.00446657562256 -0.00692761278152 0.0347400093079
v -0.00300542068481 -0.00485293149948 0.0347400093079
v -0.00301504135132 -0.00475523900986 0.0347400093079
v -0.00302944564819 -0.00465813684464 0.0347400093079
v -0.00304859542847 -0.00456185817719 0.0347400093079
v -0.00307244873047 -0.0044666352272 0.0347400093079
v -0.00310094451904 -0.00437269687653 0.0347400093079
v -0.00313401412964 -0.00428027057648 0.0347400093079
v -0.00317158126831 -0.00418957805634 0.0347400093079
v -0.00321355056763 -0.00410083770752 0.0347400093079
v -0.00325982666016 -0.00401426410675 0.0347400093079
v -0.00331029129028 -0.00393006515503 0.0347400093079
v -0.00336483001709 -0.00384844398499 0.0347400093079
v -0.00342330551147 -0.00376959705353 0.0347400093079
v -0.00348558044434 -0.00369371461868 0.0347400093079
v -0.00355150604248 -0.00362097930908 0.0347400093079
v -0.00362091827393 -0.00355156612396 0.0347400093079
v -0.00369365310669 -0.00348564267159 0.0347400093079
v -0.0037695350647 -0.00342336750031 0.0347400093079
v -0.00384838485718 -0.00336489081383 0.0347400093079
v -0.00393000411987 -0.00331035327911 0.0347400093079
v -0.00401420211792 -0.0032598862648 0.0347400093079
v -0.00410077667236 -0.00321361160278 0.0347400093079
v -0.00418951797485 -0.00317164087296 0.0347400093079
v -0.00428020858765 -0.00313407468796 0.0347400093079
v -0.0043726348877 -0.00310100388527 0.0347400093079
v -0.00446657562256 -0.00307250809669 0.0347400093079
v -0.0045617980957 -0.00695146465302 0.0347400093079
v -0.00465807723999 -0.0069706158638 0.0347400093079
v -0.00475518035889 -0.00698501968384 0.0347400093079
v -0.00485287094116 -0.00699464130402 0.0347400093079
v -0.00495091629028 -0.00699945831299 0.0347400093079
v -0.00504908370972 -0.00699945831299 0.0347400093079
v -0.00514712905884 -0.00699464130402 0.0347400093079
v -0.00524481964111 -0.00698501968384 0.0347400093079
v -0.00534192276001 -0.0069706158638 0.0347400093079
v -0.0054382019043 -0.00695146465302 0.0347400093079
v -0.00553342437744 -0.00692761278152 0.0347400093079
v -0.0056273651123 -0.00689911699295 0.0347400093079
v -0.00571979141235 -0.00686604595184 0.0347400093079
v -0.00581048202515 -0.00682848024368 0.0347400093079
v -0.00589922332764 -0.00678650903702 0.0347400093079
v -0.00598579788208 -0.006740234375 0.0347400093079
v -0.0045617980957 -0.00304865598679 0.0347400093079
v -0.00465807723999 -0.00302950501442 0.0347400093079
v -0.00475518035889 -0.00301510119438 0.0347400093079
v -0.00485287094116 -0.00300547933578 0.0347400093079
v -0.00495091629028 -0.00300066256523 0.0347400093079
v -0.00504908370972 -0.00300066256523 0.0347400093079
v -0.00514712905884 -0.00300547933578 0.0347400093079
v -0.00524481964111 -0.00301510119438 0.0347400093079
v -0.00534192276001 -0.00302950501442 0.0347400093079
v -0.0054382019043 -0.00304865598679 0.0347400093079
v -0.00553342437744 -0.00307250809669 0.0347400093079
v -0.0056273651123 -0.00310100388527 0.0347400093079
v -0.00571979141235 -0.00313407468796 0.0347400093079
v -0.00581048202515 -0.00317164087296 0.0347400093079
v -0.00589922332764 -0.00321361160278 0.0347400093079
v -0.0153067741394 -0.0378108062744 0.0192600154877
v -0.0162455291748 -0.0338893318176 0.0192600154877
v -0.0147569961548 -0.0253554096222 0.0192600135803
v -0.0159347457886 -0.0240499992371 0.0192600135803
v -0.0147885398865 -0.0398209877014 0.0192600154877
v -0.0157796516418 -0.0358847961426 0.0192600154877
v -0.0155343055725 -0.0316037864685 0.0192600154877
v -0.00179999923706 -0.0323223876953 0.0347400093079
v -0.00179999923706 -0.0291528396606 0.0347400093079
v -0.00179999923706 -0.0262136859894 0.0347400093079
v -0.00179999923706 -0.0208239593506 0.0347400093079
v -0.0153067741394 -0.0378108062744 0.0347400131226
v -0.0162455291748 -0.0338893318176 0.0347400131226
v -0.0140790176392 -0.028884147644 0.0347400093079
v -0.0147569961548 -0.0253554096222 0.0347400093079
v -0.0189833984375 -0.0188607997894 0.0192600135803
v -0.0192126312256 -0.017133392334 0.0192600135803
v -0.0196489105225 -0.0134000587463 0.0192600135803
v -0.017769493103 -0.00657675409317 0.0192600135803
v -0.017769493103 -0.00342336821556 0.0192600135803
v -0.00630634689331 -0.00651447868347 0.0192600135803
v -0.017693611145 -0.00651447868347 0.0192600135803
v -0.00637908172607 -0.00644855499268 0.0192600135803
v -0.0176208724976 -0.00644855499268 0.0192600135803
v -0.00644849395752 -0.00637914228439 0.0192600135803
v -0.0175514602661 -0.00637914228439 0.0192600135803
v -0.00651441955566 -0.00630640649796 0.0192600135803
v -0.017485534668 -0.00630640649796 0.0192600135803
v -0.00657669448853 -0.00623052406311 0.0192600135803
v -0.0174232635498 -0.00623052406311 0.0192600135803
v -0.00663516998291 -0.00615167760849 0.0192600135803
v -0.0173647842407 -0.00615167760849 0.0192600135803
v -0.00668970870972 -0.00607005643845 0.0192600135803
v -0.0173102493286 -0.00607005643845 0.0192600135803
v -0.00674017333984 -0.00598585748672 0.0192600135803
v -0.0172597808838 -0.00598585748672 0.0192600135803
v -0.00678644943237 -0.00589928388596 0.0192600135803
v -0.0172135047913 -0.00589928388596 0.0192600135803
v -0.00682841873169 -0.00581054353714 0.0192600135803
v -0.0171715354919 -0.00581054353714 0.0192600135803
v -0.00686598587036 -0.005719851017 0.0192600135803
v -0.0171339683533 -0.005719851017 0.0192600135803
v -0.00689905548096 -0.00562742471695 0.0192600135803
v -0.0171008987427 -0.00562742471695 0.0192600135803
v -0.00692755126953 -0.00553348636627 0.0192600135803
v -0.0170724029541 -0.00553348636627 0.0192600135803
v -0.00695140457153 -0.00543826341629 0.0192600135803
v -0.0170485496521 -0.00543826341629 0.0192600135803
v -0.00697055435181 -0.00534198474884 0.0192600135803
v -0.0170293998718 -0.00534198474884 0.0192600135803
v -0.00698495864868 -0.00524488258362 0.0192600135803
v -0.017014995575 -0.00524488258362 0.0192600135803
v -0.00699457931519 -0.00514719009399 0.0192600135803
v -0.0170053710938 -0.00514719009399 0.0192600135803
v -0.00699939727783 -0.00504914331436 0.0192600135803
v -0.0170005569458 -0.00504914331436 0.0192600135803
v -0.00699939727783 -0.00495097875595 0.0192600135803
v -0.00699457931519 -0.00485293197632 0.0192600135803
v -0.0170005569458 -0.00495097875595 0.0192600135803
v -0.017693611145 -0.00348564338684 0.0192600135803
v -0.00630634689331 -0.00348564338684 0.0192600135803
v -0.0176208724976 -0.00355156683922 0.0192600135803
v -0.00637908172607 -0.00355156683922 0.0192600135803
v -0.00692755126953 -0.00446663570404 0.0192600135803
v -0.0170485496521 -0.00456185865402 0.0192600135803
v -0.00695140457153 -0.00456185865402 0.0192600135803
v -0.00689905548096 -0.00437269735336 0.0192600135803
v -0.0170724029541 -0.00446663570404 0.0192600135803
v -0.00686598587036 -0.00428027105331 0.0192600135803
v -0.0171008987427 -0.00437269735336 0.0192600135803
v -0.00651441955566 -0.00369371533394 0.0192600135803
v -0.0174232635498 -0.00376959776878 0.0192600135803
v -0.00657669448853 -0.00376959776878 0.0192600135803
v -0.00644849395752 -0.00362098002434 0.0192600135803
v -0.017485534668 -0.00369371533394 0.0192600135803
v -0.0173647842407 -0.00384844470024 0.0192600135803
v -0.00663516998291 -0.00384844470024 0.0192600135803
v -0.0173102493286 -0.00393006587029 0.0192600135803
v -0.00668970870972 -0.00393006587029 0.0192600135803
v -0.00678644943237 -0.00410083818436 0.0192600135803
v -0.0171715354919 -0.00418957853317 0.0192600135803
v -0.00682841873169 -0.00418957853317 0.0192600135803
v -0.0172597808838 -0.00401426458359 0.0192600135803
v -0.00674017333984 -0.00401426458359 0.0192600135803
v -0.0172135047913 -0.00410083818436 0.0192600135803
v -0.0171339683533 -0.00428027105331 0.0192600135803
v -0.00698495864868 -0.00475523948669 0.0192600135803
v -0.0170053710938 -0.00485293197632 0.0192600135803
v -0.00697055435181 -0.00465813732147 0.0192600135803
v -0.017014995575 -0.00475523948669 0.0192600135803
v -0.0170293998718 -0.00465813732147 0.0192600135803
v -0.0175514602661 -0.00362098002434 0.0192600135803
v -0.00179999923706 -0.018293504715 0.0347400093079
v -0.0186992645264 -0.0208405628204 0.0192600135803
v -0.00179999923706 -0.015828543663 0.0347400093079
v -0.00179999923706 -0.0134000606537 0.0347400093079
v -0.00179999923706 -0.0100000600815 0.0347400093079
v -0.0199787979126 -0.0100000610352 0.0192600135803
v -0.00606999588013 -0.00668976783752 0.0347400093079
v -0.00615161514282 -0.00663523006439 0.0347400093079
v -0.00623046112061 -0.00657675361633 0.0347400093079
v -0.00630634689331 -0.00651447820663 0.0347400093079
v -0.00637908172607 -0.00644855451584 0.0347400093079
v -0.00644849395752 -0.00637914180756 0.0347400093079
v -0.00651441955566 -0.00630640602112 0.0347400093079
v -0.00657669448853 -0.00623052358627 0.0347400093079
v -0.00663516998291 -0.00615167713165 0.0347400093079
v -0.00668970870972 -0.00607005596161 0.0347400093079
v -0.00674017333984 -0.00598585700989 0.0347400093079
v -0.00678644943237 -0.00589928340912 0.0347400093079
v -0.00682841873169 -0.0058105430603 0.0347400093079
v -0.00686598587036 -0.00571985054016 0.0347400093079
v -0.00689905548096 -0.00562742424011 0.0347400093079
v -0.00692755126953 -0.00553348588943 0.0347400093079
v -0.00695140457153 -0.00543826293945 0.0347400093079
v -0.00697055435181 -0.005341984272 0.0347400093079
v -0.00698495864868 -0.00524488210678 0.0347400093079
v -0.00699457931519 -0.00514718961716 0.0347400093079
v -0.00699939727783 -0.00504914283752 0.0347400093079
v -0.00699939727783 -0.00495097827911 0.0347400093079
v -0.00699457931519 -0.00485293149948 0.0347400093079
v -0.00598579788208 -0.0032598862648 0.0347400093079
v -0.00615161514282 -0.00336489081383 0.0347400093079
v -0.00606999588013 -0.00331035327911 0.0347400093079
v -0.00623046112061 -0.00342336750031 0.0347400093079
v -0.00630634689331 -0.00348564267159 0.0347400093079
v -0.00651441955566 -0.00369371461868 0.0347400093079
v -0.00657669448853 -0.00376959705353 0.0347400093079
v -0.00663516998291 -0.00384844398499 0.0347400093079
v -0.00668970870972 -0.00393006515503 0.0347400093079
v -0.00637908172607 -0.00355156612396 0.0347400093079
v -0.00644849395752 -0.00362097930908 0.0347400093079
v -0.00686598587036 -0.00428027057648 0.0347400093079
v -0.00692755126953 -0.0044666352272 0.0347400093079
v -0.00689905548096 -0.00437269687653 0.0347400093079
v -0.00674017333984 -0.00401426410675 0.0347400093079
v -0.00678644943237 -0.00410083770752 0.0347400093079
v -0.00682841873169 -0.00418957805634 0.0347400093079
v -0.00695140457153 -0.00456185817719 0.0347400093079
v -0.00697055435181 -0.00465813684464 0.0347400093079
v -0.00698495864868 -0.00475523900986 0.0347400093079
v -0.0184324874878 -0.0225686397552 0.0347400093079
v -0.0147885398865 -0.0398209877014 0.0347400131226
v -0.0157796516418 -0.0358847961426 0.0347400131226
v -0.0155343055725 -0.0316037864685 0.0347400093079
v -0.0140594100952 -0.0272332172394 0.0347400093079
v -0.0159347457886 -0.0240499992371 0.0347400093079
v -0.0189833984375 -0.0188607997894 0.0347400093079
v -0.0194549255371 -0.0151459407806 0.0347400093079
v -0.0198504180908 -0.0114000577927 0.0347400093079
v -0.0220344161987 -6.03748158028e-08 0.0347400093079
v -0.0192126312256 -0.017133392334 0.0347400093079
v -0.0196489105225 -0.0134000577927 0.0347400093079
v -0.017769493103 -0.00657675361633 0.0347400093079
v -0.017769493103 -0.00342336750031 0.0347400093079
v -0.017693611145 -0.00651447820663 0.0347400093079
v -0.0176208724976 -0.00644855451584 0.0347400093079
v -0.0175514602661 -0.00637914180756 0.0347400093079
v -0.017485534668 -0.00630640602112 0.0347400093079
v -0.0174232635498 -0.00623052358627 0.0347400093079
v -0.0173647842407 -0.00615167713165 0.0347400093079
v -0.0173102493286 -0.00607005596161 0.0347400093079
v -0.0172597808838 -0.00598585700989 0.0347400093079
v -0.0172135047913 -0.00589928340912 0.0347400093079
v -0.0171715354919 -0.0058105430603 0.0347400093079
v -0.0171339683533 -0.00571985054016 0.0347400093079
v -0.0171008987427 -0.00562742424011 0.0347400093079
v -0.0170724029541 -0.00553348588943 0.0347400093079
v -0.0170485496521 -0.00543826293945 0.0347400093079
v -0.0170293998718 -0.005341984272 0.0347400093079
v -0.017014995575 -0.00524488210678 0.0347400093079
v -0.0170053710938 -0.00514718961716 0.0347400093079
v -0.0170005569458 -0.00504914283752 0.0347400093079
v -0.0170005569458 -0.00495097827911 0.0347400093079
v -0.017693611145 -0.00348564267159 0.0347400093079
v -0.0176208724976 -0.00355156612396 0.0347400093079
v -0.0170485496521 -0.00456185817719 0.0347400093079
v -0.0170724029541 -0.0044666352272 0.0347400093079
v -0.0171008987427 -0.00437269687653 0.0347400093079
v -0.0174232635498 -0.00376959705353 0.0347400093079
v -0.017485534668 -0.00369371461868 0.0347400093079
v -0.0173647842407 -0.00384844398499 0.0347400093079
v -0.0173102493286 -0.00393006515503 0.0347400093079
v -0.0171715354919 -0.00418957805634 0.0347400093079
v -0.0172597808838 -0.00401426410675 0.0347400093079
v -0.0172135047913 -0.00410083770752 0.0347400093079
v -0.0171339683533 -0.00428027057648 0.0347400093079
v -0.0170053710938 -0.00485293149948 0.0347400093079
v -0.017014995575 -0.00475523900986 0.0347400093079
v -0.0170293998718 -0.00465813684464 0.0347400093079
v -0.0175514602661 -0.00362097930908 0.0347400093079
v -0.0142844810486 -0.0513744277954 0.0192600154877
v -0.0147761535645 -0.0500656433105 0.0192600154877
v -0.0154124755859 -0.0483135795593 0.0192600154877
v -0.0160202941895 -0.0465725440979 0.0192600154877
v -0.0163321304321 -0.0456513175964 0.0192600154877
v -0.0168022994995 -0.0442232704163 0.0192600154877
v -0.0185834197998 -0.0383015975952 0.0192600154877
v -0.0142844810486 -0.0513744277954 0.0347400131226
v -0.0147761535645 -0.0500656433105 0.0347400131226
v -0.0154124755859 -0.0483135795593 0.0347400131226
v -0.0160202941895 -0.0465725440979 0.0347400131226
v -0.0163321304321 -0.0456513175964 0.0347400131226
v -0.0168022994995 -0.0442232704163 0.0347400131226
v -0.0185834197998 -0.0383015975952 0.0347400131226
v -0.0184324874878 -0.0225686397552 0.0192600135803
v -0.017236114502 -0.0289428539276 0.0192600154877
v -0.0176568374634 -0.0294819641113 0.0192600154877
v -0.0157340888977 -0.0317861061096 0.0192600154877
v -0.0177311668396 -0.029546081543 0.0192600154877
v -0.0158279876709 -0.031865114212 0.0192600154877
v -0.019037979126 -0.0366300048828 0.0192600154877
v -0.0199745483398 -0.0329041481018 0.0192600154877
v -0.017808555603 -0.0296064758301 0.0192600154877
v -0.0160214576721 -0.0320160980225 0.0192600154877
v -0.0161209106445 -0.0320879859924 0.0192600154877
v -0.0178888130188 -0.0296630001068 0.0192600154877
v -0.0163249664307 -0.0322243270874 0.0192600154877
v -0.0172844963074 -0.0290282669067 0.0192600154877
v -0.0173370132446 -0.02911120224 0.0192600154877
v -0.0173935394287 -0.0291914596558 0.0192600154877
v -0.0174539337158 -0.0292688484192 0.0192600154877
v -0.0175180511475 -0.0293431797028 0.0192600154877
v -0.0179717483521 -0.0297155189514 0.0192600154877
v -0.0164294433594 -0.0322887039185 0.0192600154877
v -0.0165810966492 -0.0323756141663 0.0192600154877
v -0.0175857391357 -0.0294142742157 0.0192600154877
v -0.0180571594238 -0.0297639045715 0.0192600154877
v -0.0181448440552 -0.0298080406189 0.0192600154877
v -0.018234588623 -0.029847820282 0.0192600154877
v -0.018326171875 -0.0298831501007 0.0192600154877
v -0.0184193840027 -0.029913942337 0.0192600154877
v -0.0185139923096 -0.0299401245117 0.0192600154877
v -0.0186097717285 -0.0299616317749 0.0192600154877
v -0.0187064933777 -0.0299784145355 0.0192600154877
v -0.0140240325928 -0.028490146637 0.0192600154877
v -0.0170215988159 -0.0282935218811 0.0192600154877
v -0.014054069519 -0.02873371315 0.0192600154877
v -0.0140135040283 -0.0283678836823 0.0192600154877
v -0.0170095825195 -0.0281960945129 0.0192600154877
v -0.0140059776306 -0.0282453994751 0.0192600154877
v -0.0170023651123 -0.0280981960297 0.0192600154877
v -0.0139999542236 -0.0280000610352 0.0192600154877
v -0.0140059776306 -0.0277547225952 0.0192600154877
v -0.0169999542236 -0.0280000610352 0.0192600154877
v -0.0140135040283 -0.0276322383881 0.0192600154877
v -0.0170023651123 -0.0279019260406 0.0192600154877
v -0.0140375556946 -0.0273880081177 0.0192600154877
v -0.0170095825195 -0.0278040275574 0.0192600154877
v -0.0170215988159 -0.0277066001892 0.0192600154877
v -0.0173370132446 -0.0268889198303 0.0192600135803
v -0.0149120292664 -0.0251210193634 0.0192600135803
v -0.0170598907471 -0.0284860210419 0.0192600154877
v -0.0170860748291 -0.0285806312561 0.0192600154877
v -0.0171168670654 -0.0286738414764 0.0192600154877
v -0.0171521949768 -0.0287654285431 0.0192600154877
v -0.0170383834839 -0.0283902416229 0.0192600154877
v -0.0170383834839 -0.0276098804474 0.0192600154877
v -0.0170598907471 -0.0275141010284 0.0192600154877
v -0.0170860748291 -0.0274194927216 0.0192600154877
v -0.0171168670654 -0.0273262805939 0.0192600154877
v -0.0171521949768 -0.0272346935272 0.0192600135803
v -0.0171919784546 -0.0288551712036 0.0192600154877
v -0.0171919784546 -0.0271449508667 0.0192600135803
v -0.017236114502 -0.0270572681427 0.0192600135803
v -0.0172844963074 -0.0269718551636 0.0192600135803
v -0.0173935394287 -0.0268086624146 0.0192600135803
v -0.0150582199097 -0.0249239025116 0.0192600135803
v -0.0174539337158 -0.0267312736511 0.0192600135803
v -0.0152139091492 -0.0247341976166 0.0192600135803
v -0.0175180511475 -0.0266569423676 0.0192600135803
v -0.0152951965332 -0.0246422672272 0.0192600135803
v -0.0175857391357 -0.0265858478546 0.0192600135803
v -0.0154644203186 -0.0244645271301 0.0192600135803
v -0.0176568374634 -0.026518157959 0.0192600135803
v -0.0156421585083 -0.0242953052521 0.0192600135803
v -0.0177311668396 -0.0264540405273 0.0192600135803
v -0.0158279876709 -0.0241350097656 0.0192600135803
v -0.017808555603 -0.0263936462402 0.0192600135803
v -0.0178888130188 -0.0263371219635 0.0192600135803
v -0.0179717483521 -0.0262846031189 0.0192600135803
v -0.0180571594238 -0.0262362194061 0.0192600135803
v -0.0181448440552 -0.0261920833588 0.0192600135803
v -0.018234588623 -0.0261523017883 0.0192600135803
v -0.018326171875 -0.026116973877 0.0192600135803
v -0.0184193840027 -0.0260861797333 0.0192600135803
v -0.0185139923096 -0.0260599994659 0.0192600135803
v -0.0186097717285 -0.0260384902954 0.0192600135803
v -0.0187064933777 -0.0260217075348 0.0192600135803
v -0.0188039207458 -0.0260096912384 0.0192600135803
v -0.0189018173218 -0.0260024700165 0.0192600135803
v -0.0189999542236 -0.0260000610352 0.0192600135803
v -0.014054069519 -0.02873371315 0.0347400093079
v -0.0140240325928 -0.028490146637 0.0347400093079
v -0.0140135040283 -0.0283678836823 0.0347400093079
v -0.0140059776306 -0.0282453994751 0.0347400093079
v -0.0139999542236 -0.0280000610352 0.0347400093079
v -0.0140059776306 -0.0277547225952 0.0347400093079
v -0.0140135040283 -0.0276322383881 0.0347400093079
v -0.0140375556946 -0.0273880081177 0.0347400093079
v -0.0149120292664 -0.0251210193634 0.0347400093079
v -0.0157340888977 -0.0317861061096 0.0347400093079
v -0.0158279876709 -0.031865114212 0.0347400093079
v -0.0160214576721 -0.0320160980225 0.0347400093079
v -0.0161209106445 -0.0320879859924 0.0347400093079
v -0.0165810966492 -0.0323756141663 0.0347400093079
v -0.0164294433594 -0.0322887039185 0.0347400093079
v -0.0163249664307 -0.0322243270874 0.0347400093079
v -0.0175180511475 -0.0293431797028 0.0347400093079
v -0.0175857391357 -0.0294142742157 0.0347400093079
v -0.0176568374634 -0.0294819641113 0.0347400093079
v -0.0177311668396 -0.029546081543 0.0347400093079
v -0.017808555603 -0.0296064758301 0.0347400093079
v -0.0178888130188 -0.0296630001068 0.0347400093079
v -0.0179717483521 -0.0297155189514 0.0347400093079
v -0.0150582199097 -0.0249239025116 0.0347400093079
v -0.0152139091492 -0.0247341976166 0.0347400093079
v -0.0152951965332 -0.0246422672272 0.0347400093079
v -0.0154644203186 -0.0244645271301 0.0347400093079
v -0.0156421585083 -0.0242953052521 0.0347400093079
v -0.0158279876709 -0.0241350097656 0.0347400093079
v -0.0170383834839 -0.0283902416229 0.0347400093079
v -0.0170598907471 -0.0284860210419 0.0347400093079
v -0.0170095825195 -0.0281960945129 0.0347400093079
v -0.0170023651123 -0.0280981960297 0.0347400093079
v -0.0170215988159 -0.0282935218811 0.0347400093079
v -0.0171521949768 -0.0287654285431 0.0347400093079
v -0.0171919784546 -0.0288551712036 0.0347400093079
v -0.017236114502 -0.0289428539276 0.0347400093079
v -0.0170860748291 -0.0285806312561 0.0347400093079
v -0.0171168670654 -0.0286738414764 0.0347400093079
v -0.0169999542236 -0.0280000610352 0.0347400093079
v -0.0170023651123 -0.0279019260406 0.0347400093079
v -0.0170095825195 -0.0278040275574 0.0347400093079
v -0.0170215988159 -0.0277066001892 0.0347400093079
v -0.0170383834839 -0.0276098804474 0.0347400093079
v -0.0170598907471 -0.0275141010284 0.0347400093079
v -0.0170860748291 -0.0274194927216 0.0347400093079
v -0.0171168670654 -0.0273262805939 0.0347400093079
v -0.0171521949768 -0.0272346935272 0.0347400093079
v -0.0171919784546 -0.0271449508667 0.0347400093079
v -0.0172844963074 -0.0290282669067 0.0347400093079
v -0.0173370132446 -0.02911120224 0.0347400093079
v -0.0173935394287 -0.0291914596558 0.0347400093079
v -0.0174539337158 -0.0292688484192 0.0347400093079
v -0.017236114502 -0.0270572681427 0.0347400093079
v -0.0172844963074 -0.0269718551636 0.0347400093079
v -0.0173370132446 -0.0268889198303 0.0347400093079
v -0.0173935394287 -0.0268086624146 0.0347400093079
v -0.0174539337158 -0.0267312736511 0.0347400093079
v -0.0175180511475 -0.0266569423676 0.0347400093079
v -0.0175857391357 -0.0265858478546 0.0347400093079
v -0.0176568374634 -0.026518157959 0.0347400093079
v -0.0177311668396 -0.0264540405273 0.0347400093079
v -0.017808555603 -0.0263936462402 0.0347400093079
v -0.0178888130188 -0.0263371219635 0.0347400093079
v -0.0194549255371 -0.0151459417343 0.0192600135803
v -0.0198504180908 -0.0114000587463 0.0192600135803
v -0.0178483352661 -0.00663523054123 0.0192600135803
v -0.0179299583435 -0.00668976831436 0.0192600135803
v -0.0180141601563 -0.00674023485184 0.0192600135803
v -0.018100730896 -0.00678650951385 0.0192600135803
v -0.0181894721985 -0.00682848072052 0.0192600135803
v -0.018280166626 -0.00686604642868 0.0192600135803
v -0.0178483352661 -0.00336489152908 0.0192600135803
v -0.0179299583435 -0.00331035399437 0.0192600135803
v -0.0180141601563 -0.00325988698006 0.0192600135803
v -0.018100730896 -0.00321361231804 0.0192600135803
v -0.0181894721985 -0.00317164158821 0.0192600135803
v -0.018280166626 -0.00313407540321 0.0192600135803
v -0.0183725891113 -0.00310100460052 0.0192600135803
v -0.0184665298462 -0.00307250881195 0.0192600135803
v -0.0185617523193 -0.00304865670204 0.0192600135803
v -0.0186580276489 -0.00302950572968 0.0192600135803
v -0.0187551345825 -0.00301510190964 0.0192600135803
v -0.0188528251648 -0.00300548005104 0.0192600135803
v -0.0189508743286 -0.00300066328049 0.0192600135803
v -0.0220344161987 -6.1051468947e-08 0.0192600135803
v -0.0180141601563 -0.006740234375 0.0347400093079
v -0.0178483352661 -0.00663523006439 0.0347400093079
v -0.0179299583435 -0.00668976783752 0.0347400093079
v -0.0178483352661 -0.00336489081383 0.0347400093079
v -0.0179299583435 -0.00331035327911 0.0347400093079
v -0.0195096511841 -0.0348081932068 0.0192600154877
v -0.0197695159912 -0.0337615966797 0.0192600154877
v -0.0188039207458 -0.0299904308319 0.0192600154877
v -0.0189018173218 -0.0299976520538 0.0192600154877
v -0.0189999542236 -0.0300000610352 0.0192600154877
v -0.0190980911255 -0.0299976520538 0.0192600154877
v -0.0191959838867 -0.0299904308319 0.0192600154877
v -0.0192934112549 -0.0299784145355 0.0192600154877
v -0.0193901367188 -0.0299616317749 0.0192600154877
v -0.0202148590088 -0.0328502159119 0.0192600154877
v -0.0204513778687 -0.0327847633362 0.0192600154877
v -0.020568359375 -0.0327477035522 0.0192600154877
v -0.0207994308472 -0.0326650238037 0.0192600154877
v -0.0209133758545 -0.0326194572449 0.0192600154877
v -0.0214644470215 -0.0323504943848 0.0192600154877
v -0.0211377258301 -0.0325200080872 0.0192600154877
v -0.021248008728 -0.0324661827087 0.0192600154877
v -0.0194859161377 -0.0299401245117 0.0192600154877
v -0.0195805206299 -0.029913942337 0.0192600154877
v -0.0196737365723 -0.0298831501007 0.0192600154877
v -0.0197653198242 -0.029847820282 0.0192600154877
v -0.0198550643921 -0.0298080406189 0.0192600154877
v -0.0199427490234 -0.0297639045715 0.0192600154877
v -0.0200281600952 -0.0297155189514 0.0192600154877
v -0.0216749420166 -0.0322243270874 0.0192600154877
v -0.0201110992432 -0.0296630001068 0.0192600154877
v -0.0218789978027 -0.0320879859924 0.0192600154877
v -0.0201913528442 -0.0296064758301 0.0192600154877
v -0.0219784545898 -0.0320160980225 0.0192600154877
v -0.020268737793 -0.029546081543 0.0192600154877
v -0.0221719207764 -0.031865114212 0.0192600154877
v -0.0203430709839 -0.0294819641113 0.0192600154877
v -0.0190980911255 -0.0260024700165 0.0192600135803
v -0.0191959838867 -0.0260096912384 0.0192600135803
v -0.0192934112549 -0.0260217075348 0.0192600135803
v -0.0193901367188 -0.0260384902954 0.0192600135803
v -0.0219784545898 -0.0239840240479 0.0192600135803
v -0.0218426208496 -0.023887178421 0.0192600135803
v -0.0194859161377 -0.0260599994659 0.0192600135803
v -0.0195805206299 -0.0260861797333 0.0192600135803
v -0.0196737365723 -0.026116973877 0.0192600135803
v -0.0197653198242 -0.0261523017883 0.0192600135803
v -0.0198550643921 -0.0261920833588 0.0192600135803
v -0.0199427490234 -0.0262362194061 0.0192600135803
v -0.0201913528442 -0.0263936462402 0.0192600135803
v -0.020268737793 -0.0264540405273 0.0192600135803
v -0.0221719207764 -0.0241350097656 0.0192600135803
v -0.0203430709839 -0.026518157959 0.0192600135803
v -0.0200281600952 -0.0262846031189 0.0192600135803
v -0.0201110992432 -0.0263371219635 0.0192600135803
v -0.0218653182983 -0.0236855220795 0.0192600135803
v -0.0218538513184 -0.0237619285583 0.0192600135803
v -0.0215704650879 -0.0322887039185 0.0192600154877
v -0.0224476547241 -0.031621295929 0.0192600154877
v -0.0204141693115 -0.0294142742157 0.0192600154877
v -0.0226211853027 -0.031447763443 0.0192600154877
v -0.0204818572998 -0.0293431797028 0.0192600154877
v -0.0227047119141 -0.0313578567505 0.0192600154877
v -0.0205459747314 -0.0292688484192 0.0192600154877
v -0.0229416885376 -0.0310762195587 0.0192600154877
v -0.0206063690186 -0.0291914596558 0.0192600154877
v -0.022357749939 -0.0317048168182 0.0192600154877
v -0.0230159912109 -0.0309785575867 0.0192600154877
v -0.0206628952026 -0.02911120224 0.0192600154877
v -0.0231573028564 -0.0307779121399 0.0192600154877
v -0.0207154083252 -0.0290282669067 0.0192600154877
v -0.0232885971069 -0.0305705757141 0.0192600154877
v -0.0207637939453 -0.0289428539276 0.0192600154877
v -0.0234660797119 -0.0302481174469 0.0192600154877
v -0.0208079299927 -0.0288551712036 0.0192600154877
v -0.0228650054932 -0.0311720275879 0.0192600154877
v -0.0234095611572 -0.03035704422 0.0192600154877
v -0.0235198974609 -0.0301378364563 0.0192600154877
v -0.0208477172852 -0.0287654285431 0.0192600154877
v -0.023619354248 -0.0299134788513 0.0192600154877
v -0.0236649169922 -0.0297995357513 0.0192600154877
v -0.0208830413818 -0.0286738414764 0.0192600154877
v -0.0237475967407 -0.0295684700012 0.0192600154877
v -0.0224476547241 -0.0243788261414 0.0192600135803
v -0.0204141693115 -0.0265858478546 0.0192600135803
v -0.0225354919434 -0.0244645271301 0.0192600135803
v -0.0204818572998 -0.0266569423676 0.0192600135803
v -0.0227859954834 -0.0247341976166 0.0192600135803
v -0.0205459747314 -0.0267312736511 0.0192600135803
v -0.0229416885376 -0.0249239025116 0.0192600135803
v -0.0206063690186 -0.0268086624146 0.0192600135803
v -0.0230878753662 -0.0251210193634 0.0192600135803
v -0.0206628952026 -0.0268889198303 0.0192600135803
v -0.0231573028564 -0.0252222099304 0.0192600135803
v -0.0207154083252 -0.0269718551636 0.0192600135803
v -0.0233503875732 -0.0255355701447 0.0192600135803
v -0.0207637939453 -0.0270572681427 0.0192600135803
v -0.0234660797119 -0.0257520046234 0.0192600135803
v -0.0208079299927 -0.0271449508667 0.0192600135803
v -0.0235709991455 -0.0259738540649 0.0192600135803
v -0.0208477172852 -0.0272346935272 0.0192600135803
v -0.022357749939 -0.0242953052521 0.0192600135803
v -0.0209138336182 -0.0285806312561 0.0192600154877
v -0.0238188323975 -0.0293336257935 0.0192600154877
v -0.0209400177002 -0.0284860210419 0.0192600154877
v -0.0238784637451 -0.0290955677032 0.0192600154877
v -0.0209615249634 -0.0283902416229 0.0192600154877
v -0.0239263458252 -0.0288548698425 0.0192600154877
v -0.0209783096313 -0.0282935218811 0.0192600154877
v -0.0239458389282 -0.02873371315 0.0192600154877
v -0.0209903259277 -0.0281960945129 0.0192600154877
v -0.0239758758545 -0.028490146637 0.0192600154877
v -0.020997543335 -0.0280981960297 0.0192600154877
v -0.0239984436035 -0.0281227664948 0.0192600154877
v -0.0209999542236 -0.0280000610352 0.0192600154877
v -0.0236649169922 -0.026200586319 0.0192600135803
v -0.0208830413818 -0.0273262805939 0.0192600154877
v -0.0209400177002 -0.0275141010284 0.0192600154877
v -0.0238784637451 -0.0269045543671 0.0192600135803
v -0.0209615249634 -0.0276098804474 0.0192600154877
v -0.0209138336182 -0.0274194927216 0.0192600154877
v -0.0238188323975 -0.0266664981842 0.0192600135803
v -0.0237475967407 -0.0264316520691 0.0192600135803
v -0.020997543335 -0.0279019260406 0.0192600154877
v -0.023993927002 -0.0277547225952 0.0192600154877
v -0.0209903259277 -0.0278040275574 0.0192600154877
v -0.0239758758545 -0.0275099754333 0.0192600154877
v -0.0209783096313 -0.0277066001892 0.0192600154877
v -0.0239458389282 -0.0272664089203 0.0192600135803
v -0.0239038848877 -0.0270246086121 0.0192600135803
v -0.0227047119141 -0.0246422672272 0.0192600135803
v -0.0232885971069 -0.0254295482635 0.0192600135803
v -0.0227594146729 -0.0177815132141 0.0192600135803
v -0.023850112915 -0.0292149620056 0.0192600154877
v -0.02378465271 -0.0265486373901 0.0192600135803
v -0.023993927002 -0.0282453994751 0.0192600154877
v -0.0239999542236 -0.0280000610352 0.0192600154877
v -0.0235198974609 -0.025862285614 0.0192600135803
v -0.019037979126 -0.0366300048828 0.0347400131226
v -0.0180571594238 -0.0297639045715 0.0347400093079
v -0.0181448440552 -0.0298080406189 0.0347400093079
v -0.018326171875 -0.0298831501007 0.0347400093079
v -0.018234588623 -0.029847820282 0.0347400093079
v -0.0184193840027 -0.029913942337 0.0347400093079
v -0.0185139923096 -0.0299401245117 0.0347400093079
v -0.0186097717285 -0.0299616317749 0.0347400093079
v -0.0187064933777 -0.0299784145355 0.0347400093079
v -0.0188039207458 -0.0299904308319 0.0347400093079
v -0.0189018173218 -0.0299976520538 0.0347400093079
v -0.0189999542236 -0.0300000610352 0.0347400093079
v -0.0190980911255 -0.0299976520538 0.0347400093079
v -0.0191959838867 -0.0299904308319 0.0347400093079
v -0.0192934112549 -0.0299784145355 0.0347400093079
v -0.0193901367188 -0.0299616317749 0.0347400093079
v -0.0194859161377 -0.0299401245117 0.0347400093079
v -0.0195096511841 -0.0348081932068 0.0347400131226
v -0.0197695159912 -0.0337615966797 0.0347400131226
v -0.0199745483398 -0.0329041481018 0.0347400131226
v -0.0195805206299 -0.029913942337 0.0347400093079
v -0.0196737365723 -0.0298831501007 0.0347400093079
v -0.0197653198242 -0.029847820282 0.0347400093079
v -0.0198550643921 -0.0298080406189 0.0347400093079
v -0.0199427490234 -0.0297639045715 0.0347400093079
v -0.0200281600952 -0.0297155189514 0.0347400093079
v -0.0201110992432 -0.0296630001068 0.0347400093079
v -0.0201913528442 -0.0296064758301 0.0347400093079
v -0.020268737793 -0.029546081543 0.0347400093079
v -0.0202148590088 -0.0328502159119 0.0347400131226
v -0.0204513778687 -0.0327847633362 0.0347400131226
v -0.020568359375 -0.0327477035522 0.0347400131226
v -0.0207994308472 -0.0326650238037 0.0347400093079
v -0.0209133758545 -0.0326194572449 0.0347400093079
v -0.0203430709839 -0.0294819641113 0.0347400093079
v -0.0204141693115 -0.0294142742157 0.0347400093079
v -0.0204818572998 -0.0293431797028 0.0347400093079
v -0.0205459747314 -0.0292688484192 0.0347400093079
v -0.0179717483521 -0.0262846031189 0.0347400093079
v -0.0180571594238 -0.0262362194061 0.0347400093079
v -0.0181448440552 -0.0261920833588 0.0347400093079
v -0.018234588623 -0.0261523017883 0.0347400093079
v -0.018326171875 -0.026116973877 0.0347400093079
v -0.0184193840027 -0.0260861797333 0.0347400093079
v -0.0185139923096 -0.0260599994659 0.0347400093079
v -0.0186097717285 -0.0260384902954 0.0347400093079
v -0.0187064933777 -0.0260217075348 0.0347400093079
v -0.0188039207458 -0.0260096912384 0.0347400093079
v -0.0189018173218 -0.0260024700165 0.0347400093079
v -0.0189999542236 -0.0260000610352 0.0347400093079
v -0.0190980911255 -0.0260024700165 0.0347400093079
v -0.0191959838867 -0.0260096912384 0.0347400093079
v -0.0192934112549 -0.0260217075348 0.0347400093079
v -0.0193901367188 -0.0260384902954 0.0347400093079
v -0.0186992645264 -0.0208405628204 0.0347400093079
v -0.0194859161377 -0.0260599994659 0.0347400093079
v -0.0195805206299 -0.0260861797333 0.0347400093079
v -0.0196737365723 -0.026116973877 0.0347400093079
v -0.0197653198242 -0.0261523017883 0.0347400093079
v -0.0199427490234 -0.0262362194061 0.0347400093079
v -0.0200281600952 -0.0262846031189 0.0347400093079
v -0.0198550643921 -0.0261920833588 0.0347400093079
v -0.0201110992432 -0.0263371219635 0.0347400093079
v -0.0201913528442 -0.0263936462402 0.0347400093079
v -0.0206063690186 -0.0291914596558 0.0347400093079
v -0.0206628952026 -0.02911120224 0.0347400093079
v -0.0207154083252 -0.0290282669067 0.0347400093079
v -0.0207637939453 -0.0289428539276 0.0347400093079
v -0.0208079299927 -0.0288551712036 0.0347400093079
v -0.0208477172852 -0.0287654285431 0.0347400093079
v -0.0208830413818 -0.0286738414764 0.0347400093079
v -0.0209138336182 -0.0285806312561 0.0347400093079
v -0.0209400177002 -0.0284860210419 0.0347400093079
v -0.0209615249634 -0.0283902416229 0.0347400093079
v -0.0209783096313 -0.0282935218811 0.0347400093079
v -0.0209903259277 -0.0281960945129 0.0347400093079
v -0.020997543335 -0.0280981960297 0.0347400093079
v -0.0206063690186 -0.0268086624146 0.0347400093079
v -0.0206628952026 -0.0268889198303 0.0347400093079
v -0.0207154083252 -0.0269718551636 0.0347400093079
v -0.0207637939453 -0.0270572681427 0.0347400093079
v -0.0209999542236 -0.0280000610352 0.0347400093079
v -0.020997543335 -0.0279019260406 0.0347400093079
v -0.0209903259277 -0.0278040275574 0.0347400093079
v -0.0209783096313 -0.0277066001892 0.0347400093079
v -0.0209138336182 -0.0274194927216 0.0347400093079
v -0.0209400177002 -0.0275141010284 0.0347400093079
v -0.0209615249634 -0.0276098804474 0.0347400093079
v -0.0208079299927 -0.0271449508667 0.0347400093079
v -0.0208830413818 -0.0273262805939 0.0347400093079
v -0.0208477172852 -0.0272346935272 0.0347400093079
v -0.020268737793 -0.0264540405273 0.0347400093079
v -0.0203430709839 -0.026518157959 0.0347400093079
v -0.0204141693115 -0.0265858478546 0.0347400093079
v -0.0204818572998 -0.0266569423676 0.0347400093079
v -0.0205459747314 -0.0267312736511 0.0347400093079
v -0.0211377258301 -0.0325200080872 0.0347400093079
v -0.021248008728 -0.0324661827087 0.0347400093079
v -0.0214644470215 -0.0323504943848 0.0347400093079
v -0.0215704650879 -0.0322887039185 0.0347400093079
v -0.0216749420166 -0.0322243270874 0.0347400093079
v -0.0218789978027 -0.0320879859924 0.0347400093079
v -0.0219784545898 -0.0320160980225 0.0347400093079
v -0.0221719207764 -0.031865114212 0.0347400093079
v -0.022357749939 -0.0317048168182 0.0347400093079
v -0.0224476547241 -0.031621295929 0.0347400093079
v -0.0226211853027 -0.031447763443 0.0347400093079
v -0.0227047119141 -0.0313578567505 0.0347400093079
v -0.0228650054932 -0.0311720275879 0.0347400093079
v -0.0229416885376 -0.0310762195587 0.0347400093079
v -0.0230159912109 -0.0309785575867 0.0347400093079
v -0.0231573028564 -0.0307779121399 0.0347400093079
v -0.0232885971069 -0.0305705757141 0.0347400093079
v -0.0234095611572 -0.03035704422 0.0347400093079
v -0.0234660797119 -0.0302481174469 0.0347400093079
v -0.0235198974609 -0.0301378364563 0.0347400093079
v -0.023619354248 -0.0299134788513 0.0347400093079
v -0.0236649169922 -0.0297995357513 0.0347400093079
v -0.0237475967407 -0.0295684700012 0.0347400093079
v -0.0238188323975 -0.0293336257935 0.0347400093079
v -0.0218426208496 -0.023887178421 0.0347400093079
v -0.0219784545898 -0.0239840240479 0.0347400093079
v -0.0218538513184 -0.0237619285583 0.0347400093079
v -0.0221719207764 -0.0241350097656 0.0347400093079
v -0.022357749939 -0.0242953052521 0.0347400093079
v -0.0224476547241 -0.0243788261414 0.0347400093079
v -0.0218653182983 -0.0236855220795 0.0347400093079
v -0.0225354919434 -0.0244645271301 0.0347400093079
v -0.0227047119141 -0.0246422672272 0.0347400093079
v -0.0227859954834 -0.0247341976166 0.0347400093079
v -0.0230878753662 -0.0251210193634 0.0347400093079
v -0.0229416885376 -0.0249239025116 0.0347400093079
v -0.0231573028564 -0.0252222099304 0.0347400093079
v -0.0232885971069 -0.0254295482635 0.0347400093079
v -0.023850112915 -0.0292149620056 0.0347400093079
v -0.0238784637451 -0.0290955677032 0.0347400093079
v -0.0239263458252 -0.0288548698425 0.0347400093079
v -0.0239458389282 -0.02873371315 0.0347400093079
v -0.0239758758545 -0.028490146637 0.0347400093079
v -0.023993927002 -0.0282453994751 0.0347400093079
v -0.0239984436035 -0.0281227664948 0.0347400093079
v -0.0239999542236 -0.0280000610352 0.0347400093079
v -0.023993927002 -0.0277547225952 0.0347400093079
v -0.0239758758545 -0.0275099754333 0.0347400093079
v -0.0238784637451 -0.0269045543671 0.0347400093079
v -0.0239038848877 -0.0270246086121 0.0347400093079
v -0.0239458389282 -0.0272664089203 0.0347400093079
v -0.0234660797119 -0.0257520046234 0.0347400093079
v -0.0235198974609 -0.025862285614 0.0347400093079
v -0.0235709991455 -0.0259738540649 0.0347400093079
v -0.0233503875732 -0.0255355701447 0.0347400093079
v -0.0238188323975 -0.0266664981842 0.0347400093079
v -0.0237475967407 -0.0264316520691 0.0347400093079
v -0.02378465271 -0.0265486373901 0.0347400093079
v -0.0236649169922 -0.026200586319 0.0347400093079
v -0.023415397644 -0.0118463277817 0.0192600135803
v -0.0183725891113 -0.00689911746979 0.0192600135803
v -0.0184665298462 -0.00692761325836 0.0192600135803
v -0.0185617523193 -0.00695146512985 0.0192600135803
v -0.0186580276489 -0.00697061634064 0.0192600135803
v -0.0187551345825 -0.00698502016068 0.0192600135803
v -0.0188528251648 -0.00699464178085 0.0192600135803
v -0.0189508743286 -0.00699945878983 0.0192600135803
v -0.0190490341187 -0.00699945878983 0.0192600135803
v -0.0191470794678 -0.00699464178085 0.0192600135803
v -0.0192447738647 -0.00698502016068 0.0192600135803
v -0.0193418807983 -0.00697061634064 0.0192600135803
v -0.0194381561279 -0.00695146512985 0.0192600135803
v -0.0195333786011 -0.00692761325836 0.0192600135803
v -0.0196273193359 -0.00689911746979 0.0192600135803
v -0.0197197418213 -0.00686604642868 0.0192600135803
v -0.0198104400635 -0.00682848072052 0.0192600135803
v -0.0198991775513 -0.00678650951385 0.0192600135803
v -0.019985748291 -0.00674023485184 0.0192600135803
v -0.0200699462891 -0.00668976831436 0.0192600135803
v -0.0201515731812 -0.00663523054123 0.0192600135803
v -0.0202304153442 -0.00657675409317 0.0192600135803
v -0.0203062973022 -0.00651447868347 0.0192600135803
v -0.0190490341187 -0.00300066328049 0.0192600135803
v -0.0191470794678 -0.00300548005104 0.0192600135803
v -0.0192447738647 -0.00301510190964 0.0192600135803
v -0.0193418807983 -0.00302950572968 0.0192600135803
v -0.0194381561279 -0.00304865670204 0.0192600135803
v -0.0195333786011 -0.00307250881195 0.0192600135803
v -0.0196273193359 -0.00310100460052 0.0192600135803
v -0.0197197418213 -0.00313407540321 0.0192600135803
v -0.0198104400635 -0.00317164158821 0.0192600135803
v -0.0198991775513 -0.00321361231804 0.0192600135803
v -0.019985748291 -0.00325988698006 0.0192600135803
v -0.0200699462891 -0.00331035399437 0.0192600135803
v -0.0201515731812 -0.00336489152908 0.0192600135803
v -0.0202304153442 -0.00342336821556 0.0192600135803
v -0.0235263595581 -0.0104742355347 0.0192600135803
v -0.0236373214722 -0.00850353240967 0.0192600135803
v -0.0203790359497 -0.00644855499268 0.0192600135803
v -0.0204484481812 -0.00637914228439 0.0192600135803
v -0.0205143737793 -0.00630640649796 0.0192600135803
v -0.0205766448975 -0.00623052406311 0.0192600135803
v -0.0206351242065 -0.00615167760849 0.0192600135803
v -0.0206896591187 -0.00607005643845 0.0192600135803
v -0.0207401275635 -0.00598585748672 0.0192600135803
v -0.0237030715942 -0.00669689035416 0.0192600135803
v -0.0207864074707 -0.00589928388596 0.0192600135803
v -0.0208283691406 -0.00581054353714 0.0192600135803
v -0.0208659362793 -0.005719851017 0.0192600135803
v -0.0208990097046 -0.00562742471695 0.0192600135803
v -0.0237475967407 -0.00656846952438 0.0192600135803
v -0.0209275054932 -0.00553348636627 0.0192600135803
v -0.0238188323975 -0.00633362483978 0.0192600135803
v -0.0209513549805 -0.00543826341629 0.0192600135803
v -0.0239038848877 -0.00597551250458 0.0192600135803
v -0.0209705047607 -0.00534198474884 0.0192600135803
v -0.0239458389282 -0.00573371362686 0.0192600135803
v -0.0209849090576 -0.00524488258362 0.0192600135803
v -0.0239758758545 -0.00549014663696 0.0192600135803
v -0.0209945373535 -0.00514719009399 0.0192600135803
v -0.023993927002 -0.0052453994751 0.0192600135803
v -0.0209993515015 -0.00504914331436 0.0192600135803
v -0.0239999542236 -0.00500006103516 0.0192600135803
v -0.0209993515015 -0.00495097875595 0.0192600135803
v -0.0232280273437 -0.000754521071911 0.0192600135803
v -0.0203062973022 -0.00348564338684 0.0192600135803
v -0.023486114502 -0.00122635889053 0.0192600135803
v -0.0203790359497 -0.00355156683922 0.0192600135803
v -0.0236100311279 -0.00154955589771 0.0192600135803
v -0.0204484481812 -0.00362098002434 0.0192600135803
v -0.0236784439087 -0.00177853572369 0.0192600135803
v -0.0205143737793 -0.00369371533394 0.0192600135803
v -0.023779006958 -0.00226140832901 0.0192600135803
v -0.0205766448975 -0.00376959776878 0.0192600135803
v -0.0238104171753 -0.00251179075241 0.0192600135803
v -0.0206351242065 -0.00384844470024 0.0192600135803
v -0.023828918457 -0.00276572275162 0.0192600135803
v -0.0206896591187 -0.00393006587029 0.0192600135803
v -0.0221111602783 -2.78863450512e-06 0.0192600135803
v -0.0221877593994 -1.09664369375e-05 0.0192600135803
v -0.0222640762329 -2.45795790106e-05 0.0192600135803
v -0.0223399810791 -4.36033084989e-05 0.0192600135803
v -0.0224153289795 -6.80030360818e-05 0.0192600135803
v -0.022489982605 -9.77343842387e-05 0.0192600135803
v -0.0209275054932 -0.00446663570404 0.0192600135803
v -0.023850112915 -0.0037851600647 0.0192600135803
v -0.0209513549805 -0.00456185865402 0.0192600135803
v -0.0208283691406 -0.00418957853317 0.0192600135803
v -0.0238139724731 -0.00364973282814 0.0192600135803
v -0.0208659362793 -0.00428027105331 0.0192600135803
v -0.0207401275635 -0.00401426458359 0.0192600135803
v -0.0238343734741 -0.00302135848999 0.0192600135803
v -0.0207864074707 -0.00410083818436 0.0192600135803
v -0.0208990097046 -0.00437269735336 0.0192600135803
v -0.0209945373535 -0.00485293197632 0.0192600135803
v -0.023993927002 -0.00475472259521 0.0192600135803
v -0.0209849090576 -0.00475523948669 0.0192600135803
v -0.0239758758545 -0.00450997543335 0.0192600135803
v -0.0209705047607 -0.00465813732147 0.0192600135803
v -0.0239458389282 -0.00426640844345 0.0192600135803
v -0.0239038848877 -0.00402460956573 0.0192600135803
v -0.0225638122559 -0.000132743299007 0.0192600135803
v -0.0226366729736 -0.000172966122627 0.0192600135803
v -0.022708442688 -0.000218329712749 0.0192600135803
v -0.0227789840698 -0.000268751591444 0.0192600135803
v -0.0228481750488 -0.000324140042067 0.0192600135803
v -0.0229158859253 -0.000384394347668 0.0192600135803
v -0.0229819869995 -0.00044940495491 0.0192600135803
v -0.02304637146 -0.000519053637981 0.0192600135803
v -0.0231089172363 -0.000593213796616 0.0192600135803
v -0.0231695098877 -0.000671750545502 0.0192600135803
v -0.0232843856812 -0.000841374874115 0.0192600135803
v -0.0233901824951 -0.00102669346333 0.0192600135803
v -0.0235715026855 -0.00143891954422 0.0192600135803
v -0.0238784637451 -0.00609556722641 0.0192600135803
v -0.0239984436035 -0.00512276697159 0.0192600135803
v -0.0237349090576 -0.0020163962841 0.0192600135803
v -0.0239623565674 -0.00438800764084 0.0192600135803
v -0.0199787979126 -0.0100000600815 0.0347400093079
v -0.018100730896 -0.00678650903702 0.0347400093079
v -0.0181894721985 -0.00682848024368 0.0347400093079
v -0.018280166626 -0.00686604595184 0.0347400093079
v -0.0183725891113 -0.00689911699295 0.0347400093079
v -0.0184665298462 -0.00692761278152 0.0347400093079
v -0.0185617523193 -0.00695146465302 0.0347400093079
v -0.0186580276489 -0.0069706158638 0.0347400093079
v -0.0187551345825 -0.00698501968384 0.0347400093079
v -0.0188528251648 -0.00699464130402 0.0347400093079
v -0.0189508743286 -0.00699945831299 0.0347400093079
v -0.0190490341187 -0.00699945831299 0.0347400093079
v -0.0191470794678 -0.00699464130402 0.0347400093079
v -0.0192447738647 -0.00698501968384 0.0347400093079
v -0.0193418807983 -0.0069706158638 0.0347400093079
v -0.0194381561279 -0.00695146465302 0.0347400093079
v -0.0180141601563 -0.0032598862648 0.0347400093079
v -0.018100730896 -0.00321361160278 0.0347400093079
v -0.0181894721985 -0.00317164087296 0.0347400093079
v -0.018280166626 -0.00313407468796 0.0347400093079
v -0.0183725891113 -0.00310100388527 0.0347400093079
v -0.0184665298462 -0.00307250809669 0.0347400093079
v -0.0185617523193 -0.00304865598679 0.0347400093079
v -0.0186580276489 -0.00302950501442 0.0347400093079
v -0.0187551345825 -0.00301510119438 0.0347400093079
v -0.0188528251648 -0.00300547933578 0.0347400093079
v -0.0189508743286 -0.00300066256523 0.0347400093079
v -0.0190490341187 -0.00300066256523 0.0347400093079
v -0.0191470794678 -0.00300547933578 0.0347400093079
v -0.0192447738647 -0.00301510119438 0.0347400093079
v -0.0194381561279 -0.00304865598679 0.0347400093079
v -0.0193418807983 -0.00302950501442 0.0347400093079
v -0.0195333786011 -0.00692761278152 0.0347400093079
v -0.0196273193359 -0.00689911699295 0.0347400093079
v -0.0197197418213 -0.00686604595184 0.0347400093079
v -0.0198104400635 -0.00682848024368 0.0347400093079
v -0.0198991775513 -0.00678650903702 0.0347400093079
v -0.019985748291 -0.006740234375 0.0347400093079
v -0.0200699462891 -0.00668976783752 0.0347400093079
v -0.0201515731812 -0.00663523006439 0.0347400093079
v -0.0202304153442 -0.00657675361633 0.0347400093079
v -0.0203062973022 -0.00651447820663 0.0347400093079
v -0.0203790359497 -0.00644855451584 0.0347400093079
v -0.0204484481812 -0.00637914180756 0.0347400093079
v -0.0205143737793 -0.00630640602112 0.0347400093079
v -0.0205766448975 -0.00623052358627 0.0347400093079
v -0.0206351242065 -0.00615167713165 0.0347400093079
v -0.0206896591187 -0.00607005596161 0.0347400093079
v -0.0207401275635 -0.00598585700989 0.0347400093079
v -0.0207864074707 -0.00589928340912 0.0347400093079
v -0.0208283691406 -0.0058105430603 0.0347400093079
v -0.0208659362793 -0.00571985054016 0.0347400093079
v -0.0208990097046 -0.00562742424011 0.0347400093079
v -0.0209275054932 -0.00553348588943 0.0347400093079
v -0.0209513549805 -0.00543826293945 0.0347400093079
v -0.0209705047607 -0.005341984272 0.0347400093079
v -0.0209849090576 -0.00524488210678 0.0347400093079
v -0.0209945373535 -0.00514718961716 0.0347400093079
v -0.0209993515015 -0.00504914283752 0.0347400093079
v -0.0209993515015 -0.00495097827911 0.0347400093079
v -0.0209945373535 -0.00485293149948 0.0347400093079
v -0.0195333786011 -0.00307250809669 0.0347400093079
v -0.0196273193359 -0.00310100388527 0.0347400093079
v -0.0197197418213 -0.00313407468796 0.0347400093079
v -0.0198104400635 -0.00317164087296 0.0347400093079
v -0.0198991775513 -0.00321361160278 0.0347400093079
v -0.019985748291 -0.0032598862648 0.0347400093079
v -0.0200699462891 -0.00331035327911 0.0347400093079
v -0.0201515731812 -0.00336489081383 0.0347400093079
v -0.0205143737793 -0.00369371461868 0.0347400093079
v -0.0205766448975 -0.00376959705353 0.0347400093079
v -0.0202304153442 -0.00342336750031 0.0347400093079
v -0.0203062973022 -0.00348564267159 0.0347400093079
v -0.0203790359497 -0.00355156612396 0.0347400093079
v -0.0204484481812 -0.00362097930908 0.0347400093079
v -0.0206351242065 -0.00384844398499 0.0347400093079
v -0.0206896591187 -0.00393006515503 0.0347400093079
v -0.0207401275635 -0.00401426410675 0.0347400093079
v -0.0207864074707 -0.00410083770752 0.0347400093079
v -0.0208659362793 -0.00428027057648 0.0347400093079
v -0.0209849090576 -0.00475523900986 0.0347400093079
v -0.0209705047607 -0.00465813684464 0.0347400093079
v -0.0209513549805 -0.00456185817719 0.0347400093079
v -0.0209275054932 -0.0044666352272 0.0347400093079
v -0.0208990097046 -0.00437269687653 0.0347400093079
v -0.0208283691406 -0.00418957805634 0.0347400093079
v -0.0227594146729 -0.0177815132141 0.0347400093079
v -0.023415397644 -0.011846326828 0.0347400093079
v -0.0235263595581 -0.010474234581 0.0347400093079
v -0.0221111602783 -2.78795789927e-06 0.0347400093079
v -0.0221877593994 -1.09657598659e-05 0.0347400093079
v -0.0222640762329 -2.45789028704e-05 0.0347400093079
v -0.0223399810791 -4.3602630496e-05 0.0347400093079
v -0.0224153289795 -6.8002358079e-05 0.0347400093079
v -0.022489982605 -9.77337062359e-05 0.0347400093079
v -0.0236373214722 -0.00850353145599 0.0347400093079
v -0.0237030715942 -0.00669688987732 0.0347400093079
v -0.0237475967407 -0.00656846904755 0.0347400093079
v -0.0238188323975 -0.00633362436295 0.0347400093079
v -0.0238784637451 -0.00609556674957 0.0347400093079
v -0.0239038848877 -0.00597551202774 0.0347400093079
v -0.0239458389282 -0.00573371315002 0.0347400093079
v -0.0239758758545 -0.00549014616013 0.0347400093079
v -0.023993927002 -0.00524539899826 0.0347400093079
v -0.0239984436035 -0.00512276649475 0.0347400093079
v -0.0239999542236 -0.00500006055832 0.0347400093079
v -0.0225638122559 -0.000132742628455 0.0347400093079
v -0.0226366729736 -0.000172965452075 0.0347400093079
v -0.022708442688 -0.000218329042196 0.0347400093079
v -0.0227789840698 -0.000268750905991 0.0347400093079
v -0.0228481750488 -0.000324139356613 0.0347400093079
v -0.0229158859253 -0.000384393662214 0.0347400093079
v -0.0229819869995 -0.000449404269457 0.0347400093079
v -0.02304637146 -0.00051905298233 0.0347400093079
v -0.0231695098877 -0.000671749889851 0.0347400093079
v -0.0232280273437 -0.00075452041626 0.0347400093079
v -0.0231089172363 -0.000593213140965 0.0347400093079
v -0.023993927002 -0.00475472211838 0.0347400093079
v -0.0239758758545 -0.00450997495651 0.0347400093079
v -0.0239623565674 -0.004388007164 0.0347400093079
v -0.023850112915 -0.00378515934944 0.0347400093079
v -0.0239038848877 -0.0040246090889 0.0347400093079
v -0.0239458389282 -0.00426640796661 0.0347400093079
v -0.0238139724731 -0.00364973211288 0.0347400093079
v -0.0238343734741 -0.00302135777473 0.0347400093079
v -0.023828918457 -0.00276572203636 0.0347400093079
v -0.0235715026855 -0.00143891882896 0.0347400093079
v -0.0236100311279 -0.00154955518246 0.0347400093079
v -0.0232843856812 -0.000841374218464 0.0347400093079
v -0.0233901824951 -0.00102669274807 0.0347400093079
v -0.023486114502 -0.00122635817528 0.0347400093079
v -0.0237349090576 -0.00201639556885 0.0347400093079
v -0.023779006958 -0.00226140761375 0.0347400093079
v -0.0238104171753 -0.00251179003716 0.0347400093079
v -0.0236784439087 -0.00177853500843 0.0347400093079
f 1 3 2
f 3 4 2
f 4 5 2
f 6 7 2
f 8 6 2
f 7 9 2
f 9 1 2
f 5 10 2
f 10 11 2
f 11 12 2
f 12 13 2
f 13 14 2
f 14 15 2
f 15 16 2
f 16 17 2
f 17 18 2
f 18 19 2
f 19 20 2
f 20 21 2
f 21 22 2
f 22 23 2
f 23 24 2
f 24 25 2
f 25 26 2
f 8 2 27
f 8 27 28
f 26 29 2
f 29 30 2
f 8 28 31
f 8 31 32
f 8 32 33
f 27 34 28
f 29 35 30
f 27 35 34
f 35 29 34
f 29 36 34
f 31 37 32
f 36 38 34
f 31 39 37
f 40 3 1
f 41 9 7
f 42 7 6
f 43 6 8
f 44 1 9
f 45 4 3
f 46 5 4
f 47 10 5
f 48 11 10
f 49 12 11
f 50 13 12
f 51 14 13
f 52 15 14
f 53 16 15
f 54 17 16
f 55 18 17
f 56 19 18
f 57 20 19
f 58 21 20
f 59 22 21
f 60 23 22
f 61 24 23
f 62 25 24
f 63 26 25
f 64 29 26
f 65 27 2
f 66 2 30
f 67 35 27
f 68 31 28
f 69 30 35
f 70 36 29
f 71 28 34
f 72 39 31
f 73 34 38
f 74 38 39
f 75 32 37
f 76 8 33
f 33 78 77
f 79 81 80
f 82 84 83
f 85 87 86
f 88 33 32
f 89 79 77
f 90 82 80
f 91 85 83
f 92 93 33
f 94 95 79
f 96 97 82
f 98 99 85
f 36 39 38
f 39 36 37
f 36 100 37
f 100 93 37
f 93 100 78
f 100 101 78
f 102 37 93
f 103 100 36
f 104 101 100
f 33 93 78
f 79 95 81
f 82 97 84
f 101 95 78
f 95 101 81
f 101 97 81
f 85 99 87
f 105 107 106
f 108 77 78
f 109 80 81
f 110 83 84
f 111 78 95
f 112 81 97
f 113 86 87
f 114 115 106
f 44 9 41
f 41 7 42
f 42 6 43
f 40 1 44
f 45 3 40
f 46 4 45
f 47 5 46
f 48 10 47
f 49 11 48
f 50 12 49
f 51 13 50
f 52 14 51
f 53 15 52
f 54 16 53
f 55 17 54
f 56 18 55
f 57 19 56
f 58 20 57
f 59 21 58
f 60 22 59
f 61 23 60
f 62 24 61
f 63 25 62
f 64 26 63
f 65 2 66
f 67 27 65
f 69 35 67
f 68 28 71
f 72 31 68
f 70 29 64
f 66 30 69
f 71 34 73
f 88 32 75
f 73 38 74
f 74 39 72
f 40 65 45
f 45 65 46
f 46 65 47
f 42 65 41
f 43 65 42
f 41 65 44
f 44 65 40
f 47 65 48
f 48 65 49
f 49 65 50
f 50 65 51
f 51 65 52
f 52 65 53
f 53 65 54
f 54 65 55
f 55 65 56
f 56 65 57
f 57 65 58
f 58 65 59
f 59 65 60
f 60 65 61
f 61 65 62
f 62 65 63
f 63 65 64
f 43 67 65
f 43 68 67
f 64 65 70
f 70 65 66
f 43 72 68
f 43 88 72
f 43 92 88
f 67 68 71
f 70 66 69
f 67 71 69
f 69 71 70
f 70 71 103
f 72 88 75
f 103 71 73
f 72 75 74
f 43 8 116
f 92 33 88
f 94 79 89
f 96 82 90
f 98 85 91
f 89 77 108
f 102 93 92
f 90 80 109
f 91 83 110
f 117 86 113
f 116 92 43
f 92 89 108
f 94 90 109
f 96 91 110
f 98 117 113
f 103 36 70
f 75 37 102
f 104 100 103
f 103 73 74
f 74 75 103
f 103 75 104
f 104 75 102
f 102 108 104
f 104 108 118
f 111 95 94
f 108 78 111
f 112 97 96
f 119 99 98
f 109 81 112
f 118 101 104
f 110 84 119
f 120 107 121
f 92 108 102
f 94 109 111
f 96 110 112
f 118 108 111
f 111 109 118
f 118 109 112
f 98 113 119
f 121 114 120
f 76 33 77
f 76 77 79
f 76 79 80
f 76 80 82
f 76 82 83
f 76 83 85
f 86 76 85
f 86 105 76
f 105 115 76
f 115 122 76
f 122 123 76
f 123 124 76
f 124 125 76
f 105 106 115
f 126 128 127
f 117 105 86
f 129 122 115
f 130 124 123
f 116 8 76
f 131 126 125
f 132 133 127
f 134 136 135
f 121 107 105
f 137 138 133
f 125 126 76
f 126 127 76
f 127 133 76
f 133 135 76
f 135 136 76
f 136 139 76
f 139 140 76
f 140 141 76
f 141 142 76
f 142 143 76
f 143 144 76
f 144 145 76
f 145 146 76
f 147 148 76
f 149 150 148
f 151 152 150
f 151 153 152
f 151 154 153
f 151 155 154
f 151 156 155
f 151 157 156
f 151 158 157
f 151 159 158
f 151 160 159
f 146 161 76
f 146 163 162
f 146 164 163
f 146 166 165
f 146 165 164
f 146 167 166
f 146 168 167
f 146 170 169
f 146 169 161
f 146 171 170
f 146 162 171
f 172 173 76
f 174 172 76
f 161 174 76
f 173 175 76
f 175 176 76
f 176 177 76
f 178 179 76
f 177 178 76
f 179 180 76
f 180 181 76
f 181 182 76
f 182 183 76
f 183 184 76
f 184 185 76
f 185 186 76
f 186 187 76
f 187 188 76
f 188 189 76
f 189 147 76
f 151 190 160
f 151 191 190
f 151 192 191
f 151 193 192
f 151 194 193
f 151 195 194
f 151 196 195
f 151 197 196
f 151 198 197
f 151 199 198
f 151 200 199
f 151 201 200
f 151 202 201
f 151 203 202
f 151 204 203
f 151 205 204
f 147 149 148
f 149 151 150
f 151 207 206
f 151 208 205
f 151 206 208
f 207 209 206
f 146 210 168
f 146 211 210
f 146 212 211
f 146 213 212
f 146 214 213
f 146 215 214
f 146 216 215
f 146 218 217
f 146 219 216
f 146 217 219
f 146 220 218
f 146 221 220
f 146 222 221
f 146 223 222
f 146 224 223
f 146 225 224
f 146 226 225
f 146 227 226
f 146 228 227
f 146 229 228
f 146 230 229
f 146 231 230
f 146 232 231
f 146 233 232
f 209 234 206
f 234 235 206
f 235 236 206
f 236 237 206
f 237 238 206
f 238 239 206
f 239 240 206
f 240 241 206
f 241 242 206
f 242 243 206
f 243 244 206
f 244 245 206
f 245 246 206
f 246 247 206
f 247 248 206
f 248 249 206
f 249 250 206
f 250 251 206
f 251 252 206
f 252 253 206
f 253 254 206
f 254 255 206
f 255 256 206
f 256 257 206
f 146 258 233
f 146 259 258
f 146 260 259
f 146 261 260
f 146 262 261
f 263 264 206
f 257 263 206
f 264 265 206
f 265 266 206
f 266 267 206
f 268 140 139
f 269 142 141
f 270 144 143
f 271 146 145
f 272 76 148
f 273 148 150
f 274 150 152
f 275 152 153
f 276 153 154
f 277 154 155
f 278 155 156
f 279 156 157
f 280 157 158
f 281 158 159
f 282 159 160
f 283 160 190
f 284 190 191
f 285 191 192
f 286 192 193
f 287 193 194
f 288 194 195
f 289 195 196
f 290 196 197
f 291 197 198
f 292 198 199
f 293 199 200
f 294 200 201
f 295 201 202
f 296 202 203
f 297 203 204
f 298 204 205
f 299 205 208
f 300 208 206
f 301 163 164
f 302 172 174
f 303 174 161
f 304 161 169
f 305 169 170
f 306 173 172
f 307 176 175
f 308 175 173
f 309 177 176
f 310 178 177
f 311 179 178
f 312 170 171
f 313 171 162
f 314 162 163
f 315 164 165
f 316 165 166
f 317 166 167
f 318 167 168
f 319 168 210
f 320 210 211
f 321 211 212
f 322 212 213
f 323 213 214
f 324 214 215
f 325 215 216
f 326 216 219
f 327 219 217
f 328 217 218
f 329 180 179
f 330 181 180
f 331 182 181
f 332 183 182
f 333 184 183
f 334 185 184
f 335 186 185
f 336 187 186
f 337 188 187
f 338 189 188
f 339 147 189
f 340 149 147
f 341 151 149
f 342 207 151
f 343 209 207
f 344 234 209
f 345 235 234
f 346 236 235
f 347 237 236
f 348 238 237
f 349 239 238
f 350 240 239
f 351 241 240
f 352 242 241
f 353 243 242
f 354 244 243
f 355 218 220
f 356 220 221
f 357 221 222
f 358 222 223
f 359 223 224
f 360 224 225
f 361 225 226
f 362 226 227
f 363 227 228
f 364 228 229
f 365 229 230
f 366 230 231
f 367 231 232
f 368 232 233
f 369 233 258
f 370 258 259
f 371 245 244
f 372 246 245
f 373 247 246
f 374 248 247
f 375 249 248
f 376 250 249
f 377 251 250
f 378 252 251
f 379 253 252
f 380 254 253
f 381 255 254
f 382 256 255
f 383 257 256
f 384 263 257
f 385 264 263
f 122 386 123
f 124 387 125
f 133 388 135
f 136 389 139
f 122 390 386
f 124 391 387
f 126 392 128
f 133 138 388
f 393 390 122
f 394 391 124
f 395 392 126
f 396 389 136
f 397 123 386
f 398 125 387
f 399 127 128
f 400 135 388
f 140 401 141
f 142 402 143
f 144 403 145
f 146 404 262
f 267 405 206
f 404 406 262
f 407 408 406
f 409 410 408
f 411 412 410
f 413 414 412
f 415 416 414
f 417 418 416
f 419 420 418
f 421 422 420
f 423 424 422
f 425 426 424
f 427 428 426
f 429 430 428
f 431 432 430
f 433 434 432
f 435 436 434
f 437 438 436
f 439 440 438
f 441 442 440
f 443 442 444
f 267 446 445
f 446 448 447
f 449 451 450
f 452 449 453
f 454 452 455
f 456 458 457
f 459 456 460
f 458 462 461
f 462 464 463
f 465 467 466
f 464 469 468
f 469 465 470
f 467 454 471
f 472 443 473
f 474 472 475
f 451 474 476
f 448 459 477
f 478 479 140
f 480 402 142
f 481 403 144
f 482 483 146
f 484 259 260
f 485 260 261
f 486 261 262
f 487 262 406
f 488 406 408
f 489 408 410
f 490 410 412
f 491 412 414
f 492 414 416
f 493 416 418
f 494 418 420
f 495 420 422
f 496 422 424
f 497 424 426
f 498 426 428
f 499 428 430
f 500 430 432
f 501 432 434
f 502 434 436
f 503 436 438
f 504 438 440
f 505 440 442
f 506 442 443
f 507 265 264
f 508 267 266
f 509 266 265
f 510 446 267
f 511 448 446
f 512 458 456
f 513 462 458
f 514 464 462
f 515 469 464
f 516 459 448
f 517 456 459
f 518 452 454
f 519 451 449
f 520 449 452
f 521 465 469
f 522 467 465
f 523 454 467
f 524 474 451
f 525 472 474
f 526 443 472
f 121 105 117
f 393 122 129
f 394 124 130
f 395 126 131
f 137 133 132
f 396 136 134
f 129 115 114
f 132 127 399
f 116 89 92
f 116 94 89
f 116 90 94
f 116 96 90
f 116 91 96
f 116 98 91
f 117 98 116
f 117 116 121
f 121 116 129
f 129 116 393
f 393 116 130
f 130 116 394
f 394 116 131
f 121 129 114
f 395 132 399
f 478 140 268
f 480 142 269
f 481 144 270
f 482 146 271
f 116 76 272
f 272 148 273
f 273 150 274
f 274 152 275
f 275 153 276
f 276 154 277
f 277 155 278
f 278 156 279
f 279 157 280
f 280 158 281
f 281 159 282
f 282 160 283
f 283 190 284
f 284 191 285
f 285 192 286
f 286 193 287
f 287 194 288
f 288 195 289
f 289 196 290
f 290 197 291
f 291 198 292
f 292 199 293
f 293 200 294
f 294 201 295
f 295 202 296
f 296 203 297
f 297 204 298
f 298 205 299
f 299 208 300
f 314 163 301
f 302 174 303
f 305 170 312
f 303 161 304
f 304 169 305
f 308 173 306
f 307 175 308
f 306 172 302
f 309 176 307
f 310 177 309
f 311 178 310
f 329 179 311
f 312 171 313
f 313 162 314
f 301 164 315
f 315 165 316
f 316 166 317
f 317 167 318
f 318 168 319
f 319 210 320
f 320 211 321
f 321 212 322
f 322 213 323
f 323 214 324
f 324 215 325
f 325 216 326
f 326 219 327
f 327 217 328
f 328 218 355
f 330 180 329
f 331 181 330
f 332 182 331
f 333 183 332
f 334 184 333
f 335 185 334
f 336 186 335
f 337 187 336
f 338 188 337
f 339 189 338
f 340 147 339
f 341 149 340
f 342 151 341
f 343 207 342
f 344 209 343
f 345 234 344
f 346 235 345
f 347 236 346
f 348 237 347
f 349 238 348
f 350 239 349
f 351 240 350
f 352 241 351
f 353 242 352
f 354 243 353
f 355 220 356
f 356 221 357
f 357 222 358
f 358 223 359
f 359 224 360
f 360 225 361
f 361 226 362
f 362 227 363
f 363 228 364
f 364 229 365
f 365 230 366
f 366 231 367
f 367 232 368
f 368 233 369
f 369 258 370
f 371 244 354
f 372 245 371
f 373 246 372
f 374 247 373
f 375 248 374
f 376 249 375
f 377 250 376
f 378 251 377
f 379 252 378
f 380 253 379
f 381 254 380
f 382 255 381
f 383 256 382
f 384 257 383
f 385 263 384
f 507 264 385
f 131 116 395
f 395 116 132
f 132 116 137
f 137 116 134
f 134 116 396
f 396 116 268
f 268 116 478
f 478 116 269
f 269 116 480
f 480 116 270
f 270 116 481
f 481 116 271
f 271 116 482
f 340 116 272
f 341 272 273
f 342 273 274
f 342 274 275
f 342 275 276
f 342 276 277
f 342 277 278
f 342 278 279
f 342 279 280
f 342 280 281
f 342 281 282
f 482 116 303
f 482 313 314
f 482 314 301
f 482 315 316
f 482 301 315
f 482 316 317
f 482 317 318
f 482 304 305
f 482 303 304
f 482 305 312
f 482 312 313
f 306 116 308
f 302 116 306
f 303 116 302
f 308 116 307
f 307 116 309
f 309 116 310
f 311 116 329
f 310 116 311
f 329 116 330
f 330 116 331
f 331 116 332
f 332 116 333
f 333 116 334
f 334 116 335
f 335 116 336
f 336 116 337
f 337 116 338
f 338 116 339
f 339 116 340
f 342 282 283
f 342 283 284
f 342 284 285
f 342 285 286
f 342 286 287
f 342 287 288
f 342 288 289
f 342 289 290
f 342 290 291
f 342 291 292
f 342 292 293
f 342 293 294
f 342 294 295
f 342 295 296
f 342 296 297
f 342 297 298
f 340 272 341
f 341 273 342
f 342 300 343
f 342 298 299
f 342 299 300
f 343 300 344
f 482 318 319
f 482 319 320
f 482 320 321
f 482 321 322
f 482 322 323
f 482 323 324
f 482 324 325
f 482 327 328
f 482 325 326
f 482 326 327
f 482 328 355
f 482 355 356
f 482 356 357
f 482 357 358
f 482 358 359
f 482 359 360
f 482 360 361
f 482 361 362
f 482 362 363
f 482 363 364
f 482 364 365
f 482 365 366
f 482 366 367
f 482 367 368
f 344 300 345
f 345 300 346
f 346 300 347
f 347 300 348
f 348 300 349
f 349 300 350
f 350 300 351
f 351 300 352
f 352 300 353
f 353 300 354
f 354 300 371
f 371 300 372
f 372 300 373
f 373 300 374
f 374 300 375
f 375 300 376
f 376 300 377
f 377 300 378
f 378 300 379
f 379 300 380
f 380 300 381
f 381 300 382
f 382 300 383
f 383 300 384
f 482 368 369
f 482 369 370
f 482 370 484
f 482 484 485
f 482 485 486
f 385 300 507
f 384 300 385
f 507 300 509
f 509 300 508
f 508 300 510
f 130 123 397
f 131 125 398
f 134 135 400
f 268 139 527
f 528 390 393
f 529 391 394
f 530 392 395
f 531 138 137
f 532 389 396
f 393 130 397
f 394 131 398
f 137 134 400
f 396 268 532
f 393 397 528
f 394 398 529
f 395 399 530
f 137 400 531
f 269 141 533
f 270 143 534
f 271 145 535
f 370 259 484
f 484 260 485
f 485 261 486
f 486 262 487
f 487 406 488
f 488 408 489
f 489 410 490
f 490 412 491
f 491 414 492
f 492 416 493
f 493 418 494
f 494 420 495
f 495 422 496
f 496 424 497
f 497 426 498
f 498 428 499
f 499 430 500
f 500 432 501
f 501 434 502
f 502 436 503
f 503 438 504
f 504 440 505
f 505 442 506
f 509 265 507
f 508 266 509
f 510 267 508
f 511 446 510
f 516 448 511
f 512 456 517
f 513 458 512
f 514 462 513
f 521 469 515
f 515 464 514
f 517 459 516
f 520 452 518
f 519 449 520
f 522 465 521
f 523 467 522
f 518 454 523
f 526 472 525
f 525 474 524
f 506 443 526
f 524 451 519
f 300 206 536
f 478 269 533
f 480 270 537
f 481 271 538
f 482 486 539
f 510 300 540
f 539 486 487
f 541 487 488
f 542 488 489
f 543 489 490
f 544 490 491
f 545 491 492
f 546 492 493
f 547 493 494
f 548 494 495
f 549 495 496
f 550 496 497
f 551 497 498
f 552 498 499
f 553 499 500
f 554 500 501
f 555 501 502
f 556 502 503
f 557 503 504
f 558 504 505
f 506 559 505
f 510 560 511
f 511 561 516
f 519 562 524
f 520 563 519
f 518 564 520
f 512 565 513
f 517 566 512
f 513 567 514
f 514 568 515
f 522 569 523
f 515 570 521
f 521 571 522
f 523 572 518
f 526 573 506
f 525 574 526
f 524 575 525
f 516 576 517
f 97 577 84
f 101 577 97
f 578 99 84
f 577 578 84
f 578 579 99
f 99 579 87
f 579 580 87
f 581 107 87
f 107 582 106
f 580 581 87
f 581 582 107
f 582 390 106
f 582 583 390
f 118 577 101
f 119 84 99
f 584 578 577
f 585 579 578
f 120 87 107
f 528 106 390
f 586 580 579
f 587 581 580
f 588 582 581
f 589 583 582
f 584 577 118
f 585 578 584
f 113 87 120
f 114 106 528
f 586 579 585
f 587 580 586
f 588 581 587
f 589 582 588
f 590 583 589
f 112 110 584
f 118 112 584
f 585 110 119
f 584 110 585
f 585 119 586
f 119 113 586
f 586 113 587
f 588 113 120
f 120 114 589
f 587 113 588
f 588 120 589
f 589 114 528
f 589 528 590
f 389 591 139
f 390 583 386
f 392 592 128
f 392 594 593
f 594 596 595
f 583 391 386
f 583 597 391
f 391 598 387
f 596 600 599
f 600 601 599
f 601 603 602
f 392 604 592
f 392 605 604
f 392 606 605
f 392 607 606
f 392 608 607
f 603 610 609
f 610 611 609
f 392 612 608
f 392 593 612
f 594 595 593
f 596 599 595
f 598 611 387
f 603 609 602
f 611 613 609
f 611 614 613
f 601 602 599
f 611 615 614
f 611 616 615
f 611 617 616
f 611 618 617
f 611 619 618
f 611 620 619
f 621 623 622
f 624 621 625
f 623 128 622
f 626 624 627
f 628 626 627
f 629 628 630
f 631 629 632
f 633 631 634
f 138 633 635
f 138 636 388
f 636 637 388
f 128 639 638
f 128 640 639
f 128 641 640
f 621 622 625
f 624 625 627
f 128 642 622
f 128 638 642
f 628 627 630
f 629 630 632
f 631 632 634
f 633 634 635
f 138 635 643
f 138 643 644
f 138 644 645
f 138 645 646
f 138 646 647
f 128 648 641
f 592 648 128
f 138 647 649
f 138 649 650
f 138 650 651
f 138 651 636
f 652 653 637
f 654 655 653
f 656 657 655
f 658 659 657
f 660 661 659
f 662 663 661
f 662 389 663
f 636 652 637
f 652 654 653
f 654 656 655
f 656 658 657
f 658 660 659
f 660 662 661
f 662 664 389
f 664 665 389
f 665 666 389
f 666 667 389
f 667 668 389
f 668 669 389
f 669 670 389
f 670 671 389
f 671 672 389
f 672 673 389
f 673 674 389
f 674 675 389
f 675 676 389
f 676 677 389
f 527 139 591
f 678 128 623
f 679 623 621
f 680 621 624
f 681 624 626
f 682 626 628
f 683 628 629
f 684 629 631
f 685 631 633
f 531 633 138
f 686 388 637
f 529 386 391
f 530 594 392
f 687 596 594
f 688 600 596
f 689 601 600
f 690 603 601
f 691 387 611
f 692 611 610
f 693 610 603
f 694 607 608
f 695 608 612
f 696 612 593
f 697 593 595
f 698 595 599
f 699 599 602
f 700 602 609
f 701 637 653
f 702 653 655
f 703 655 657
f 704 657 659
f 705 659 661
f 706 661 663
f 532 663 389
f 707 622 642
f 708 642 638
f 709 627 625
f 710 630 627
f 711 625 622
f 712 640 641
f 713 641 648
f 714 648 592
f 715 638 639
f 716 639 640
f 717 632 630
f 718 634 632
f 719 635 634
f 720 643 635
f 721 644 643
f 722 645 644
f 723 646 645
f 724 647 646
f 725 649 647
f 726 650 649
f 727 592 604
f 728 604 605
f 729 605 606
f 730 606 607
f 731 651 650
f 732 636 651
f 733 652 636
f 734 654 652
f 735 656 654
f 736 658 656
f 737 660 658
f 738 662 660
f 739 664 662
f 740 665 664
f 741 666 665
f 140 479 401
f 402 742 143
f 403 743 145
f 146 744 404
f 146 745 744
f 146 746 745
f 146 747 746
f 146 748 747
f 146 749 748
f 146 483 749
f 405 750 206
f 750 751 206
f 751 752 206
f 752 753 206
f 753 754 206
f 754 755 206
f 755 756 206
f 756 757 206
f 757 758 206
f 758 759 206
f 759 760 206
f 760 761 206
f 761 762 206
f 409 411 410
f 417 419 418
f 415 417 416
f 411 413 412
f 413 415 414
f 433 435 434
f 435 437 436
f 437 439 438
f 439 441 440
f 441 444 442
f 443 444 473
f 419 421 420
f 421 423 422
f 423 425 424
f 425 427 426
f 427 429 428
f 429 431 430
f 431 433 432
f 407 409 408
f 404 407 406
f 472 473 475
f 474 475 476
f 451 476 450
f 449 450 453
f 452 453 455
f 454 455 471
f 467 471 466
f 465 466 470
f 469 470 468
f 464 468 463
f 462 463 461
f 458 461 457
f 456 457 460
f 459 460 477
f 448 477 447
f 446 447 445
f 267 445 405
f 762 763 206
f 533 141 401
f 534 143 742
f 535 145 743
f 536 206 763
f 556 439 437
f 554 435 433
f 555 437 435
f 557 441 439
f 558 444 441
f 559 473 444
f 553 433 431
f 552 431 429
f 551 429 427
f 549 425 423
f 548 423 421
f 550 427 425
f 546 419 417
f 545 417 415
f 544 415 413
f 543 413 411
f 542 411 409
f 547 421 419
f 541 409 407
f 539 407 404
f 764 745 746
f 765 404 744
f 766 744 745
f 573 475 473
f 574 476 475
f 575 450 476
f 562 453 450
f 563 455 453
f 564 471 455
f 572 466 471
f 569 470 466
f 571 468 470
f 570 463 468
f 568 461 463
f 567 457 461
f 565 460 457
f 566 477 460
f 576 447 477
f 561 445 447
f 560 405 445
f 540 750 405
f 767 751 750
f 768 752 751
f 391 597 769
f 391 769 770
f 391 770 598
f 611 771 620
f 611 772 771
f 611 773 772
f 611 774 773
f 611 775 774
f 611 776 775
f 611 777 776
f 598 778 611
f 778 779 611
f 779 780 611
f 780 781 611
f 781 782 611
f 611 783 777
f 782 784 611
f 784 785 611
f 785 783 611
f 783 786 777
f 783 787 786
f 783 788 787
f 783 789 788
f 783 790 789
f 783 791 790
f 783 792 791
f 793 794 792
f 795 796 794
f 797 798 796
f 799 800 798
f 677 801 389
f 801 802 389
f 802 803 389
f 803 804 389
f 804 805 389
f 389 806 591
f 804 807 805
f 807 808 805
f 808 809 805
f 809 810 805
f 810 811 805
f 811 812 805
f 813 814 805
f 814 816 815
f 812 817 805
f 817 818 805
f 818 813 805
f 819 479 591
f 389 805 806
f 806 820 591
f 820 819 591
f 783 821 792
f 821 793 792
f 793 795 794
f 795 797 796
f 822 823 800
f 824 825 823
f 826 827 825
f 828 829 827
f 797 799 798
f 799 830 800
f 830 822 800
f 831 832 829
f 833 834 832
f 835 836 834
f 837 838 836
f 822 824 823
f 824 826 825
f 826 839 827
f 839 828 827
f 828 831 829
f 831 833 832
f 833 835 834
f 835 840 836
f 840 837 836
f 837 841 838
f 841 843 842
f 843 844 842
f 844 846 845
f 841 842 838
f 816 848 847
f 848 850 849
f 850 852 851
f 852 854 853
f 854 856 855
f 856 858 857
f 858 860 859
f 860 862 861
f 862 864 863
f 814 815 805
f 816 847 865
f 816 865 815
f 844 845 842
f 846 866 845
f 867 868 866
f 869 870 868
f 871 872 870
f 873 874 872
f 875 876 874
f 877 878 876
f 864 880 879
f 881 883 882
f 884 881 885
f 880 884 886
f 887 878 888
f 889 887 890
f 891 889 892
f 883 891 893
f 848 849 847
f 850 894 849
f 850 851 894
f 852 853 851
f 854 855 853
f 856 857 855
f 858 895 857
f 858 859 895
f 479 819 896
f 846 867 866
f 867 897 868
f 884 885 898
f 897 869 868
f 869 871 870
f 871 873 872
f 873 875 874
f 875 899 876
f 899 877 876
f 877 900 878
f 878 900 888
f 887 888 890
f 889 890 892
f 883 893 882
f 891 892 893
f 881 882 885
f 862 901 861
f 862 863 901
f 860 861 859
f 880 886 879
f 864 879 863
f 884 898 886
f 590 597 583
f 902 769 597
f 903 609 613
f 904 613 614
f 905 615 616
f 906 614 615
f 907 616 617
f 908 617 618
f 909 618 619
f 910 619 620
f 911 620 771
f 912 771 772
f 913 772 773
f 914 773 774
f 915 774 775
f 916 775 776
f 917 776 777
f 918 777 786
f 919 770 769
f 920 598 770
f 921 778 598
f 922 786 787
f 923 787 788
f 924 788 789
f 925 789 790
f 926 790 791
f 927 791 792
f 928 792 794
f 929 794 796
f 930 796 798
f 931 779 778
f 932 780 779
f 933 781 780
f 934 782 781
f 935 784 782
f 936 798 800
f 937 800 823
f 938 823 825
f 939 825 827
f 940 667 666
f 941 668 667
f 942 669 668
f 943 670 669
f 944 671 670
f 945 672 671
f 946 673 672
f 947 674 673
f 948 675 674
f 949 676 675
f 950 677 676
f 951 801 677
f 952 802 801
f 953 803 802
f 954 804 803
f 955 807 804
f 956 591 479
f 957 808 807
f 958 809 808
f 959 810 809
f 960 811 810
f 961 817 812
f 962 818 817
f 963 812 811
f 964 813 818
f 965 814 813
f 966 827 829
f 967 829 832
f 968 832 834
f 969 834 836
f 970 836 838
f 971 838 842
f 972 842 845
f 973 845 866
f 974 866 868
f 975 868 870
f 976 870 872
f 977 872 874
f 978 874 876
f 979 856 854
f 980 858 856
f 981 860 858
f 982 862 860
f 983 876 878
f 984 878 887
f 985 887 889
f 986 889 891
f 987 881 884
f 988 883 881
f 989 891 883
f 990 864 862
f 991 884 880
f 992 880 864
f 993 816 814
f 994 848 816
f 995 850 848
f 996 852 850
f 997 854 852
f 998 785 784
f 999 783 785
f 1000 821 783
f 1001 793 821
f 1002 795 793
f 1003 797 795
f 1004 799 797
f 1005 830 799
f 1006 822 830
f 1007 824 822
f 1008 826 824
f 1009 839 826
f 1010 828 839
f 1011 831 828
f 1012 833 831
f 1013 835 833
f 1014 840 835
f 1015 837 840
f 1016 841 837
f 1017 843 841
f 1018 844 843
f 1019 846 844
f 1020 867 846
f 1021 897 867
f 1022 820 806
f 1023 806 805
f 1024 819 820
f 1025 805 815
f 1026 815 865
f 1027 865 847
f 1028 896 819
f 1029 847 849
f 1030 849 894
f 1031 894 851
f 1032 853 855
f 1033 851 853
f 1034 855 857
f 1035 857 895
f 1036 869 897
f 1037 871 869
f 1038 873 871
f 1039 875 873
f 1040 899 875
f 1041 877 899
f 1042 900 877
f 1043 888 900
f 1044 890 888
f 1045 892 890
f 1046 885 882
f 1047 882 893
f 1048 893 892
f 1049 859 861
f 1050 861 901
f 1051 901 863
f 1052 895 859
f 1053 898 885
f 1054 879 886
f 1055 886 898
f 1056 863 879
f 479 896 401
f 896 402 401
f 402 896 742
f 1057 403 742
f 403 1057 743
f 483 1058 749
f 483 1059 1058
f 483 1060 1059
f 483 1061 1060
f 483 1062 1061
f 483 1063 1062
f 483 1064 1063
f 483 1065 1064
f 483 1066 1065
f 483 1067 1066
f 483 1068 1067
f 483 1069 1068
f 483 1070 1069
f 483 1071 1070
f 483 1072 1071
f 483 1073 1072
f 483 1074 1073
f 483 1075 1074
f 483 1076 1075
f 483 1077 1076
f 483 1078 1077
f 483 1079 1078
f 762 1080 763
f 1080 1081 763
f 1081 1082 763
f 1082 1083 763
f 1083 1084 763
f 1084 1085 763
f 1085 1086 763
f 1086 1087 763
f 1087 1088 763
f 1088 1089 763
f 1089 1090 763
f 1090 1091 763
f 1091 1092 763
f 1092 1093 763
f 896 1057 742
f 1094 483 743
f 1057 1094 743
f 483 1095 1079
f 1095 1096 1079
f 1095 1097 1096
f 1095 1098 1097
f 1095 1099 1098
f 1095 1100 1099
f 1095 1101 1100
f 1095 1102 1101
f 1103 1104 1102
f 483 1094 1095
f 1103 1105 1104
f 1103 1106 1105
f 1103 1107 1106
f 1108 1109 1107
f 1110 1111 1109
f 1112 1113 1111
f 1114 1115 1113
f 1116 1117 1115
f 1118 1119 1117
f 1120 1121 1119
f 1093 1123 1122
f 1123 1125 1124
f 1125 1127 1126
f 1127 1129 1128
f 1129 1131 1130
f 1131 1133 1132
f 1133 1135 1134
f 1093 1136 763
f 1093 1137 1136
f 1093 1138 1137
f 1093 1139 1138
f 1093 1140 1139
f 1093 1141 1140
f 1142 1144 1143
f 1145 1147 1146
f 1148 1150 1149
f 1150 1145 1149
f 1151 1142 1146
f 1147 1151 1146
f 1152 1121 1153
f 1154 1152 1155
f 1156 1154 1157
f 1144 1156 1158
f 1135 1148 1149
f 1093 1160 1159
f 1093 1161 1160
f 1093 1162 1161
f 1093 1163 1162
f 1093 1164 1163
f 1093 1165 1164
f 1093 1166 1165
f 1093 1159 1141
f 1093 1168 1167
f 1093 1122 1168
f 1093 1167 1166
f 1123 1169 1122
f 1123 1124 1170
f 1125 1171 1124
f 1123 1170 1169
f 1095 1103 1102
f 1103 1108 1107
f 1108 1110 1109
f 1110 1172 1111
f 1172 1112 1111
f 1112 1114 1113
f 1114 1116 1115
f 1116 1118 1117
f 1118 1173 1119
f 1173 1120 1119
f 1121 1120 1153
f 1142 1143 1146
f 1129 1130 1174
f 1129 1174 1128
f 1145 1146 1149
f 1135 1149 1134
f 1131 1132 1130
f 1133 1134 1132
f 1154 1175 1157
f 1156 1157 1158
f 1152 1153 1155
f 1154 1155 1175
f 1144 1158 1143
f 1125 1126 1171
f 1127 1128 1126
f 537 401 402
f 538 742 403
f 1176 743 483
f 1177 746 747
f 1178 747 748
f 1179 748 749
f 1180 749 1058
f 1181 1058 1059
f 1182 1059 1060
f 1183 1060 1061
f 1184 1061 1062
f 1185 1062 1063
f 1186 1063 1064
f 1187 1064 1065
f 1188 1065 1066
f 1189 1066 1067
f 1190 1067 1068
f 1191 1068 1069
f 1192 753 752
f 1193 754 753
f 1194 755 754
f 1195 756 755
f 1196 757 756
f 1197 758 757
f 1198 759 758
f 1199 760 759
f 1200 761 760
f 1201 762 761
f 1202 1080 762
f 1203 1081 1080
f 1204 1082 1081
f 1205 1083 1082
f 1206 1085 1084
f 1207 1084 1083
f 1208 1069 1070
f 1209 1070 1071
f 1210 1071 1072
f 1211 1072 1073
f 1212 1073 1074
f 1213 1074 1075
f 1214 1075 1076
f 1215 1076 1077
f 1216 1077 1078
f 1217 1078 1079
f 1218 1079 1096
f 1219 1096 1097
f 1220 1097 1098
f 1221 1098 1099
f 1222 1099 1100
f 1223 1100 1101
f 1224 1101 1102
f 1225 1102 1104
f 1226 1104 1105
f 1227 1105 1106
f 1228 1106 1107
f 1229 1107 1109
f 1230 1109 1111
f 1231 1111 1113
f 1232 1113 1115
f 1233 1115 1117
f 1234 1117 1119
f 1235 1119 1121
f 1236 1121 1152
f 1237 1086 1085
f 1238 1087 1086
f 1239 1088 1087
f 1240 1089 1088
f 1241 1090 1089
f 1242 1091 1090
f 1243 1092 1091
f 1244 1093 1092
f 1245 1131 1129
f 1246 1133 1131
f 1247 1123 1093
f 1248 1125 1123
f 1249 1127 1125
f 1250 1129 1127
f 1251 1135 1133
f 1252 1148 1135
f 1253 1150 1148
f 1254 1145 1150
f 1255 1151 1147
f 1256 1152 1154
f 1257 1154 1156
f 1258 1156 1144
f 1259 1144 1142
f 1260 1142 1151
f 1261 1147 1145
f 1262 1057 896
f 1263 1094 1057
f 1264 1095 1094
f 1265 763 1136
f 1266 1136 1137
f 1267 1137 1138
f 1268 1138 1139
f 1269 1139 1140
f 1270 1140 1141
f 1271 1103 1095
f 1272 1108 1103
f 1273 1110 1108
f 1274 1172 1110
f 1275 1112 1172
f 1276 1114 1112
f 1277 1116 1114
f 1278 1118 1116
f 1279 1173 1118
f 1280 1120 1173
f 1281 1153 1120
f 1282 1141 1159
f 1283 1159 1160
f 1284 1160 1161
f 1285 1161 1162
f 1286 1162 1163
f 1287 1163 1164
f 1288 1164 1165
f 1289 1165 1166
f 1290 1167 1168
f 1291 1168 1122
f 1292 1166 1167
f 1293 1155 1153
f 1294 1175 1155
f 1295 1157 1175
f 1296 1146 1143
f 1297 1143 1158
f 1298 1158 1157
f 1299 1149 1146
f 1300 1134 1149
f 1301 1132 1134
f 1302 1124 1171
f 1303 1171 1126
f 1304 1122 1169
f 1305 1169 1170
f 1306 1170 1124
f 1307 1128 1174
f 1308 1174 1130
f 1309 1130 1132
f 1310 1126 1128
f 956 479 478
f 678 623 679
f 679 621 680
f 680 624 681
f 681 626 682
f 399 128 678
f 682 628 683
f 683 629 684
f 684 631 685
f 685 633 531
f 400 388 686
f 686 637 701
f 397 386 529
f 687 594 530
f 688 596 687
f 689 600 688
f 690 601 689
f 398 387 691
f 693 603 690
f 692 610 693
f 691 611 692
f 730 607 694
f 694 608 695
f 695 612 696
f 696 593 697
f 697 595 698
f 698 599 699
f 699 602 700
f 701 653 702
f 702 655 703
f 703 657 704
f 704 659 705
f 705 661 706
f 706 663 532
f 707 642 708
f 709 625 711
f 710 627 709
f 711 622 707
f 716 640 712
f 712 641 713
f 713 648 714
f 708 638 715
f 715 639 716
f 717 630 710
f 718 632 717
f 719 634 718
f 720 635 719
f 721 643 720
f 722 644 721
f 723 645 722
f 724 646 723
f 725 647 724
f 726 649 725
f 731 650 726
f 714 592 727
f 727 604 728
f 728 605 729
f 729 606 730
f 732 651 731
f 733 636 732
f 734 652 733
f 735 654 734
f 736 656 735
f 737 658 736
f 738 660 737
f 739 662 738
f 740 664 739
f 741 665 740
f 940 666 741
f 532 268 527
f 528 397 590
f 530 399 714
f 530 696 687
f 687 697 688
f 590 397 529
f 590 529 902
f 529 398 921
f 688 698 689
f 689 698 690
f 690 699 693
f 530 714 727
f 530 727 728
f 530 728 729
f 530 729 730
f 530 730 694
f 693 700 692
f 692 700 691
f 530 694 695
f 530 695 696
f 687 696 697
f 688 697 698
f 921 398 691
f 693 699 700
f 691 700 903
f 691 903 904
f 690 698 699
f 691 904 906
f 691 906 905
f 691 905 907
f 691 907 908
f 691 908 909
f 691 909 910
f 679 711 678
f 680 709 679
f 678 711 399
f 681 710 680
f 682 710 681
f 683 717 682
f 684 718 683
f 685 719 684
f 531 720 685
f 531 400 733
f 733 400 686
f 399 708 715
f 399 715 716
f 399 716 712
f 679 709 711
f 680 710 709
f 399 711 707
f 399 707 708
f 682 717 710
f 683 718 717
f 684 719 718
f 685 720 719
f 531 721 720
f 531 722 721
f 531 723 722
f 531 724 723
f 531 725 724
f 399 712 713
f 714 399 713
f 531 726 725
f 531 731 726
f 531 732 731
f 531 733 732
f 734 686 701
f 735 701 702
f 736 702 703
f 737 703 704
f 738 704 705
f 739 705 706
f 739 706 532
f 733 686 734
f 734 701 735
f 735 702 736
f 736 703 737
f 737 704 738
f 738 705 739
f 739 532 740
f 740 532 741
f 741 532 940
f 940 532 941
f 941 532 942
f 942 532 943
f 943 532 944
f 944 532 945
f 945 532 946
f 946 532 947
f 947 532 948
f 948 532 949
f 949 532 950
f 950 532 951
f 537 402 480
f 538 403 481
f 1176 483 482
f 555 435 554
f 554 433 553
f 556 437 555
f 557 439 556
f 558 441 557
f 559 444 558
f 573 473 559
f 553 431 552
f 552 429 551
f 551 427 550
f 550 425 549
f 549 423 548
f 547 419 546
f 546 417 545
f 545 415 544
f 544 413 543
f 543 411 542
f 548 421 547
f 542 409 541
f 541 407 539
f 539 404 765
f 766 745 764
f 765 744 766
f 574 475 573
f 575 476 574
f 562 450 575
f 563 453 562
f 564 455 563
f 572 471 564
f 569 466 572
f 571 470 569
f 570 468 571
f 568 463 570
f 567 461 568
f 565 457 567
f 566 460 565
f 576 477 566
f 561 447 576
f 560 445 561
f 540 405 560
f 767 750 540
f 768 751 767
f 1192 752 768
f 478 533 956
f 537 270 534
f 538 271 535
f 482 539 765
f 482 765 766
f 482 766 764
f 482 764 1177
f 482 1177 1178
f 482 1178 1179
f 482 1179 1176
f 540 300 767
f 767 300 768
f 768 300 1192
f 1192 300 1193
f 1193 300 1194
f 1194 300 1195
f 1195 300 1196
f 1196 300 1197
f 1197 300 1198
f 1198 300 1199
f 1199 300 1200
f 1200 300 1201
f 1201 300 1202
f 542 489 543
f 546 493 547
f 545 492 546
f 543 490 544
f 544 491 545
f 554 501 555
f 555 502 556
f 556 503 557
f 557 504 558
f 558 505 559
f 506 573 559
f 547 494 548
f 548 495 549
f 549 496 550
f 550 497 551
f 551 498 552
f 552 499 553
f 553 500 554
f 541 488 542
f 539 487 541
f 526 574 573
f 525 575 574
f 524 562 575
f 519 563 562
f 520 564 563
f 518 572 564
f 523 569 572
f 522 571 569
f 521 570 571
f 515 568 570
f 514 567 568
f 513 565 567
f 512 566 565
f 517 576 566
f 516 561 576
f 511 560 561
f 510 540 560
f 1202 300 536
f 902 597 590
f 919 769 902
f 700 609 903
f 903 613 904
f 904 614 906
f 905 616 907
f 906 615 905
f 907 617 908
f 908 618 909
f 909 619 910
f 910 620 911
f 911 771 912
f 912 772 913
f 913 773 914
f 914 774 915
f 915 775 916
f 916 776 917
f 917 777 918
f 920 770 919
f 921 598 920
f 931 778 921
f 918 786 922
f 922 787 923
f 923 788 924
f 924 789 925
f 925 790 926
f 926 791 927
f 927 792 928
f 928 794 929
f 929 796 930
f 932 779 931
f 933 780 932
f 934 781 933
f 935 782 934
f 930 798 936
f 936 800 937
f 937 823 938
f 938 825 939
f 941 667 940
f 942 668 941
f 943 669 942
f 944 670 943
f 945 671 944
f 946 672 945
f 947 673 946
f 948 674 947
f 949 675 948
f 950 676 949
f 951 677 950
f 952 801 951
f 953 802 952
f 954 803 953
f 955 804 954
f 957 807 955
f 527 591 956
f 958 808 957
f 959 809 958
f 960 810 959
f 963 811 960
f 961 812 963
f 962 817 961
f 964 818 962
f 965 813 964
f 993 814 965
f 939 827 966
f 966 829 967
f 967 832 968
f 968 834 969
f 969 836 970
f 970 838 971
f 971 842 972
f 972 845 973
f 973 866 974
f 974 868 975
f 975 870 976
f 976 872 977
f 977 874 978
f 978 876 983
f 980 856 979
f 981 858 980
f 982 860 981
f 990 862 982
f 983 878 984
f 984 887 985
f 985 889 986
f 988 881 987
f 986 891 989
f 989 883 988
f 992 864 990
f 991 880 992
f 987 884 991
f 994 816 993
f 995 848 994
f 996 850 995
f 997 852 996
f 979 854 997
f 998 784 935
f 999 785 998
f 1000 783 999
f 1001 821 1000
f 1002 793 1001
f 1003 795 1002
f 1004 797 1003
f 1005 799 1004
f 1006 830 1005
f 1007 822 1006
f 1008 824 1007
f 1009 826 1008
f 1010 839 1009
f 1011 828 1010
f 1012 831 1011
f 1013 833 1012
f 1014 835 1013
f 1015 840 1014
f 1016 837 1015
f 1017 841 1016
f 1018 843 1017
f 1019 844 1018
f 1020 846 1019
f 1021 867 1020
f 1027 847 1029
f 1024 820 1022
f 1022 806 1023
f 1028 819 1024
f 1023 805 1025
f 1025 815 1026
f 1026 865 1027
f 1262 896 1028
f 1029 849 1030
f 1030 894 1031
f 1031 851 1033
f 1033 853 1032
f 1032 855 1034
f 1034 857 1035
f 1036 897 1021
f 1037 869 1036
f 1038 871 1037
f 1039 873 1038
f 1040 875 1039
f 1041 899 1040
f 1042 877 1041
f 1043 900 1042
f 1044 888 1043
f 1045 890 1044
f 1046 882 1047
f 1048 892 1045
f 1047 893 1048
f 1052 859 1049
f 1049 861 1050
f 1051 863 1056
f 1050 901 1051
f 1035 895 1052
f 1056 879 1054
f 1055 898 1053
f 1054 886 1055
f 1053 885 1046
f 529 919 902
f 529 920 919
f 529 921 920
f 691 910 911
f 691 911 912
f 691 912 913
f 691 913 914
f 691 914 915
f 691 915 916
f 691 916 917
f 921 691 931
f 931 691 932
f 932 691 933
f 933 691 934
f 934 691 935
f 691 917 1000
f 935 691 998
f 998 691 999
f 999 691 1000
f 1000 917 918
f 1000 918 922
f 1000 922 923
f 1000 923 924
f 1000 924 925
f 1000 925 926
f 1000 926 927
f 1002 927 928
f 1003 928 929
f 1004 929 930
f 1005 930 936
f 951 532 952
f 952 532 953
f 953 532 954
f 954 532 955
f 955 532 1023
f 532 527 1022
f 955 1023 957
f 957 1023 958
f 958 1023 959
f 959 1023 960
f 960 1023 963
f 963 1023 961
f 965 1023 993
f 993 1025 994
f 961 1023 962
f 962 1023 964
f 964 1023 965
f 1028 527 956
f 532 1022 1023
f 1022 527 1024
f 1024 527 1028
f 1000 927 1001
f 1001 927 1002
f 1002 928 1003
f 1003 929 1004
f 1007 936 937
f 1008 937 938
f 1009 938 939
f 1011 939 966
f 1004 930 1005
f 1005 936 1006
f 1006 936 1007
f 1012 966 967
f 1013 967 968
f 1014 968 969
f 1016 969 970
f 1007 937 1008
f 1008 938 1009
f 1009 939 1010
f 1010 939 1011
f 1011 966 1012
f 1012 967 1013
f 1013 968 1014
f 1014 969 1015
f 1015 969 1016
f 1016 970 1017
f 1017 971 1018
f 1018 971 1019
f 1019 972 1020
f 1017 970 971
f 994 1027 995
f 995 1029 996
f 996 1031 997
f 997 1033 979
f 979 1032 980
f 980 1034 981
f 981 1052 982
f 982 1049 990
f 990 1051 992
f 993 1023 1025
f 994 1026 1027
f 994 1025 1026
f 1019 971 972
f 1020 972 973
f 1021 973 974
f 1037 974 975
f 1038 975 976
f 1039 976 977
f 1040 977 978
f 1042 978 983
f 992 1056 991
f 988 1046 989
f 987 1053 988
f 991 1054 987
f 984 1044 983
f 985 1045 984
f 986 1048 985
f 989 1047 986
f 995 1027 1029
f 996 1029 1030
f 996 1030 1031
f 997 1031 1033
f 979 1033 1032
f 980 1032 1034
f 981 1034 1035
f 981 1035 1052
f 956 1262 1028
f 1020 973 1021
f 1021 974 1036
f 987 1055 1053
f 1036 974 1037
f 1037 975 1038
f 1038 976 1039
f 1039 977 1040
f 1040 978 1041
f 1041 978 1042
f 1042 983 1043
f 983 1044 1043
f 984 1045 1044
f 985 1048 1045
f 989 1046 1047
f 986 1047 1048
f 988 1053 1046
f 990 1049 1050
f 990 1050 1051
f 982 1052 1049
f 991 1056 1054
f 992 1051 1056
f 987 1054 1055
f 533 401 537
f 534 742 538
f 535 743 1176
f 764 746 1177
f 1177 747 1178
f 1178 748 1179
f 1179 749 1180
f 1180 1058 1181
f 1181 1059 1182
f 1182 1060 1183
f 1183 1061 1184
f 1184 1062 1185
f 1185 1063 1186
f 1186 1064 1187
f 1187 1065 1188
f 1188 1066 1189
f 1189 1067 1190
f 1190 1068 1191
f 1191 1069 1208
f 1193 753 1192
f 1194 754 1193
f 1195 755 1194
f 1196 756 1195
f 1197 757 1196
f 1198 758 1197
f 1199 759 1198
f 1200 760 1199
f 1201 761 1200
f 1202 762 1201
f 1203 1080 1202
f 1204 1081 1203
f 1205 1082 1204
f 1207 1083 1205
f 1206 1084 1207
f 1208 1070 1209
f 1209 1071 1210
f 1210 1072 1211
f 1211 1073 1212
f 1212 1074 1213
f 1213 1075 1214
f 1214 1076 1215
f 1215 1077 1216
f 1216 1078 1217
f 1217 1079 1218
f 1218 1096 1219
f 1219 1097 1220
f 1220 1098 1221
f 1221 1099 1222
f 1222 1100 1223
f 1223 1101 1224
f 1224 1102 1225
f 1225 1104 1226
f 1226 1105 1227
f 1227 1106 1228
f 1228 1107 1229
f 1229 1109 1230
f 1230 1111 1231
f 1231 1113 1232
f 1232 1115 1233
f 1233 1117 1234
f 1234 1119 1235
f 1235 1121 1236
f 1237 1085 1206
f 1238 1086 1237
f 1239 1087 1238
f 1240 1088 1239
f 1241 1089 1240
f 1242 1090 1241
f 1243 1091 1242
f 1244 1092 1243
f 1247 1093 1244
f 1245 1129 1250
f 1246 1131 1245
f 1251 1133 1246
f 1248 1123 1247
f 1249 1125 1248
f 1250 1127 1249
f 1252 1135 1251
f 1253 1148 1252
f 1254 1150 1253
f 1260 1151 1255
f 1236 1152 1256
f 1257 1156 1258
f 1256 1154 1257
f 1259 1142 1260
f 1258 1144 1259
f 1261 1145 1254
f 1255 1147 1261
f 1263 1057 1262
f 1264 1094 1263
f 536 763 1265
f 1265 1136 1266
f 1266 1137 1267
f 1267 1138 1268
f 1268 1139 1269
f 1269 1140 1270
f 1271 1095 1264
f 1272 1103 1271
f 1273 1108 1272
f 1274 1110 1273
f 1275 1172 1274
f 1276 1112 1275
f 1277 1114 1276
f 1278 1116 1277
f 1279 1118 1278
f 1280 1173 1279
f 1281 1120 1280
f 1270 1141 1282
f 1282 1159 1283
f 1283 1160 1284
f 1284 1161 1285
f 1286 1163 1287
f 1285 1162 1286
f 1287 1164 1288
f 1288 1165 1289
f 1292 1167 1290
f 1290 1168 1291
f 1291 1122 1304
f 1289 1166 1292
f 1293 1153 1281
f 1294 1155 1293
f 1298 1157 1295
f 1295 1175 1294
f 1299 1146 1296
f 1296 1143 1297
f 1297 1158 1298
f 1300 1149 1299
f 1301 1134 1300
f 1309 1132 1301
f 1306 1124 1302
f 1302 1171 1303
f 1304 1169 1305
f 1305 1170 1306
f 1310 1128 1307
f 1308 1130 1309
f 1307 1174 1308
f 1303 1126 1310
f 956 533 1262
f 1262 533 537
f 537 534 1262
f 1263 534 538
f 538 535 1263
f 1176 1179 1180
f 1176 1180 1181
f 1176 1181 1182
f 1176 1182 1183
f 1176 1183 1184
f 1176 1184 1185
f 1176 1185 1186
f 1176 1186 1187
f 1176 1187 1188
f 1176 1188 1189
f 1176 1189 1190
f 1176 1190 1191
f 1176 1191 1208
f 1176 1208 1209
f 1176 1209 1210
f 1176 1210 1211
f 1176 1211 1212
f 1176 1212 1213
f 1176 1213 1214
f 1176 1214 1215
f 1176 1215 1216
f 1176 1216 1217
f 1202 536 1203
f 1203 536 1204
f 1204 536 1205
f 1205 536 1207
f 1207 536 1206
f 1206 536 1237
f 1237 536 1238
f 1238 536 1239
f 1239 536 1240
f 1240 536 1241
f 1241 536 1242
f 1242 536 1243
f 1243 536 1244
f 1244 536 1247
f 1262 534 1263
f 1264 535 1176
f 1263 535 1264
f 1176 1217 1271
f 1271 1217 1218
f 1271 1218 1219
f 1271 1219 1220
f 1271 1220 1221
f 1271 1221 1222
f 1271 1222 1223
f 1271 1223 1224
f 1272 1224 1225
f 1176 1271 1264
f 1272 1225 1226
f 1272 1226 1227
f 1272 1227 1228
f 1273 1228 1229
f 1274 1229 1230
f 1276 1230 1231
f 1277 1231 1232
f 1278 1232 1233
f 1279 1233 1234
f 1281 1234 1235
f 1247 1291 1248
f 1248 1306 1249
f 1249 1303 1250
f 1250 1310 1245
f 1245 1308 1246
f 1246 1309 1251
f 1251 1301 1252
f 1247 536 1265
f 1247 1265 1266
f 1247 1266 1267
f 1247 1267 1268
f 1247 1268 1269
f 1247 1269 1270
f 1259 1296 1258
f 1261 1299 1255
f 1253 1300 1254
f 1254 1300 1261
f 1260 1299 1259
f 1255 1299 1260
f 1236 1293 1235
f 1256 1294 1236
f 1257 1298 1256
f 1258 1297 1257
f 1252 1300 1253
f 1247 1282 1283
f 1247 1283 1284
f 1247 1284 1285
f 1247 1285 1286
f 1247 1286 1287
f 1247 1287 1288
f 1247 1288 1289
f 1247 1270 1282
f 1247 1292 1290
f 1247 1290 1291
f 1247 1289 1292
f 1248 1291 1304
f 1248 1305 1306
f 1249 1306 1302
f 1248 1304 1305
f 1271 1224 1272
f 1272 1228 1273
f 1273 1229 1274
f 1274 1230 1275
f 1275 1230 1276
f 1276 1231 1277
f 1277 1232 1278
f 1278 1233 1279
f 1279 1234 1280
f 1280 1234 1281
f 1235 1293 1281
f 1259 1299 1296
f 1245 1307 1308
f 1245 1310 1307
f 1261 1300 1299
f 1252 1301 1300
f 1246 1308 1309
f 1251 1309 1301
f 1256 1298 1295
f 1257 1297 1298
f 1236 1294 1293
f 1256 1295 1294
f 1258 1296 1297
f 1249 1302 1303
f 1250 1303 1310