v -0.0177999992371 0.0519499130249 0.015010011673
v -0.024 0.00596491193771 0.0329900131226
v 0 0.00596491193771 0.0329900131226
v 0.0575663719177 0.0536149139404 0.0240000133514
v 0 0.053624912262 0.0260100135803
v 0 0.00898491096497 0.0329900131226
v -0.024 0.00898491096497 0.0329900131226
v 0.0575663719177 0.0566349105835 0.0240000133514
v -0.024 0.00596491193771 0.0340000114441
v -0.024 0.00379991173744 0.0329900131226
v 0 0.0519499130249 0.015010011673
v 0 0.00596491193771 0.0340000114441
v 0 0.00898491096497 0.0340000114441
v 0.0575663719177 0.0536149139404 0.0250100135803
v 0.0575663719177 0.0566349105835 0.0250100135803
v -0.024 0.00898491096497 0.0340000114441
v 0 0.056624912262 0.0260100135803
v -0.024 0.00429991197586 0.0389900131226
v 0.0575663719177 0.0568999099731 0.025010011673
v -0.024 0.0522999153137 0.0329900131226
v -0.0178318519592 0.0519499130249 0.023010011673
v -0.024 0.0522999153137 0.0150100126266
v -0.024 0.0582999153137 0.0150100126266
v 0.0575663719177 0.0568999099731 0.015010011673
v -0.0189999542236 -0.0251000881195 0.0356900138855
v 0.0575663719177 0.0569499130249 0.025010011673
v -0.024 0.0582999153137 0.0389900131226
v 0 0.00429991197586 0.0389900131226
v -0.0173545074463 -0.0251500873566 0.0178100128174
v -0.0178318519592 0.0568999099731 0.015010011673
v -0.024 0.00379991173744 0.0389900131226
v 0 0.00379991173744 0.0329900131226
v 0.0575663719177 0.0519499130249 0.025010011673
v -0.0173545074463 -0.00215008854866 0.0178100128174
v 0.0575663719177 0.058299911499 0.025010011673
v -0.0189999542236 -0.00210008835793 0.0356900138855
v 0.0568180007935 0.0519499130249 0.025010011673
v 0 0.0522999153137 0.0329900131226
v 0.0575663719177 0.058299911499 0.015010011673
v -0.020645401001 -0.0251500873566 0.0178100128174
v 0.0551801338196 0.0474499130249 0.025010011673
v 0.0536694221497 0.0474499130249 0.025010011673
v 0 0.0582999153137 0.0150100126266
v -0.00335455322266 -0.00215008854866 0.0178100128174
v 0.0520315551758 0.0519499130249 0.025010011673
v 0 0.0582999153137 0.0389900131226
v 0.0512831840515 0.0519499130249 0.025010011673
v -0.005 -0.00210008835793 0.0356900138855
v 0.0505348129272 0.0519499130249 0.025010011673
v 0.0488969497681 0.0474499130249 0.025010011673
v -0.0222908477783 -0.028000087738 0.0178100128174
v 0 0.00379991173744 0.0389900131226
v 0.0473862380981 0.0474499130249 0.025010011673
v 0.0457483711243 0.0519499130249 0.025010011673
v -0.020645401001 -0.00215008854866 0.0178100128174
v 0.045 0.0519499130249 0.025010011673
v -0.00664544677734 -0.00215008854866 0.0178100128174
v 0.0442516288757 0.0519499130249 0.025010011673
v -0.020645401001 -0.0308500881195 0.0178100128174
v -0.0222908477783 -0.00500008821487 0.0178100128174
v 0.0426137619019 0.0474499130249 0.025010011673
v 0 -0.00500008821487 0.0150100126266
v 0.0411030502319 0.0474499130249 0.025010011673
v -0.0173545074463 -0.0308500881195 0.0178100128174
v 0.0394651870728 0.0519499130249 0.025010011673
v -0.0192842025757 -0.0251140518188 0.0356900138855
v 0.0387168159485 0.0519499130249 0.025010011673
v -0.00829089736938 -0.00500008821487 0.0178100128174
v 0.0379684448242 0.0519499130249 0.025010011673
v -0.0157090568542 -0.028000087738 0.0178100128174
v 0.0363305778503 0.0474499130249 0.025010011673
v -0.020645401001 -0.00785008811951 0.0178100128174
v 0.0348198661804 0.0474499130249 0.025010011673
v 0 -0.00500008821487 0.0349900131226
v 0.0331819992065 0.0519499130249 0.025010011673
v -0.0195657196045 -0.0251558113098 0.0356900138855
v 0.0324336280823 0.0519499130249 0.025010011673
v -0.0173545074463 -0.00785008811951 0.0178100128174
v 0.0316852588654 0.0519499130249 0.025010011673
v 0.0300473937988 0.0474499130249 0.025010011673
v -0.00664544677734 -0.00785008811951 0.0178100128174
v 0.0285366802216 0.0474499130249 0.025010011673
v -0.0192842025757 -0.00211405277252 0.0356900138855
v -0.0157090568542 -0.00500008821487 0.0178100128174
v 0.026898815155 0.0519499130249 0.025010011673
v -0.00528424835205 -0.00211405277252 0.0356900138855
v 0.0261504440308 0.0519499130249 0.025010011673
v -0.00335455322266 -0.00785008811951 0.0178100128174
v 0.0254020729065 0.0519499130249 0.025010011673
v -0.0198417816162 -0.0252249603271 0.0356900138855
v 0.02376420784 0.0474499130249 0.025010011673
v -0.0195657196045 -0.0021558110714 0.0356900138855
v 0.02225349617 0.0474499130249 0.025010011673
v 0.0206156291962 0.0519499130249 0.025010011673
v -0.00170910263062 -0.00500008821487 0.0178100128174
v -0.0201097335815 -0.0253208370209 0.0356900138855
v 0.0198672580719 0.0519499130249 0.025010011673
v -1.07040405273e-05 -0.00532710409164 0.0349900131226
v 0.019118888855 0.0519499130249 0.025010011673
v -1.07040405273e-05 -0.00532710409164 0.0150100126266
v 0.0174810218811 0.0474499130249 0.025010011673
v -0.0203670043945 -0.0254425163269 0.0356900138855
v 0.0159703102112 0.0474499130249 0.025010011673
v -0.0198417816162 -0.00222496128082 0.0356900138855
v 0.0143324451447 0.0519499130249 0.025010011673
v -0.00556576156616 -0.0021558110714 0.0356900138855
v 0.0135840740204 0.0519499130249 0.025010011673
v -0.0206111068726 -0.0255888252258 0.0356900138855
v 0.0128357009888 0.0519499130249 0.025010011673
v 0.0111978378296 0.0474499130249 0.025010011673
v -0.0201097335815 -0.00232083773613 0.0356900138855
v 0.00968712615967 0.0474499130249 0.025010011673
v -4.27742004395e-05 -0.00565271902084 0.0349900131226
v 0.00804925918579 0.0519499130249 0.025010011673
v -0.0208396911621 -0.0257583580017 0.0356900138855
v 0.00730088806152 0.0519499130249 0.025010011673
v -9.60731506348e-05 -0.0059755396843 0.0349900131226
v 0.00655251693726 0.0519499130249 0.025010011673
v -0.0203670043945 -0.00244251680374 0.0356900138855
v 0.00491464996338 0.0474499130249 0.025010011673
v -0.021050567627 -0.0259494781494 0.0356900138855
v 0.00340393829346 0.0474499130249 0.025010011673
v -0.00584182739258 -0.00222496128082 0.0356900138855
v 0.00176607513428 0.0519499130249 0.025010011673
v 0 0.000299911528826 0.0387900123596
v 0.00101770401001 0.0519499130249 0.025010011673
v -4.27742004395e-05 -0.00565271902084 0.0150100126266
v -0.02124168396 -0.0261603469849 0.0356900138855
v 0.000269332885742 0.0519499130249 0.025010011673
v -0.0206111068726 -0.00258882665634 0.0356900138855
v -0.00136853408813 0.0474499130249 0.025010011673
v -0.00287924575806 0.0474499130249 0.025010011673
v -0.00610978317261 -0.00232083773613 0.0356900138855
v -0.0214112167358 -0.0263889331818 0.0356900138855
v -0.00451711273193 0.0519499130249 0.025010011673
v -0.000170372009277 -0.00629418325424 0.0349900131226
v -0.0052654838562 0.0519499130249 0.025010011673
v -0.0208396911621 -0.00275835824013 0.0356900138855
v -0.00601385498047 0.0519499130249 0.025010011673
v -0.00765171813965 0.0474499130249 0.025010011673
v -0.0215575256348 -0.0266330375671 0.0356900138855
v -0.0063670501709 -0.00244251680374 0.0356900138855
v -0.00916242980957 0.0474499130249 0.025010011673
v -0.0108002967834 0.0519499130249 0.025010011673
v 0 0.00229991149902 0.0152100143433
v -0.0115486679077 0.0519499130249 0.025010011673
v -0.0216792068481 -0.0268903064728 0.0356900138855
v -0.012297039032 0.0519499130249 0.025010011673
v -0.021050567627 -0.00294947886467 0.0356900138855
v -0.000265350341797 -0.00660728549957 0.0349900131226
v -0.0139349060059 0.0474499130249 0.025010011673
v -0.0154456176758 0.0474499130249 0.025010011673
v -0.0217750854492 -0.0271582622528 0.0356900138855
v -0.02124168396 -0.00316034770012 0.0356900138855
v -0.017083480835 0.0519499130249 0.025010011673
v -0.0218442306519 -0.0274343261719 0.0356900138855
v -0.0178318519592 0.0519499130249 0.025010011673
v -0.00661115264893 -0.00258882665634 0.0356900138855
v 0.0575663719177 0.0569499130249 0.015010011673
v -0.000380603790283 -0.0069135055542 0.0349900131226
v -0.0218859863281 -0.0277158374786 0.0356900138855
v 0.0575663719177 0.0519499130249 0.015010011673
v 0.0568180007935 0.0519499130249 0.015010011673
v 0 0.00229991149902 0.0387900123596
v -0.0214112167358 -0.00338893485069 0.0356900138855
v 0.0551801338196 0.0474499130249 0.015010011673
v 0.0536694221497 0.0474499130249 0.015010011673
v -0.0218999557495 -0.028000087738 0.0356900138855
v 0.0520315551758 0.0519499130249 0.015010011673
v -0.000515636444092 -0.0072115316391 0.0349900131226
v 0.0512831840515 0.0519499130249 0.015010011673
v -0.0215575256348 -0.00363303780556 0.0356900138855
v 0.0505348129272 0.0519499130249 0.015010011673
v -0.00683974075317 -0.00275835824013 0.0356900138855
v 0.0488969497681 0.0474499130249 0.015010011673
v -0.0218859863281 -0.0282843379974 0.0356900138855
v -9.60731506348e-05 -0.0059755396843 0.0150100126266
v 0.0473862380981 0.0474499130249 0.015010011673
v 0.0457483711243 0.0519499130249 0.015010011673
v -0.0216792068481 -0.00389030623436 0.0356900138855
v -0.0218442306519 -0.0285658493042 0.0356900138855
v 0.045 0.0519499130249 0.015010011673
v 0.0442516288757 0.0519499130249 0.015010011673
v -0.000669872283936 -0.00750008821487 0.0349900131226
v -0.00705060958862 -0.00294947886467 0.0356900138855
v 0.0426137619019 0.0474499130249 0.015010011673
v 0.0411030502319 0.0474499130249 0.015010011673
v -0.0217750854492 -0.0288419132233 0.0356900138855
v -0.000170372009277 -0.00629418325424 0.0150100126266
v 0.0394651870728 0.0519499130249 0.015010011673
v -0.0216792068481 -0.0291098690033 0.0356900138855
v 0.0387168159485 0.0519499130249 0.015010011673
v 0.0379684448242 0.0519499130249 0.015010011673
v -0.0217750854492 -0.00415826272964 0.0356900138855
v 0.0363305778503 0.0474499130249 0.015010011673
v -0.0146698265076 -0.030500087738 0.0349900131226
v 0.0348198661804 0.0474499130249 0.015010011673
v -0.0218442306519 -0.00443432617188 0.0356900138855
v -0.0215575256348 -0.0293671379089 0.0356900138855
v 0.0331819992065 0.0519499130249 0.015010011673
v -0.00724172973633 -0.00316034770012 0.0356900138855
v 0.0324336280823 0.0519499130249 0.015010011673
v -0.024 0.000299911528826 0.0152100143433
v 0.0316852588654 0.0519499130249 0.015010011673
v -0.0214112167358 -0.0296112422943 0.0356900138855
v 0.0300473937988 0.0474499130249 0.015010011673
v -0.0218859863281 -0.00471583843231 0.0356900138855
v 0.0285366802216 0.0474499130249 0.015010011673
v 0.026898815155 0.0519499130249 0.015010011673
v -0.02124168396 -0.0298398284912 0.0356900138855
v 0.0261504440308 0.0519499130249 0.015010011673
v -0.00741126251221 -0.00338893485069 0.0356900138855
v 0.0254020729065 0.0519499130249 0.015010011673
v -0.0148426055908 -0.0307779388428 0.0349900131226
v -0.000265350341797 -0.00660728549957 0.0150100126266
v 0.02376420784 0.0474499130249 0.015010011673
v 0.02225349617 0.0474499130249 0.015010011673
v -0.021050567627 -0.0300506973267 0.0356900138855
v -0.0218999557495 -0.00500008821487 0.0356900138855
v 0.0206156291962 0.0519499130249 0.015010011673
v 0.0198672580719 0.0519499130249 0.015010011673
v -0.0208396911621 -0.0302418174744 0.0356900138855
v 0.019118888855 0.0519499130249 0.015010011673
v -0.00755757141113 -0.00363303780556 0.0356900138855
v -0.0218859863281 -0.00528433799744 0.0356900138855
v 0.0174810218811 0.0474499130249 0.015010011673
v 0.0159703102112 0.0474499130249 0.015010011673
v -0.0150331878662 -0.0310438957214 0.0349900131226
v -0.0206111068726 -0.0304113502502 0.0356900138855
v 0.0143324451447 0.0519499130249 0.015010011673
v -0.024 0.000299911528826 0.0387900123596
v 0.0135840740204 0.0519499130249 0.015010011673
v -0.0152407531738 -0.0312968158722 0.0349900131226
v 0.0128357009888 0.0519499130249 0.015010011673
v 0.0111978378296 0.0474499130249 0.015010011673
v -0.0203670043945 -0.0305576591492 0.0356900138855
v -0.0218442306519 -0.00556585025787 0.0356900138855
v 0.00968712615967 0.0474499130249 0.015010011673
v -0.00767925262451 -0.00389030623436 0.0356900138855
v 0.00804925918579 0.0519499130249 0.015010011673
v -0.0201097335815 -0.0306793384552 0.0356900138855
v 0.00730088806152 0.0519499130249 0.015010011673
v 0.00655251693726 0.0519499130249 0.015010011673
v -0.0217750854492 -0.0058419137001 0.0356900138855
v -0.000380603790283 -0.0069135055542 0.0150100126266
v 0.00491464996338 0.0474499130249 0.015010011673
v -0.0198417816162 -0.0307752151489 0.0356900138855
v 0.00340393829346 0.0474499130249 0.015010011673
v -0.0154644203186 -0.0315356216431 0.0349900131226
v 0.00176607513428 0.0519499130249 0.015010011673
v -0.00777512741089 -0.00415826272964 0.0356900138855
v 0.00101770401001 0.0519499130249 0.015010011673
v -0.0195657196045 -0.0308443641663 0.0356900138855
v 0.000269332885742 0.0519499130249 0.015010011673
v -0.0216792068481 -0.00610987043381 0.0356900138855
v -0.00136853408813 0.0474499130249 0.015010011673
v -0.00287924575806 0.0474499130249 0.015010011673
v -0.024 0.00229991149902 0.0152100143433
v -0.0192842025757 -0.0308861236572 0.0356900138855
v -0.00451711273193 0.0519499130249 0.015010011673
v -0.0052654838562 0.0519499130249 0.015010011673
v -0.024 0.00229991149902 0.0387900123596
v -0.0215575256348 -0.00636713886261 0.0356900138855
v -0.00601385498047 0.0519499130249 0.015010011673
v -0.0189999542236 -0.0309000873566 0.0356900138855
v -0.00765171813965 0.0474499130249 0.015010011673
v -0.00916242980957 0.0474499130249 0.015010011673
v -0.00784427642822 -0.00443432617188 0.0356900138855
v -0.0108002967834 0.0519499130249 0.015010011673
v -0.0157032241821 -0.0317592868805 0.0349900131226
v -0.0187157058716 -0.0308861236572 0.0356900138855
v -0.0115486679077 0.0519499130249 0.015010011673
v -0.012297039032 0.0519499130249 0.015010011673
v -0.0214112167358 -0.00661124181747 0.0356900138855
v -0.0139349060059 0.0474499130249 0.015010011673
v -0.00788603591919 -0.00471583843231 0.0356900138855
v -0.0184341926575 -0.0308443641663 0.0356900138855
v -0.0154456176758 0.0474499130249 0.015010011673
v -0.0159561462402 -0.0319668540955 0.0349900131226
v -0.017083480835 0.0519499130249 0.015010011673
v -0.0181581268311 -0.0307752151489 0.0356900138855
v -0.0178318519592 0.0519499130249 0.015010011673
v -0.02124168396 -0.00683982896805 0.0356900138855
v -0.000515636444092 -0.0072115316391 0.0150100126266
v 0 0.0569499130249 0.025010011673
v 0 0.0568999099731 0.025010011673
v -0.0178901748657 -0.0306793384552 0.0356900138855
v -0.021050567627 -0.0070506978035 0.0356900138855
v 0.0575663719177 0.0568999099731 0.0249100055695
v 0.0575663719177 0.0569108467102 0.0249318828583
v -0.00790000152588 -0.00500008821487 0.0356900138855
v -0.0162221031189 -0.0321574363708 0.0349900131226
v 0 0.0519499130249 0.025010011673
v -0.0176329040527 -0.0305576591492 0.0356900138855
v -0.0208396911621 -0.00724181842804 0.0356900138855
v -0.00451711273193 0.0519499130249 0.023010011673
v -0.00451711273193 0.0519499130249 0.0242765979767
v -0.000669872283936 -0.00750008821487 0.0150100126266
v -0.00601385498047 0.0519499130249 0.023010011673
v -0.0173888015747 -0.0304113502502 0.0356900138855
v -0.00788603591919 -0.00528433799744 0.0356900138855
v -0.0108002967834 0.0519499130249 0.023010011673
v -0.012297039032 0.0519499130249 0.023010011673
v -0.0206111068726 -0.00741134977341 0.0356900138855
v -0.017083480835 0.0519499130249 0.023010011673
v -0.0171602134705 -0.0302418174744 0.0356900138855
v -0.0146698265076 -0.030500087738 0.0150100126266
v -0.016949344635 -0.0300506973267 0.0356900138855
v -0.0115486679077 0.0519499130249 0.023010011673
v -0.0164999542236 -0.0323302154541 0.0349900131226
v -0.0052654838562 0.0519499130249 0.023010011673
v -0.00784427642822 -0.00556585025787 0.0356900138855
v -0.00530385971069 0.0519499130249 0.0244972000122
v -0.0203670043945 -0.00755765962601 0.0356900138855
v -0.0045708694458 0.0519499130249 0.0242916717529
v -0.0167582244873 -0.0298398284912 0.0356900138855
v -0.0052654838562 0.0519499130249 0.0244864387512
v -0.0148426055908 -0.0307779388428 0.0150100126266
v -0.00451711273193 0.0519499130249 0.0188097686768
v -0.00601385498047 0.0519499130249 0.0200688152313
v -0.0165886917114 -0.0296112422943 0.0356900138855
v -0.0201097335815 -0.00767933893204 0.0356900138855
v 0 0.0522171669006 0.015010011673
v -0.000891227722168 0.0522672843933 0.015010011673
v -0.0167885131836 -0.0324844512939 0.0349900131226
v -0.00777512741089 -0.0058419137001 0.0356900138855
v 0 0.0568999099731 0.015010011673
v 0 0.0569499130249 0.015010011673
v -0.0164423828125 -0.0293671379089 0.0356900138855
v -0.0150331878662 -0.0310438957214 0.0150100126266
v -0.0139004135132 0.0568999099731 0.015010011673
v -0.0140408325195 0.0569499130249 0.015010011673
v -0.0163207015991 -0.0291098690033 0.0356900138855
v -0.0198417816162 -0.00777521562576 0.0356900138855
v 0 0.0582999153137 0.0211179943085
v -0.0170865364075 -0.0326194839478 0.0349900131226
v -0.00767925262451 -0.00610987043381 0.0356900138855
v -0.0162248268127 -0.0288419132233 0.0356900138855
v -0.0052654838562 0.0519499130249 0.0194392910004
v -0.0195657196045 -0.00784436559677 0.0356900138855
v -0.0173927574158 -0.0327347373962 0.0349900131226
v -0.0113928413391 0.0519499130249 0.0245935726166
v -0.0115486679077 0.0519499130249 0.024724653244
v -0.0161556777954 -0.0285658493042 0.0356900138855
v -0.0116298828125 0.0519499130249 0.02479296875
v -0.0192842025757 -0.00788612413406 0.0356900138855
v -0.0118879013062 0.0519499130249 0.025010011673
v -0.0161139183044 -0.0282843379974 0.0356900138855
v -0.0152407531738 -0.0312968158722 0.0150100126266
v -0.0178318519592 0.0519499130249 0.0150666275024
v -0.0177999992371 0.0519505081177 0.015010011673
v -0.00755757141113 -0.00636713886261 0.0356900138855
v -0.0177999992371 0.0519499130249 0.023010011673
v -0.0189999542236 -0.00790008831024 0.0356900138855
v -0.0160999526978 -0.028000087738 0.0356900138855
v -0.0177999992371 0.0568999099731 0.015010011673
v -0.0154644203186 -0.0315356216431 0.0150100126266
v -0.0177999992371 0.0569499130249 0.015010011673
v -0.0161139183044 -0.0277158374786 0.0356900138855
v -0.0177999992371 0.0519499130249 0.025010011673
v -0.0177058563232 -0.0328297157288 0.0349900131226
v -0.00741126251221 -0.00661124181747 0.0356900138855
v -0.0178273086548 0.0519499130249 0.015058555603
v -0.0161556777954 -0.0274343261719 0.0356900138855
v -0.0178005714417 0.0519505004883 0.015010011673
v -0.0187157058716 -0.00788612413406 0.0356900138855
v -0.0157032241821 -0.0317592868805 0.0150100126266
v -0.0162248268127 -0.0271582622528 0.0356900138855
v -0.0180245018005 -0.0329040145874 0.0349900131226
v -0.0184341926575 -0.00784436559677 0.0356900138855
v -0.00724172973633 -0.00683982896805 0.0356900138855
v -0.0163207015991 -0.0268903064728 0.0356900138855
v -0.0159561462402 -0.0319668540955 0.0150100126266
v -0.0164423828125 -0.0266330375671 0.0356900138855
v -0.0181581268311 -0.00777521562576 0.0356900138855
v -0.0183473205566 -0.0329573135376 0.0349900131226
v -0.0162221031189 -0.0321574363708 0.0150100126266
v -0.0165886917114 -0.0263889331818 0.0356900138855
v -0.0178901748657 -0.00767933893204 0.0356900138855
v -0.00705060958862 -0.0070506978035 0.0356900138855
v -0.0167582244873 -0.0261603469849 0.0356900138855
v -0.0176329040527 -0.00755765962601 0.0356900138855
v -0.0186729393005 -0.0329893836975 0.0349900131226
v -0.016949344635 -0.0259494781494 0.0356900138855
v -0.00683974075317 -0.00724181842804 0.0356900138855
v -0.0164999542236 -0.0323302154541 0.0150100126266
v -0.0171602134705 -0.0257583580017 0.0356900138855
v -0.0173888015747 -0.00741134977341 0.0356900138855
v -0.0189999542236 -0.033000087738 0.0349900131226
v -0.0173888015747 -0.0255888252258 0.0356900138855
v -0.0171602134705 -0.00724181842804 0.0356900138855
v -0.019326965332 -0.0329893836975 0.0349900131226
v -0.0176329040527 -0.0254425163269 0.0356900138855
v -0.00661115264893 -0.00741134977341 0.0356900138855
v -0.0167885131836 -0.0324844512939 0.0150100126266
v -0.0178901748657 -0.0253208370209 0.0356900138855
v -0.016949344635 -0.0070506978035 0.0356900138855
v -0.0063670501709 -0.00755765962601 0.0356900138855
v -0.0181581268311 -0.0252249603271 0.0356900138855
v -0.0167582244873 -0.00683982896805 0.0356900138855
v -0.0184341926575 -0.0251558113098 0.0356900138855
v -0.0170865364075 -0.0326194839478 0.0150100126266
v -0.0196525878906 -0.0329573135376 0.0349900131226
v -0.0187157058716 -0.0251140518188 0.0356900138855
v -0.0165886917114 -0.00661124181747 0.0356900138855
v -0.0173927574158 -0.0327347373962 0.0150100126266
v -0.00610978317261 -0.00767933893204 0.0356900138855
v -0.0164423828125 -0.00636713886261 0.0356900138855
v -0.019975402832 -0.0329040145874 0.0349900131226
v -0.00584182739258 -0.00777521562576 0.0356900138855
v -0.020294052124 -0.0328297157288 0.0349900131226
v -0.0163207015991 -0.00610987043381 0.0356900138855
v -0.0177058563232 -0.0328297157288 0.0150100126266
v -0.0162248268127 -0.0058419137001 0.0356900138855
v -0.00556576156616 -0.00784436559677 0.0356900138855
v -0.0206071472168 -0.0327347373962 0.0349900131226
v -0.0180245018005 -0.0329040145874 0.0150100126266
v -0.0161556777954 -0.00556585025787 0.0356900138855
v -0.0209133758545 -0.0326194839478 0.0349900131226
v -0.0161139183044 -0.00528433799744 0.0356900138855
v -0.00528424835205 -0.00788612413406 0.0356900138855
v -0.0183473205566 -0.0329573135376 0.0150100126266
v -0.0212113952637 -0.0324844512939 0.0349900131226
v -0.0160999526978 -0.00500008821487 0.0356900138855
v -0.005 -0.00790008831024 0.0356900138855
v -0.0186729393005 -0.0329893836975 0.0150100126266
v -0.0161139183044 -0.00471583843231 0.0356900138855
v -0.0189999542236 -0.033000087738 0.0150100126266
v -0.0161556777954 -0.00443432617188 0.0356900138855
v -0.00471575164795 -0.00788612413406 0.0356900138855
v -0.0214999542236 -0.0323302154541 0.0349900131226
v -0.0162248268127 -0.00415826272964 0.0356900138855
v -0.0217778015137 -0.0321574363708 0.0349900131226
v -0.00443423843384 -0.00784436559677 0.0356900138855
v -0.0163207015991 -0.00389030623436 0.0356900138855
v -0.019326965332 -0.0329893836975 0.0150100126266
v -0.00415817260742 -0.00777521562576 0.0356900138855
v -0.0196525878906 -0.0329573135376 0.0150100126266
v -0.0164423828125 -0.00363303780556 0.0356900138855
v -0.022043762207 -0.0319668540955 0.0349900131226
v -0.0222966842651 -0.0317592868805 0.0349900131226
v -0.0165886917114 -0.00338893485069 0.0356900138855
v -0.00389021682739 -0.00767933893204 0.0356900138855
v -0.0167582244873 -0.00316034770012 0.0356900138855
v -0.019975402832 -0.0329040145874 0.0150100126266
v -0.0036329498291 -0.00755765962601 0.0356900138855
v -0.016949344635 -0.00294947886467 0.0356900138855
v -0.0225354919434 -0.0315356216431 0.0349900131226
v -0.020294052124 -0.0328297157288 0.0150100126266
v -0.0171602134705 -0.00275835824013 0.0356900138855
v -0.0206071472168 -0.0327347373962 0.0150100126266
v -0.00338884735107 -0.00741134977341 0.0356900138855
v -0.0173888015747 -0.00258882665634 0.0356900138855
v -0.0227591552734 -0.0312968158722 0.0349900131226
v -0.0209133758545 -0.0326194839478 0.0150100126266
v -0.00316025924683 -0.00724181842804 0.0356900138855
v -0.0176329040527 -0.00244251680374 0.0356900138855
v -0.0229667205811 -0.0310438957214 0.0349900131226
v -0.00294939041138 -0.0070506978035 0.0356900138855
v -0.0178901748657 -0.00232083773613 0.0356900138855
v -0.0212113952637 -0.0324844512939 0.0150100126266
v -0.0181581268311 -0.00222496128082 0.0356900138855
v -0.0231573028564 -0.0307779388428 0.0349900131226
v -0.0214999542236 -0.0323302154541 0.0150100126266
v -0.00275827026367 -0.00683982896805 0.0356900138855
v -0.0184341926575 -0.0021558110714 0.0356900138855
v -0.023330078125 -0.030500087738 0.0349900131226
v -0.0187157058716 -0.00211405277252 0.0356900138855
v -0.0217778015137 -0.0321574363708 0.0150100126266
v -0.00258873748779 -0.00661124181747 0.0356900138855
v -0.0234843139648 -0.0302115306854 0.0349900131226
v -0.023619354248 -0.0299135055542 0.0349900131226
v -0.00244242858887 -0.00636713886261 0.0356900138855
v -0.022043762207 -0.0319668540955 0.0150100126266
v -0.00232074737549 -0.00610987043381 0.0356900138855
v -0.0222966842651 -0.0317592868805 0.0150100126266
v -0.0237346038818 -0.0296072845459 0.0349900131226
v -0.00222487258911 -0.0058419137001 0.0356900138855
v -0.0225354919434 -0.0315356216431 0.0150100126266
v -0.0238295822144 -0.0292941837311 0.0349900131226
v -0.00215572357178 -0.00556585025787 0.0356900138855
v -0.0227591552734 -0.0312968158722 0.0150100126266
v -0.0239038848877 -0.0289755401611 0.0349900131226
v -0.00211396408081 -0.00528433799744 0.0356900138855
v -0.0229667205811 -0.0310438957214 0.0150100126266
v -0.0239571762085 -0.0286527194977 0.0349900131226
v -0.00209999847412 -0.00500008821487 0.0356900138855
v -0.0231573028564 -0.0307779388428 0.0150100126266
v -0.0239892501831 -0.0283271026611 0.0349900131226
v -0.00211396408081 -0.00471583843231 0.0356900138855
v -0.023330078125 -0.030500087738 0.0150100126266
v -0.0239999542236 -0.028000087738 0.0349900131226
v -0.00215572357178 -0.00443432617188 0.0356900138855
v -0.024 -0.000800088405609 0.0349900131226
v -0.0234843139648 -0.0302115306854 0.0150100126266
v -0.023619354248 -0.0299135055542 0.0150100126266
v -0.00222487258911 -0.00415826272964 0.0356900138855
v -0.024 0.00229991149902 0.0349900131226
v 0 0.00229991149902 0.0349900131226
v -0.00232074737549 -0.00389030623436 0.0356900138855
v -0.0237346038818 -0.0296072845459 0.0150100126266
v -0.0238295822144 -0.0292941837311 0.0150100126266
v -0.00244242858887 -0.00363303780556 0.0356900138855
v 0 -0.00500008821487 0.0389900131226
v -1.07040405273e-05 -0.00532710409164 0.0389900131226
v -0.00258873748779 -0.00338893485069 0.0356900138855
v -0.0239038848877 -0.0289755401611 0.0150100126266
v -0.00275827026367 -0.00316034770012 0.0356900138855
v -4.27742004395e-05 -0.00565271902084 0.0389900131226
v -0.0239571762085 -0.0286527194977 0.0150100126266
v -0.0239892501831 -0.0283271026611 0.0150100126266
v -0.00294939041138 -0.00294947886467 0.0356900138855
v -9.60731506348e-05 -0.0059755396843 0.0389900131226
v -0.000170372009277 -0.00629418325424 0.0389900131226
v -0.00316025924683 -0.00275835824013 0.0356900138855
v -0.0239999542236 -0.028000087738 0.0150100126266
v -0.00338884735107 -0.00258882665634 0.0356900138855
v -0.024 -0.000800088405609 0.0150100126266
v -0.000265350341797 -0.00660728549957 0.0389900131226
v -0.024 0.00229991149902 0.0150100126266
v -0.0036329498291 -0.00244251680374 0.0356900138855
v -0.000380603790283 -0.0069135055542 0.0389900131226
v -0.00389021682739 -0.00232083773613 0.0356900138855
v 0 0.00229991149902 0.0150100126266
v -0.000515636444092 -0.0072115316391 0.0389900131226
v -0.000669872283936 -0.00750008821487 0.0389900131226
v -0.00415817260742 -0.00222496128082 0.0356900138855
v 0 -0.00500008821487 0.0190100135803
v -0.0146698265076 -0.030500087738 0.0389900131226
v -0.00443423843384 -0.0021558110714 0.0356900138855
v -1.07040405273e-05 -0.00532710409164 0.0190100135803
v -0.00471575164795 -0.00211405277252 0.0356900138855
v -0.0148426055908 -0.0307779388428 0.0389900131226
v -4.27742004395e-05 -0.00565271902084 0.0190100135803
v -0.0150331878662 -0.0310438957214 0.0389900131226
v -9.60731506348e-05 -0.0059755396843 0.0190100135803
v -0.0152407531738 -0.0312968158722 0.0389900131226
v -0.000170372009277 -0.00629418325424 0.0190100135803
v -0.000265350341797 -0.00660728549957 0.0190100135803
v -0.0154644203186 -0.0315356216431 0.0389900131226
v -0.000380603790283 -0.0069135055542 0.0190100135803
v -0.0157032241821 -0.0317592868805 0.0389900131226
v -0.000515636444092 -0.0072115316391 0.0190100135803
v -0.0159561462402 -0.0319668540955 0.0389900131226
v -0.000669872283936 -0.00750008821487 0.0190100135803
v -0.0162221031189 -0.0321574363708 0.0389900131226
v -0.0146698265076 -0.030500087738 0.0190100135803
v -0.0164999542236 -0.0323302154541 0.0389900131226
v -0.0148426055908 -0.0307779388428 0.0190100135803
v -0.0167885131836 -0.0324844512939 0.0389900131226
v -0.0150331878662 -0.0310438957214 0.0190100135803
v -0.0170865364075 -0.0326194839478 0.0389900131226
v -0.0152407531738 -0.0312968158722 0.0190100135803
v -0.0173927574158 -0.0327347373962 0.0389900131226
v -0.0154644203186 -0.0315356216431 0.0190100135803
v -0.0177058563232 -0.0328297157288 0.0389900131226
v -0.0180245018005 -0.0329040145874 0.0389900131226
v -0.0157032241821 -0.0317592868805 0.0190100135803
v -0.0159561462402 -0.0319668540955 0.0190100135803
v -0.0183473205566 -0.0329573135376 0.0389900131226
v -0.0162221031189 -0.0321574363708 0.0190100135803
v -0.0186729393005 -0.0329893836975 0.0389900131226
v -0.0189999542236 -0.033000087738 0.0389900131226
v -0.0164999542236 -0.0323302154541 0.0190100135803
v -0.019326965332 -0.0329893836975 0.0389900131226
v -0.0167885131836 -0.0324844512939 0.0190100135803
v -0.0196525878906 -0.0329573135376 0.0389900131226
v -0.0170865364075 -0.0326194839478 0.0190100135803
v -0.019975402832 -0.0329040145874 0.0389900131226
v -0.0173927574158 -0.0327347373962 0.0190100135803
v -0.020294052124 -0.0328297157288 0.0389900131226
v -0.0177058563232 -0.0328297157288 0.0190100135803
v -0.0206071472168 -0.0327347373962 0.0389900131226
v -0.0180245018005 -0.0329040145874 0.0190100135803
v -0.0183473205566 -0.0329573135376 0.0190100135803
v -0.0209133758545 -0.0326194839478 0.0389900131226
v -0.0186729393005 -0.0329893836975 0.0190100135803
v -0.0212113952637 -0.0324844512939 0.0389900131226
v -0.0189999542236 -0.033000087738 0.0190100135803
v -0.0214999542236 -0.0323302154541 0.0389900131226
v -0.019326965332 -0.0329893836975 0.0190100135803
v -0.0217778015137 -0.0321574363708 0.0389900131226
v -0.022043762207 -0.0319668540955 0.0389900131226
v -0.0196525878906 -0.0329573135376 0.0190100135803
v -0.0222966842651 -0.0317592868805 0.0389900131226
v -0.019975402832 -0.0329040145874 0.0190100135803
v -0.0225354919434 -0.0315356216431 0.0389900131226
v -0.020294052124 -0.0328297157288 0.0190100135803
v -0.0206071472168 -0.0327347373962 0.0190100135803
v -0.0227591552734 -0.0312968158722 0.0389900131226
v -0.0209133758545 -0.0326194839478 0.0190100135803
v -0.0229667205811 -0.0310438957214 0.0389900131226
v -0.0231573028564 -0.0307779388428 0.0389900131226
v -0.0212113952637 -0.0324844512939 0.0190100135803
v -0.023330078125 -0.030500087738 0.0389900131226
v -0.0214999542236 -0.0323302154541 0.0190100135803
v -0.0234843139648 -0.0302115306854 0.0389900131226
v -0.0217778015137 -0.0321574363708 0.0190100135803
v -0.023619354248 -0.0299135055542 0.0389900131226
v -0.022043762207 -0.0319668540955 0.0190100135803
v -0.0222966842651 -0.0317592868805 0.0190100135803
v -0.0237346038818 -0.0296072845459 0.0389900131226
v -0.0225354919434 -0.0315356216431 0.0190100135803
v -0.0238295822144 -0.0292941837311 0.0389900131226
v -0.0227591552734 -0.0312968158722 0.0190100135803
v -0.0239038848877 -0.0289755401611 0.0389900131226
v -0.0229667205811 -0.0310438957214 0.0190100135803
v -0.0239571762085 -0.0286527194977 0.0389900131226
v -0.0231573028564 -0.0307779388428 0.0190100135803
v -0.0239892501831 -0.0283271026611 0.0389900131226
v -0.023330078125 -0.030500087738 0.0190100135803
v -0.0239999542236 -0.028000087738 0.0389900131226
v -0.0234843139648 -0.0302115306854 0.0190100135803
v -0.024 -0.000800088405609 0.0389900131226
v -0.023619354248 -0.0299135055542 0.0190100135803
v -0.024 0.00229991149902 0.0389900131226
v 0 0.00229991149902 0.0389900131226
v -0.0237346038818 -0.0296072845459 0.0190100135803
v -0.0238295822144 -0.0292941837311 0.0190100135803
v -0.0239038848877 -0.0289755401611 0.0190100135803
v -0.0239571762085 -0.0286527194977 0.0190100135803
v -0.0239892501831 -0.0283271026611 0.0190100135803
v -0.0239999542236 -0.028000087738 0.0190100135803
v -0.024 -0.000800088405609 0.0190100135803
v -0.024 0.00229991149902 0.0190100135803
v 0 0.00229991149902 0.0190100135803
v -0.017424659729 0.000299911528826 0.0190100135803
v -0.024 0.000299911528826 0.0190100135803
v -0.024 0.00197760462761 0.0190100135803
v 0 0.000299911528826 0.0190100135803
v 0 0.000299911528826 0.0161059036255
v -0.024 0.00200939893723 0.0186351585388
v 0 0.000372523993254 0.016066116333
v -0.024 0.000299911528826 0.0349900131226
v -0.017424659729 0.000299911528826 0.0349900131226
v 0 0.000299911528826 0.0349900131226
v 0 0.000299911528826 0.0360859031677
v 0 0.000684137940407 0.0349900131226
v 0 0.000589366972446 0.0359272994995
v -0.00325842666626 -0.00517161798477 0.0190100135803
v -0.00325 -0.00500008821487 0.0190100135803
v -0.0032836265564 -0.00465867996216 0.0190100135803
v -0.0032836265564 -0.00534149646759 0.0190100135803
v -0.00325842666626 -0.00482855844498 0.0190100135803
v -0.00338320922852 -0.00566978406906 0.0190100135803
v -0.00345663833618 -0.00582503271103 0.0190100135803
v -0.00332535552979 -0.00550808620453 0.0190100135803
v -0.00335357666016 -0.00441321229935 0.0190100135803
v -0.00354492950439 -0.00597233629227 0.0190100135803
v -0.00332535552979 -0.00449209022522 0.0190100135803
v -0.0037625617981 -0.00623752498627 0.0190100135803
v -0.00364723205566 -0.00611027669907 0.0190100135803
v -0.00417505645752 -0.00654345035553 0.0190100135803
v -0.00402775192261 -0.00645516014099 0.0190100135803
v -0.00388981246948 -0.00635285663605 0.0190100135803
v -0.00465859222412 -0.00671646261215 0.0190100135803
v -0.00449200057983 -0.00667473363876 0.0190100135803
v -0.00517153167725 -0.00674166154861 0.0190100135803
v -0.005 -0.00675008821487 0.0190100135803
v -0.00482846832275 -0.00674166154861 0.0190100135803
v -0.00433030319214 -0.00661687707901 0.0190100135803
v -0.00550799942017 -0.00667473363876 0.0190100135803
v -0.00582494354248 -0.00654345035553 0.0190100135803
v -0.00597224807739 -0.00645516014099 0.0190100135803
v -0.00566969680786 -0.00661687707901 0.0190100135803
v -0.0062374382019 -0.00623752498627 0.0190100135803
v -0.00645507049561 -0.00597233629227 0.0190100135803
v -0.00645507049561 -0.00402784013748 0.0190100135803
v -0.00635276794434 -0.00611027669907 0.0190100135803
v -0.00635276794434 -0.0038898999691 0.0190100135803
v -0.0063515586853 -0.00388856554031 0.0190100135803
v -0.00611018753052 -0.00635285663605 0.0190100135803
v -0.00667464447021 -0.00449209022522 0.0190100135803
v -0.00661679077148 -0.00566978406906 0.0190100135803
v -0.00661679077148 -0.00433039236069 0.0190100135803
v -0.0067163734436 -0.00534149646759 0.0190100135803
v -0.00675 -0.00500008821487 0.0190100135803
v -0.00674157333374 -0.00482855844498 0.0190100135803
v -0.00674157333374 -0.00517161798477 0.0190100135803
v -0.0067163734436 -0.00465867996216 0.0190100135803
v -0.00654336166382 -0.00582503271103 0.0190100135803
v -0.00667464447021 -0.00550808620453 0.0190100135803
v -0.00654336166382 -0.00417514371872 0.0190100135803
v -0.00534140777588 -0.00671646261215 0.0190100135803
v -0.00338320922852 -0.00433039236069 0.0190100135803
v -0.00345663833618 -0.00417514371872 0.0190100135803
v -0.00550799942017 -0.00332544279099 0.0190100135803
v -0.00550672912598 -0.00332512497902 0.0190100135803
v -0.00364644241333 -0.00389096164703 0.0190100135803
v -0.00354492950439 -0.00402784013748 0.0190100135803
v -0.00597224807739 -0.00354501652718 0.0190100135803
v -0.00582494354248 -0.00345672631264 0.0190100135803
v -0.0062374382019 -0.0037626516819 0.0190100135803
v -0.00611018753052 -0.00364732003212 0.0190100135803
v -0.00566969680786 -0.00338329935074 0.0190100135803
v -0.0037625617981 -0.0037626516819 0.0190100135803
v -0.00364723205566 -0.0038898999691 0.0190100135803
v -0.00417505645752 -0.00345672631264 0.0190100135803
v -0.00402775192261 -0.00354501652718 0.0190100135803
v -0.00388981246948 -0.00364732003212 0.0190100135803
v -0.00433030319214 -0.00338329935074 0.0190100135803
v -0.00449200057983 -0.00332544279099 0.0190100135803
v -0.00482846832275 -0.00325851511955 0.0190100135803
v -0.00465859222412 -0.00328371429443 0.0190100135803
v -0.00517153167725 -0.00325851511955 0.0190100135803
v -0.00534140777588 -0.00328371429443 0.0190100135803
v -0.005 -0.00325008845329 0.0190100135803
v -0.00325842666626 -0.00517161798477 0.0349900131226
v -0.00325 -0.00500008821487 0.0349900131226
v -0.0032836265564 -0.00534149646759 0.0349900131226
v -0.00325842666626 -0.00482855844498 0.0349900131226
v -0.0032836265564 -0.00465867996216 0.0349900131226
v -0.00335357666016 -0.00441321229935 0.0349900131226
v -0.00332535552979 -0.00449209022522 0.0349900131226
v -0.00354492950439 -0.00597233629227 0.0349900131226
v -0.00345663833618 -0.00582503271103 0.0349900131226
v -0.00338320922852 -0.00566978406906 0.0349900131226
v -0.00332535552979 -0.00550808620453 0.0349900131226
v -0.0037625617981 -0.00623752498627 0.0349900131226
v -0.00402775192261 -0.00645516014099 0.0349900131226
v -0.00417505645752 -0.00654345035553 0.0349900131226
v -0.00388981246948 -0.00635285663605 0.0349900131226
v -0.00449200057983 -0.00667473363876 0.0349900131226
v -0.00465859222412 -0.00671646261215 0.0349900131226
v -0.005 -0.00675008821487 0.0349900131226
v -0.00517153167725 -0.00674166154861 0.0349900131226
v -0.00482846832275 -0.00674166154861 0.0349900131226
v -0.00433030319214 -0.00661687707901 0.0349900131226
v -0.00364723205566 -0.00611027669907 0.0349900131226
v -0.00566969680786 -0.00661687707901 0.0349900131226
v -0.00550799942017 -0.00667473363876 0.0349900131226
v -0.00611018753052 -0.00635285663605 0.0349900131226
v -0.00597224807739 -0.00645516014099 0.0349900131226
v -0.00582494354248 -0.00654345035553 0.0349900131226
v -0.00645507049561 -0.00597233629227 0.0349900131226
v -0.00645507049561 -0.00402784013748 0.0349900131226
v -0.00635276794434 -0.00611027669907 0.0349900131226
v -0.00635276794434 -0.0038898999691 0.0349900131226
v -0.0063515586853 -0.00388856554031 0.0349900131226
v -0.0062374382019 -0.00623752498627 0.0349900131226
v -0.00667464447021 -0.00550808620453 0.0349900131226
v -0.00661679077148 -0.00566978406906 0.0349900131226
v -0.00661679077148 -0.00433039236069 0.0349900131226
v -0.0067163734436 -0.00465867996216 0.0349900131226
v -0.00675 -0.00500008821487 0.0349900131226
v -0.00674157333374 -0.00482855844498 0.0349900131226
v -0.0067163734436 -0.00534149646759 0.0349900131226
v -0.00674157333374 -0.00517161798477 0.0349900131226
v -0.00654336166382 -0.00582503271103 0.0349900131226
v -0.00667464447021 -0.00449209022522 0.0349900131226
v -0.00654336166382 -0.00417514371872 0.0349900131226
v -0.00534140777588 -0.00671646261215 0.0349900131226
v -0.00338320922852 -0.00433039236069 0.0349900131226
v -0.00345663833618 -0.00417514371872 0.0349900131226
v -0.00354492950439 -0.00402784013748 0.0349900131226
v -0.00550799942017 -0.00332544279099 0.0349900131226
v -0.00550672912598 -0.00332512497902 0.0349900131226
v -0.00364644241333 -0.00389096164703 0.0349900131226
v -0.00597224807739 -0.00354501652718 0.0349900131226
v -0.00582494354248 -0.00345672631264 0.0349900131226
v -0.0062374382019 -0.0037626516819 0.0349900131226
v -0.00611018753052 -0.00364732003212 0.0349900131226
v -0.00566969680786 -0.00338329935074 0.0349900131226
v -0.0037625617981 -0.0037626516819 0.0349900131226
v -0.00364723205566 -0.0038898999691 0.0349900131226
v -0.00417505645752 -0.00345672631264 0.0349900131226
v -0.00402775192261 -0.00354501652718 0.0349900131226
v -0.00388981246948 -0.00364732003212 0.0349900131226
v -0.00433030319214 -0.00338329935074 0.0349900131226
v -0.00449200057983 -0.00332544279099 0.0349900131226
v -0.00482846832275 -0.00325851511955 0.0349900131226
v -0.00465859222412 -0.00328371429443 0.0349900131226
v -0.00517153167725 -0.00325851511955 0.0349900131226
v -0.00534140777588 -0.00328371429443 0.0349900131226
v -0.005 -0.00325008845329 0.0349900131226
v -0.0172499542236 -0.00500008821487 0.0190100135803
v -0.0172583808899 -0.00517161798477 0.0190100135803
v -0.0172583808899 -0.00482855844498 0.0190100135803
v -0.0173253097534 -0.00550808620453 0.0190100135803
v -0.0173253097534 -0.00449209022522 0.0190100135803
v -0.01728358078 -0.00534149646759 0.0190100135803
v -0.01728358078 -0.00465867996216 0.0190100135803
v -0.0174565925598 -0.00582503271103 0.0190100135803
v -0.0174565925598 -0.00417514371872 0.0190100135803
v -0.0176471862793 -0.00611027669907 0.0190100135803
v -0.0176471862793 -0.0038898999691 0.0190100135803
v -0.017544883728 -0.00597233629227 0.0190100135803
v -0.017544883728 -0.00402784013748 0.0190100135803
v -0.0173831634521 -0.00566978406906 0.0190100135803
v -0.0173831634521 -0.00433039236069 0.0190100135803
v -0.0178897666931 -0.00635285663605 0.0190100135803
v -0.0178897666931 -0.00364732003212 0.0190100135803
v -0.0181750106812 -0.00654345035553 0.0190100135803
v -0.0181750106812 -0.00345672631264 0.0190100135803
v -0.0180277061462 -0.00645516014099 0.0190100135803
v -0.0180277061462 -0.00354501652718 0.0190100135803
v -0.0184919586182 -0.00667473363876 0.0190100135803
v -0.0184919586182 -0.00332544279099 0.0190100135803
v -0.0188284225464 -0.00674166154861 0.0190100135803
v -0.0188284225464 -0.00325851511955 0.0190100135803
v -0.0186585464478 -0.00671646261215 0.0190100135803
v -0.0186585464478 -0.00328371429443 0.0190100135803
v -0.0183302574158 -0.00661687707901 0.0190100135803
v -0.0183302574158 -0.00338329935074 0.0190100135803
v -0.0177625198364 -0.00623752498627 0.0190100135803
v -0.0177625198364 -0.0037626516819 0.0190100135803
v -0.0191714859009 -0.00674166154861 0.0190100135803
v -0.0191714859009 -0.00325851511955 0.0190100135803
v -0.0195079498291 -0.00667473363876 0.0190100135803
v -0.0195079498291 -0.00332544279099 0.0190100135803
v -0.0193413619995 -0.00671646261215 0.0190100135803
v -0.0193413619995 -0.00328371429443 0.0190100135803
v -0.0198248977661 -0.00654345035553 0.0190100135803
v -0.0198248977661 -0.00345672631264 0.0190100135803
v -0.0201101379395 -0.00635285663605 0.0190100135803
v -0.0201101379395 -0.00364732003212 0.0190100135803
v -0.0199721984863 -0.00645516014099 0.0190100135803
v -0.0199721984863 -0.00354501652718 0.0190100135803
v -0.0196696472168 -0.00661687707901 0.0190100135803
v -0.0196696472168 -0.00338329935074 0.0190100135803
v -0.020352722168 -0.00611027669907 0.0190100135803
v -0.020352722168 -0.0038898999691 0.0190100135803
v -0.0205433197021 -0.00582503271103 0.0190100135803
v -0.0205433197021 -0.00417514371872 0.0190100135803
v -0.0204550247192 -0.00597233629227 0.0190100135803
v -0.0204550247192 -0.00402784013748 0.0190100135803
v -0.0206745986938 -0.00550808620453 0.0190100135803
v -0.0206745986938 -0.00449209022522 0.0190100135803
v -0.0207499542236 -0.00500008821487 0.0190100135803
v -0.0207415313721 -0.00517161798477 0.0190100135803
v -0.0207415313721 -0.00482855844498 0.0190100135803
v -0.0207163238525 -0.00534149646759 0.0190100135803
v -0.0207163238525 -0.00465867996216 0.0190100135803
v -0.0206167449951 -0.00566978406906 0.0190100135803
v -0.0206167449951 -0.00433039236069 0.0190100135803
v -0.0202373886108 -0.00623752498627 0.0190100135803
v -0.0202373886108 -0.0037626516819 0.0190100135803
v -0.0189999542236 -0.00325008845329 0.0190100135803
v -0.0189999542236 -0.00675008821487 0.0190100135803
v -0.0172499542236 -0.00500008821487 0.0349900131226
v -0.0172583808899 -0.00517161798477 0.0349900131226
v -0.0172583808899 -0.00482855844498 0.0349900131226
v -0.0173253097534 -0.00550808620453 0.0349900131226
v -0.0173253097534 -0.00449209022522 0.0349900131226
v -0.01728358078 -0.00534149646759 0.0349900131226
v -0.01728358078 -0.00465867996216 0.0349900131226
v -0.0174565925598 -0.00582503271103 0.0349900131226
v -0.0174565925598 -0.00417514371872 0.0349900131226
v -0.0176471862793 -0.00611027669907 0.0349900131226
v -0.0176471862793 -0.0038898999691 0.0349900131226
v -0.017544883728 -0.00597233629227 0.0349900131226
v -0.017544883728 -0.00402784013748 0.0349900131226
v -0.0173831634521 -0.00566978406906 0.0349900131226
v -0.0173831634521 -0.00433039236069 0.0349900131226
v -0.0178897666931 -0.00635285663605 0.0349900131226
v -0.0178897666931 -0.00364732003212 0.0349900131226
v -0.0181750106812 -0.00654345035553 0.0349900131226
v -0.0181750106812 -0.00345672631264 0.0349900131226
v -0.0180277061462 -0.00645516014099 0.0349900131226
v -0.0180277061462 -0.00354501652718 0.0349900131226
v -0.0184919586182 -0.00667473363876 0.0349900131226
v -0.0184919586182 -0.00332544279099 0.0349900131226
v -0.0188284225464 -0.00674166154861 0.0349900131226
v -0.0188284225464 -0.00325851511955 0.0349900131226
v -0.0186585464478 -0.00671646261215 0.0349900131226
v -0.0186585464478 -0.00328371429443 0.0349900131226
v -0.0183302574158 -0.00661687707901 0.0349900131226
v -0.0183302574158 -0.00338329935074 0.0349900131226
v -0.0177625198364 -0.00623752498627 0.0349900131226
v -0.0177625198364 -0.0037626516819 0.0349900131226
v -0.0191714859009 -0.00674166154861 0.0349900131226
v -0.0191714859009 -0.00325851511955 0.0349900131226
v -0.0195079498291 -0.00667473363876 0.0349900131226
v -0.0195079498291 -0.00332544279099 0.0349900131226
v -0.0193413619995 -0.00671646261215 0.0349900131226
v -0.0193413619995 -0.00328371429443 0.0349900131226
v -0.0198248977661 -0.00654345035553 0.0349900131226
v -0.0198248977661 -0.00345672631264 0.0349900131226
v -0.0201101379395 -0.00635285663605 0.0349900131226
v -0.0201101379395 -0.00364732003212 0.0349900131226
v -0.0199721984863 -0.00645516014099 0.0349900131226
v -0.0199721984863 -0.00354501652718 0.0349900131226
v -0.0196696472168 -0.00661687707901 0.0349900131226
v -0.0196696472168 -0.00338329935074 0.0349900131226
v -0.020352722168 -0.00611027669907 0.0349900131226
v -0.020352722168 -0.0038898999691 0.0349900131226
v -0.0205433197021 -0.00582503271103 0.0349900131226
v -0.0205433197021 -0.00417514371872 0.0349900131226
v -0.0204550247192 -0.00597233629227 0.0349900131226
v -0.0204550247192 -0.00402784013748 0.0349900131226
v -0.0206745986938 -0.00550808620453 0.0349900131226
v -0.0206745986938 -0.00449209022522 0.0349900131226
v -0.0207499542236 -0.00500008821487 0.0349900131226
v -0.0207415313721 -0.00517161798477 0.0349900131226
v -0.0207415313721 -0.00482855844498 0.0349900131226
v -0.0207163238525 -0.00534149646759 0.0349900131226
v -0.0207163238525 -0.00465867996216 0.0349900131226
v -0.0206167449951 -0.00566978406906 0.0349900131226
v -0.0206167449951 -0.00433039236069 0.0349900131226
v -0.0202373886108 -0.00623752498627 0.0349900131226
v -0.0202373886108 -0.0037626516819 0.0349900131226
v -0.0189999542236 -0.00325008845329 0.0349900131226
v -0.0189999542236 -0.00675008821487 0.0349900131226
v -0.0172687759399 -0.0282417049408 0.0190100135803
v -0.0173253097534 -0.0285080852509 0.0190100135803
v -0.01728358078 -0.0283414955139 0.0190100135803
v -0.0173831634521 -0.0286697845459 0.0190100135803
v -0.0174565925598 -0.0288250312805 0.0190100135803
v -0.017544883728 -0.0289723358154 0.0190100135803
v -0.0176471862793 -0.0291102752686 0.0190100135803
v -0.0177625198364 -0.0292375240326 0.0190100135803
v -0.0180277061462 -0.029455160141 0.0190100135803
v -0.01826902771 -0.0295879173279 0.0190100135803
v -0.0181750106812 -0.0295434494019 0.0190100135803
v -0.0178897666931 -0.0293528556824 0.0190100135803
v -0.0172499542236 -0.028000087738 0.0190100135803
v -0.0172583808899 -0.0281716175079 0.0190100135803
v -0.0172628555298 -0.0277984008789 0.0190100135803
v -0.0172583808899 -0.0278285579681 0.0190100135803
v -0.0183302574158 -0.0296168766022 0.0190100135803
v -0.0187223739624 -0.0297259292603 0.0190100135803
v -0.0186585464478 -0.0297164611816 0.0190100135803
v -0.0184919586182 -0.0296747341156 0.0190100135803
v -0.0173358154297 -0.0274627227783 0.0190100135803
v -0.0173253097534 -0.0274920902252 0.0190100135803
v -0.01728358078 -0.0276586799622 0.0190100135803
v -0.0188284225464 -0.0297416610718 0.0190100135803
v -0.0190974273682 -0.029745300293 0.0190100135803
v -0.0189999542236 -0.029750087738 0.0190100135803
v -0.0173831634521 -0.0273303909302 0.0190100135803
v -0.0174520835876 -0.027184677124 0.0190100135803
v -0.0191714859009 -0.0297416610718 0.0190100135803
v -0.0194269180298 -0.0296950321198 0.0190100135803
v -0.0193413619995 -0.0297164611816 0.0190100135803
v -0.0174565925598 -0.0271751441956 0.0190100135803
v -0.0176022720337 -0.0269504623413 0.0190100135803
v -0.017544883728 -0.0270278396606 0.0190100135803
v -0.0195079498291 -0.0296747341156 0.0190100135803
v -0.0197210159302 -0.0295925827026 0.0190100135803
v -0.0196696472168 -0.0296168766022 0.0190100135803
v -0.0176471862793 -0.0268899002075 0.0190100135803
v -0.0177625198364 -0.0267626514435 0.0190100135803
v -0.0177780914307 -0.0267485370636 0.0190100135803
v -0.0198248977661 -0.0295434494019 0.0190100135803
v -0.0199836578369 -0.0294466667175 0.0190100135803
v -0.0199721984863 -0.029455160141 0.0190100135803
v -0.0179808959961 -0.0265797309875 0.0190100135803
v -0.0178897666931 -0.0266473197937 0.0190100135803
v -0.0202135009766 -0.0292591743469 0.0190100135803
v -0.0201101379395 -0.0293528556824 0.0190100135803
v -0.0180277061462 -0.0265450153351 0.0190100135803
v -0.0182086791992 -0.0264408035278 0.0190100135803
v -0.0181750106812 -0.0264567260742 0.0190100135803
v -0.0202373886108 -0.0292375240326 0.0190100135803
v -0.0204100723267 -0.0290329475403 0.0190100135803
v -0.020352722168 -0.0291102752686 0.0190100135803
v -0.0183302574158 -0.0263832988739 0.0190100135803
v -0.0184649276733 -0.0263351135254 0.0190100135803
v -0.0204550247192 -0.0289723358154 0.0190100135803
v -0.0205703735352 -0.0287678222656 0.0190100135803
v -0.0205433197021 -0.0288250312805 0.0190100135803
v -0.0184919586182 -0.0263254413605 0.0190100135803
v -0.0187561836243 -0.0262692298889 0.0190100135803
v -0.0186585464478 -0.0262837142944 0.0190100135803
v -0.0206167449951 -0.0286697845459 0.0190100135803
v -0.0206869659424 -0.0284587039948 0.0190100135803
v -0.0206745986938 -0.0285080852509 0.0190100135803
v -0.0188284225464 -0.0262585144043 0.0190100135803
v -0.0190938949585 -0.0262547035217 0.0190100135803
v -0.0189999542236 -0.026250087738 0.0190100135803
v -0.0207163238525 -0.0283414955139 0.0190100135803
v -0.0207453842163 -0.028093082428 0.0190100135803
v -0.0207415313721 -0.0281716175079 0.0190100135803
v -0.0191714859009 -0.0262585144043 0.0190100135803
v -0.0207109985352 -0.0276374053955 0.0190100135803
v -0.0195120010376 -0.0263268909454 0.0190100135803
v -0.0195079498291 -0.0263254413605 0.0190100135803
v -0.0193413619995 -0.0262837142944 0.0190100135803
v -0.0207415313721 -0.0278285579681 0.0190100135803
v -0.0207499542236 -0.028000087738 0.0190100135803
v -0.0207163238525 -0.0276586799622 0.0190100135803
v -0.0196696472168 -0.0263832988739 0.0190100135803
v -0.0198248977661 -0.0264567260742 0.0190100135803
v -0.0199721984863 -0.0265450153351 0.0190100135803
v -0.0202373886108 -0.0267626514435 0.0190100135803
v -0.0201101379395 -0.0266473197937 0.0190100135803
v -0.0205433197021 -0.0271751441956 0.0190100135803
v -0.0204550247192 -0.0270278396606 0.0190100135803
v -0.0206745986938 -0.0274920902252 0.0190100135803
v -0.0206167449951 -0.0273303909302 0.0190100135803
v -0.020352722168 -0.0268899002075 0.0190100135803
v -0.0172687759399 -0.0282417049408 0.0349900131226
v -0.01728358078 -0.0283414955139 0.0349900131226
v -0.0173253097534 -0.0285080852509 0.0349900131226
v -0.017544883728 -0.0289723358154 0.0349900131226
v -0.0174565925598 -0.0288250312805 0.0349900131226
v -0.0173831634521 -0.0286697845459 0.0349900131226
v -0.0178897666931 -0.0293528556824 0.0349900131226
v -0.0177625198364 -0.0292375240326 0.0349900131226
v -0.01826902771 -0.0295879173279 0.0349900131226
v -0.0180277061462 -0.029455160141 0.0349900131226
v -0.0181750106812 -0.0295434494019 0.0349900131226
v -0.0176471862793 -0.0291102752686 0.0349900131226
v -0.0172499542236 -0.028000087738 0.0349900131226
v -0.0172583808899 -0.0281716175079 0.0349900131226
v -0.0172628555298 -0.0277984008789 0.0349900131226
v -0.0172583808899 -0.0278285579681 0.0349900131226
v -0.0184919586182 -0.0296747341156 0.0349900131226
v -0.0183302574158 -0.0296168766022 0.0349900131226
v -0.0187223739624 -0.0297259292603 0.0349900131226
v -0.0186585464478 -0.0297164611816 0.0349900131226
v -0.0173358154297 -0.0274627227783 0.0349900131226
v -0.0173253097534 -0.0274920902252 0.0349900131226
v -0.01728358078 -0.0276586799622 0.0349900131226
v -0.0188284225464 -0.0297416610718 0.0349900131226
v -0.0190974273682 -0.029745300293 0.0349900131226
v -0.0189999542236 -0.029750087738 0.0349900131226
v -0.0173831634521 -0.0273303909302 0.0349900131226
v -0.0174520835876 -0.027184677124 0.0349900131226
v -0.0194269180298 -0.0296950321198 0.0349900131226
v -0.0191714859009 -0.0297416610718 0.0349900131226
v -0.0193413619995 -0.0297164611816 0.0349900131226
v -0.0174565925598 -0.0271751441956 0.0349900131226
v -0.017544883728 -0.0270278396606 0.0349900131226
v -0.0176022720337 -0.0269504623413 0.0349900131226
v -0.0197210159302 -0.0295925827026 0.0349900131226
v -0.0195079498291 -0.0296747341156 0.0349900131226
v -0.0196696472168 -0.0296168766022 0.0349900131226
v -0.0177780914307 -0.0267485370636 0.0349900131226
v -0.0177625198364 -0.0267626514435 0.0349900131226
v -0.0176471862793 -0.0268899002075 0.0349900131226
v -0.0198248977661 -0.0295434494019 0.0349900131226
v -0.0199836578369 -0.0294466667175 0.0349900131226
v -0.0199721984863 -0.029455160141 0.0349900131226
v -0.0179808959961 -0.0265797309875 0.0349900131226
v -0.0178897666931 -0.0266473197937 0.0349900131226
v -0.0201101379395 -0.0293528556824 0.0349900131226
v -0.0202135009766 -0.0292591743469 0.0349900131226
v -0.0182086791992 -0.0264408035278 0.0349900131226
v -0.0181750106812 -0.0264567260742 0.0349900131226
v -0.0180277061462 -0.0265450153351 0.0349900131226
v -0.0202373886108 -0.0292375240326 0.0349900131226
v -0.0204100723267 -0.0290329475403 0.0349900131226
v -0.020352722168 -0.0291102752686 0.0349900131226
v -0.0183302574158 -0.0263832988739 0.0349900131226
v -0.0184649276733 -0.0263351135254 0.0349900131226
v -0.0205703735352 -0.0287678222656 0.0349900131226
v -0.0204550247192 -0.0289723358154 0.0349900131226
v -0.0205433197021 -0.0288250312805 0.0349900131226
v -0.0184919586182 -0.0263254413605 0.0349900131226
v -0.0186585464478 -0.0262837142944 0.0349900131226
v -0.0187561836243 -0.0262692298889 0.0349900131226
v -0.0206869659424 -0.0284587039948 0.0349900131226
v -0.0206167449951 -0.0286697845459 0.0349900131226
v -0.0206745986938 -0.0285080852509 0.0349900131226
v -0.0190938949585 -0.0262547035217 0.0349900131226
v -0.0189999542236 -0.026250087738 0.0349900131226
v -0.0188284225464 -0.0262585144043 0.0349900131226
v -0.0207163238525 -0.0283414955139 0.0349900131226
v -0.0207453842163 -0.028093082428 0.0349900131226
v -0.0207415313721 -0.0281716175079 0.0349900131226
v -0.0191714859009 -0.0262585144043 0.0349900131226
v -0.0195079498291 -0.0263254413605 0.0349900131226
v -0.0195120010376 -0.0263268909454 0.0349900131226
v -0.0193413619995 -0.0262837142944 0.0349900131226
v -0.0207163238525 -0.0276586799622 0.0349900131226
v -0.0207109985352 -0.0276374053955 0.0349900131226
v -0.0207499542236 -0.028000087738 0.0349900131226
v -0.0207415313721 -0.0278285579681 0.0349900131226
v -0.0196696472168 -0.0263832988739 0.0349900131226
v -0.0198248977661 -0.0264567260742 0.0349900131226
v -0.0199721984863 -0.0265450153351 0.0349900131226
v -0.0202373886108 -0.0267626514435 0.0349900131226
v -0.0201101379395 -0.0266473197937 0.0349900131226
v -0.0205433197021 -0.0271751441956 0.0349900131226
v -0.0204550247192 -0.0270278396606 0.0349900131226
v -0.0206745986938 -0.0274920902252 0.0349900131226
v -0.0206167449951 -0.0273303909302 0.0349900131226
v -0.020352722168 -0.0268899002075 0.0349900131226
v -0.00212701416016 -0.00462786054611 0.0389900131226
v -0.00211396408081 -0.00471583843231 0.0389900131226
v -0.00209999847412 -0.00500008821487 0.0389900131226
v -0.00211396408081 -0.00528433799744 0.0389900131226
v -0.00215572357178 -0.00556585025787 0.0389900131226
v -0.00222487258911 -0.0058419137001 0.0389900131226
v -0.00244242858887 -0.00636713886261 0.0389900131226
v -0.00232074737549 -0.00610987043381 0.0389900131226
v -0.00338884735107 -0.00741134977341 0.0389900131226
v -0.00316025924683 -0.00724181842804 0.0389900131226
v -0.00294939041138 -0.0070506978035 0.0389900131226
v -0.00275827026367 -0.00683982896805 0.0389900131226
v -0.00258873748779 -0.00661124181747 0.0389900131226
v -0.0036329498291 -0.00755765962601 0.0389900131226
v -0.00389021682739 -0.00767933893204 0.0389900131226
v -0.00415817260742 -0.00777521562576 0.0389900131226
v -0.00443423843384 -0.00784436559677 0.0389900131226
v -0.00528424835205 -0.00788612413406 0.0389900131226
v -0.00471575164795 -0.00788612413406 0.0389900131226
v -0.005 -0.00790008831024 0.0389900131226
v -0.00556576156616 -0.00784436559677 0.0389900131226
v -0.00584182739258 -0.00777521562576 0.0389900131226
v -0.00610978317261 -0.00767933893204 0.0389900131226
v -0.0063670501709 -0.00755765962601 0.0389900131226
v -0.00661115264893 -0.00741134977341 0.0389900131226
v -0.00683974075317 -0.00724181842804 0.0389900131226
v -0.00705060958862 -0.0070506978035 0.0389900131226
v -0.00724172973633 -0.00683982896805 0.0389900131226
v -0.00741126251221 -0.00661124181747 0.0389900131226
v -0.00755757141113 -0.00636713886261 0.0389900131226
v -0.00767925262451 -0.00610987043381 0.0389900131226
v -0.00777512741089 -0.0058419137001 0.0389900131226
v -0.00784427642822 -0.00556585025787 0.0389900131226
v -0.00788603591919 -0.00528433799744 0.0389900131226
v -0.00790000152588 -0.00500008821487 0.0389900131226
v -0.00788603591919 -0.00471583843231 0.0389900131226
v -0.00776315307617 -0.004124792099 0.0389900131226
v -0.00784427642822 -0.00443432617188 0.0389900131226
v -0.00777512741089 -0.00415826272964 0.0389900131226
v -0.00757699966431 -0.00367411351204 0.0389900131226
v -0.00767925262451 -0.00389030623436 0.0389900131226
v -0.0021801071167 -0.0043369717598 0.0389900131226
v -0.00215572357178 -0.00443432617188 0.0389900131226
v -0.00755757141113 -0.00363303780556 0.0389900131226
v -0.00697299575806 -0.00287913513184 0.0389900131226
v -0.00705060958862 -0.00294947886467 0.0389900131226
v -0.00741126251221 -0.00338893485069 0.0389900131226
v -0.00724172973633 -0.00316034770012 0.0389900131226
v -0.00222487258911 -0.00415826272964 0.0389900131226
v -0.00232074737549 -0.00389030623436 0.0389900131226
v -0.00294939041138 -0.00294947886467 0.0389900131226
v -0.00275827026367 -0.00316034770012 0.0389900131226
v -0.00244242858887 -0.00363303780556 0.0389900131226
v -0.00258873748779 -0.00338893485069 0.0389900131226
v -0.00443423843384 -0.0021558110714 0.0389900131226
v -0.00471575164795 -0.00211405277252 0.0389900131226
v -0.00528424835205 -0.00211405277252 0.0389900131226
v -0.005 -0.00210008835793 0.0389900131226
v -0.00683974075317 -0.00275835824013 0.0389900131226
v -0.00661115264893 -0.00258882665634 0.0389900131226
v -0.0063670501709 -0.00244251680374 0.0389900131226
v -0.00610978317261 -0.00232083773613 0.0389900131226
v -0.00584182739258 -0.00222496128082 0.0389900131226
v -0.00556576156616 -0.0021558110714 0.0389900131226
v -0.00316025924683 -0.00275835824013 0.0389900131226
v -0.00415817260742 -0.00222496128082 0.0389900131226
v -0.00338884735107 -0.00258882665634 0.0389900131226
v -0.00389021682739 -0.00232083773613 0.0389900131226
v -0.0036329498291 -0.00244251680374 0.0389900131226
v -0.005 -0.00325008845329 0.0356900138855
v -0.00517153167725 -0.00325851511955 0.0356900138855
v -0.00534140777588 -0.00328371429443 0.0356900138855
v -0.00550799942017 -0.00332544279099 0.0356900138855
v -0.00566969680786 -0.00338329935074 0.0356900138855
v -0.00582494354248 -0.00345672631264 0.0356900138855
v -0.00597224807739 -0.00354501652718 0.0356900138855
v -0.00611018753052 -0.00364732003212 0.0356900138855
v -0.0062374382019 -0.0037626516819 0.0356900138855
v -0.00635276794434 -0.0038898999691 0.0356900138855
v -0.00645507049561 -0.00402784013748 0.0356900138855
v -0.00654336166382 -0.00417514371872 0.0356900138855
v -0.00661679077148 -0.00433039236069 0.0356900138855
v -0.00667464447021 -0.00449209022522 0.0356900138855
v -0.0067163734436 -0.00465867996216 0.0356900138855
v -0.00674157333374 -0.00482855844498 0.0356900138855
v -0.00675 -0.00500008821487 0.0356900138855
v -0.00674157333374 -0.00517161798477 0.0356900138855
v -0.0067163734436 -0.00534149646759 0.0356900138855
v -0.00667464447021 -0.00550808620453 0.0356900138855
v -0.00661679077148 -0.00566978406906 0.0356900138855
v -0.00654336166382 -0.00582503271103 0.0356900138855
v -0.00645507049561 -0.00597233629227 0.0356900138855
v -0.00635276794434 -0.00611027669907 0.0356900138855
v -0.0062374382019 -0.00623752498627 0.0356900138855
v -0.00611018753052 -0.00635285663605 0.0356900138855
v -0.00597224807739 -0.00645516014099 0.0356900138855
v -0.00582494354248 -0.00654345035553 0.0356900138855
v -0.00566969680786 -0.00661687707901 0.0356900138855
v -0.00550799942017 -0.00667473363876 0.0356900138855
v -0.00534140777588 -0.00671646261215 0.0356900138855
v -0.00517153167725 -0.00674166154861 0.0356900138855
v -0.005 -0.00675008821487 0.0356900138855
v -0.00482846832275 -0.00674166154861 0.0356900138855
v -0.00465859222412 -0.00671646261215 0.0356900138855
v -0.00449200057983 -0.00667473363876 0.0356900138855
v -0.00433030319214 -0.00661687707901 0.0356900138855
v -0.00417505645752 -0.00654345035553 0.0356900138855
v -0.00402775192261 -0.00645516014099 0.0356900138855
v -0.00388981246948 -0.00635285663605 0.0356900138855
v -0.0037625617981 -0.00623752498627 0.0356900138855
v -0.00364723205566 -0.00611027669907 0.0356900138855
v -0.00354492950439 -0.00597233629227 0.0356900138855
v -0.00345663833618 -0.00582503271103 0.0356900138855
v -0.00338320922852 -0.00566978406906 0.0356900138855
v -0.00332535552979 -0.00550808620453 0.0356900138855
v -0.0032836265564 -0.00534149646759 0.0356900138855
v -0.00325842666626 -0.00517161798477 0.0356900138855
v -0.00325 -0.00500008821487 0.0356900138855
v -0.00325842666626 -0.00482855844498 0.0356900138855
v -0.0032836265564 -0.00465867996216 0.0356900138855
v -0.00332535552979 -0.00449209022522 0.0356900138855
v -0.00338320922852 -0.00433039236069 0.0356900138855
v -0.00345663833618 -0.00417514371872 0.0356900138855
v -0.00354492950439 -0.00402784013748 0.0356900138855
v -0.00364723205566 -0.0038898999691 0.0356900138855
v -0.0037625617981 -0.0037626516819 0.0356900138855
v -0.00388981246948 -0.00364732003212 0.0356900138855
v -0.00402775192261 -0.00354501652718 0.0356900138855
v -0.00417505645752 -0.00345672631264 0.0356900138855
v -0.00433030319214 -0.00338329935074 0.0356900138855
v -0.00449200057983 -0.00332544279099 0.0356900138855
v -0.00465859222412 -0.00328371429443 0.0356900138855
v -0.00482846832275 -0.00325851511955 0.0356900138855
v -0.02124168396 -0.00316034770012 0.0389900131226
v -0.0212296142578 -0.00314703369141 0.0389900131226
v -0.0214112167358 -0.00338893485069 0.0389900131226
v -0.0215575256348 -0.00363303780556 0.0389900131226
v -0.02124168396 -0.00683982896805 0.0389900131226
v -0.0214112167358 -0.00661124181747 0.0389900131226
v -0.0215575256348 -0.00636713886261 0.0389900131226
v -0.0216792068481 -0.00610987043381 0.0389900131226
v -0.0216792068481 -0.00389030623436 0.0389900131226
v -0.0218999557495 -0.00500008821487 0.0389900131226
v -0.0218859863281 -0.00528433799744 0.0389900131226
v -0.0218859863281 -0.00471583843231 0.0389900131226
v -0.0217750854492 -0.0058419137001 0.0389900131226
v -0.0218442306519 -0.00556585025787 0.0389900131226
v -0.0218442306519 -0.00443432617188 0.0389900131226
v -0.0217750854492 -0.00415826272964 0.0389900131226
v -0.021050567627 -0.0070506978035 0.0389900131226
v -0.0208396911621 -0.00724181842804 0.0389900131226
v -0.0206111068726 -0.00741134977341 0.0389900131226
v -0.0203670043945 -0.00755765962601 0.0389900131226
v -0.0201097335815 -0.00767933893204 0.0389900131226
v -0.0198417816162 -0.00777521562576 0.0389900131226
v -0.0195657196045 -0.00784436559677 0.0389900131226
v -0.0192842025757 -0.00788612413406 0.0389900131226
v -0.0189999542236 -0.00790008831024 0.0389900131226
v -0.0187157058716 -0.00788612413406 0.0389900131226
v -0.0184341926575 -0.00784436559677 0.0389900131226
v -0.0181581268311 -0.00777521562576 0.0389900131226
v -0.0161556777954 -0.00556585025787 0.0389900131226
v -0.0162248268127 -0.0058419137001 0.0389900131226
v -0.0167582244873 -0.00683982896805 0.0389900131226
v -0.0165886917114 -0.00661124181747 0.0389900131226
v -0.0164423828125 -0.00636713886261 0.0389900131226
v -0.0163207015991 -0.00610987043381 0.0389900131226
v -0.0173888015747 -0.00741134977341 0.0389900131226
v -0.0171602134705 -0.00724181842804 0.0389900131226
v -0.016949344635 -0.0070506978035 0.0389900131226
v -0.0178901748657 -0.00767933893204 0.0389900131226
v -0.0176329040527 -0.00755765962601 0.0389900131226
v -0.0161139183044 -0.00528433799744 0.0389900131226
v -0.0161125526428 -0.00474363231659 0.0389900131226
v -0.0160999526978 -0.00500008821487 0.0389900131226
v -0.0161139183044 -0.00471583843231 0.0389900131226
v -0.021050567627 -0.00294947886467 0.0389900131226
v -0.0161556777954 -0.00443432617188 0.0389900131226
v -0.0208396911621 -0.00275835824013 0.0389900131226
v -0.0162248268127 -0.00415826272964 0.0389900131226
v -0.0163207015991 -0.00389030623436 0.0389900131226
v -0.0206111068726 -0.00258882665634 0.0389900131226
v -0.0164423828125 -0.00363303780556 0.0389900131226
v -0.0165886917114 -0.00338893485069 0.0389900131226
v -0.0167582244873 -0.00316034770012 0.0389900131226
v -0.016949344635 -0.00294947886467 0.0389900131226
v -0.0171602134705 -0.00275835824013 0.0389900131226
v -0.0173888015747 -0.00258882665634 0.0389900131226
v -0.0176329040527 -0.00244251680374 0.0389900131226
v -0.0178901748657 -0.00232083773613 0.0389900131226
v -0.0181581268311 -0.00222496128082 0.0389900131226
v -0.0184341926575 -0.0021558110714 0.0389900131226
v -0.0192842025757 -0.00211405277252 0.0389900131226
v -0.0189999542236 -0.00210008835793 0.0389900131226
v -0.0187157058716 -0.00211405277252 0.0389900131226
v -0.0203670043945 -0.00244251680374 0.0389900131226
v -0.0201097335815 -0.00232083773613 0.0389900131226
v -0.0198417816162 -0.00222496128082 0.0389900131226
v -0.0195657196045 -0.0021558110714 0.0389900131226
v -0.0189999542236 -0.00325008845329 0.0356900138855
v -0.0191714859009 -0.00325851511955 0.0356900138855
v -0.0193413619995 -0.00328371429443 0.0356900138855
v -0.0195079498291 -0.00332544279099 0.0356900138855
v -0.0196696472168 -0.00338329935074 0.0356900138855
v -0.0198248977661 -0.00345672631264 0.0356900138855
v -0.0199721984863 -0.00354501652718 0.0356900138855
v -0.0201101379395 -0.00364732003212 0.0356900138855
v -0.0202373886108 -0.0037626516819 0.0356900138855
v -0.020352722168 -0.0038898999691 0.0356900138855
v -0.0204550247192 -0.00402784013748 0.0356900138855
v -0.0205433197021 -0.00417514371872 0.0356900138855
v -0.0206167449951 -0.00433039236069 0.0356900138855
v -0.0206745986938 -0.00449209022522 0.0356900138855
v -0.0207163238525 -0.00465867996216 0.0356900138855
v -0.0207415313721 -0.00482855844498 0.0356900138855
v -0.0207499542236 -0.00500008821487 0.0356900138855
v -0.0207415313721 -0.00517161798477 0.0356900138855
v -0.0207163238525 -0.00534149646759 0.0356900138855
v -0.0206745986938 -0.00550808620453 0.0356900138855
v -0.0206167449951 -0.00566978406906 0.0356900138855
v -0.0205433197021 -0.00582503271103 0.0356900138855
v -0.0204550247192 -0.00597233629227 0.0356900138855
v -0.020352722168 -0.00611027669907 0.0356900138855
v -0.0202373886108 -0.00623752498627 0.0356900138855
v -0.0201101379395 -0.00635285663605 0.0356900138855
v -0.0199721984863 -0.00645516014099 0.0356900138855
v -0.0198248977661 -0.00654345035553 0.0356900138855
v -0.0196696472168 -0.00661687707901 0.0356900138855
v -0.0195079498291 -0.00667473363876 0.0356900138855
v -0.0193413619995 -0.00671646261215 0.0356900138855
v -0.0191714859009 -0.00674166154861 0.0356900138855
v -0.0189999542236 -0.00675008821487 0.0356900138855
v -0.0188284225464 -0.00674166154861 0.0356900138855
v -0.0186585464478 -0.00671646261215 0.0356900138855
v -0.0184919586182 -0.00667473363876 0.0356900138855
v -0.0183302574158 -0.00661687707901 0.0356900138855
v -0.0181750106812 -0.00654345035553 0.0356900138855
v -0.0180277061462 -0.00645516014099 0.0356900138855
v -0.0178897666931 -0.00635285663605 0.0356900138855
v -0.0177625198364 -0.00623752498627 0.0356900138855
v -0.0176471862793 -0.00611027669907 0.0356900138855
v -0.017544883728 -0.00597233629227 0.0356900138855
v -0.0174565925598 -0.00582503271103 0.0356900138855
v -0.0173831634521 -0.00566978406906 0.0356900138855
v -0.0173253097534 -0.00550808620453 0.0356900138855
v -0.01728358078 -0.00534149646759 0.0356900138855
v -0.0172583808899 -0.00517161798477 0.0356900138855
v -0.0172499542236 -0.00500008821487 0.0356900138855
v -0.0172583808899 -0.00482855844498 0.0356900138855
v -0.01728358078 -0.00465867996216 0.0356900138855
v -0.0173253097534 -0.00449209022522 0.0356900138855
v -0.0173831634521 -0.00433039236069 0.0356900138855
v -0.0174565925598 -0.00417514371872 0.0356900138855
v -0.017544883728 -0.00402784013748 0.0356900138855
v -0.0176471862793 -0.0038898999691 0.0356900138855
v -0.0177625198364 -0.0037626516819 0.0356900138855
v -0.0178897666931 -0.00364732003212 0.0356900138855
v -0.0180277061462 -0.00354501652718 0.0356900138855
v -0.0181750106812 -0.00345672631264 0.0356900138855
v -0.0183302574158 -0.00338329935074 0.0356900138855
v -0.0184919586182 -0.00332544279099 0.0356900138855
v -0.0186585464478 -0.00328371429443 0.0356900138855
v -0.0188284225464 -0.00325851511955 0.0356900138855
v -0.0162766799927 -0.028986831665 0.0389900131226
v -0.0163207015991 -0.0291098690033 0.0389900131226
v -0.0164423828125 -0.0293671379089 0.0389900131226
v -0.0165886917114 -0.0296112422943 0.0389900131226
v -0.0167582244873 -0.0298398284912 0.0389900131226
v -0.017077255249 -0.0301666259766 0.0389900131226
v -0.016949344635 -0.0300506973267 0.0389900131226
v -0.0161556777954 -0.0285658493042 0.0389900131226
v -0.0161237258911 -0.0283504486084 0.0389900131226
v -0.0162248268127 -0.0288419132233 0.0389900131226
v -0.0173888015747 -0.0304113502502 0.0389900131226
v -0.0176550712585 -0.0305681438446 0.0389900131226
v -0.0176329040527 -0.0305576591492 0.0389900131226
v -0.0171602134705 -0.0302418174744 0.0389900131226
v -0.0160999526978 -0.028000087738 0.0389900131226
v -0.0161139183044 -0.0282843379974 0.0389900131226
v -0.0161043930054 -0.0279097537994 0.0389900131226
v -0.0181054153442 -0.0307563533783 0.0389900131226
v -0.0178901748657 -0.0306793384552 0.0389900131226
v -0.0161392288208 -0.0275452079773 0.0389900131226
v -0.0161139183044 -0.0277158374786 0.0389900131226
v -0.0185089111328 -0.0308554477692 0.0389900131226
v -0.0181581268311 -0.0307752151489 0.0389900131226
v -0.0184341926575 -0.0308443641663 0.0389900131226
v -0.0161556777954 -0.0274343261719 0.0389900131226
v -0.0162078132629 -0.0272261829376 0.0389900131226
v -0.0187157058716 -0.0308861236572 0.0389900131226
v -0.0188827133179 -0.0308943271637 0.0389900131226
v -0.0163024902344 -0.026941204071 0.0389900131226
v -0.0192353973389 -0.0308885211945 0.0389900131226
v -0.0189999542236 -0.0309000873566 0.0389900131226
v -0.0162248268127 -0.0271582622528 0.0389900131226
v -0.0163207015991 -0.0268903064728 0.0389900131226
v -0.0164185676575 -0.0266833896637 0.0389900131226
v -0.019568687439 -0.0308436183929 0.0389900131226
v -0.0195657196045 -0.0308443641663 0.0389900131226
v -0.0192842025757 -0.0308861236572 0.0389900131226
v -0.0164423828125 -0.0266330375671 0.0389900131226
v -0.0165530281067 -0.0264484367371 0.0389900131226
v -0.0198813476563 -0.0307610569 0.0389900131226
v -0.0198417816162 -0.0307752151489 0.0389900131226
v -0.0167038955688 -0.0262336006165 0.0389900131226
v -0.0165886917114 -0.0263889331818 0.0389900131226
v -0.0201764297485 -0.0306477928162 0.0389900131226
v -0.0201097335815 -0.0306793384552 0.0389900131226
v -0.0168698806763 -0.0260371551514 0.0389900131226
v -0.0167582244873 -0.0261603469849 0.0389900131226
v -0.0204533996582 -0.0305058765411 0.0389900131226
v -0.0203670043945 -0.0305576591492 0.0389900131226
v -0.0170501899719 -0.0258580760956 0.0389900131226
v -0.016949344635 -0.0259494781494 0.0389900131226
v -0.0207114105225 -0.0303369579315 0.0389900131226
v -0.0206111068726 -0.0304113502502 0.0389900131226
v -0.0171602134705 -0.0257583580017 0.0389900131226
v -0.0172444458008 -0.0256958847046 0.0389900131226
v -0.0209494171143 -0.0301423740387 0.0389900131226
v -0.0208396911621 -0.0302418174744 0.0389900131226
v -0.0174526367188 -0.0255505638123 0.0389900131226
v -0.0173888015747 -0.0255888252258 0.0389900131226
v -0.0211661224365 -0.0299231967926 0.0389900131226
v -0.021050567627 -0.0300506973267 0.0389900131226
v -0.0176751251221 -0.0254225482941 0.0389900131226
v -0.0176329040527 -0.0254425163269 0.0389900131226
v -0.0213600463867 -0.0296802368164 0.0389900131226
v -0.02124168396 -0.0298398284912 0.0389900131226
v -0.017912727356 -0.0253127670288 0.0389900131226
v -0.0178901748657 -0.0253208370209 0.0389900131226
v -0.0215294189453 -0.0294140281677 0.0389900131226
v -0.0214112167358 -0.0296112422943 0.0389900131226
v -0.0181668663025 -0.0252227725983 0.0389900131226
v -0.0181581268311 -0.0252249603271 0.0389900131226
v -0.0215575256348 -0.0293671379089 0.0389900131226
v -0.0216721725464 -0.0291247444153 0.0389900131226
v -0.0184341926575 -0.0251558113098 0.0389900131226
v -0.0184398117065 -0.0251549777985 0.0389900131226
v -0.0216792068481 -0.0291098690033 0.0389900131226
v -0.0217832336426 -0.0288093681335 0.0389900131226
v -0.0217750854492 -0.0288419132233 0.0389900131226
v -0.0218442306519 -0.0285658493042 0.0389900131226
v -0.0187157058716 -0.0251140518188 0.0389900131226
v -0.0218589477539 -0.028466627121 0.0389900131226
v -0.0187351531982 -0.0251130962372 0.0389900131226
v -0.0189999542236 -0.0251000881195 0.0389900131226
v -0.0190586929321 -0.025102973938 0.0389900131226
v -0.0218859863281 -0.0282843379974 0.0389900131226
v -0.0218952941895 -0.0280949859619 0.0389900131226
v -0.0194201583862 -0.0251342182159 0.0389900131226
v -0.0192842025757 -0.0251140518188 0.0389900131226
v -0.0218999557495 -0.028000087738 0.0389900131226
v -0.0218859863281 -0.0277158374786 0.0389900131226
v -0.0218815841675 -0.0276861400604 0.0389900131226
v -0.0195657196045 -0.0251558113098 0.0389900131226
v -0.0198369903564 -0.0252237606049 0.0389900131226
v -0.0217890014648 -0.0272138233185 0.0389900131226
v -0.0218442306519 -0.0274343261719 0.0389900131226
v -0.0198417816162 -0.0252249603271 0.0389900131226
v -0.0204027862549 -0.0254639625549 0.0389900131226
v -0.0203670043945 -0.0254425163269 0.0389900131226
v -0.0201097335815 -0.0253208370209 0.0389900131226
v -0.0215575256348 -0.0266330375671 0.0389900131226
v -0.0217750854492 -0.0271582622528 0.0389900131226
v -0.0216792068481 -0.0268903064728 0.0389900131226
v -0.0215411758423 -0.0266057624817 0.0389900131226
v -0.0208396911621 -0.0257583580017 0.0389900131226
v -0.0206111068726 -0.0255888252258 0.0389900131226
v -0.02124168396 -0.0261603469849 0.0389900131226
v -0.0214112167358 -0.0263889331818 0.0389900131226
v -0.021050567627 -0.0259494781494 0.0389900131226
v -0.0189999542236 -0.026250087738 0.0356900138855
v -0.0191714859009 -0.0262585144043 0.0356900138855
v -0.0193413619995 -0.0262837142944 0.0356900138855
v -0.0195079498291 -0.0263254413605 0.0356900138855
v -0.0196696472168 -0.0263832988739 0.0356900138855
v -0.0198248977661 -0.0264567260742 0.0356900138855
v -0.0199721984863 -0.0265450153351 0.0356900138855
v -0.0201101379395 -0.0266473197937 0.0356900138855
v -0.0202373886108 -0.0267626514435 0.0356900138855
v -0.020352722168 -0.0268899002075 0.0356900138855
v -0.0204550247192 -0.0270278396606 0.0356900138855
v -0.0205433197021 -0.0271751441956 0.0356900138855
v -0.0206167449951 -0.0273303909302 0.0356900138855
v -0.0206745986938 -0.0274920902252 0.0356900138855
v -0.0207163238525 -0.0276586799622 0.0356900138855
v -0.0207415313721 -0.0278285579681 0.0356900138855
v -0.0207499542236 -0.028000087738 0.0356900138855
v -0.0207415313721 -0.0281716175079 0.0356900138855
v -0.0207163238525 -0.0283414955139 0.0356900138855
v -0.0206745986938 -0.0285080852509 0.0356900138855
v -0.0206167449951 -0.0286697845459 0.0356900138855
v -0.0205433197021 -0.0288250312805 0.0356900138855
v -0.0204550247192 -0.0289723358154 0.0356900138855
v -0.020352722168 -0.0291102752686 0.0356900138855
v -0.0202373886108 -0.0292375240326 0.0356900138855
v -0.0201101379395 -0.0293528556824 0.0356900138855
v -0.0199721984863 -0.029455160141 0.0356900138855
v -0.0198248977661 -0.0295434494019 0.0356900138855
v -0.0196696472168 -0.0296168766022 0.0356900138855
v -0.0195079498291 -0.0296747341156 0.0356900138855
v -0.0193413619995 -0.0297164611816 0.0356900138855
v -0.0191714859009 -0.0297416610718 0.0356900138855
v -0.0189999542236 -0.029750087738 0.0356900138855
v -0.0188284225464 -0.0297416610718 0.0356900138855
v -0.0186585464478 -0.0297164611816 0.0356900138855
v -0.0184919586182 -0.0296747341156 0.0356900138855
v -0.0183302574158 -0.0296168766022 0.0356900138855
v -0.0181750106812 -0.0295434494019 0.0356900138855
v -0.0180277061462 -0.029455160141 0.0356900138855
v -0.0178897666931 -0.0293528556824 0.0356900138855
v -0.0177625198364 -0.0292375240326 0.0356900138855
v -0.0176471862793 -0.0291102752686 0.0356900138855
v -0.017544883728 -0.0289723358154 0.0356900138855
v -0.0174565925598 -0.0288250312805 0.0356900138855
v -0.0173831634521 -0.0286697845459 0.0356900138855
v -0.0173253097534 -0.0285080852509 0.0356900138855
v -0.01728358078 -0.0283414955139 0.0356900138855
v -0.0172583808899 -0.0281716175079 0.0356900138855
v -0.0172499542236 -0.028000087738 0.0356900138855
v -0.0172583808899 -0.0278285579681 0.0356900138855
v -0.01728358078 -0.0276586799622 0.0356900138855
v -0.0173253097534 -0.0274920902252 0.0356900138855
v -0.0173831634521 -0.0273303909302 0.0356900138855
v -0.0174565925598 -0.0271751441956 0.0356900138855
v -0.017544883728 -0.0270278396606 0.0356900138855
v -0.0176471862793 -0.0268899002075 0.0356900138855
v -0.0177625198364 -0.0267626514435 0.0356900138855
v -0.0178897666931 -0.0266473197937 0.0356900138855
v -0.0180277061462 -0.0265450153351 0.0356900138855
v -0.0181750106812 -0.0264567260742 0.0356900138855
v -0.0183302574158 -0.0263832988739 0.0356900138855
v -0.0184919586182 -0.0263254413605 0.0356900138855
v -0.0186585464478 -0.0262837142944 0.0356900138855
v -0.0188284225464 -0.0262585144043 0.0356900138855
v -0.00829089736938 -0.00500008821487 0.0150100126266
v -0.0077865447998 -0.00587365055084 0.0150100126266
v -0.00753008270264 -0.00368232369423 0.0150100126266
v -0.00190119171143 -0.00466737937927 0.0150100126266
v -0.00170910263062 -0.00500008821487 0.0150100126266
v -0.00335455322266 -0.00785008811951 0.0150100126266
v -0.00664544677734 -0.00785008811951 0.0150100126266
v -0.00207317352295 -0.00436949729919 0.0150100126266
v -0.00705241775513 -0.00285497832298 0.0150100126266
v -0.00664544677734 -0.00215008854866 0.0150100126266
v -0.00335455322266 -0.00215008854866 0.0150100126266
v -0.005 -0.00325008845329 0.0178100128174
v -0.00517153167725 -0.00325851511955 0.0178100128174
v -0.00534140777588 -0.00328371429443 0.0178100128174
v -0.00550799942017 -0.00332544279099 0.0178100128174
v -0.00566969680786 -0.00338329935074 0.0178100128174
v -0.00582494354248 -0.00345672631264 0.0178100128174
v -0.00597224807739 -0.00354501652718 0.0178100128174
v -0.00611018753052 -0.00364732003212 0.0178100128174
v -0.0062374382019 -0.0037626516819 0.0178100128174
v -0.00635276794434 -0.0038898999691 0.0178100128174
v -0.00645507049561 -0.00402784013748 0.0178100128174
v -0.00654336166382 -0.00417514371872 0.0178100128174
v -0.00661679077148 -0.00433039236069 0.0178100128174
v -0.00667464447021 -0.00449209022522 0.0178100128174
v -0.0067163734436 -0.00465867996216 0.0178100128174
v -0.00674157333374 -0.00482855844498 0.0178100128174
v -0.00675 -0.00500008821487 0.0178100128174
v -0.00674157333374 -0.00517161798477 0.0178100128174
v -0.0067163734436 -0.00534149646759 0.0178100128174
v -0.00667464447021 -0.00550808620453 0.0178100128174
v -0.00661679077148 -0.00566978406906 0.0178100128174
v -0.00654336166382 -0.00582503271103 0.0178100128174
v -0.00645507049561 -0.00597233629227 0.0178100128174
v -0.00635276794434 -0.00611027669907 0.0178100128174
v -0.0062374382019 -0.00623752498627 0.0178100128174
v -0.00611018753052 -0.00635285663605 0.0178100128174
v -0.00597224807739 -0.00645516014099 0.0178100128174
v -0.00582494354248 -0.00654345035553 0.0178100128174
v -0.00566969680786 -0.00661687707901 0.0178100128174
v -0.00550799942017 -0.00667473363876 0.0178100128174
v -0.00534140777588 -0.00671646261215 0.0178100128174
v -0.00517153167725 -0.00674166154861 0.0178100128174
v -0.005 -0.00675008821487 0.0178100128174
v -0.00482846832275 -0.00674166154861 0.0178100128174
v -0.00465859222412 -0.00671646261215 0.0178100128174
v -0.00449200057983 -0.00667473363876 0.0178100128174
v -0.00433030319214 -0.00661687707901 0.0178100128174
v -0.00417505645752 -0.00654345035553 0.0178100128174
v -0.00402775192261 -0.00645516014099 0.0178100128174
v -0.00388981246948 -0.00635285663605 0.0178100128174
v -0.0037625617981 -0.00623752498627 0.0178100128174
v -0.00364723205566 -0.00611027669907 0.0178100128174
v -0.00354492950439 -0.00597233629227 0.0178100128174
v -0.00345663833618 -0.00582503271103 0.0178100128174
v -0.00338320922852 -0.00566978406906 0.0178100128174
v -0.00332535552979 -0.00550808620453 0.0178100128174
v -0.0032836265564 -0.00534149646759 0.0178100128174
v -0.00325842666626 -0.00517161798477 0.0178100128174
v -0.00325 -0.00500008821487 0.0178100128174
v -0.00325842666626 -0.00482855844498 0.0178100128174
v -0.0032836265564 -0.00465867996216 0.0178100128174
v -0.00332535552979 -0.00449209022522 0.0178100128174
v -0.00338320922852 -0.00433039236069 0.0178100128174
v -0.00345663833618 -0.00417514371872 0.0178100128174
v -0.00354492950439 -0.00402784013748 0.0178100128174
v -0.00364723205566 -0.0038898999691 0.0178100128174
v -0.0037625617981 -0.0037626516819 0.0178100128174
v -0.00388981246948 -0.00364732003212 0.0178100128174
v -0.00402775192261 -0.00354501652718 0.0178100128174
v -0.00417505645752 -0.00345672631264 0.0178100128174
v -0.00433030319214 -0.00338329935074 0.0178100128174
v -0.00449200057983 -0.00332544279099 0.0178100128174
v -0.00465859222412 -0.00328371429443 0.0178100128174
v -0.00482846832275 -0.00325851511955 0.0178100128174
v -0.015867603302 -0.00527469921112 0.0150100126266
v -0.0173545074463 -0.00215008854866 0.0150100126266
v -0.0157090568542 -0.00500008821487 0.0150100126266
v -0.0212238235474 -0.00315194177628 0.0150100126266
v -0.020645401001 -0.00215008854866 0.0150100126266
v -0.0173545074463 -0.00785008811951 0.0150100126266
v -0.0222908477783 -0.00500008821487 0.0150100126266
v -0.020645401001 -0.00785008811951 0.0150100126266
v -0.0189999542236 -0.00325008845329 0.0178100128174
v -0.0191714859009 -0.00325851511955 0.0178100128174
v -0.0193413619995 -0.00328371429443 0.0178100128174
v -0.0195079498291 -0.00332544279099 0.0178100128174
v -0.0196696472168 -0.00338329935074 0.0178100128174
v -0.0198248977661 -0.00345672631264 0.0178100128174
v -0.0199721984863 -0.00354501652718 0.0178100128174
v -0.0201101379395 -0.00364732003212 0.0178100128174
v -0.0202373886108 -0.0037626516819 0.0178100128174
v -0.020352722168 -0.0038898999691 0.0178100128174
v -0.0204550247192 -0.00402784013748 0.0178100128174
v -0.0205433197021 -0.00417514371872 0.0178100128174
v -0.0206167449951 -0.00433039236069 0.0178100128174
v -0.0206745986938 -0.00449209022522 0.0178100128174
v -0.0207163238525 -0.00465867996216 0.0178100128174
v -0.0207415313721 -0.00482855844498 0.0178100128174
v -0.0207499542236 -0.00500008821487 0.0178100128174
v -0.0207415313721 -0.00517161798477 0.0178100128174
v -0.0207163238525 -0.00534149646759 0.0178100128174
v -0.0206745986938 -0.00550808620453 0.0178100128174
v -0.0206167449951 -0.00566978406906 0.0178100128174
v -0.0205433197021 -0.00582503271103 0.0178100128174
v -0.0204550247192 -0.00597233629227 0.0178100128174
v -0.020352722168 -0.00611027669907 0.0178100128174
v -0.0202373886108 -0.00623752498627 0.0178100128174
v -0.0201101379395 -0.00635285663605 0.0178100128174
v -0.0199721984863 -0.00645516014099 0.0178100128174
v -0.0198248977661 -0.00654345035553 0.0178100128174
v -0.0196696472168 -0.00661687707901 0.0178100128174
v -0.0195079498291 -0.00667473363876 0.0178100128174
v -0.0193413619995 -0.00671646261215 0.0178100128174
v -0.0191714859009 -0.00674166154861 0.0178100128174
v -0.0189999542236 -0.00675008821487 0.0178100128174
v -0.0188284225464 -0.00674166154861 0.0178100128174
v -0.0186585464478 -0.00671646261215 0.0178100128174
v -0.0184919586182 -0.00667473363876 0.0178100128174
v -0.0183302574158 -0.00661687707901 0.0178100128174
v -0.0181750106812 -0.00654345035553 0.0178100128174
v -0.0180277061462 -0.00645516014099 0.0178100128174
v -0.0178897666931 -0.00635285663605 0.0178100128174
v -0.0177625198364 -0.00623752498627 0.0178100128174
v -0.0176471862793 -0.00611027669907 0.0178100128174
v -0.017544883728 -0.00597233629227 0.0178100128174
v -0.0174565925598 -0.00582503271103 0.0178100128174
v -0.0173831634521 -0.00566978406906 0.0178100128174
v -0.0173253097534 -0.00550808620453 0.0178100128174
v -0.01728358078 -0.00534149646759 0.0178100128174
v -0.0172583808899 -0.00517161798477 0.0178100128174
v -0.0172499542236 -0.00500008821487 0.0178100128174
v -0.0172583808899 -0.00482855844498 0.0178100128174
v -0.01728358078 -0.00465867996216 0.0178100128174
v -0.0173253097534 -0.00449209022522 0.0178100128174
v -0.0173831634521 -0.00433039236069 0.0178100128174
v -0.0174565925598 -0.00417514371872 0.0178100128174
v -0.017544883728 -0.00402784013748 0.0178100128174
v -0.0176471862793 -0.0038898999691 0.0178100128174
v -0.0177625198364 -0.0037626516819 0.0178100128174
v -0.0178897666931 -0.00364732003212 0.0178100128174
v -0.0180277061462 -0.00354501652718 0.0178100128174
v -0.0181750106812 -0.00345672631264 0.0178100128174
v -0.0183302574158 -0.00338329935074 0.0178100128174
v -0.0184919586182 -0.00332544279099 0.0178100128174
v -0.0186585464478 -0.00328371429443 0.0178100128174
v -0.0188284225464 -0.00325851511955 0.0178100128174
v -0.0162905883789 -0.0290073261261 0.0150100126266
v -0.0175410308838 -0.0308500881195 0.0150100126266
v -0.0173545074463 -0.0308500881195 0.0150100126266
v -0.0157090568542 -0.028000087738 0.0150100126266
v -0.0157877197266 -0.0278638439178 0.0150100126266
v -0.0178497581482 -0.0308500881195 0.0150100126266
v -0.0159159698486 -0.0276417064667 0.0150100126266
v -0.0181713066101 -0.0308500881195 0.0150100126266
v -0.0160464859009 -0.0274156494141 0.0150100126266
v -0.0185050735474 -0.0308500881195 0.0150100126266
v -0.0161788253784 -0.0271864280701 0.0150100126266
v -0.0188504562378 -0.0308500881195 0.0150100126266
v -0.0192068328857 -0.0308500881195 0.0150100126266
v -0.0163125724792 -0.0269547710419 0.0150100126266
v -0.0164473266602 -0.0267213687897 0.0150100126266
v -0.0195735855103 -0.0308500881195 0.0150100126266
v -0.0165827026367 -0.0264868888855 0.0150100126266
v -0.0199500579834 -0.0308500881195 0.0150100126266
v -0.0167183380127 -0.0262519607544 0.0150100126266
v -0.0203355712891 -0.0308500881195 0.0150100126266
v -0.0168538780212 -0.0260172023773 0.0150100126266
v -0.0206805725098 -0.0307891693115 0.0150100126266
v -0.020645401001 -0.0308500881195 0.0150100126266
v -0.0169889793396 -0.025783197403 0.0150100126266
v -0.0208463516235 -0.0305020313263 0.0150100126266
v -0.0171233215332 -0.0255505142212 0.0150100126266
v -0.0210111923218 -0.0302165184021 0.0150100126266
v -0.0172565765381 -0.0253197059631 0.0150100126266
v -0.0211747131348 -0.029933303833 0.0150100126266
v -0.0173545074463 -0.0251500873566 0.0150100126266
v -0.0174393157959 -0.0251500873566 0.0150100126266
v -0.021336517334 -0.0296530475616 0.0150100126266
v -0.0177692680359 -0.0251500873566 0.0150100126266
v -0.0214962387085 -0.0293763980865 0.0150100126266
v -0.0181015701294 -0.0251500873566 0.0150100126266
v -0.0216535186768 -0.0291039810181 0.0150100126266
v -0.0184353408813 -0.0251500873566 0.0150100126266
v -0.0218079910278 -0.0288364276886 0.0150100126266
v -0.0187696113586 -0.0251500873566 0.0150100126266
v -0.0219592971802 -0.0285743560791 0.0150100126266
v -0.0191033554077 -0.0251500873566 0.0150100126266
v -0.0221070861816 -0.0283183822632 0.0150100126266
v -0.0194354629517 -0.0251500873566 0.0150100126266
v -0.0222509918213 -0.0280691280365 0.0150100126266
v -0.0219054412842 -0.0273325309753 0.0150100126266
v -0.0197647247314 -0.0251500873566 0.0150100126266
v -0.0222908477783 -0.028000087738 0.0150100126266
v -0.02008984375 -0.0251500873566 0.0150100126266
v -0.0214097061157 -0.0264738941193 0.0150100126266
v -0.0204094467163 -0.0251500873566 0.0150100126266
v -0.0209581985474 -0.025691860199 0.0150100126266
v -0.020645401001 -0.0251500873566 0.0150100126266
v -0.0189999542236 -0.026250087738 0.0178100128174
v -0.0191714859009 -0.0262585144043 0.0178100128174
v -0.0193413619995 -0.0262837142944 0.0178100128174
v -0.0195079498291 -0.0263254413605 0.0178100128174
v -0.0196696472168 -0.0263832988739 0.0178100128174
v -0.0198248977661 -0.0264567260742 0.0178100128174
v -0.0199721984863 -0.0265450153351 0.0178100128174
v -0.0201101379395 -0.0266473197937 0.0178100128174
v -0.0202373886108 -0.0267626514435 0.0178100128174
v -0.020352722168 -0.0268899002075 0.0178100128174
v -0.0204550247192 -0.0270278396606 0.0178100128174
v -0.0205433197021 -0.0271751441956 0.0178100128174
v -0.0206167449951 -0.0273303909302 0.0178100128174
v -0.0206745986938 -0.0274920902252 0.0178100128174
v -0.0207163238525 -0.0276586799622 0.0178100128174
v -0.0207415313721 -0.0278285579681 0.0178100128174
v -0.0207499542236 -0.028000087738 0.0178100128174
v -0.0207415313721 -0.0281716175079 0.0178100128174
v -0.0207163238525 -0.0283414955139 0.0178100128174
v -0.0206745986938 -0.0285080852509 0.0178100128174
v -0.0206167449951 -0.0286697845459 0.0178100128174
v -0.0205433197021 -0.0288250312805 0.0178100128174
v -0.0204550247192 -0.0289723358154 0.0178100128174
v -0.020352722168 -0.0291102752686 0.0178100128174
v -0.0202373886108 -0.0292375240326 0.0178100128174
v -0.0201101379395 -0.0293528556824 0.0178100128174
v -0.0199721984863 -0.029455160141 0.0178100128174
v -0.0198248977661 -0.0295434494019 0.0178100128174
v -0.0196696472168 -0.0296168766022 0.0178100128174
v -0.0195079498291 -0.0296747341156 0.0178100128174
v -0.0193413619995 -0.0297164611816 0.0178100128174
v -0.0191714859009 -0.0297416610718 0.0178100128174
v -0.0189999542236 -0.029750087738 0.0178100128174
v -0.0188284225464 -0.0297416610718 0.0178100128174
v -0.0186585464478 -0.0297164611816 0.0178100128174
v -0.0184919586182 -0.0296747341156 0.0178100128174
v -0.0183302574158 -0.0296168766022 0.0178100128174
v -0.0181750106812 -0.0295434494019 0.0178100128174
v -0.0180277061462 -0.029455160141 0.0178100128174
v -0.0178897666931 -0.0293528556824 0.0178100128174
v -0.0177625198364 -0.0292375240326 0.0178100128174
v -0.0176471862793 -0.0291102752686 0.0178100128174
v -0.017544883728 -0.0289723358154 0.0178100128174
v -0.0174565925598 -0.0288250312805 0.0178100128174
v -0.0173831634521 -0.0286697845459 0.0178100128174
v -0.0173253097534 -0.0285080852509 0.0178100128174
v -0.01728358078 -0.0283414955139 0.0178100128174
v -0.0172583808899 -0.0281716175079 0.0178100128174
v -0.0172499542236 -0.028000087738 0.0178100128174
v -0.0172583808899 -0.0278285579681 0.0178100128174
v -0.01728358078 -0.0276586799622 0.0178100128174
v -0.0173253097534 -0.0274920902252 0.0178100128174
v -0.0173831634521 -0.0273303909302 0.0178100128174
v -0.0174565925598 -0.0271751441956 0.0178100128174
v -0.017544883728 -0.0270278396606 0.0178100128174
v -0.0176471862793 -0.0268899002075 0.0178100128174
v -0.0177625198364 -0.0267626514435 0.0178100128174
v -0.0178897666931 -0.0266473197937 0.0178100128174
v -0.0180277061462 -0.0265450153351 0.0178100128174
v -0.0181750106812 -0.0264567260742 0.0178100128174
v -0.0183302574158 -0.0263832988739 0.0178100128174
v -0.0184919586182 -0.0263254413605 0.0178100128174
v -0.0186585464478 -0.0262837142944 0.0178100128174
v -0.0188284225464 -0.0262585144043 0.0178100128174
v -0.017424659729 0.00029991158843 0.0150100126266
v -0.024 0.00029991158843 0.0150100126266
v 0 0.00029991158843 0.0150100126266
v 0 0.00141176342964 0.0150100126266
v -0.017424659729 0.00029991158843 0.0389900131226
v -0.024 0.00029991158843 0.0389900131226
v -0.024 0.00141176331043 0.0389900131226
v 0 0.00029991158843 0.0389900131226
v 0 0.00029991158843 0.0152100152969
v -0.024 0.0014265781641 0.0387900123596
v -0.024 0.00170805966854 0.0349900131226
v -0.024 0.00161111843586 0.0362987213135
v 0 0.00142657840252 0.0152100143433
v 0 0.0015343272686 0.0166646251678
v 0 0.0522999153137 0.025010011673
v -0.0177999992371 0.0582999153137 0.0150100126266
v -0.0178318519592 0.0522999153137 0.0150100126266
v -0.0178318519592 0.0522999153137 0.025010011673
v -0.0178318519592 0.0569499130249 0.015010011673
v 0.037276222229 0.053624912262 0.015010011673
v 0.0558626327515 0.056624912262 0.015010011673
v 0.0404430122375 0.053624912262 0.015010011673
v 0.0561285438538 0.056624912262 0.015010011673
v -0.0138113365173 0.056624912262 0.015010011673
v -0.0137697639465 0.056624912262 0.015010011673
v -0.0123444595337 0.053624912262 0.015010011673
v -0.0128395957947 0.053624912262 0.015010011673
v -0.0178003807068 0.053624912262 0.015010011673
v -0.0177999992371 0.053624912262 0.015010011673
v -0.0178000335693 0.056624912262 0.015010011673
v -0.0177999992371 0.056624912262 0.015010011673
v -0.000630046844482 0.053624912262 0.015010011673
v 0 0.053624912262 0.015010011673
v -5.2906036377e-05 0.056624912262 0.015010011673
v 0 0.056624912262 0.015010011673
v 0.0575663719177 0.053624912262 0.0160100135803
v 0.0575663719177 0.053624912262 0.015010011673
v 0.0575663719177 0.056624912262 0.0160100135803
v 0.0575663719177 0.056624912262 0.015010011673
v -0.024 0.053624912262 0.0150100126266
v -0.024 0.056624912262 0.0160100135803
v -0.024 0.056624912262 0.0150100126266
v -0.024 0.053624912262 0.0160100135803
v 0.000673328399658 0.053624912262 0.015010011673
v 5.65376281738e-05 0.056624912262 0.015010011673
v 0.0177966899872 0.053624912262 0.015010011673
v 0.00149436569214 0.056624912262 0.015010011673
v 0.0570712356567 0.053624912262 0.015010011673
v 0.0575247955322 0.056624912262 0.015010011673
v 9.81140136719e-05 0.056624912262 0.015010011673
v 0.00116846466064 0.053624912262 0.015010011673
v 0.000364025115967 0.056624912262 0.015010011673
v 0.00433525085449 0.053624912262 0.015010011673
v 0.0539044494629 0.053624912262 0.015010011673
v 0.0572588844299 0.056624912262 0.015010011673
v 0.0534093132019 0.053624912262 0.015010011673
v 0.0572173080444 0.056624912262 0.015010011673
v 0.000405601501465 0.056624912262 0.015010011673
v 0.00483038330078 0.053624912262 0.015010011673
v 0.0529141807556 0.053624912262 0.015010011673
v 0.0571757316589 0.056624912262 0.015010011673
v 0.000447177886963 0.056624912262 0.015010011673
v 0.00532551956177 0.053624912262 0.015010011673
v 0.000713088989258 0.056624912262 0.015010011673
v 0.00849230575562 0.053624912262 0.015010011673
v 0.0497473907471 0.053624912262 0.015010011673
v 0.0569098205566 0.056624912262 0.015010011673
v 0.0492522583008 0.053624912262 0.015010011673
v 0.0568682441711 0.056624912262 0.015010011673
v 0.000754665374756 0.056624912262 0.015010011673
v 0.0089874420166 0.053624912262 0.015010011673
v 0.0487571220398 0.053624912262 0.015010011673
v 0.0568266677856 0.056624912262 0.015010011673
v 0.000796241760254 0.056624912262 0.015010011673
v 0.00948257446289 0.053624912262 0.015010011673
v 0.00106215286255 0.056624912262 0.015010011673
v 0.0126493644714 0.053624912262 0.015010011673
v 0.0455903358459 0.053624912262 0.015010011673
v 0.0565607566833 0.056624912262 0.015010011673
v 0.0450952033997 0.053624912262 0.015010011673
v 0.0565191841125 0.056624912262 0.015010011673
v 0.00110372924805 0.056624912262 0.015010011673
v 0.0131444969177 0.053624912262 0.015010011673
v 0.0446000671387 0.053624912262 0.015010011673
v 0.0564776077271 0.056624912262 0.015010011673
v 0.00114530563354 0.056624912262 0.015010011673
v 0.0136396312714 0.053624912262 0.015010011673
v 0.00141121673584 0.056624912262 0.015010011673
v 0.0168064212799 0.053624912262 0.015010011673
v 0.0414332771301 0.053624912262 0.015010011673
v 0.0562116966248 0.056624912262 0.015010011673
v 0.0409381446838 0.053624912262 0.015010011673
v 0.0561701202393 0.056624912262 0.015010011673
v 0.00145278930664 0.056624912262 0.015010011673
v 0.0173015556335 0.053624912262 0.015010011673
v -0.0134207000732 0.056624912262 0.015010011673
v -0.0133791236877 0.056624912262 0.015010011673
v -0.00769227218628 0.053624912262 0.015010011673
v -0.00818740463257 0.053624912262 0.015010011673
v -0.0131281738281 0.056624912262 0.015010011673
v -0.00470367431641 0.053624912262 0.015010011673
v -0.0160063819885 0.053624912262 0.015010011673
v -0.0173259391785 0.053624912262 0.015010011673
v -0.0177601928711 0.056624912262 0.015010011673
v -0.0140772514343 0.056624912262 0.015010011673
v -0.0134622764587 0.056624912262 0.015010011673
v -0.00868254089355 0.053624912262 0.015010011673
v -0.013728187561 0.056624912262 0.015010011673
v -0.0118493270874 0.053624912262 0.015010011673
v -0.0178318519592 0.053624912262 0.015010011673
v -0.0178111534119 0.053624912262 0.015010011673
v -0.017830116272 0.056624912262 0.015010011673
v -0.0178318519592 0.056624912262 0.015010011673
v -0.0178318519592 0.0582999153137 0.0150100126266
v -0.0222424163818 0.053624912262 0.0150100126266
v -0.0182629623413 0.056624912262 0.015010011673
v 0.0575663719177 0.0564499130249 0.0240100135803
v 0.0575663719177 0.056624912262 0.0243600101471
v 0.0575663719177 0.056624912262 0.0240100135803
v 0.0575663719177 0.056624912262 0.025010011673
v 0.0575663719177 0.053624912262 0.0249761714935
v 0.0575663719177 0.056624912262 0.024915561676
v 0.0575663719177 0.053624912262 0.0240100135803
v 0 0.056624912262 0.0254870738983
v 0 0.056624912262 0.0255677547455
v 0 0.053624912262 0.0259410095215
v 0 0.0563672065735 0.0260100135803
v 0 0.0553263282776 0.0260100135803
v 0 0.0563234672546 0.0260100135803
v -0.024 0.053624912262 0.0379900131226
v -0.024 0.053624912262 0.0389900131226
v -0.024 0.056624912262 0.0389900131226
v -0.024 0.056624912262 0.0379900131226
v -0.00207777786255 0.053624912262 0.0389900131226
v 0 0.053624912262 0.0389900131226
v -0.000744445800781 0.056624912262 0.0389900131226
v 0 0.056624912262 0.0389900131226
v 0 0.053624912262 0.0379900131226
v 0 0.056624912262 0.0379900131226
v -0.024 0.00597491168976 0.0387806396484
v -0.024 0.00597491168976 0.0389900131226
v -0.024 0.00897491168976 0.0389900131226
v -0.024 0.00897491168976 0.0384056396484
v -0.0232555541992 0.00597491168976 0.0389900131226
v -0.0219222259521 0.00897491168976 0.0389900131226
v 0 0.00597491168976 0.0389900131226
v 0 0.00897491168976 0.0389900131226
v -0.024 0.00597491168976 0.0379900131226
v -0.024 0.00897491168976 0.0379900131226
v 0 0.00597491168976 0.0387806396484
v 0 0.00897491168976 0.0384056396484
v 0 0.00597491168976 0.0379900131226
v 0 0.00897491168976 0.0379900131226
v -0.000837501525879 0.00597491168976 0.0329900131226
v -0.00233750152588 0.00897491168976 0.0329900131226
v -0.024 0.00597491168976 0.0329900131226
v -0.024 0.00897491168976 0.0329900131226
v -0.024 0.00597491168976 0.0339900131226
v -0.024 0.00897491168976 0.0339900131226
v 0 0.00597491168976 0.0329900131226
v 0 0.00897491168976 0.0329900131226
v 0 0.00597491168976 0.0339900131226
v 0 0.00897491168976 0.0339900131226
v 0 0.0582999153137 0.023010011673
v 0 0.0582999153137 0.025010011673
v 0 0.00379991149902 0.0255100135803
v -0.024 0.00379991149902 0.0255100135803
v -0.024 0.00379991149902 0.0160100135803
v -0.024 0.00379991149902 0.0150600128174
v -0.024 0.00379991149902 0.0150100126266
v -0.0231780853271 0.00379991149902 0.0150100126266
v -0.00217808532715 0.00379991149902 0.0150100126266
v 0 0.00379991149902 0.0150100126266
v 0 0.00379991149902 0.0150600128174
v -0.00998442840576 0.00379991149902 0.0255100135803
v 0 0.00379991149902 0.0160100135803
v 0.0403907356262 0.0536149139404 0.025010011673
v 0.0372142791748 0.0536149139404 0.025010011673
v 0.0559245758057 0.0566349105835 0.025010011673
v 0.0561808204651 0.0566349105835 0.025010011673
v 0.000101768493652 0.0536149139404 0.025010011673
v 0.000176605224609 0.0536149139404 0.025010011673
v 0.0178510227203 0.0536149139404 0.025010011673
v 0.00144003677368 0.0566349105835 0.025010011673
v 0.00434848403931 0.0536149139404 0.025010011673
v 0.00368901062012 0.0536149139404 0.025010011673
v 0.000350791931152 0.0566349105835 0.025010011673
v 0.0497235183716 0.0536149139404 0.025010011673
v 0.0492268753052 0.0536149139404 0.025010011673
v 0.0568936271667 0.0566349105835 0.025010011673
v 0.0569336929321 0.0566349105835 0.025010011673
v 0.000994285583496 0.0536149139404 0.025010011673
v 0.0570697250366 0.0536149139404 0.025010011673
v 0.0487302284241 0.0536149139404 0.025010011673
v 0.0568535614014 0.0566349105835 0.025010011673
v 0.0538932685852 0.0536149139404 0.025010011673
v 0.0572700653076 0.0566349105835 0.025010011673
v 0.0533966217041 0.0536149139404 0.025010011673
v 0.0572299995422 0.0566349105835 0.025010011673
v 0.00484513092041 0.0536149139404 0.025010011673
v 0.000390853881836 0.0566349105835 0.025010011673
v 0.00534177780151 0.0536149139404 0.025010011673
v 0.000430919647217 0.0566349105835 0.025010011673
v 0.0528999786377 0.0536149139404 0.025010011673
v 0.0571899337769 0.0566349105835 0.025010011673
v 0.00851823425293 0.0536149139404 0.025010011673
v 0.000687164306641 0.0566349105835 0.025010011673
v 0.00901488113403 0.0536149139404 0.025010011673
v 0.000727226257324 0.0566349105835 0.025010011673
v 0.00951152420044 0.0536149139404 0.025010011673
v 0.000767292022705 0.0566349105835 0.025010011673
v 0.0455537757874 0.0536149139404 0.025010011673
v 0.0565973205566 0.0566349105835 0.025010011673
v 0.0450571289063 0.0536149139404 0.025010011673
v 0.056557258606 0.0566349105835 0.025010011673
v 0.0126879806519 0.0536149139404 0.025010011673
v 0.00102353286743 0.0566349105835 0.025010011673
v 0.0131846256256 0.0536149139404 0.025010011673
v 0.00106359863281 0.0566349105835 0.025010011673
v 0.0445604820251 0.0536149139404 0.025010011673
v 0.0565171928406 0.0566349105835 0.025010011673
v 0.0136812725067 0.0536149139404 0.025010011673
v 0.00110366439819 0.0566349105835 0.025010011673
v 0.0413840255737 0.0536149139404 0.025010011673
v 0.0562609481812 0.0566349105835 0.025010011673
v 0.0408873786926 0.0536149139404 0.025010011673
v 0.0562208862305 0.0566349105835 0.025010011673
v 0.0168577308655 0.0536149139404 0.025010011673
v 0.00135990524292 0.0566349105835 0.025010011673
v 0.0173543758392 0.0536149139404 0.025010011673
v 0.0013999710083 0.0566349105835 0.025010011673
v 0 0.0536149139404 0.0250100135803
v 0 0.053624912262 0.0250100135803
v 0 0.0566349105835 0.0250100135803
v 0 0.056624912262 0.0250100135803
v 0 0.053799911499 0.0250100135803
v 0 0.0557599105835 0.0250100135803
v 0.0575663719177 0.056624912262 0.0250066699982
v 0.0575663719177 0.0536230506897 0.0240000133514
v 0.0575663719177 0.0564449119568 0.0240000133514
v 0.0575663719177 0.0536149139404 0.0249763736725
v 0.0575663719177 0.0566349105835 0.0243800067902
v 0.0575663719177 0.0566349105835 0.0249153594971
v 0.0575663719177 0.056629699707 0.0250082702637
v -0.0239205322266 0.00597491168976 0.0329900131226
v 0 0.00597491168976 0.0329933586121
v 0 0.00896741294861 0.0340000114441
v 0 0.00897491168976 0.0340000114441
v -0.024 0.00597491168976 0.0340000114441
v -0.024 0.00598241043091 0.0340000114441
v -0.000832500457764 0.00596491193771 0.0329900131226
v -0.0023424987793 0.00898491096497 0.0329900131226
v -5.53894042969e-06 0.00898491096497 0.0329900131226
v -0.0239488830566 0.00597134399414 0.0329900131226
v -5.17654418945e-06 0.00898425960541 0.0329900131226
v -0.024 0.00597890138626 0.0339953346252
v -0.024 0.00597491168976 0.0339966659546
v 0 0.00597405767441 0.0329930725098
v 0 0.00897092151642 0.0339953346252
v 0 0.00897491168976 0.0339966659546
v 0.0575263061523 0.0566349105835 0.025010011673
v 0.0575663719177 0.053624912262 0.025010011673
f 62 100 127
f 528 534 531
f 62 127 177
f 528 536 534
f 62 177 189
f 528 538 536
f 62 189 215
f 528 539 538
f 62 215 245
f 528 541 539
f 62 245 284
f 528 543 541
f 62 284 298
f 528 545 543
f 62 298 307
f 528 547 545
f 62 307 318
f 528 549 547
f 62 318 330
f 528 551 549
f 62 330 349
f 528 553 551
f 62 349 357
f 528 555 553
f 62 357 367
f 528 558 555
f 62 367 373
f 528 559 558
f 62 373 377
f 528 561 559
f 62 377 386
f 528 564 561
f 62 386 395
f 528 566 564
f 62 395 402
f 528 568 566
f 62 402 406
f 528 570 568
f 62 406 413
f 528 572 570
f 62 413 417
f 528 574 572
f 62 417 422
f 528 575 574
f 62 422 426
f 528 577 575
f 1664 426 1663
f 528 579 577
f 1667 428 436
f 1665 62 1662
f 528 581 579
f 62 1666 1668
f 436 1669 1667
f 528 584 581
f 62 1668 1670
f 438 1671 1669
f 528 586 584
f 62 1670 1672
f 445 1673 1671
f 528 588 586
f 1674 449 451
f 62 1672 1675
f 588 909 910
f 62 1675 1676
f 1677 451 455
f 528 919 916
f 923 922 589
f 62 1676 1678
f 1679 455 461
f 926 528 925
f 927 929 591
f 62 1678 1680
f 1681 461 464
f 930 528 931
f 932 934 594
f 62 1680 1682
f 469 1683 1684
f 935 528 937
f 938 940 596
f 62 1682 1685
f 1683 474 1686
f 941 528 942
f 944 946 598
f 62 1685 1687
f 1686 476 1688
f 948 528 947
f 600 945 950
f 62 1687 1689
f 1688 479 1690
f 951 528 953
f 603 949 954
f 62 1691 1692
f 1690 482 1693
f 957 528 958
f 605 955 959
f 62 1692 1694
f 1693 485 1695
f 962 528 964
f 607 960 965
f 62 1694 1696
f 1695 488 1697
f 968 528 970
f 609 966 971
f 62 1696 1698
f 1697 491 1699
f 528 977 978
f 611 980 979
f 62 1698 1700
f 495 1699 491
f 613 991 985
f 62 1700 1702
f 1701 496 1703
f 528 615 613
f 62 1702 1704
f 1703 501 1705
f 528 618 615
f 62 1704 1707
f 502 1706 1708
f 528 619 618
f 62 1707 1709
f 1706 507 1710
f 528 620 619
f 62 1709 1711
f 1710 510 1712
f 528 621 620
f 1713 511 62
f 528 622 621
f 62 511 516
f 528 623 622
f 1591 518 1517
f 516 1597 1595
f 683 778 675
f 802 798 624
f 62 1518 1522
f 518 1779 1778
f 528 690 686
f 691 692 627
f 1780 1524 1778
f 630 702 701
f 528 100 62
f 531 127 100
f 534 177 127
f 536 189 177
f 538 215 189
f 539 245 215
f 541 284 245
f 543 298 284
f 545 307 298
f 547 318 307
f 549 330 318
f 551 349 330
f 553 357 349
f 555 367 357
f 558 373 367
f 559 377 373
f 561 386 377
f 564 395 386
f 566 402 395
f 568 406 402
f 570 413 406
f 572 417 413
f 574 422 417
f 575 426 422
f 577 428 426
f 579 436 428
f 581 438 436
f 584 445 438
f 586 449 445
f 588 451 449
f 589 455 451
f 591 461 455
f 594 464 461
f 596 469 464
f 598 474 469
f 600 476 474
f 601 479 476
f 603 482 479
f 605 485 482
f 607 488 485
f 609 491 488
f 611 495 491
f 613 496 495
f 615 501 496
f 618 502 501
f 619 507 502
f 620 510 507
f 621 511 510
f 622 516 511
f 623 518 516
f 203 1779 518
f 258 1779 203
f 628 629 632
f 629 625 632
f 62 1786 631
f 524 1790 1781
f 1781 1786 1780
f 631 1786 633
f 1790 145 1791
f 633 1790 1791
f 626 499 638
f 636 639 637
f 125 637 639
f 628 634 1788
f 262 498 1789
f 498 1788 1789
f 635 627 636
f 74 98 113
f 504 509 505
f 74 113 117
f 504 513 509
f 74 117 136
f 504 514 513
f 74 136 150
f 504 519 514
f 74 150 160
f 504 522 519
f 74 160 170
f 504 525 522
f 74 170 184
f 504 526 525
f 74 184 196
f 504 529 526
f 74 196 214
f 504 533 529
f 74 214 228
f 504 535 533
f 74 228 233
f 504 537 535
f 74 233 249
f 504 540 537
f 74 249 270
f 504 542 540
f 74 270 279
f 504 544 542
f 74 279 292
f 504 546 544
f 74 292 310
f 504 548 546
f 74 310 325
f 504 550 548
f 74 325 336
f 504 552 550
f 74 336 341
f 504 554 552
f 74 341 361
f 504 556 554
f 74 361 369
f 504 557 556
f 74 369 376
f 504 560 557
f 74 376 383
f 504 562 560
f 74 383 389
f 562 504 1346
f 74 389 392
f 1352 504 1350
f 1353 1355 563
f 74 392 403
f 1358 504 1357
f 565 1354 1361
f 74 403 409
f 1363 504 1362
f 1365 1366 567
f 74 409 411
f 1367 504 1368
f 569 1364 1369
f 411 1003 995
f 504 1374 1368
f 571 1370 1373
f 74 1005 1004
f 416 1011 1008
f 504 1375 1371
f 1379 1378 573
f 1013 74 1014
f 419 1016 1017
f 504 1380 1376
f 576 1377 1383
f 74 1018 1019
f 423 1020 1022
f 504 1385 1381
f 578 1382 1387
f 1024 74 1023
f 431 1026 1028
f 504 1389 1384
f 580 1386 1391
f 1030 74 1031
f 433 1033 1034
f 504 1393 1388
f 582 1390 1395
f 74 1036 1035
f 441 1038 1037
f 504 1396 1392
f 583 1394 1399
f 1040 74 1041
f 1044 1042 448
f 504 1401 1397
f 1403 587 1398
f 74 1045 1046
f 1049 1048 454
f 1405 504 1404
f 1407 590 1402
f 1051 74 1050
f 1055 1054 458
f 1409 504 1408
f 1411 592 1406
f 1057 74 1058
f 1061 1059 463
f 1413 504 1412
f 1414 593 1410
f 74 1062 1065
f 1069 1068 467
f 504 1416 1412
f 595 1415 1418
f 471 1073 1079
f 1421 597 1419
f 504 1422 1417
f 74 471 472
f 1425 504 1426
f 1427 599 1423
f 74 472 477
f 1430 504 1429
f 602 1428 1431
f 74 477 480
f 1434 504 1435
f 1437 604 1433
f 74 480 483
f 504 1440 1441
f 606 1443 1444
f 74 483 486
f 608 1448 1450
f 74 486 489
f 504 610 608
f 74 489 492
f 504 612 610
f 844 744 846
f 737 849 851
f 1254 1114 1253
f 1119 1271 1270
f 74 753 754
f 635 760 759
f 504 1122 1080
f 1127 1782 1126
f 636 769 770
f 1785 1134 1145
f 504 98 74
f 505 113 98
f 509 117 113
f 513 136 117
f 514 150 136
f 519 160 150
f 522 170 160
f 525 184 170
f 526 196 184
f 529 214 196
f 533 228 214
f 535 233 228
f 537 249 233
f 540 270 249
f 542 279 270
f 544 292 279
f 546 310 292
f 548 325 310
f 550 336 325
f 552 341 336
f 554 361 341
f 556 369 361
f 557 376 369
f 560 383 376
f 562 389 383
f 563 392 389
f 565 403 392
f 567 409 403
f 569 411 409
f 571 416 411
f 573 419 416
f 576 423 419
f 578 431 423
f 580 433 431
f 582 440 433
f 583 441 440
f 585 448 441
f 587 454 448
f 590 458 454
f 592 463 458
f 593 467 463
f 595 471 467
f 597 472 471
f 599 477 472
f 602 480 477
f 604 483 480
f 606 486 483
f 608 489 486
f 610 492 489
f 612 494 492
f 231 494 614
f 1784 231 1783
f 1787 616 262
f 637 125 504
f 164 1785 125
f 1526 705 1527
f 1150 775 1149
f 1527 706 1528
f 1151 773 1150
f 688 687 1529
f 1152 756 757
f 1529 695 1530
f 1153 756 1152
f 1530 692 1531
f 1154 763 1153
f 1531 691 1532
f 1155 760 1154
f 1532 694 1533
f 1156 759 1155
f 1533 693 1534
f 1157 762 1156
f 671 670 1535
f 739 761 1157
f 1535 668 1536
f 1158 736 738
f 1536 683 1537
f 1159 751 736
f 1537 675 1538
f 1160 743 751
f 1538 673 1539
f 1161 750 743
f 1539 680 1540
f 1162 744 750
f 1540 678 1541
f 1163 746 744
f 1541 677 1542
f 1164 745 746
f 1542 679 1543
f 1165 748 745
f 1543 676 1544
f 1166 747 748
f 1544 682 1545
f 1167 741 747
f 1545 674 1546
f 1168 742 741
f 1546 681 1547
f 1169 749 742
f 1547 667 1548
f 1170 735 749
f 1548 669 1549
f 1171 737 735
f 1549 666 1550
f 1172 740 737
f 1550 672 1551
f 1173 732 740
f 1551 664 1552
f 1174 733 732
f 1552 663 1553
f 1175 734 733
f 1553 665 1554
f 1176 730 734
f 1554 662 1555
f 1177 731 730
f 1555 684 1556
f 1178 752 731
f 1556 658 1557
f 1179 726 752
f 1557 659 1558
f 1180 725 726
f 1558 660 1559
f 1181 727 725
f 1559 656 1560
f 1182 724 727
f 1560 657 1561
f 1183 723 724
f 1561 661 1562
f 1184 728 723
f 1562 653 1563
f 1185 721 728
f 1563 654 1564
f 1186 720 721
f 1564 655 1565
f 1187 722 720
f 1565 651 1566
f 1188 719 722
f 1566 652 1567
f 1190 719 1189
f 1567 649 1568
f 1191 729 1190
f 1568 646 1569
f 1192 715 1191
f 1569 645 1570
f 1193 716 1192
f 1570 647 1571
f 1194 717 1193
f 1571 643 1572
f 1195 718 1194
f 1572 640 1573
f 1196 710 1195
f 1573 641 1574
f 1197 708 1196
f 1574 644 1575
f 1198 709 1197
f 1575 642 1576
f 1199 711 1198
f 1576 650 1577
f 1200 712 1199
f 648 685 1578
f 1201 753 713
f 1578 686 1579
f 1202 753 1201
f 1579 690 1580
f 1203 754 1202
f 689 697 1581
f 1204 765 758
f 1581 696 1582
f 1205 765 1204
f 1582 700 1583
f 1206 764 1205
f 1583 699 1584
f 1207 768 1206
f 1584 698 1585
f 1208 767 1207
f 1585 701 1586
f 1209 766 1208
f 1586 702 1587
f 1210 769 1209
f 1587 704 1588
f 1211 770 1210
f 1588 703 1589
f 1212 772 1211
f 1589 707 1526
f 1149 771 1212
f 1598 808 1599
f 1280 902 1279
f 1599 812 1600
f 1281 872 1280
f 1600 810 1601
f 1282 876 1281
f 1601 820 1602
f 1283 874 1282
f 1602 814 1603
f 1284 884 1283
f 1603 818 1604
f 1285 878 1284
f 1604 816 1605
f 1286 882 1285
f 1605 837 1606
f 1287 880 1286
f 1607 837 822
f 1287 886 901
f 1607 826 1608
f 1288 890 886
f 1608 824 1609
f 1289 888 890
f 1609 835 1610
f 1290 899 888
f 1610 828 1611
f 1291 892 899
f 1611 833 1612
f 1292 897 892
f 1612 831 1613
f 1293 895 897
f 1613 829 1614
f 1294 893 895
f 1614 830 1615
f 1295 894 893
f 1615 832 1616
f 1296 896 894
f 1616 827 1617
f 1297 891 896
f 1617 834 1618
f 1298 898 891
f 1618 823 1619
f 1299 887 898
f 1619 825 1620
f 1300 889 887
f 1620 821 1621
f 1301 885 889
f 1621 836 1622
f 1302 900 885
f 1622 815 1623
f 1303 879 900
f 1623 817 1624
f 1304 881 879
f 1624 813 1625
f 1305 877 881
f 1625 819 1626
f 1306 883 877
f 1626 809 1627
f 1307 873 883
f 1627 811 1628
f 1308 875 873
f 1628 807 1629
f 1309 871 875
f 1629 839 1630
f 1310 903 871
f 1630 799 1631
f 1311 863 903
f 1631 801 1632
f 1312 865 863
f 1632 797 1633
f 1313 861 865
f 1633 803 1634
f 1314 867 861
f 1634 793 1635
f 1315 857 867
f 1635 795 1636
f 1316 859 857
f 1636 791 1637
f 1317 855 859
f 1637 805 1638
f 1318 869 855
f 1638 785 1639
f 1320 869 1319
f 1639 787 1640
f 1321 849 1320
f 1640 783 1641
f 1322 851 1321
f 1641 789 1642
f 1323 847 1322
f 1642 779 1643
f 1324 853 1323
f 1643 781 1644
f 1325 843 1324
f 1644 777 1645
f 1326 845 1325
f 1645 776 1646
f 1327 841 1326
f 1646 778 1647
f 1328 840 1327
f 1647 782 1648
f 1329 842 1328
f 1648 780 1649
f 1330 846 1329
f 1649 790 1650
f 1331 844 1330
f 1650 784 1651
f 1332 854 1331
f 1651 788 1652
f 1333 848 1332
f 1652 786 1653
f 1334 852 1333
f 1653 806 1654
f 1335 850 1334
f 1654 792 1655
f 1336 870 1335
f 1655 796 1656
f 1337 856 1336
f 1656 794 1657
f 1338 860 1337
f 1657 804 1658
f 1339 858 1338
f 1658 798 1659
f 1340 868 1339
f 1659 802 1660
f 1341 862 1340
f 1660 800 1661
f 1342 866 1341
f 1661 838 1598
f 1279 864 1342
f 969 974 1715
f 1452 1062 1056
f 1715 978 1716
f 1453 1062 1452
f 1716 977 1717
f 1454 1065 1453
f 976 982 1718
f 1455 1070 1064
f 1718 983 1719
f 1456 1070 1455
f 1719 984 1720
f 1457 1071 1456
f 1720 986 1721
f 1458 1072 1457
f 1721 985 1722
f 1459 1074 1458
f 1723 985 991
f 1459 1079 1073
f 1723 988 1724
f 1460 1076 1079
f 1724 987 1725
f 1461 1075 1076
f 1725 990 1726
f 1462 1078 1075
f 1726 989 1727
f 1463 1077 1078
f 975 981 1728
f 1067 1077 1464
f 1728 979 1729
f 1465 1069 1066
f 1729 980 1730
f 1466 1068 1069
f 972 973 1731
f 1060 1068 1467
f 1731 971 1732
f 1468 1059 1061
f 966 967 1733
f 1053 1059 1469
f 1733 965 1734
f 1470 1054 1055
f 960 961 1735
f 1047 1054 1471
f 1735 959 1736
f 1472 1048 1049
f 955 956 1737
f 1043 1048 1473
f 1737 954 1738
f 1474 1042 1044
f 949 950 1739
f 1038 1042 1475
f 945 946 1740
f 1033 1037 1476
f 1740 944 1741
f 1477 1032 1034
f 939 940 1742
f 1026 1032 1478
f 1742 938 1743
f 1479 1027 1028
f 933 934 1744
f 1020 1027 1480
f 1744 932 1745
f 1481 1021 1022
f 928 929 1746
f 1016 1021 1482
f 1746 927 1747
f 1483 1015 1017
f 921 922 1748
f 1010 1015 1484
f 1748 923 1749
f 1485 1008 1011
f 1749 920 1750
f 1486 1009 1008
f 913 914 1751
f 1000 1009 1487
f 1751 912 1752
f 1488 1001 1002
f 1752 915 1753
f 1489 998 1001
f 1753 911 1754
f 1490 999 998
f 1754 910 1755
f 1492 999 1491
f 1755 909 1756
f 1493 1003 1492
f 1756 908 1757
f 1494 995 1493
f 1757 907 1758
f 1495 996 1494
f 1758 905 1759
f 1496 997 1495
f 1759 906 1760
f 1497 994 1496
f 904 917 1761
f 1498 1005 992
f 1761 916 1762
f 1499 1005 1498
f 1762 919 1763
f 1500 1004 1499
f 918 926 1764
f 1501 1014 1006
f 1764 925 1765
f 1502 1014 1501
f 924 930 1766
f 1503 1018 1012
f 931 935 1767
f 1504 1023 1019
f 1767 937 1768
f 1505 1023 1504
f 936 941 1769
f 1506 1031 1025
f 1769 942 1770
f 1507 1031 1506
f 943 948 1771
f 1508 1036 1029
f 947 951 1772
f 1509 1041 1035
f 1772 953 1773
f 1510 1041 1509
f 952 957 1774
f 1511 1045 1039
f 958 962 1775
f 1512 1050 1046
f 1775 964 1776
f 1513 1050 1512
f 963 968 1777
f 1514 1058 1052
f 1777 970 1714
f 1451 1058 1514
f 1136 48 1137
f 1143 86 1136
f 1142 106 1143
f 1141 123 1142
f 1140 133 1141
f 1139 142 1140
f 1138 158 1139
f 174 1138 1124
f 1127 185 1125
f 1126 201 1127
f 1123 212 1126
f 224 1123 1119
f 239 1120 1116
f 1117 251 1118
f 1115 268 1117
f 1114 276 1115
f 1114 301 291
f 1113 312 301
f 1112 326 312
f 1111 337 326
f 1109 337 1110
f 1108 352 1109
f 1107 362 1108
f 1106 371 1107
f 1106 385 380
f 1105 394 385
f 1103 394 1104
f 1102 398 1103
f 1101 407 1102
f 1100 410 1101
f 1100 421 415
f 1097 425 421
f 1099 430 425
f 1098 434 430
f 1096 437 434
f 1095 443 437
f 1094 446 443
f 1093 452 446
f 1088 456 452
f 1089 459 456
f 1091 459 1090
f 1092 465 1091
f 1086 470 1092
f 1087 473 1086
f 1085 475 1087
f 1084 478 1085
f 1083 481 1084
f 1082 484 1083
f 1081 487 1082
f 490 1081 1080
f 493 1122 1121
f 1129 497 1128
f 1132 500 1129
f 1133 503 1132
f 1131 506 1133
f 1130 508 1131
f 1144 512 1130
f 1146 515 1144
f 1148 517 1146
f 1147 521 1148
f 1145 523 1147
f 1134 527 1145
f 1135 530 1134
f 1137 532 1135
f 1177 1176 407
f 1200 1199 493
f 1272 36 1273
f 1278 83 1272
f 1277 92 1278
f 1276 104 1277
f 1275 111 1276
f 1261 119 1275
f 1258 130 1261
f 1256 138 1258
f 149 1256 1214
f 1215 154 1213
f 1216 165 1215
f 1221 172 1216
f 1221 194 180
f 1228 198 194
f 1227 207 198
f 1224 219 207
f 1222 225 219
f 1223 237 225
f 1226 244 237
f 1225 255 244
f 1220 263 255
f 1219 274 263
f 1218 283 274
f 1217 288 283
f 1229 295 288
f 1231 295 1230
f 1232 304 1231
f 1233 314 1232
f 1234 322 1233
f 1235 334 1234
f 1235 346 340
f 1237 346 1236
f 1238 354 1237
f 1239 366 1238
f 1240 370 1239
f 1240 379 375
f 1250 382 379
f 1251 388 382
f 1247 391 388
f 1248 397 391
f 1243 397 1249
f 1244 400 1243
f 1245 405 1244
f 1246 408 1245
f 1242 412 1246
f 1241 414 1242
f 1252 418 1241
f 1254 420 1252
f 424 1254 1253
f 1257 427 1255
f 1259 429 1257
f 1260 432 1259
f 1262 435 1260
f 1263 439 1262
f 1264 442 1263
f 1265 444 1264
f 1266 447 1265
f 1267 450 1266
f 1268 453 1267
f 1269 457 1268
f 1270 460 1269
f 1271 462 1270
f 1274 466 1271
f 1273 468 1274
f 1307 1306 322
f 1330 1329 429
f 25 1425 1426
f 66 1430 1429
f 76 1434 1435
f 1441 90 1438
f 1440 96 1441
f 102 1440 1439
f 1446 108 1447
f 1450 115 1446
f 1450 128 121
f 1448 134 128
f 134 1449 1445
f 1442 147 141
f 1444 153 147
f 153 1443 1436
f 156 1437 1433
f 1432 168 161
f 168 1431 1428
f 176 1427 1423
f 181 1421 1419
f 1420 191 188
f 191 1418 1415
f 199 1414 1410
f 205 1411 1406
f 210 1407 1402
f 218 1403 1398
f 222 1399 1394
f 229 1395 1390
f 236 1391 1386
f 241 1387 1382
f 247 1383 1377
f 1379 253 1378
f 259 1379 1372
f 265 1373 1370
f 271 1369 1364
f 1366 281 277
f 281 1365 1360
f 287 1361 1354
f 1355 300 294
f 1353 306 300
f 306 1356 1348
f 1347 308 1349
f 1346 316 1347
f 1345 321 1346
f 1344 329 1345
f 333 1344 1343
f 1350 338 1352
f 344 1350 1351
f 1357 348 1358
f 355 1357 1359
f 359 1363 1362
f 364 1367 1368
f 368 1374 1371
f 372 1375 1376
f 374 1380 1381
f 378 1385 1384
f 381 1389 1388
f 384 1393 1392
f 387 1396 1397
f 390 1401 1400
f 393 1405 1404
f 396 1409 1408
f 399 1413 1412
f 401 1416 1417
f 404 1422 1424
f 1505 1504 374
f 1470 1469 181
f 1525 57 1524
f 1517 1523 57
f 81 1521 1516
f 1521 88 1520
f 44 1589 1526
f 81 1557 1558
f 1520 95 1519
f 1522 1518 95
f 1591 55 1594
f 60 1596 1593
f 1597 60 72
f 1595 72 78
f 34 1661 1598
f 72 1629 1630
f 84 1592 1590
f 1592 34 1591
f 1702 1700 29
f 1710 1712 40
f 1695 1697 51
f 64 1671 1673
f 29 1777 1714
f 59 1745 1746
f 70 1665 1662
f 70 1678 1676
f 498 10 625
f 31 616 1782
f 28 31 52
f 1781 1778 524
f 499 626 32
f 52 32 28
f 1943 1952 32
f 18 1918 1917
f 1910 1909 27
f 20 1920 1919
f 1919 1908 1907
f 1910 27 20
f 20 1919 1907
f 1910 20 1907
f 32 10 2
f 32 2 2028
f 2022 2031 1933
f 2 1933 2031
f 2031 2022 1931
f 1931 2028 2
f 2 2031 1931
f 2029 7 20
f 1932 1934 7
f 1932 7 2029
f 1795 38 20
f 27 335 1793
f 1921 18 28
f 1921 28 1923
f 1924 1912 1911
f 1924 1911 1922
f 1914 46 1913
f 146 144 1795
f 155 151 148
f 143 139 144
f 1955 85 79
f 1955 79 1954
f 1957 19 1956
f 26 286 19
f 1800 1798 24
f 1797 1799 204
f 1797 204 209
f 275 280 273
f 267 264 266
f 331 1802 1801
f 273 1804 1803
f 273 1803 272
f 1 365 351
f 351 365 1805
f 351 1805 1806
f 1808 1807 356
f 323 324 1809
f 323 1809 1810
f 1812 1811 327
f 159 327 328
f 328 331 332
f 332 356 358
f 30 358 356
f 1815 1816 24
f 24 289 2019
f 8 2017 162
f 24 2019 8
f 1815 24 8
f 162 1814 1813
f 1813 1815 8
f 8 162 1813
f 1896 1894 2017
f 8 2019 1895
f 1896 2017 8
f 1896 8 1895
f 19 289 290
f 26 19 290
f 37 162 33
f 41 163 37
f 42 166 41
f 45 167 42
f 47 169 45
f 49 171 47
f 50 173 49
f 53 175 50
f 54 178 53
f 56 179 54
f 58 182 56
f 61 183 58
f 63 186 61
f 65 187 63
f 67 190 65
f 69 192 67
f 71 193 69
f 73 195 71
f 75 197 73
f 77 200 75
f 79 202 77
f 80 204 79
f 82 206 80
f 85 208 82
f 87 209 85
f 89 211 87
f 91 213 89
f 93 216 91
f 94 217 93
f 97 220 94
f 99 221 97
f 101 223 99
f 103 226 101
f 105 227 103
f 107 230 105
f 109 232 107
f 110 234 109
f 112 235 110
f 114 238 112
f 116 240 114
f 118 242 116
f 120 243 118
f 122 246 120
f 124 248 122
f 126 250 124
f 129 252 126
f 131 254 129
f 132 256 131
f 296 319 132
f 296 339 319
f 261 319 339
f 135 137 317
f 135 315 297
f 264 339 320
f 311 320 339
f 311 317 313
f 313 317 137
f 320 299 140
f 143 266 140
f 143 144 302
f 269 309 272
f 343 342 146
f 144 146 342
f 272 303 273
f 303 343 345
f 146 345 343
f 275 273 303
f 152 275 151
f 152 155 305
f 305 1 280
f 363 353 350
f 282 363 350
f 305 360 353
f 157 353 360
f 335 1941 35
f 350 21 1794
f 1906 1904 38
f 286 285 1902
f 286 1902 1901
f 26 1942 285
f 39 26 159
f 39 328 43
f 43 328 332
f 358 1891 1793
f 23 1891 1796
f 1664 1662 62
f 426 428 1663
f 1664 62 426
f 1667 1663 428
f 1665 1666 62
f 436 438 1669
f 438 445 1671
f 445 449 1673
f 1674 1673 449
f 914 913 588
f 913 589 588
f 528 904 906
f 528 906 905
f 912 914 588
f 528 905 907
f 528 907 908
f 915 912 588
f 911 915 588
f 528 908 909
f 910 911 588
f 588 528 909
f 1677 1674 451
f 917 904 528
f 528 918 919
f 916 917 528
f 922 921 589
f 921 591 589
f 589 913 920
f 589 920 923
f 1679 1677 455
f 926 918 528
f 528 924 925
f 929 928 591
f 928 594 591
f 591 921 927
f 1681 1679 461
f 930 924 528
f 934 933 594
f 933 596 594
f 594 928 932
f 1684 1681 464
f 464 469 1684
f 935 931 528
f 528 936 937
f 940 939 596
f 939 598 596
f 596 933 938
f 1683 469 474
f 941 936 528
f 528 943 942
f 946 945 598
f 945 600 598
f 598 939 944
f 1686 474 476
f 948 943 528
f 950 949 601
f 601 600 950
f 1688 476 479
f 951 947 528
f 528 952 953
f 956 955 603
f 603 601 949
f 954 956 603
f 62 1689 1691
f 1690 479 482
f 957 952 528
f 961 960 605
f 605 603 955
f 959 961 605
f 1693 482 485
f 962 958 528
f 528 963 964
f 967 966 607
f 607 605 960
f 965 967 607
f 1695 485 488
f 968 963 528
f 528 969 970
f 973 972 609
f 609 607 966
f 971 973 609
f 1697 488 491
f 974 969 528
f 528 976 977
f 978 974 528
f 981 975 611
f 611 609 972
f 611 972 980
f 979 981 611
f 495 1701 1699
f 982 976 528
f 613 611 975
f 613 975 989
f 983 982 528
f 984 983 528
f 613 989 990
f 613 990 987
f 986 984 528
f 985 986 528
f 613 987 988
f 613 988 991
f 985 528 613
f 1701 495 496
f 1703 496 501
f 1708 1705 502
f 1705 501 502
f 1706 502 507
f 1710 507 510
f 1713 1712 511
f 1712 510 511
f 62 1711 1713
f 1594 1593 518
f 1515 1516 1590
f 1515 1590 1592
f 1591 1594 518
f 1515 1592 1517
f 1592 1591 1517
f 1519 1518 62
f 518 1593 1596
f 516 518 1596
f 1520 1519 62
f 1590 1516 1595
f 1516 1521 1595
f 1520 62 516
f 1521 1520 516
f 516 1596 1597
f 1595 1521 516
f 826 822 624
f 528 648 650
f 528 650 642
f 824 826 624
f 835 824 624
f 528 642 644
f 528 644 641
f 828 835 624
f 833 828 624
f 528 641 640
f 528 640 643
f 831 833 624
f 829 831 624
f 528 643 647
f 528 647 645
f 829 624 830
f 624 623 823
f 830 624 832
f 832 624 827
f 528 645 646
f 528 646 649
f 827 624 834
f 834 624 823
f 528 649 652
f 528 652 651
f 623 528 661
f 528 651 655
f 528 655 654
f 825 823 623
f 821 825 623
f 528 654 653
f 528 653 661
f 836 821 623
f 815 836 623
f 623 661 657
f 817 815 623
f 813 817 623
f 623 657 656
f 623 656 660
f 819 813 623
f 809 819 623
f 623 660 659
f 623 659 658
f 811 809 623
f 807 811 623
f 623 658 684
f 623 684 662
f 839 807 623
f 799 839 623
f 623 662 665
f 623 665 663
f 801 799 623
f 797 801 623
f 623 663 793
f 663 664 793
f 664 672 795
f 803 797 623
f 793 803 623
f 664 795 793
f 672 666 791
f 672 791 795
f 666 669 805
f 666 805 791
f 669 667 785
f 669 785 805
f 667 681 787
f 785 667 787
f 681 674 783
f 787 681 783
f 674 682 789
f 783 674 789
f 682 676 779
f 789 682 779
f 676 679 781
f 779 676 781
f 679 677 777
f 677 678 776
f 781 679 777
f 678 680 778
f 777 677 776
f 680 673 778
f 776 678 778
f 673 675 778
f 668 778 683
f 782 778 668
f 670 671 806
f 671 624 798
f 782 668 780
f 668 670 788
f 780 668 790
f 790 668 784
f 624 822 837
f 624 837 816
f 784 668 788
f 624 816 818
f 624 818 814
f 786 788 670
f 624 814 820
f 624 820 810
f 806 786 670
f 792 806 671
f 624 810 812
f 624 812 808
f 796 792 671
f 794 796 671
f 624 808 838
f 624 838 800
f 804 794 671
f 798 804 671
f 624 800 802
f 1778 1523 1517
f 1517 518 1778
f 685 648 528
f 528 689 690
f 686 685 528
f 627 628 624
f 624 671 627
f 671 693 627
f 693 694 627
f 688 627 687
f 687 627 695
f 695 627 692
f 694 691 627
f 1780 62 1522
f 1780 1522 1525
f 1524 1523 1778
f 1780 1525 1524
f 697 689 630
f 689 528 630
f 630 627 688
f 630 688 706
f 696 697 630
f 630 706 705
f 630 705 707
f 700 696 630
f 699 700 630
f 630 707 703
f 630 703 704
f 698 699 630
f 701 698 630
f 630 704 702
f 528 531 100
f 531 534 127
f 534 536 177
f 536 538 189
f 538 539 215
f 539 541 245
f 541 543 284
f 543 545 298
f 545 547 307
f 547 549 318
f 549 551 330
f 551 553 349
f 553 555 357
f 555 558 367
f 558 559 373
f 559 561 377
f 561 564 386
f 564 566 395
f 566 568 402
f 568 570 406
f 570 572 413
f 572 574 417
f 574 575 422
f 575 577 426
f 577 579 428
f 579 581 436
f 581 584 438
f 584 586 445
f 586 588 449
f 588 589 451
f 589 591 455
f 591 594 461
f 594 596 464
f 596 598 469
f 598 600 474
f 600 601 476
f 601 603 479
f 603 605 482
f 605 607 485
f 607 609 488
f 609 611 491
f 611 613 495
f 613 615 496
f 615 618 501
f 618 619 502
f 619 620 507
f 620 621 510
f 621 622 511
f 622 623 516
f 623 624 518
f 518 624 203
f 624 628 203
f 258 520 1779
f 632 625 258
f 258 203 632
f 203 628 632
f 630 528 631
f 528 62 631
f 62 1780 1786
f 524 145 1790
f 1781 1790 1786
f 1791 145 626
f 626 630 1791
f 630 631 1791
f 633 1786 1790
f 631 633 1791
f 638 636 630
f 630 626 638
f 636 638 639
f 639 638 499
f 499 164 639
f 164 125 639
f 1788 498 629
f 498 625 629
f 629 628 1788
f 1789 1788 634
f 634 231 1789
f 231 1787 1789
f 1787 262 1789
f 635 634 628
f 627 630 636
f 635 628 627
f 1349 1348 562
f 1348 563 562
f 504 1343 1344
f 504 1344 1345
f 1347 1349 562
f 504 1345 1346
f 1346 1347 562
f 1352 1343 504
f 504 1351 1350
f 1355 1354 563
f 1354 565 563
f 563 1348 1356
f 563 1356 1353
f 1358 1351 504
f 504 1359 1357
f 1361 1360 565
f 1360 567 565
f 1363 1359 504
f 1366 1364 567
f 1364 569 567
f 567 1360 1365
f 1367 1362 504
f 1369 1370 569
f 1370 571 569
f 993 992 74
f 411 416 1000
f 411 1000 1002
f 994 993 74
f 997 994 74
f 411 1002 1001
f 411 1001 998
f 996 997 74
f 995 996 74
f 411 998 999
f 411 999 1003
f 995 74 411
f 504 1371 1374
f 1373 1372 571
f 1372 573 571
f 1007 1006 74
f 74 992 1005
f 1004 1007 74
f 1009 1000 416
f 416 419 1010
f 416 1010 1011
f 1008 1009 416
f 504 1376 1375
f 1378 1377 573
f 1377 576 573
f 573 1372 1379
f 1013 1012 74
f 74 1006 1014
f 1015 1010 419
f 419 423 1016
f 1017 1015 419
f 504 1381 1380
f 1383 1382 576
f 1382 578 576
f 74 1012 1018
f 1021 1016 423
f 423 431 1020
f 1022 1021 423
f 504 1384 1385
f 1387 1386 578
f 1386 580 578
f 1024 1025 74
f 74 1019 1023
f 1027 1020 431
f 431 433 1026
f 1028 1027 431
f 504 1388 1389
f 1391 1390 580
f 1390 582 580
f 1030 1029 74
f 74 1025 1031
f 1032 1026 433
f 433 440 1033
f 1034 1032 433
f 504 1392 1393
f 1395 1394 582
f 1394 583 582
f 74 1029 1036
f 1037 1033 440
f 440 441 1037
f 504 1397 1396
f 1399 1398 585
f 585 583 1399
f 1040 1039 74
f 74 1035 1041
f 1042 1038 448
f 1038 441 448
f 448 1043 1044
f 504 1400 1401
f 1403 1402 587
f 587 585 1398
f 74 1039 1045
f 1048 1043 454
f 1043 448 454
f 454 1047 1049
f 1405 1400 504
f 1407 1406 590
f 590 587 1402
f 1051 1052 74
f 74 1046 1050
f 1054 1047 458
f 1047 454 458
f 458 1053 1055
f 1409 1404 504
f 1411 1410 592
f 592 590 1406
f 1057 1056 74
f 74 1052 1058
f 1059 1053 463
f 1053 458 463
f 463 1060 1061
f 1413 1408 504
f 1414 1415 593
f 593 592 1410
f 1063 1064 74
f 74 1056 1062
f 1065 1063 74
f 1068 1060 467
f 1060 463 467
f 467 1067 1066
f 467 1066 1069
f 504 1417 1416
f 1420 1419 595
f 595 593 1415
f 1418 1420 595
f 1077 1067 471
f 1067 467 471
f 74 1064 1070
f 74 1070 1071
f 1078 1077 471
f 74 1071 1072
f 74 1072 1074
f 1075 1078 471
f 1076 1075 471
f 74 1074 1073
f 1079 1076 471
f 471 74 1073
f 1421 1423 597
f 597 595 1419
f 504 1424 1422
f 1425 1424 504
f 1427 1428 599
f 599 597 1423
f 1430 1426 504
f 1432 1433 602
f 602 599 1428
f 1431 1432 602
f 1434 1429 504
f 1437 1436 604
f 604 602 1433
f 1438 1435 504
f 504 1439 1440
f 1441 1438 504
f 1442 1445 606
f 606 604 1436
f 606 1436 1443
f 1444 1442 606
f 1447 1439 504
f 608 606 1445
f 608 1445 1449
f 1446 1447 504
f 1450 1446 504
f 608 1449 1448
f 1450 504 608
f 901 886 494
f 494 739 862
f 739 738 870
f 862 739 868
f 738 736 850
f 739 858 868
f 880 901 494
f 882 880 494
f 858 739 860
f 736 751 852
f 860 739 856
f 751 743 848
f 878 882 494
f 884 878 494
f 856 739 870
f 743 750 854
f 750 744 844
f 870 738 850
f 874 884 494
f 876 874 494
f 744 746 846
f 746 745 842
f 872 876 494
f 902 872 494
f 850 736 852
f 745 748 840
f 748 747 841
f 852 751 848
f 864 902 494
f 866 864 494
f 747 741 841
f 741 742 841
f 862 866 494
f 848 743 854
f 742 749 841
f 749 735 841
f 841 840 748
f 854 750 844
f 840 842 745
f 842 846 746
f 714 713 74
f 494 886 890
f 494 890 888
f 712 714 74
f 711 712 74
f 494 888 899
f 494 899 892
f 709 711 74
f 708 709 74
f 494 892 897
f 494 897 895
f 710 708 74
f 718 710 74
f 492 494 887
f 494 895 893
f 494 893 894
f 717 718 74
f 716 717 74
f 494 894 896
f 494 896 891
f 715 716 74
f 729 715 74
f 494 891 898
f 494 898 887
f 719 729 74
f 722 719 74
f 492 887 889
f 722 74 720
f 74 492 728
f 720 74 721
f 721 74 728
f 492 889 885
f 492 885 900
f 492 900 879
f 492 879 881
f 723 728 492
f 724 723 492
f 492 881 877
f 492 877 883
f 727 724 492
f 725 727 492
f 492 883 873
f 492 873 875
f 726 725 492
f 752 726 492
f 492 875 871
f 492 871 903
f 731 752 492
f 730 731 492
f 492 903 863
f 492 863 865
f 734 730 492
f 733 734 857
f 734 492 857
f 492 865 861
f 492 861 867
f 732 733 859
f 859 733 857
f 740 732 855
f 492 867 857
f 737 740 869
f 732 859 855
f 841 735 845
f 735 737 851
f 845 735 843
f 843 735 853
f 740 855 869
f 853 735 847
f 847 735 851
f 737 869 849
f 1213 1214 614
f 504 1080 1081
f 504 1081 1082
f 1215 1213 614
f 1216 1215 614
f 504 1082 1083
f 504 1083 1084
f 1221 1216 614
f 1228 1221 614
f 504 1084 1085
f 504 1085 1087
f 1227 1228 614
f 1224 1227 614
f 504 1087 1086
f 504 1086 1092
f 1224 614 1222
f 614 612 1225
f 1222 614 1223
f 1223 614 1226
f 504 1092 1091
f 504 1091 1090
f 1226 614 1225
f 612 504 1088
f 504 1090 1089
f 504 1089 1088
f 1220 1225 612
f 612 1088 1093
f 1219 1220 612
f 1218 1219 612
f 612 1093 1094
f 612 1094 1095
f 1217 1218 612
f 1229 1217 612
f 612 1095 1096
f 612 1096 1098
f 1230 1229 612
f 1231 1230 612
f 612 1098 1099
f 612 1099 1097
f 1232 1231 612
f 1233 1232 612
f 612 1097 1100
f 612 1100 1101
f 1234 1233 612
f 1235 1234 612
f 612 1101 1102
f 612 1102 1250
f 1102 1103 1250
f 1236 1235 612
f 1237 1236 612
f 1103 1104 1251
f 1103 1251 1250
f 1104 1105 1247
f 1238 1237 612
f 1239 1238 612
f 1104 1247 1251
f 1105 1106 1248
f 1105 1248 1247
f 1106 1107 1249
f 1240 1239 612
f 1250 1240 612
f 1106 1249 1248
f 1107 1108 1243
f 1107 1243 1249
f 1108 1109 1244
f 1108 1244 1243
f 1109 1110 1245
f 1244 1109 1245
f 1110 1111 1246
f 1245 1110 1246
f 1111 1112 1242
f 1246 1111 1242
f 1112 1113 1241
f 1242 1112 1241
f 1113 1114 1252
f 1114 1115 1253
f 1241 1113 1252
f 1115 1117 1253
f 1118 1116 1253
f 1117 1118 1253
f 1252 1114 1254
f 1255 1253 1116
f 1120 1119 1260
f 1119 614 1271
f 1255 1116 1257
f 1116 1120 1260
f 1257 1116 1259
f 1259 1116 1260
f 614 1214 1256
f 614 1256 1258
f 614 1258 1261
f 614 1261 1275
f 1262 1260 1119
f 1263 1262 1119
f 614 1275 1276
f 614 1276 1277
f 1264 1263 1119
f 1265 1264 1119
f 614 1277 1278
f 614 1278 1272
f 1266 1265 1119
f 1267 1266 1119
f 614 1272 1273
f 614 1273 1274
f 1268 1267 1119
f 1269 1268 1119
f 614 1274 1271
f 1270 1269 1119
f 755 758 74
f 74 713 753
f 754 755 74
f 761 739 635
f 739 494 635
f 494 634 635
f 635 757 756
f 635 756 763
f 762 761 635
f 635 763 760
f 759 762 635
f 504 1121 1122
f 1782 1783 614
f 614 1119 1782
f 1119 1123 1782
f 1123 1126 1782
f 1124 1782 1125
f 1125 1782 1127
f 774 757 636
f 757 635 636
f 636 74 758
f 636 758 765
f 773 774 636
f 636 765 764
f 636 764 768
f 775 773 636
f 771 775 636
f 636 768 767
f 636 767 766
f 772 771 636
f 770 772 636
f 636 766 769
f 1128 1121 504
f 1782 1124 1138
f 1782 1138 1139
f 1128 504 1129
f 504 1785 1132
f 1129 504 1132
f 1782 1139 1140
f 1782 1140 1141
f 1133 1132 1785
f 1785 1782 1143
f 1782 1141 1142
f 1782 1142 1143
f 1131 1133 1785
f 1130 1131 1785
f 1785 1143 1136
f 1144 1130 1785
f 1146 1144 1785
f 1785 1136 1137
f 1785 1137 1135
f 1148 1146 1785
f 1147 1148 1785
f 1785 1135 1134
f 1145 1147 1785
f 504 505 98
f 505 509 113
f 509 513 117
f 513 514 136
f 514 519 150
f 519 522 160
f 522 525 170
f 525 526 184
f 526 529 196
f 529 533 214
f 533 535 228
f 535 537 233
f 537 540 249
f 540 542 270
f 542 544 279
f 544 546 292
f 546 548 310
f 548 550 325
f 550 552 336
f 552 554 341
f 554 556 361
f 556 557 369
f 557 560 376
f 560 562 383
f 562 563 389
f 563 565 392
f 565 567 403
f 567 569 409
f 569 571 411
f 571 573 416
f 573 576 419
f 576 578 423
f 578 580 431
f 580 582 433
f 582 583 440
f 583 585 441
f 585 587 448
f 587 590 454
f 590 592 458
f 592 593 463
f 593 595 467
f 595 597 471
f 597 599 472
f 599 602 477
f 602 604 480
f 604 606 483
f 606 608 486
f 608 610 489
f 610 612 492
f 612 614 494
f 614 1783 231
f 231 634 494
f 1784 1787 231
f 1787 1784 616
f 125 1785 504
f 504 74 637
f 74 636 637
f 164 617 1785
f 1526 707 705
f 1150 773 775
f 1527 705 706
f 1151 774 773
f 1529 1528 688
f 1528 706 688
f 774 1151 757
f 1151 1152 757
f 1529 687 695
f 1153 763 756
f 1530 695 692
f 1154 760 763
f 1531 692 691
f 1155 759 760
f 1532 691 694
f 1156 762 759
f 1533 694 693
f 1157 761 762
f 1535 1534 671
f 1534 693 671
f 1157 1158 739
f 1158 738 739
f 1535 670 668
f 1158 1159 736
f 1536 668 683
f 1159 1160 751
f 1537 683 675
f 1160 1161 743
f 1538 675 673
f 1161 1162 750
f 1539 673 680
f 1162 1163 744
f 1540 680 678
f 1163 1164 746
f 1541 678 677
f 1164 1165 745
f 1542 677 679
f 1165 1166 748
f 1543 679 676
f 1166 1167 747
f 1544 676 682
f 1167 1168 741
f 1545 682 674
f 1168 1169 742
f 1546 674 681
f 1169 1170 749
f 1547 681 667
f 1170 1171 735
f 1548 667 669
f 1171 1172 737
f 1549 669 666
f 1172 1173 740
f 1550 666 672
f 1173 1174 732
f 1551 672 664
f 1174 1175 733
f 1552 664 663
f 1175 1176 734
f 1553 663 665
f 1176 1177 730
f 1554 665 662
f 1177 1178 731
f 1555 662 684
f 1178 1179 752
f 1556 684 658
f 1179 1180 726
f 1557 658 659
f 1180 1181 725
f 1558 659 660
f 1181 1182 727
f 1559 660 656
f 1182 1183 724
f 1560 656 657
f 1183 1184 723
f 1561 657 661
f 1184 1185 728
f 1562 661 653
f 1185 1186 721
f 1563 653 654
f 1186 1187 720
f 1564 654 655
f 1187 1188 722
f 1565 655 651
f 1188 1189 719
f 1566 651 652
f 1190 729 719
f 1567 652 649
f 1191 715 729
f 1568 649 646
f 1192 716 715
f 1569 646 645
f 1193 717 716
f 1570 645 647
f 1194 718 717
f 1571 647 643
f 1195 710 718
f 1572 643 640
f 1196 708 710
f 1573 640 641
f 1197 709 708
f 1574 641 644
f 1198 711 709
f 1575 644 642
f 1199 712 711
f 1576 642 650
f 1200 714 712
f 1578 1577 648
f 1577 650 648
f 714 1200 713
f 1200 1201 713
f 1578 685 686
f 1202 754 753
f 1579 686 690
f 1203 755 754
f 1581 1580 689
f 1580 690 689
f 755 1203 758
f 1203 1204 758
f 1581 697 696
f 1205 764 765
f 1582 696 700
f 1206 768 764
f 1583 700 699
f 1207 767 768
f 1584 699 698
f 1208 766 767
f 1585 698 701
f 1209 769 766
f 1586 701 702
f 1210 770 769
f 1587 702 704
f 1211 772 770
f 1588 704 703
f 1212 771 772
f 1589 703 707
f 1149 775 771
f 1598 838 808
f 1280 872 902
f 1599 808 812
f 1281 876 872
f 1600 812 810
f 1282 874 876
f 1601 810 820
f 1283 884 874
f 1602 820 814
f 1284 878 884
f 1603 814 818
f 1285 882 878
f 1604 818 816
f 1286 880 882
f 1605 816 837
f 1287 901 880
f 1607 1606 837
f 1287 1288 886
f 1607 822 826
f 1288 1289 890
f 1608 826 824
f 1289 1290 888
f 1609 824 835
f 1290 1291 899
f 1610 835 828
f 1291 1292 892
f 1611 828 833
f 1292 1293 897
f 1612 833 831
f 1293 1294 895
f 1613 831 829
f 1294 1295 893
f 1614 829 830
f 1295 1296 894
f 1615 830 832
f 1296 1297 896
f 1616 832 827
f 1297 1298 891
f 1617 827 834
f 1298 1299 898
f 1618 834 823
f 1299 1300 887
f 1619 823 825
f 1300 1301 889
f 1620 825 821
f 1301 1302 885
f 1621 821 836
f 1302 1303 900
f 1622 836 815
f 1303 1304 879
f 1623 815 817
f 1304 1305 881
f 1624 817 813
f 1305 1306 877
f 1625 813 819
f 1306 1307 883
f 1626 819 809
f 1307 1308 873
f 1627 809 811
f 1308 1309 875
f 1628 811 807
f 1309 1310 871
f 1629 807 839
f 1310 1311 903
f 1630 839 799
f 1311 1312 863
f 1631 799 801
f 1312 1313 865
f 1632 801 797
f 1313 1314 861
f 1633 797 803
f 1314 1315 867
f 1634 803 793
f 1315 1316 857
f 1635 793 795
f 1316 1317 859
f 1636 795 791
f 1317 1318 855
f 1637 791 805
f 1318 1319 869
f 1638 805 785
f 1320 849 869
f 1639 785 787
f 1321 851 849
f 1640 787 783
f 1322 847 851
f 1641 783 789
f 1323 853 847
f 1642 789 779
f 1324 843 853
f 1643 779 781
f 1325 845 843
f 1644 781 777
f 1326 841 845
f 1645 777 776
f 1327 840 841
f 1646 776 778
f 1328 842 840
f 1647 778 782
f 1329 846 842
f 1648 782 780
f 1330 844 846
f 1649 780 790
f 1331 854 844
f 1650 790 784
f 1332 848 854
f 1651 784 788
f 1333 852 848
f 1652 788 786
f 1334 850 852
f 1653 786 806
f 1335 870 850
f 1654 806 792
f 1336 856 870
f 1655 792 796
f 1337 860 856
f 1656 796 794
f 1338 858 860
f 1657 794 804
f 1339 868 858
f 1658 804 798
f 1340 862 868
f 1659 798 802
f 1341 866 862
f 1660 802 800
f 1342 864 866
f 1661 800 838
f 1279 902 864
f 1715 1714 969
f 1714 970 969
f 1057 1451 1056
f 1451 1452 1056
f 1715 974 978
f 1453 1065 1062
f 1716 978 977
f 1454 1063 1065
f 1718 1717 976
f 1717 977 976
f 1063 1454 1064
f 1454 1455 1064
f 1718 982 983
f 1456 1071 1070
f 1719 983 984
f 1457 1072 1071
f 1720 984 986
f 1458 1074 1072
f 1721 986 985
f 1459 1073 1074
f 1723 1722 985
f 1459 1460 1079
f 1723 991 988
f 1460 1461 1076
f 1724 988 987
f 1461 1462 1075
f 1725 987 990
f 1462 1463 1078
f 1726 990 989
f 1463 1464 1077
f 1728 1727 975
f 1727 989 975
f 1464 1465 1067
f 1465 1066 1067
f 1728 981 979
f 1465 1466 1069
f 1729 979 980
f 1466 1467 1068
f 1731 1730 972
f 1730 980 972
f 1467 1468 1060
f 1468 1061 1060
f 1731 973 971
f 1468 1469 1059
f 1733 1732 966
f 1732 971 966
f 1469 1470 1053
f 1470 1055 1053
f 1733 967 965
f 1470 1471 1054
f 1735 1734 960
f 1734 965 960
f 1471 1472 1047
f 1472 1049 1047
f 1735 961 959
f 1472 1473 1048
f 1737 1736 955
f 1736 959 955
f 1473 1474 1043
f 1474 1044 1043
f 1737 956 954
f 1474 1475 1042
f 1739 1738 949
f 1738 954 949
f 1475 1476 1038
f 1476 1037 1038
f 1740 1739 945
f 1739 950 945
f 1476 1477 1033
f 1477 1034 1033
f 1740 946 944
f 1477 1478 1032
f 1742 1741 939
f 1741 944 939
f 1478 1479 1026
f 1479 1028 1026
f 1742 940 938
f 1479 1480 1027
f 1744 1743 933
f 1743 938 933
f 1480 1481 1020
f 1481 1022 1020
f 1744 934 932
f 1481 1482 1021
f 1746 1745 928
f 1745 932 928
f 1482 1483 1016
f 1483 1017 1016
f 1746 929 927
f 1483 1484 1015
f 1748 1747 921
f 1747 927 921
f 1484 1485 1010
f 1485 1011 1010
f 1748 922 923
f 1485 1486 1008
f 1749 923 920
f 1486 1487 1009
f 1751 1750 913
f 1750 920 913
f 1487 1488 1000
f 1488 1002 1000
f 1751 914 912
f 1488 1489 1001
f 1752 912 915
f 1489 1490 998
f 1753 915 911
f 1490 1491 999
f 1754 911 910
f 1492 1003 999
f 1755 910 909
f 1493 995 1003
f 1756 909 908
f 1494 996 995
f 1757 908 907
f 1495 997 996
f 1758 907 905
f 1496 994 997
f 1759 905 906
f 1497 993 994
f 1761 1760 904
f 1760 906 904
f 993 1497 992
f 1497 1498 992
f 1761 917 916
f 1499 1004 1005
f 1762 916 919
f 1500 1007 1004
f 1764 1763 918
f 1763 919 918
f 1007 1500 1006
f 1500 1501 1006
f 1764 926 925
f 1502 1013 1014
f 1766 1765 924
f 1765 925 924
f 1013 1502 1012
f 1502 1503 1012
f 1767 1766 931
f 1766 930 931
f 1018 1503 1019
f 1503 1504 1019
f 1767 935 937
f 1505 1024 1023
f 1769 1768 936
f 1768 937 936
f 1024 1505 1025
f 1505 1506 1025
f 1769 941 942
f 1507 1030 1031
f 1771 1770 943
f 1770 942 943
f 1030 1507 1029
f 1507 1508 1029
f 1772 1771 947
f 1771 948 947
f 1036 1508 1035
f 1508 1509 1035
f 1772 951 953
f 1510 1040 1041
f 1774 1773 952
f 1773 953 952
f 1040 1510 1039
f 1510 1511 1039
f 1775 1774 958
f 1774 957 958
f 1045 1511 1046
f 1511 1512 1046
f 1775 962 964
f 1513 1051 1050
f 1777 1776 963
f 1776 964 963
f 1051 1513 1052
f 1513 1514 1052
f 1777 968 970
f 1451 1057 1058
f 1136 86 48
f 1143 106 86
f 1142 123 106
f 1141 133 123
f 1140 142 133
f 1139 158 142
f 1138 174 158
f 1124 1125 185
f 185 174 1124
f 1127 201 185
f 1126 212 201
f 1123 224 212
f 1119 1120 239
f 239 224 1119
f 1116 1118 251
f 251 239 1116
f 1117 268 251
f 1115 276 268
f 1114 291 276
f 1114 1113 301
f 1113 1112 312
f 1112 1111 326
f 1111 1110 337
f 1109 352 337
f 1108 362 352
f 1107 371 362
f 1106 380 371
f 1106 1105 385
f 1105 1104 394
f 1103 398 394
f 1102 407 398
f 1101 410 407
f 1100 415 410
f 1100 1097 421
f 1097 1099 425
f 1099 1098 430
f 1098 1096 434
f 1096 1095 437
f 1095 1094 443
f 1094 1093 446
f 1093 1088 452
f 1088 1089 456
f 1089 1090 459
f 1091 465 459
f 1092 470 465
f 1086 473 470
f 1087 475 473
f 1085 478 475
f 1084 481 478
f 1083 484 481
f 1082 487 484
f 1081 490 487
f 1080 1122 493
f 493 490 1080
f 1121 1128 497
f 497 493 1121
f 1129 500 497
f 1132 503 500
f 1133 506 503
f 1131 508 506
f 1130 512 508
f 1144 515 512
f 1146 517 515
f 1148 521 517
f 1147 523 521
f 1145 527 523
f 1134 530 527
f 1135 532 530
f 1137 48 532
f 1149 1212 532
f 532 48 1149
f 48 86 1150
f 1150 86 1151
f 86 106 1151
f 106 123 1152
f 1152 123 1153
f 123 133 1153
f 133 142 1154
f 1154 142 1155
f 142 158 1155
f 158 174 1155
f 174 185 1156
f 185 201 1157
f 174 1156 1155
f 201 212 1158
f 212 224 1159
f 201 1158 1157
f 224 239 1160
f 239 251 1161
f 224 1160 1159
f 251 268 1162
f 268 276 1163
f 251 1162 1161
f 276 291 1165
f 291 301 1166
f 1166 301 1167
f 301 312 1167
f 312 326 1168
f 1168 326 1169
f 326 337 1169
f 337 352 1170
f 1170 352 1171
f 352 362 1171
f 362 371 1172
f 371 380 1172
f 380 385 1173
f 1172 380 1173
f 385 394 1174
f 394 398 1175
f 385 1174 1173
f 398 407 1176
f 407 410 1177
f 398 1176 1175
f 410 415 1178
f 415 421 1179
f 410 1178 1177
f 421 425 1181
f 425 430 1182
f 1182 430 1183
f 430 434 1183
f 434 437 1184
f 1184 437 1185
f 437 443 1185
f 443 446 1186
f 1186 446 1187
f 446 452 1187
f 452 456 1188
f 456 459 1188
f 459 465 1189
f 1188 459 1189
f 465 470 1190
f 470 473 1191
f 465 1190 1189
f 473 475 1192
f 475 478 1193
f 473 1192 1191
f 478 481 1194
f 481 484 1195
f 478 1194 1193
f 484 1196 1195
f 1195 1194 481
f 452 1188 1187
f 1185 443 1186
f 362 1172 1171
f 1169 337 1170
f 1153 133 1154
f 1150 1149 48
f 1156 185 1157
f 212 1159 1158
f 394 1175 1174
f 470 1191 1190
f 1193 1192 475
f 1152 1151 106
f 434 1184 1183
f 1160 239 1161
f 1162 268 1163
f 425 1182 1181
f 1164 1163 276
f 421 1181 1180
f 421 1180 1179
f 1165 1164 276
f 1166 1165 291
f 1179 1178 415
f 1168 1167 312
f 1197 1196 484
f 484 487 1197
f 487 490 1198
f 1198 490 1199
f 490 493 1199
f 493 497 1200
f 1200 497 1201
f 497 500 1201
f 500 503 1202
f 1202 503 1203
f 503 506 1203
f 506 508 1204
f 508 512 1204
f 512 515 1205
f 1204 512 1205
f 515 517 1206
f 517 521 1207
f 515 1206 1205
f 521 523 1208
f 523 527 1209
f 521 1208 1207
f 527 530 1210
f 530 532 1211
f 527 1210 1209
f 532 1212 1211
f 1211 1210 530
f 506 1204 1203
f 1201 500 1202
f 1198 1197 487
f 517 1207 1206
f 1209 1208 523
f 1272 83 36
f 1278 92 83
f 1277 104 92
f 1276 111 104
f 1275 119 111
f 1261 130 119
f 1258 138 130
f 1256 149 138
f 1214 1213 154
f 154 149 1214
f 1215 165 154
f 1216 172 165
f 1221 180 172
f 1221 1228 194
f 1228 1227 198
f 1227 1224 207
f 1224 1222 219
f 1222 1223 225
f 1223 1226 237
f 1226 1225 244
f 1225 1220 255
f 1220 1219 263
f 1219 1218 274
f 1218 1217 283
f 1217 1229 288
f 1229 1230 295
f 1231 304 295
f 1232 314 304
f 1233 322 314
f 1234 334 322
f 1235 340 334
f 1235 1236 346
f 1237 354 346
f 1238 366 354
f 1239 370 366
f 1240 375 370
f 1240 1250 379
f 1250 1251 382
f 1251 1247 388
f 1247 1248 391
f 1248 1249 397
f 1243 400 397
f 1244 405 400
f 1245 408 405
f 1246 412 408
f 1242 414 412
f 1241 418 414
f 1252 420 418
f 1254 424 420
f 1253 1255 427
f 427 424 1253
f 1257 429 427
f 1259 432 429
f 1260 435 432
f 1262 439 435
f 1263 442 439
f 1264 444 442
f 1265 447 444
f 1266 450 447
f 1267 453 450
f 1268 457 453
f 1269 460 457
f 1270 462 460
f 1271 466 462
f 1274 468 466
f 1273 36 468
f 1279 1342 468
f 468 36 1279
f 36 83 1280
f 1280 83 1281
f 83 92 1281
f 92 104 1282
f 1282 104 1283
f 104 111 1283
f 111 119 1284
f 1284 119 1285
f 119 130 1285
f 130 138 1285
f 138 149 1286
f 149 154 1287
f 138 1286 1285
f 154 165 1288
f 165 172 1289
f 154 1288 1287
f 172 180 1290
f 180 194 1291
f 172 1290 1289
f 194 198 1292
f 198 207 1293
f 194 1292 1291
f 207 219 1295
f 219 225 1296
f 1296 225 1297
f 225 237 1297
f 237 244 1298
f 1298 244 1299
f 244 255 1299
f 255 263 1300
f 1300 263 1301
f 263 274 1301
f 274 283 1302
f 283 288 1302
f 288 295 1303
f 1302 288 1303
f 295 304 1304
f 304 314 1305
f 295 1304 1303
f 314 322 1306
f 322 334 1307
f 314 1306 1305
f 334 340 1308
f 340 346 1309
f 334 1308 1307
f 346 354 1311
f 354 366 1312
f 1312 366 1313
f 366 370 1313
f 370 375 1314
f 1314 375 1315
f 375 379 1315
f 379 382 1316
f 1316 382 1317
f 382 388 1317
f 388 391 1318
f 391 397 1318
f 397 400 1319
f 1318 397 1319
f 400 405 1320
f 405 408 1321
f 400 1320 1319
f 408 412 1322
f 412 414 1323
f 408 1322 1321
f 414 418 1324
f 418 420 1325
f 414 1324 1323
f 420 1326 1325
f 1325 1324 418
f 388 1318 1317
f 1315 379 1316
f 274 1302 1301
f 1299 255 1300
f 1283 111 1284
f 1280 1279 36
f 1286 149 1287
f 165 1289 1288
f 304 1305 1304
f 405 1321 1320
f 1323 1322 412
f 1282 1281 92
f 370 1314 1313
f 1290 180 1291
f 1292 198 1293
f 354 1312 1311
f 1294 1293 207
f 346 1311 1310
f 346 1310 1309
f 1295 1294 207
f 1296 1295 219
f 1309 1308 340
f 1298 1297 237
f 1327 1326 420
f 420 424 1327
f 424 427 1328
f 1328 427 1329
f 427 429 1329
f 429 432 1330
f 1330 432 1331
f 432 435 1331
f 435 439 1332
f 1332 439 1333
f 439 442 1333
f 442 444 1334
f 444 447 1334
f 447 450 1335
f 1334 447 1335
f 450 453 1336
f 453 457 1337
f 450 1336 1335
f 457 460 1338
f 460 462 1339
f 457 1338 1337
f 462 466 1340
f 466 468 1341
f 462 1340 1339
f 468 1342 1341
f 1341 1340 466
f 442 1334 1333
f 1331 435 1332
f 1328 1327 424
f 453 1337 1336
f 1339 1338 460
f 1426 1430 66
f 66 25 1426
f 1429 1434 76
f 76 66 1429
f 1435 1438 90
f 90 76 1435
f 1441 96 90
f 1440 102 96
f 1439 1447 108
f 108 102 1439
f 1446 115 108
f 1450 121 115
f 1450 1448 128
f 1448 1449 134
f 1445 1442 141
f 141 134 1445
f 1442 1444 147
f 1444 1443 153
f 1436 1437 156
f 156 153 1436
f 1433 1432 161
f 161 156 1433
f 1432 1431 168
f 1428 1427 176
f 176 168 1428
f 1423 1421 181
f 181 176 1423
f 1419 1420 188
f 188 181 1419
f 1420 1418 191
f 1415 1414 199
f 199 191 1415
f 1410 1411 205
f 205 199 1410
f 1406 1407 210
f 210 205 1406
f 1402 1403 218
f 218 210 1402
f 1398 1399 222
f 222 218 1398
f 1394 1395 229
f 229 222 1394
f 1390 1391 236
f 236 229 1390
f 1386 1387 241
f 241 236 1386
f 1382 1383 247
f 247 241 1382
f 1377 1378 253
f 253 247 1377
f 1379 259 253
f 1372 1373 265
f 265 259 1372
f 1370 1369 271
f 271 265 1370
f 1364 1366 277
f 277 271 1364
f 1366 1365 281
f 1360 1361 287
f 287 281 1360
f 1354 1355 294
f 294 287 1354
f 1355 1353 300
f 1353 1356 306
f 1348 1349 308
f 308 306 1348
f 1347 316 308
f 1346 321 316
f 1345 329 321
f 1344 333 329
f 1343 1352 338
f 338 333 1343
f 1350 344 338
f 1351 1358 348
f 348 344 1351
f 1357 355 348
f 1359 1363 359
f 359 355 1359
f 1362 1367 364
f 364 359 1362
f 1368 1374 368
f 368 364 1368
f 1371 1375 372
f 372 368 1371
f 1376 1380 374
f 374 372 1376
f 1381 1385 378
f 378 374 1381
f 1384 1389 381
f 381 378 1384
f 1388 1393 384
f 384 381 1388
f 1392 1396 387
f 387 384 1392
f 1397 1401 390
f 390 387 1397
f 1400 1405 393
f 393 390 1400
f 1404 1409 396
f 396 393 1404
f 1408 1413 399
f 399 396 1408
f 1412 1416 401
f 401 399 1412
f 1417 1422 404
f 404 401 1417
f 1424 1425 25
f 25 404 1424
f 401 404 1514
f 404 25 1451
f 1451 25 1452
f 25 66 1452
f 66 76 1453
f 1453 76 1454
f 76 90 1454
f 90 96 1455
f 1455 96 1456
f 96 102 1456
f 102 108 1456
f 108 115 1457
f 115 121 1458
f 108 1457 1456
f 121 128 1459
f 128 134 1460
f 121 1459 1458
f 134 141 1462
f 141 147 1463
f 1463 147 1464
f 147 153 1464
f 153 156 1465
f 156 161 1466
f 156 1466 1465
f 153 1465 1464
f 1454 90 1455
f 396 399 1512
f 399 401 1513
f 1513 401 1514
f 390 393 1510
f 393 396 1511
f 384 387 1508
f 387 390 1509
f 1509 390 1510
f 378 381 1506
f 381 384 1507
f 1507 384 1508
f 372 374 1504
f 374 378 1505
f 1505 378 1506
f 364 368 1501
f 368 372 1502
f 364 1501 1500
f 355 359 1499
f 359 364 1500
f 355 1499 1498
f 344 348 1497
f 348 355 1498
f 344 1497 1496
f 333 338 1495
f 338 344 1496
f 333 1495 1494
f 321 329 1494
f 329 333 1494
f 308 316 1492
f 316 321 1493
f 1493 321 1494
f 300 306 1490
f 306 308 1491
f 1491 308 1492
f 287 294 1488
f 294 300 1489
f 1489 300 1490
f 277 281 1485
f 281 287 1486
f 277 1485 1484
f 265 271 1483
f 271 277 1484
f 1483 271 1484
f 1482 259 265
f 1483 1482 265
f 1492 316 1493
f 1508 387 1509
f 393 1511 1510
f 1457 115 1458
f 1495 338 1496
f 348 1498 1497
f 1485 281 1486
f 141 1463 1462
f 134 1462 1461
f 134 1461 1460
f 1487 1486 287
f 1488 1487 287
f 1460 1459 128
f 1489 1488 294
f 1491 1490 306
f 66 1453 1452
f 404 1451 1514
f 399 1513 1512
f 1499 359 1500
f 396 1512 1511
f 1501 368 1502
f 1503 1502 372
f 381 1507 1506
f 1504 1503 372
f 1467 1466 161
f 161 168 1467
f 168 176 1468
f 1468 176 1469
f 176 181 1469
f 181 188 1470
f 1470 188 1471
f 188 191 1471
f 191 199 1472
f 1472 199 1473
f 199 205 1473
f 205 210 1474
f 210 218 1474
f 218 222 1475
f 1474 218 1475
f 222 229 1476
f 229 236 1477
f 222 1476 1475
f 236 241 1478
f 241 247 1479
f 236 1478 1477
f 247 253 1480
f 253 259 1481
f 247 1480 1479
f 259 1482 1481
f 1481 1480 253
f 205 1474 1473
f 1471 191 1472
f 1468 1467 168
f 229 1477 1476
f 1479 1478 241
f 1525 44 57
f 1523 1524 57
f 57 68 1517
f 68 1515 1517
f 1516 1515 68
f 68 81 1516
f 1521 81 88
f 1541 1542 68
f 44 95 1579
f 95 1574 1575
f 95 1575 1576
f 1541 68 1540
f 68 57 1537
f 1540 68 1539
f 1539 68 1538
f 95 1576 1577
f 95 1577 1578
f 1538 68 1537
f 95 1578 1579
f 1536 1537 57
f 44 1579 1580
f 44 1580 1581
f 1535 1536 57
f 1534 1535 57
f 44 1581 1582
f 44 1582 1583
f 1533 1534 57
f 1532 1533 57
f 44 1583 1584
f 44 1584 1585
f 1531 1532 57
f 1530 1531 57
f 57 44 1526
f 44 1585 1586
f 44 1586 1587
f 1529 1530 57
f 1528 1529 57
f 44 1587 1588
f 44 1588 1589
f 1527 1528 57
f 1526 1527 57
f 1573 1574 95
f 81 68 1547
f 68 1542 1543
f 68 1543 1544
f 1573 95 1572
f 95 88 1569
f 1572 95 1571
f 1571 95 1570
f 68 1544 1545
f 68 1545 1546
f 1570 95 1569
f 68 1546 1547
f 1568 1569 88
f 81 1547 1548
f 81 1548 1549
f 1567 1568 88
f 1566 1567 88
f 81 1549 1550
f 81 1550 1551
f 1565 1566 88
f 1564 1565 88
f 81 1551 1552
f 81 1552 1553
f 1563 1564 88
f 1562 1563 88
f 88 81 1558
f 81 1553 1554
f 81 1554 1555
f 1561 1562 88
f 1560 1561 88
f 81 1555 1556
f 81 1556 1557
f 1559 1560 88
f 1558 1559 88
f 1520 88 95
f 1518 1519 95
f 95 44 1522
f 44 1525 1522
f 1591 34 55
f 1593 1594 55
f 55 60 1593
f 1597 1596 60
f 1595 1597 72
f 1613 1614 60
f 34 84 1651
f 84 1646 1647
f 84 1647 1648
f 1613 60 1612
f 60 55 1609
f 1612 60 1611
f 1611 60 1610
f 84 1648 1649
f 84 1649 1650
f 1610 60 1609
f 84 1650 1651
f 1608 1609 55
f 34 1651 1652
f 34 1652 1653
f 1607 1608 55
f 1606 1607 55
f 34 1653 1654
f 34 1654 1655
f 1605 1606 55
f 1604 1605 55
f 34 1655 1656
f 34 1656 1657
f 1603 1604 55
f 1602 1603 55
f 55 34 1598
f 34 1657 1658
f 34 1658 1659
f 1601 1602 55
f 1600 1601 55
f 34 1659 1660
f 34 1660 1661
f 1599 1600 55
f 1598 1599 55
f 1645 1646 84
f 72 60 1619
f 60 1614 1615
f 60 1615 1616
f 1645 84 1644
f 84 78 1641
f 1644 84 1643
f 1643 84 1642
f 60 1616 1617
f 60 1617 1618
f 1642 84 1641
f 60 1618 1619
f 1640 1641 78
f 72 1619 1620
f 72 1620 1621
f 1639 1640 78
f 1638 1639 78
f 72 1621 1622
f 72 1622 1623
f 1637 1638 78
f 1636 1637 78
f 72 1623 1624
f 72 1624 1625
f 1635 1636 78
f 1634 1635 78
f 78 72 1630
f 72 1625 1626
f 72 1626 1627
f 1633 1634 78
f 1632 1633 78
f 72 1627 1628
f 72 1628 1629
f 1631 1632 78
f 1630 1631 78
f 1590 1595 78
f 78 84 1590
f 1592 84 34
f 1692 1691 29
f 29 40 1702
f 40 1713 1711
f 40 1711 1709
f 1694 1692 29
f 1696 1694 29
f 40 1709 1707
f 40 1707 1704
f 1698 1696 29
f 1700 1698 29
f 40 1704 1702
f 1712 1713 40
f 40 51 1710
f 51 1708 1706
f 51 1706 1710
f 1705 1708 51
f 51 59 1695
f 59 1684 1683
f 59 1683 1686
f 1703 1705 51
f 1701 1703 51
f 59 1686 1688
f 59 1688 1690
f 1699 1701 51
f 1697 1699 51
f 59 1690 1693
f 59 1693 1695
f 1681 1684 59
f 59 64 1673
f 64 1664 1663
f 64 1663 1667
f 1679 1681 59
f 1677 1679 59
f 64 1667 1669
f 64 1669 1671
f 1674 1677 59
f 1673 1674 59
f 1729 1730 51
f 29 70 1767
f 70 1762 1763
f 70 1763 1764
f 1729 51 1728
f 51 40 1725
f 1728 51 1727
f 1727 51 1726
f 70 1764 1765
f 70 1765 1766
f 1726 51 1725
f 70 1766 1767
f 1724 1725 40
f 29 1767 1768
f 29 1768 1769
f 1723 1724 40
f 1722 1723 40
f 29 1769 1770
f 29 1770 1771
f 1721 1722 40
f 1720 1721 40
f 29 1771 1772
f 29 1772 1773
f 1719 1720 40
f 1718 1719 40
f 40 29 1714
f 29 1773 1774
f 29 1774 1775
f 1717 1718 40
f 1716 1717 40
f 29 1775 1776
f 29 1776 1777
f 1715 1716 40
f 1714 1715 40
f 1761 1762 70
f 59 51 1735
f 51 1730 1731
f 51 1731 1732
f 1761 70 1760
f 70 64 1757
f 1760 70 1759
f 1759 70 1758
f 51 1732 1733
f 51 1733 1734
f 1758 70 1757
f 51 1734 1735
f 1756 1757 64
f 59 1735 1736
f 59 1736 1737
f 1755 1756 64
f 1754 1755 64
f 59 1737 1738
f 59 1738 1739
f 1753 1754 64
f 1752 1753 64
f 59 1739 1740
f 59 1740 1741
f 1751 1752 64
f 1750 1751 64
f 64 59 1746
f 59 1741 1742
f 59 1742 1743
f 1749 1750 64
f 1748 1749 64
f 59 1743 1744
f 59 1744 1745
f 1747 1748 64
f 1746 1747 64
f 1662 1664 64
f 64 70 1662
f 1666 1665 70
f 70 29 1678
f 29 1691 1689
f 29 1689 1687
f 1668 1666 70
f 1670 1668 70
f 29 1687 1685
f 29 1685 1682
f 1672 1670 70
f 1675 1672 70
f 29 1682 1680
f 29 1680 1678
f 1676 1675 70
f 262 616 31
f 1944 1945 625
f 1944 625 10
f 262 31 498
f 31 10 498
f 1947 520 258
f 1947 258 1946
f 1946 258 625
f 1946 625 1945
f 10 31 18
f 1784 1783 1782
f 1782 1785 617
f 617 52 1782
f 52 31 1782
f 616 1784 1782
f 28 18 31
f 1778 1779 520
f 1778 520 1947
f 1778 1947 1948
f 1778 1948 1949
f 524 1778 1949
f 524 1949 1950
f 1780 1778 1781
f 145 524 1950
f 145 1950 1951
f 1943 32 626
f 1943 626 1953
f 32 52 499
f 52 617 164
f 52 164 499
f 626 145 1951
f 626 1951 1953
f 10 32 1952
f 10 1952 1944
f 20 27 23
f 1820 1817 22
f 23 1819 1818
f 1820 22 20
f 20 23 1818
f 1820 20 1818
f 2 10 18
f 18 1917 1925
f 1926 1920 20
f 1925 1926 20
f 20 7 16
f 1925 20 16
f 9 2 18
f 2026 9 18
f 18 1925 16
f 2027 2026 18
f 18 16 2027
f 2026 2027 2033
f 2026 2033 2034
f 16 7 1934
f 16 1934 1936
f 2033 2027 16
f 9 2026 2034
f 2033 16 1936
f 2 9 2034
f 2033 1936 1935
f 1935 1933 2
f 2034 2033 1935
f 1935 2 2034
f 2028 3 32
f 1931 1937 3
f 1931 3 2028
f 2029 20 38
f 38 6 2030
f 38 2030 2029
f 2030 6 2032
f 1938 1932 2029
f 2029 2030 2032
f 2032 6 1938
f 1938 2029 2032
f 1795 1792 38
f 20 22 1795
f 22 1794 1795
f 1793 1891 23
f 1793 23 27
f 1941 335 27
f 27 46 1942
f 1941 27 1942
f 335 43 1793
f 1913 46 27
f 1913 27 1909
f 1918 18 1921
f 1922 1911 1908
f 1922 1908 1919
f 1792 1795 144
f 1795 157 360
f 1795 360 155
f 135 293 1792
f 137 135 1792
f 1795 155 148
f 1795 148 347
f 139 137 1792
f 144 139 1792
f 1795 347 146
f 155 152 151
f 143 140 139
f 293 135 132
f 132 131 293
f 131 129 293
f 1792 293 129
f 1792 129 126
f 2009 1792 126
f 2009 126 1958
f 124 122 120
f 126 124 1959
f 126 1959 1958
f 85 1955 1960
f 1956 19 286
f 1956 286 1961
f 118 1962 1963
f 1964 286 2011
f 1966 56 54
f 1966 54 1965
f 1968 19 1967
f 124 1969 1959
f 124 120 118
f 124 118 1963
f 124 1963 1969
f 1970 37 33
f 1970 33 14
f 15 19 2038
f 1971 58 56
f 1971 56 1966
f 1967 19 1972
f 1973 45 37
f 1973 37 1970
f 2038 19 1974
f 42 41 37
f 1975 47 45
f 1975 45 1973
f 1974 19 1976
f 118 116 1977
f 118 1977 1962
f 286 1964 1978
f 114 112 109
f 112 110 109
f 116 114 1979
f 116 1979 1977
f 286 1978 1980
f 45 42 37
f 1981 49 47
f 1981 47 1975
f 1976 19 1982
f 1965 54 49
f 1965 49 1981
f 1982 19 1968
f 53 50 49
f 114 109 1983
f 114 1983 1979
f 286 1980 1984
f 109 107 1985
f 109 1985 1983
f 286 1984 1986
f 54 53 49
f 107 105 1987
f 107 1987 1985
f 286 1986 1988
f 105 103 101
f 105 101 99
f 1989 65 58
f 1989 58 1971
f 1972 19 1990
f 63 61 65
f 61 58 65
f 1991 67 65
f 1991 65 1989
f 1990 19 1992
f 105 99 1993
f 105 1993 1987
f 286 1988 1994
f 99 97 1995
f 99 1995 1993
f 286 1994 1996
f 1997 69 67
f 1997 67 1991
f 1992 19 1998
f 97 94 1999
f 97 1999 1995
f 286 1996 2000
f 94 93 91
f 94 91 89
f 2001 75 69
f 2001 69 1997
f 1998 19 2002
f 73 71 69
f 2003 77 75
f 2003 75 2001
f 2004 2002 19
f 94 89 2005
f 94 2005 1999
f 286 2000 2006
f 89 87 2007
f 89 2007 2005
f 286 2006 2008
f 75 73 69
f 1954 79 77
f 1954 77 2003
f 1957 2004 19
f 87 85 1960
f 87 1960 2007
f 286 2008 1961
f 85 82 80
f 85 80 79
f 26 285 286
f 254 256 11
f 256 257 11
f 257 260 11
f 252 323 1810
f 252 1810 1821
f 1822 1812 327
f 327 24 1798
f 327 1798 1824
f 209 1823 1797
f 323 252 254
f 11 323 254
f 162 163 1825
f 162 1825 1814
f 1816 1826 24
f 163 166 167
f 163 167 169
f 327 1827 1822
f 250 252 1821
f 250 1821 1828
f 327 1829 1827
f 243 250 1828
f 243 1828 1830
f 1826 1832 24
f 1831 1825 163
f 1831 163 169
f 1832 1834 24
f 1833 1831 169
f 1833 169 171
f 327 1835 1829
f 243 1830 1836
f 243 1836 242
f 246 248 250
f 243 246 250
f 1834 1838 24
f 1837 1833 171
f 1837 171 173
f 173 175 178
f 173 178 179
f 327 1839 1835
f 242 1836 1840
f 242 1840 240
f 327 1841 1839
f 234 240 1840
f 234 1840 1842
f 1838 1844 24
f 1843 1837 173
f 1843 173 179
f 1844 1846 24
f 1845 1843 179
f 1845 179 182
f 327 1847 1841
f 234 1842 1848
f 234 1848 232
f 235 238 234
f 238 240 234
f 1846 1850 24
f 1849 1845 182
f 1849 182 183
f 183 186 190
f 186 187 190
f 327 1851 1847
f 232 1848 1852
f 232 1852 230
f 327 1853 1851
f 230 1852 1854
f 230 1854 223
f 1850 1856 24
f 1855 1849 183
f 1855 183 190
f 1856 1858 24
f 1857 1855 190
f 1857 190 192
f 327 1859 1853
f 223 1854 1860
f 223 1860 221
f 226 227 230
f 223 226 230
f 1858 1862 24
f 1861 1857 192
f 1861 192 193
f 193 195 197
f 193 197 200
f 327 1863 1859
f 221 1860 1864
f 221 1864 220
f 327 1865 1863
f 220 1864 1866
f 220 1866 213
f 1862 1868 24
f 1867 1861 193
f 1867 193 200
f 1868 1870 24
f 1869 1867 200
f 1869 200 202
f 327 1871 1865
f 213 1866 1872
f 213 1872 211
f 216 217 220
f 213 216 220
f 1870 1800 24
f 1799 1869 202
f 1799 202 204
f 204 206 208
f 204 208 209
f 327 1824 1871
f 211 1872 1823
f 211 1823 209
f 275 278 280
f 267 269 264
f 323 11 324
f 11 260 324
f 331 1874 1873
f 261 1876 1875
f 261 1875 260
f 331 1877 1874
f 260 1875 1878
f 260 1878 324
f 280 1880 1879
f 356 331 1882
f 356 1882 1881
f 280 351 1806
f 280 1806 1880
f 1881 1808 356
f 331 1873 1883
f 264 1884 1876
f 264 1876 261
f 280 1 351
f 273 280 1879
f 273 1879 1804
f 1801 1882 331
f 331 1883 1885
f 264 269 1886
f 264 1886 1884
f 331 1885 1802
f 272 1803 1886
f 272 1886 269
f 365 1 282
f 1887 1888 365
f 365 282 1794
f 365 1794 1887
f 1889 1890 30
f 365 1888 1805
f 30 356 1807
f 30 1807 1889
f 324 1878 1809
f 331 327 1811
f 331 1811 1877
f 159 24 327
f 328 327 331
f 332 331 356
f 30 1796 358
f 2018 14 33
f 1898 2039 14
f 1898 14 2018
f 2020 289 19
f 2020 19 15
f 2021 2015 1899
f 1899 2020 15
f 15 1897 2021
f 2021 1899 15
f 1897 2015 2021
f 162 2017 2016
f 4 2018 33
f 162 2016 4
f 162 4 33
f 2017 1894 1900
f 2017 1900 2016
f 4 2016 1900
f 1900 1898 2018
f 1900 2018 4
f 2020 2019 289
f 2019 2020 1899
f 2019 1899 1895
f 290 289 159
f 289 24 159
f 159 26 290
f 37 163 162
f 41 166 163
f 42 167 166
f 45 169 167
f 47 171 169
f 49 173 171
f 50 175 173
f 53 178 175
f 54 179 178
f 56 182 179
f 58 183 182
f 61 186 183
f 63 187 186
f 65 190 187
f 67 192 190
f 69 193 192
f 71 195 193
f 73 197 195
f 75 200 197
f 77 202 200
f 79 204 202
f 80 206 204
f 82 208 206
f 85 209 208
f 87 211 209
f 89 213 211
f 91 216 213
f 93 217 216
f 94 220 217
f 97 221 220
f 99 223 221
f 101 226 223
f 103 227 226
f 105 230 227
f 107 232 230
f 109 234 232
f 110 235 234
f 112 238 235
f 114 240 238
f 116 242 240
f 118 243 242
f 120 246 243
f 122 248 246
f 124 250 248
f 126 252 250
f 129 254 252
f 131 256 254
f 132 257 256
f 319 260 257
f 257 132 319
f 132 135 297
f 132 297 296
f 296 311 339
f 261 260 319
f 317 311 315
f 311 296 315
f 296 297 315
f 315 135 317
f 264 261 339
f 311 299 320
f 313 137 139
f 139 299 313
f 299 311 313
f 299 139 140
f 140 266 320
f 266 264 320
f 143 267 266
f 302 269 267
f 267 143 302
f 269 302 309
f 342 343 309
f 309 302 342
f 302 144 342
f 272 309 303
f 347 148 345
f 148 303 345
f 303 309 343
f 345 146 347
f 303 148 151
f 151 275 303
f 152 278 275
f 305 280 278
f 278 152 305
f 305 353 1
f 363 282 1
f 1 353 363
f 353 21 350
f 305 155 360
f 157 21 353
f 1941 1942 35
f 35 39 335
f 39 43 335
f 21 157 1795
f 21 1795 1794
f 1794 282 350
f 28 1927 1923
f 46 1914 1916
f 1915 1912 1924
f 38 46 1916
f 1915 1924 1928
f 38 1916 1915
f 38 1915 1928
f 1929 1927 28
f 28 32 3
f 28 3 12
f 1929 28 12
f 1929 12 2024
f 38 1928 1930
f 1930 1929 2024
f 1930 2024 2025
f 13 6 38
f 1930 2025 13
f 13 38 1930
f 1937 2023 2035
f 2035 2023 1939
f 1940 1938 6
f 1940 6 13
f 13 2025 2037
f 2036 2024 12
f 1940 13 2037
f 1940 2037 2036
f 1939 1940 2036
f 3 1937 2035
f 1939 2036 12
f 3 2035 1939
f 1939 12 3
f 2025 2024 2036
f 2025 2036 2037
f 2009 2010 1903
f 1903 38 1792
f 2009 1903 1792
f 38 1904 17
f 17 1902 285
f 1942 38 17
f 17 285 1942
f 38 1942 46
f 5 1905 38
f 5 38 1903
f 38 1905 1906
f 2011 286 1901
f 2011 1901 2012
f 26 35 1942
f 39 35 26
f 39 159 328
f 358 1793 332
f 1793 43 332
f 358 1796 1891
f 1794 22 1892
f 1794 1892 1887
f 1890 1893 1796
f 1890 1796 30
f 1817 1892 22
f 1893 1819 23
f 1893 23 1796
f 1826 1816 1815
f 1815 1818 1819
f 1832 1826 1815
f 1815 1819 1893
f 1815 1893 1890
f 1834 1832 1815
f 1838 1834 1815
f 1815 1890 1889
f 1844 1838 1815
f 1846 1844 1815
f 1850 1846 1815
f 1856 1850 1815
f 1858 1856 1815
f 1862 1858 1815
f 1868 1862 1815
f 1870 1868 1815
f 1800 1870 1815
f 1798 1800 1815
f 1824 1798 1815
f 1871 1824 1815
f 1865 1871 1815
f 1863 1865 1815
f 1859 1863 1815
f 1853 1859 1815
f 1851 1853 1815
f 1847 1851 1815
f 1841 1847 1815
f 1839 1841 1815
f 1835 1839 1815
f 1829 1835 1815
f 1827 1829 1815
f 1822 1827 1815
f 1812 1822 1815
f 1811 1812 1815
f 1877 1811 1815
f 1874 1877 1815
f 1873 1874 1815
f 1883 1873 1815
f 1885 1883 1815
f 1802 1885 1815
f 1801 1802 1815
f 1882 1801 1815
f 1881 1882 1815
f 1889 1807 1808
f 1808 1881 1815
f 1815 1889 1808
f 1817 1820 1813
f 1813 1814 1825
f 1813 1825 1831
f 1892 1817 1813
f 1813 1831 1833
f 1887 1892 1813
f 1888 1887 1813
f 1813 1833 1837
f 1813 1837 1843
f 1805 1888 1813
f 1806 1805 1813
f 1813 1843 1845
f 1813 1845 1849
f 1880 1806 1813
f 1879 1880 1813
f 1813 1849 1855
f 1813 1855 1857
f 1804 1879 1813
f 1803 1804 1813
f 1813 1857 1861
f 1813 1861 1867
f 1886 1803 1813
f 1884 1886 1813
f 1813 1867 1869
f 1813 1869 1799
f 1876 1884 1813
f 1875 1876 1813
f 1813 1799 1797
f 1813 1797 1823
f 1878 1875 1813
f 1809 1878 1813
f 1813 1823 1872
f 1813 1872 1866
f 1810 1809 1813
f 1821 1810 1813
f 1813 1866 1864
f 1813 1864 1860
f 1828 1821 1813
f 1830 1828 1813
f 1813 1860 1854
f 1813 1854 1852
f 1836 1830 1813
f 1840 1836 1813
f 1813 1852 1848
f 1842 1840 1813
f 1813 1848 1842
f 1818 1815 1813
f 1818 1813 1820
f 2013 1903 2010
f 2014 1905 5
f 5 1903 2013
f 5 2013 2014
f 1905 2014 2012
f 2012 1901 1906
f 2012 1906 1905
f 1901 1902 1904
f 1901 1904 1906
f 1902 17 1904
f 1913 1909 1910
f 1910 1916 1914
f 1913 1910 1914
f 1911 1912 1915
f 1915 1907 1908
f 1915 1908 1911
f 1910 1907 1915
f 1910 1915 1916
f 1922 1919 1920
f 1920 1926 1930
f 1928 1924 1922
f 1920 1930 1928
f 1922 1920 1928
f 1927 1929 1925
f 1917 1918 1921
f 1927 1925 1917
f 1921 1923 1927
f 1927 1917 1921
f 1926 1925 1929
f 1926 1929 1930
f 1948 1947 1946
f 1945 1944 1952
f 1948 1946 1945
f 1951 1950 1949
f 1949 1948 1945
f 1945 1952 1943
f 1953 1951 1949
f 1945 1943 1953
f 1945 1953 1949
f 2010 2009 1958
f 1970 14 2039
f 2010 1958 1970
f 2013 2010 1970
f 1970 2039 1897
f 1897 15 2038
f 1964 2011 2012
f 1897 2038 1964
f 2013 1970 1897
f 1964 2012 2014
f 2014 2013 1897
f 1897 1964 2014
f 1938 1937 1931
f 2022 1933 1934
f 1938 1931 2022
f 2022 1934 1932
f 2022 1932 1938
f 2023 1937 1938
f 1938 1940 1939
f 2023 1938 1939
f 1934 1933 1935
f 1934 1935 1936
f 1970 1958 1959
f 1969 1963 1962
f 1973 1970 1959
f 1969 1962 1977
f 1975 1973 1959
f 1969 1977 1979
f 1981 1975 1959
f 1969 1979 1983
f 1965 1981 1959
f 1969 1983 1985
f 1966 1965 1959
f 1969 1985 1987
f 1971 1966 1959
f 1969 1987 1993
f 1989 1971 1959
f 1969 1993 1995
f 1991 1989 1959
f 1969 1995 1999
f 1997 1991 1959
f 1969 1999 2005
f 2001 1997 1959
f 1969 2005 2007
f 2003 2001 1959
f 1969 2007 1960
f 1954 2003 1959
f 1960 1955 1954
f 1954 1959 1969
f 1969 1960 1954
f 1978 1964 2038
f 1974 1976 1982
f 1980 1978 2038
f 1974 1982 1968
f 1984 1980 2038
f 1974 1968 1967
f 1986 1984 2038
f 1974 1967 1972
f 1988 1986 2038
f 1974 1972 1990
f 1994 1988 2038
f 1974 1990 1992
f 1996 1994 2038
f 1974 1992 1998
f 2000 1996 2038
f 1974 1998 2002
f 2006 2000 2038
f 1974 2002 2004
f 2008 2006 2038
f 1974 2004 1957
f 1961 2008 2038
f 1974 1957 1956
f 1956 1961 2038
f 2038 1974 1956
f 2015 1897 2039
f 1898 1900 1894
f 2015 2039 1898
f 1899 2015 1898
f 1898 1894 1896
f 1895 1899 1898
f 1898 1896 1895