v 0 0.0536149673462 0.0329900169373
v 0 0.0101499662399 0.0329900169373
v -0.0575663719177 0.00596496629715 0.0240000133514
v 0.024 0.0536149673462 0.0329900169373
v 0 0.00597496604919 0.0379900169373
v 0.024 0.0566349639893 0.0329900169373
v 0 0.0536249656677 0.0329900169373
v 0 0.0566349639893 0.0329900169373
v 0 0.0106499662399 0.0389900169373
v 0 0.0536149673462 0.0340000152588
v 0.024 0.0536149673462 0.0340000152588
v -0.0575663719177 0.00898496627808 0.0240000133514
v -0.0575663719177 0.00596496629715 0.0250100135803
v 0.024 0.0566349639893 0.0340000152588
v -0.0575663719177 0.0042999663353 0.025010011673
v 0 0.0566349639893 0.0340000152588
v 0 0.0536249656677 0.0339900169373
v 0 0.0566249656677 0.0339900169373
v -0.0575663719177 0.00898496627808 0.0250100135803
v 0 0.0106499662399 0.015010011673
v 0 0.00897496700287 0.0379900169373
v 0 0.0566249656677 0.0329900169373
v 0 0.0582999687195 0.0329900169373
v 0.0189999542236 -0.0251000347137 0.0356900177002
v 0 0.0582999687195 0.0389900169373
v 0 0.0566249656677 0.0389900169373
v 0.0178318519592 0.0106499662399 0.025010011673
v 0 0.0566249656677 0.0379900169373
v 0 0.00597496604919 0.0260100135803
v 0 0.0536249656677 0.0379900169373
v 0.017083480835 0.0106499662399 0.025010011673
v 0 0.0536249656677 0.0389900169373
v 0.024 0.0106499662399 0.015010011673
v 0 0.0101499662399 0.0389900169373
v 0 0.00897496700287 0.0260100135803
v 0.024 0.0101499662399 0.0329900169373
v 0.024 0.0536249656677 0.0329900169373
v 0.024 0.0106499662399 0.0389900169373
v 0.0154456176758 0.0151499671936 0.025010011673
v 0.024 0.0536249656677 0.0339900169373
v 0.024 0.0566249656677 0.0339900169373
v 0.0173545074463 -0.0251500339508 0.0178100128174
v 0.024 0.0566249656677 0.0329900169373
v 0.0139349060059 0.0151499671936 0.025010011673
v 0.024 0.0582999687195 0.0329900169373
v 0.0173545074463 -0.00215003371239 0.0178100128174
v 0.024 0.0582999687195 0.0389900169373
v 0.012297039032 0.0106499662399 0.025010011673
v 0.024 0.0566249656677 0.0389900169373
v 0.0189999542236 -0.00210003352165 0.0356900177002
v 0.024 0.0566249656677 0.0379900169373
v 0.0115486679077 0.0106499662399 0.025010011673
v 0.024 0.0536249656677 0.0379900169373
v 0.020645401001 -0.0251500339508 0.0178100128174
v 0.024 0.0536249656677 0.0389900169373
v 0.0108002967834 0.0106499662399 0.025010011673
v 0.024 0.0101499662399 0.0389900169373
v 0.00335455322266 -0.00215003371239 0.0178100128174
v 0.00916242980957 0.0151499671936 0.025010011673
v 0.005 -0.00210003352165 0.0356900177002
v 0.00765171813965 0.0151499671936 0.025010011673
v 0.0222908477783 -0.0280000343323 0.0178100128174
v 0.00601385498047 0.0106499662399 0.025010011673
v 0.020645401001 -0.00215003371239 0.0178100128174
v 0.0052654838562 0.0106499662399 0.025010011673
v 0.00664544677734 -0.00215003371239 0.0178100128174
v 0.020645401001 -0.0308500347137 0.0178100128174
v 0.00451711273193 0.0106499662399 0.025010011673
v 0.0222908477783 -0.00500003385544 0.0178100128174
v 0.00287924575806 0.0151499671936 0.025010011673
v 0 -0.00500003385544 0.0150100135803
v 0.0173545074463 -0.0308500347137 0.0178100128174
v 0.00136853408813 0.0151499671936 0.025010011673
v -0.000269332885742 0.0106499662399 0.025010011673
v 0.0192842025757 -0.0251139984131 0.0356900177002
v -0.00101770401001 0.0106499662399 0.025010011673
v 0.00829089736938 -0.00500003385544 0.0178100128174
v 0.0157090568542 -0.0280000343323 0.0178100128174
v -0.00176607513428 0.0106499662399 0.025010011673
v -0.00340393829346 0.0151499671936 0.025010011673
v 0.020645401001 -0.00785003376007 0.0178100128174
v -0.00491464996338 0.0151499671936 0.025010011673
v 0 -0.00500003385544 0.0349900169373
v -0.00655251693726 0.0106499662399 0.025010011673
v 0.0195657196045 -0.0251557579041 0.0356900177002
v -0.00730088806152 0.0106499662399 0.025010011673
v 0.0173545074463 -0.00785003376007 0.0178100128174
v -0.00804925918579 0.0106499662399 0.025010011673
v 0.00664544677734 -0.00785003376007 0.0178100128174
v 0.0192842025757 -0.00211399793625 0.0356900177002
v -0.00968712615967 0.0151499671936 0.025010011673
v -0.0111978378296 0.0151499671936 0.025010011673
v 0.0157090568542 -0.00500003385544 0.0178100128174
v 0.00528424835205 -0.00211399793625 0.0356900177002
v -0.0128357009888 0.0106499662399 0.025010011673
v 0.00335455322266 -0.00785003376007 0.0178100128174
v -0.0135840740204 0.0106499662399 0.025010011673
v -0.0143324451447 0.0106499662399 0.025010011673
v 0.0198417816162 -0.0252249069214 0.0356900177002
v 0.0195657196045 -0.00215575623512 0.0356900177002
v -0.0159703102112 0.0151499671936 0.025010011673
v 0.00170910263062 -0.00500003385544 0.0178100128174
v -0.0174810218811 0.0151499671936 0.025010011673
v 0.0201097335815 -0.0253207836151 0.0356900177002
v -0.019118888855 0.0106499662399 0.025010011673
v -0.0198672580719 0.0106499662399 0.025010011673
v 1.07040405273e-05 -0.00532704973221 0.0349900169373
v -0.0206156291962 0.0106499662399 0.025010011673
v 1.07040405273e-05 -0.00532704973221 0.0150100135803
v -0.02225349617 0.0151499671936 0.025010011673
v 0.0203670043945 -0.0254424629211 0.0356900177002
v 0.0198417816162 -0.00222490644455 0.0356900177002
v -0.02376420784 0.0151499671936 0.025010011673
v 0.00556576156616 -0.00215575623512 0.0356900177002
v -0.0254020729065 0.0106499662399 0.025010011673
v -0.0261504440308 0.0106499662399 0.025010011673
v 0.0206111068726 -0.0255887718201 0.0356900177002
v 0.0201097335815 -0.00232078289986 0.0356900177002
v -0.026898815155 0.0106499662399 0.025010011673
v 4.27742004395e-05 -0.00565266466141 0.0349900169373
v -0.0285366802216 0.0151499671936 0.025010011673
v 0.0208396911621 -0.0257583045959 0.0356900177002
v -0.0300473937988 0.0151499671936 0.025010011673
v 9.60731506348e-05 -0.00597548532486 0.0349900169373
v -0.0316852588654 0.0106499662399 0.025010011673
v 0.0203670043945 -0.00244246196747 0.0356900177002
v -0.0324336280823 0.0106499662399 0.025010011673
v -0.0331819992065 0.0106499662399 0.025010011673
v 0.021050567627 -0.0259494247437 0.0356900177002
v -0.0348198661804 0.0151499671936 0.025010011673
v 0.00584182739258 -0.00222490644455 0.0356900177002
v 0 0.000299966275692 0.0387900161743
v -0.0363305778503 0.0151499671936 0.025010011673
v 4.27742004395e-05 -0.00565266466141 0.0150100135803
v -0.0379684448242 0.0106499662399 0.025010011673
v -0.0387168159485 0.0106499662399 0.025010011673
v 0.02124168396 -0.0261602935791 0.0356900177002
v -0.0394651870728 0.0106499662399 0.025010011673
v 0.0206111068726 -0.00258877182007 0.0356900177002
v 0.00610978317261 -0.00232078289986 0.0356900177002
v -0.0411030502319 0.0151499671936 0.025010011673
v 0.0214112167358 -0.026388879776 0.0356900177002
v -0.0426137619019 0.0151499671936 0.025010011673
v 0.000170372009277 -0.00629412889481 0.0349900169373
v -0.0442516288757 0.0106499662399 0.025010011673
v 0.0208396911621 -0.00275830340385 0.0356900177002
v -0.045 0.0106499662399 0.025010011673
v 0.0215575256348 -0.0266329841614 0.0356900177002
v -0.0457483711243 0.0106499662399 0.025010011673
v -0.0473862380981 0.0151499671936 0.025010011673
v 0.0063670501709 -0.00244246196747 0.0356900177002
v -0.0488969497681 0.0151499671936 0.025010011673
v 0 0.0022999663353 0.0152100152969
v 0.0216792068481 -0.026890253067 0.0356900177002
v -0.0505348129272 0.0106499662399 0.025010011673
v -0.0512831840515 0.0106499662399 0.025010011673
v 0.021050567627 -0.0029494240284 0.0356900177002
v 0.000265350341797 -0.00660723114014 0.0349900169373
v -0.0520315551758 0.0106499662399 0.025010011673
v 0.0217750854492 -0.027158208847 0.0356900177002
v -0.0536694221497 0.0151499671936 0.025010011673
v -0.0551801338196 0.0151499671936 0.025010011673
v 0.02124168396 -0.00316029286385 0.0356900177002
v -0.0568180007935 0.0106499662399 0.025010011673
v 0.0218442306519 -0.0274342727661 0.0356900177002
v -0.0575663719177 0.0106499662399 0.025010011673
v 0.00661115264893 -0.00258877182007 0.0356900177002
v 0.000380603790283 -0.00691345119476 0.0349900169373
v -0.0575663719177 0.0042999663353 0.0150100126266
v 0.0178318519592 0.0042999663353 0.0150100126266
v 0.0218859863281 -0.0277157840729 0.0356900177002
v 0 0.0022999663353 0.0387900161743
v 0.0178318519592 0.0106499662399 0.0150100126266
v 0.017083480835 0.0106499662399 0.0150100126266
v 0.0214112167358 -0.00338888001442 0.0356900177002
v 0.0218999557495 -0.0280000343323 0.0356900177002
v 0.0154456176758 0.0151499671936 0.0150100126266
v 0.0139349060059 0.0151499671936 0.0150100126266
v 0.000515636444092 -0.00721147727966 0.0349900169373
v 0.0215575256348 -0.00363298296928 0.0356900177002
v 0.012297039032 0.0106499662399 0.0150100126266
v 0.0115486679077 0.0106499662399 0.0150100126266
v 0.00683974075317 -0.00275830340385 0.0356900177002
v 0.0108002967834 0.0106499662399 0.0150100126266
v 0.0218859863281 -0.0282842845917 0.0356900177002
v 9.60731506348e-05 -0.00597548532486 0.0150100135803
v 0.00916242980957 0.0151499671936 0.0150100126266
v 0.0216792068481 -0.00389025139809 0.0356900177002
v 0.00765171813965 0.0151499671936 0.0150100126266
v 0.0218442306519 -0.0285657958984 0.0356900177002
v 0.000669872283936 -0.00750003385544 0.0349900169373
v 0.00705060958862 -0.0029494240284 0.0356900177002
v 0.00287924575806 0.0151499671936 0.0150100126266
v 0.0217750854492 -0.0288418598175 0.0356900177002
v 0.00136853408813 0.0151499671936 0.0150100126266
v 0.000170372009277 -0.00629412889481 0.0150100135803
v -0.000269332885742 0.0106499662399 0.0150100126266
v 0.0216792068481 -0.0291098155975 0.0356900177002
v -0.00101770401001 0.0106499662399 0.0150100126266
v 0.0217750854492 -0.00415820837021 0.0356900177002
v -0.00176607513428 0.0106499662399 0.0150100126266
v 0.0146698265076 -0.0305000343323 0.0349900169373
v -0.00340393829346 0.0151499671936 0.0150100126266
v 0.0218442306519 -0.00443427181244 0.0356900177002
v -0.00491464996338 0.0151499671936 0.0150100126266
v 0.0215575256348 -0.0293670845032 0.0356900177002
v -0.00655251693726 0.0106499662399 0.0150100126266
v 0.00724172973633 -0.00316029286385 0.0356900177002
v 0.024 0.000299966275692 0.0152100152969
v -0.00730088806152 0.0106499662399 0.0150100126266
v -0.00804925918579 0.0106499662399 0.0150100126266
v 0.0214112167358 -0.0296111888885 0.0356900177002
v -0.00968712615967 0.0151499671936 0.0150100126266
v 0.0218859863281 -0.00471578407288 0.0356900177002
v 0.02124168396 -0.0298397750854 0.0356900177002
v -0.0111978378296 0.0151499671936 0.0150100126266
v 0.00741126251221 -0.00338888001442 0.0356900177002
v -0.0128357009888 0.0106499662399 0.0150100126266
v 0.0148426055908 -0.030777885437 0.0349900169373
v -0.0135840740204 0.0106499662399 0.0150100126266
v 0.000265350341797 -0.00660723114014 0.0150100135803
v -0.0143324451447 0.0106499662399 0.0150100126266
v 0.021050567627 -0.0300506439209 0.0356900177002
v -0.0159703102112 0.0151499671936 0.0150100126266
v -0.0174810218811 0.0151499671936 0.0150100126266
v 0.0218999557495 -0.00500003385544 0.0356900177002
v 0.0208396911621 -0.0302417640686 0.0356900177002
v -0.019118888855 0.0106499662399 0.0150100126266
v -0.0198672580719 0.0106499662399 0.0150100126266
v 0.00755757141113 -0.00363298296928 0.0356900177002
v 0.0218859863281 -0.005284283638 0.0356900177002
v -0.0206156291962 0.0106499662399 0.0150100126266
v -0.02225349617 0.0151499671936 0.0150100126266
v 0.0150331878662 -0.0310438423157 0.0349900169373
v 0.0206111068726 -0.0304112968445 0.0356900177002
v -0.02376420784 0.0151499671936 0.0150100126266
v 0.024 0.000299966275692 0.0387900161743
v -0.0254020729065 0.0106499662399 0.0150100126266
v -0.0261504440308 0.0106499662399 0.0150100126266
v 0.0152407531738 -0.0312967624664 0.0349900169373
v 0.0203670043945 -0.0305576057434 0.0356900177002
v -0.026898815155 0.0106499662399 0.0150100126266
v 0.0218442306519 -0.00556579589844 0.0356900177002
v -0.0285366802216 0.0151499671936 0.0150100126266
v -0.0300473937988 0.0151499671936 0.0150100126266
v 0.00767925262451 -0.00389025139809 0.0356900177002
v -0.0316852588654 0.0106499662399 0.0150100126266
v 0.0201097335815 -0.0306792850494 0.0356900177002
v 0.0217750854492 -0.00584185934067 0.0356900177002
v -0.0324336280823 0.0106499662399 0.0150100126266
v -0.0331819992065 0.0106499662399 0.0150100126266
v 0.000380603790283 -0.00691345119476 0.0150100135803
v 0.0198417816162 -0.0307751617432 0.0356900177002
v -0.0348198661804 0.0151499671936 0.0150100126266
v -0.0363305778503 0.0151499671936 0.0150100126266
v 0.0154644203186 -0.0315355682373 0.0349900169373
v 0.00777512741089 -0.00415820837021 0.0356900177002
v -0.0379684448242 0.0106499662399 0.0150100126266
v -0.0387168159485 0.0106499662399 0.0150100126266
v 0.0195657196045 -0.0308443107605 0.0356900177002
v -0.0394651870728 0.0106499662399 0.0150100126266
v 0.0216792068481 -0.00610981607437 0.0356900177002
v 0.024 0.0022999663353 0.0152100152969
v -0.0411030502319 0.0151499671936 0.0150100126266
v 0.0192842025757 -0.0308860702515 0.0356900177002
v -0.0426137619019 0.0151499671936 0.0150100126266
v 0.024 0.0022999663353 0.0387900161743
v -0.0442516288757 0.0106499662399 0.0150100126266
v -0.045 0.0106499662399 0.0150100126266
v 0.0215575256348 -0.00636708450317 0.0356900177002
v -0.0457483711243 0.0106499662399 0.0150100126266
v 0.0189999542236 -0.0309000339508 0.0356900177002
v -0.0473862380981 0.0151499671936 0.0150100126266
v 0.00784427642822 -0.00443427181244 0.0356900177002
v 0.0157032241821 -0.0317592334747 0.0349900169373
v -0.0488969497681 0.0151499671936 0.0150100126266
v 0.0187157058716 -0.0308860702515 0.0356900177002
v -0.0505348129272 0.0106499662399 0.0150100126266
v 0.0214112167358 -0.00661118745804 0.0356900177002
v -0.0512831840515 0.0106499662399 0.0150100126266
v -0.0520315551758 0.0106499662399 0.0150100126266
v 0.00788603591919 -0.00471578407288 0.0356900177002
v -0.0536694221497 0.0151499671936 0.0150100126266
v 0.0184341926575 -0.0308443107605 0.0356900177002
v 0.0159561462402 -0.0319668006897 0.0349900169373
v -0.0551801338196 0.0151499671936 0.0150100126266
v -0.0568180007935 0.0106499662399 0.0150100126266
v 0.0181581268311 -0.0307751617432 0.0356900177002
v 0.02124168396 -0.00683977460861 0.0356900177002
v -0.0575663719177 0.0106499662399 0.0150100126266
v 0.000515636444092 -0.00721147727966 0.0150100135803
v 0 0.0106499662399 0.025010011673
v 0.0178901748657 -0.0306792850494 0.0356900177002
v 0 0.0042999663353 0.0173750362396
v 0 0.0042999663353 0.025010011673
v 0.021050567627 -0.00705064344406 0.0356900177002
v 0.00790000152588 -0.00500003385544 0.0356900177002
v 0.0162221031189 -0.0321573829651 0.0349900169373
v 0.0178318519592 0.0106499662399 0.0231829452515
v 0.017083480835 0.0106499662399 0.0228399410248
v 0.0176329040527 -0.0305576057434 0.0356900177002
v 0.012297039032 0.0106499662399 0.0206461544037
v 0.0208396911621 -0.0072417640686 0.0356900177002
v 0.000669872283936 -0.00750003385544 0.0150100135803
v 0.0108002967834 0.0106499662399 0.019960149765
v 0.00601385498047 0.0106499662399 0.0177663631439
v 0.0173888015747 -0.0304112968445 0.0356900177002
v 0.00451711273193 0.0106499662399 0.0170803546906
v 0.00788603591919 -0.005284283638 0.0356900177002
v 0.0206111068726 -0.00741129541397 0.0356900177002
v 0.0171602134705 -0.0302417640686 0.0356900177002
v 0.0146698265076 -0.0305000343323 0.0150100135803
v 0.0052654838562 0.0106499662399 0.0174233589172
v 0.016949344635 -0.0300506439209 0.0356900177002
v 0.0164999542236 -0.0323301620483 0.0349900169373
v 0.0115486679077 0.0106499662399 0.0203031520844
v 0.00784427642822 -0.00556579589844 0.0356900177002
v 0.0203670043945 -0.00755760526657 0.0356900177002
v 0.0167582244873 -0.0298397750854 0.0356900177002
v 0.0148426055908 -0.030777885437 0.0150100135803
v 0.0165886917114 -0.0296111888885 0.0356900177002
v 0.0201097335815 -0.0076792845726 0.0356900177002
v 0.0167885131836 -0.0324843978882 0.0349900169373
v 0.00777512741089 -0.00584185934067 0.0356900177002
v 0.0164423828125 -0.0293670845032 0.0356900177002
v 0.0150331878662 -0.0310438423157 0.0150100135803
v 0.0163207015991 -0.0291098155975 0.0356900177002
v 0.0198417816162 -0.00777516126633 0.0356900177002
v 0.0170865364075 -0.032619430542 0.0349900169373
v 0.00767925262451 -0.00610981607437 0.0356900177002
v 0.0162248268127 -0.0288418598175 0.0356900177002
v 0.0195657196045 -0.00784431123734 0.0356900177002
v 0.0173927574158 -0.0327346839905 0.0349900169373
v 0.0161556777954 -0.0285657958984 0.0356900177002
v 0.0192842025757 -0.00788606977463 0.0356900177002
v 0.0161139183044 -0.0282842845917 0.0356900177002
v 0.0152407531738 -0.0312967624664 0.0150100135803
v 0.00755757141113 -0.00636708450317 0.0356900177002
v 0.0189999542236 -0.00790003395081 0.0356900177002
v 0.0160999526978 -0.0280000343323 0.0356900177002
v 0.0154644203186 -0.0315355682373 0.0150100135803
v 0.0161139183044 -0.0277157840729 0.0356900177002
v 0.0177058563232 -0.032829662323 0.0349900169373
v 0.00741126251221 -0.00661118745804 0.0356900177002
v 0.0161556777954 -0.0274342727661 0.0356900177002
v 0.0187157058716 -0.00788606977463 0.0356900177002
v 0.0157032241821 -0.0317592334747 0.0150100135803
v 0.0162248268127 -0.027158208847 0.0356900177002
v 0.0180245018005 -0.0329039611816 0.0349900169373
v 0.0184341926575 -0.00784431123734 0.0356900177002
v 0.00724172973633 -0.00683977460861 0.0356900177002
v 0.0163207015991 -0.026890253067 0.0356900177002
v 0.0159561462402 -0.0319668006897 0.0150100135803
v 0.0164423828125 -0.0266329841614 0.0356900177002
v 0.0181581268311 -0.00777516126633 0.0356900177002
v 0.0183473205566 -0.0329572601318 0.0349900169373
v 0.0162221031189 -0.0321573829651 0.0150100135803
v 0.0165886917114 -0.026388879776 0.0356900177002
v 0.0178901748657 -0.0076792845726 0.0356900177002
v 0.00705060958862 -0.00705064344406 0.0356900177002
v 0.0167582244873 -0.0261602935791 0.0356900177002
v 0.0176329040527 -0.00755760526657 0.0356900177002
v 0.0186729393005 -0.0329893302917 0.0349900169373
v 0.016949344635 -0.0259494247437 0.0356900177002
v 0.00683974075317 -0.0072417640686 0.0356900177002
v 0.0164999542236 -0.0323301620483 0.0150100135803
v 0.0171602134705 -0.0257583045959 0.0356900177002
v 0.0173888015747 -0.00741129541397 0.0356900177002
v 0.0189999542236 -0.0330000343323 0.0349900169373
v 0.0173888015747 -0.0255887718201 0.0356900177002
v 0.0171602134705 -0.0072417640686 0.0356900177002
v 0.019326965332 -0.0329893302917 0.0349900169373
v 0.0176329040527 -0.0254424629211 0.0356900177002
v 0.00661115264893 -0.00741129541397 0.0356900177002
v 0.0167885131836 -0.0324843978882 0.0150100135803
v 0.0178901748657 -0.0253207836151 0.0356900177002
v 0.016949344635 -0.00705064344406 0.0356900177002
v 0.0063670501709 -0.00755760526657 0.0356900177002
v 0.0181581268311 -0.0252249069214 0.0356900177002
v 0.0167582244873 -0.00683977460861 0.0356900177002
v 0.0184341926575 -0.0251557579041 0.0356900177002
v 0.0170865364075 -0.032619430542 0.0150100135803
v 0.0196525878906 -0.0329572601318 0.0349900169373
v 0.0187157058716 -0.0251139984131 0.0356900177002
v 0.0165886917114 -0.00661118745804 0.0356900177002
v 0.0173927574158 -0.0327346839905 0.0150100135803
v 0.00610978317261 -0.0076792845726 0.0356900177002
v 0.0164423828125 -0.00636708450317 0.0356900177002
v 0.019975402832 -0.0329039611816 0.0349900169373
v 0.00584182739258 -0.00777516126633 0.0356900177002
v 0.020294052124 -0.032829662323 0.0349900169373
v 0.0163207015991 -0.00610981607437 0.0356900177002
v 0.0177058563232 -0.032829662323 0.0150100135803
v 0.0162248268127 -0.00584185934067 0.0356900177002
v 0.00556576156616 -0.00784431123734 0.0356900177002
v 0.0206071472168 -0.0327346839905 0.0349900169373
v 0.0180245018005 -0.0329039611816 0.0150100135803
v 0.0161556777954 -0.00556579589844 0.0356900177002
v 0.0209133758545 -0.032619430542 0.0349900169373
v 0.0161139183044 -0.005284283638 0.0356900177002
v 0.00528424835205 -0.00788606977463 0.0356900177002
v 0.0183473205566 -0.0329572601318 0.0150100135803
v 0.0212113952637 -0.0324843978882 0.0349900169373
v 0.0160999526978 -0.00500003385544 0.0356900177002
v 0.005 -0.00790003395081 0.0356900177002
v 0.0186729393005 -0.0329893302917 0.0150100135803
v 0.0161139183044 -0.00471578407288 0.0356900177002
v 0.0189999542236 -0.0330000343323 0.0150100135803
v 0.0161556777954 -0.00443427181244 0.0356900177002
v 0.00471575164795 -0.00788606977463 0.0356900177002
v 0.0214999542236 -0.0323301620483 0.0349900169373
v 0.0162248268127 -0.00415820837021 0.0356900177002
v 0.0217778015137 -0.0321573829651 0.0349900169373
v 0.00443423843384 -0.00784431123734 0.0356900177002
v 0.0163207015991 -0.00389025139809 0.0356900177002
v 0.019326965332 -0.0329893302917 0.0150100135803
v 0.00415817260742 -0.00777516126633 0.0356900177002
v 0.0196525878906 -0.0329572601318 0.0150100135803
v 0.0164423828125 -0.00363298296928 0.0356900177002
v 0.022043762207 -0.0319668006897 0.0349900169373
v 0.0222966842651 -0.0317592334747 0.0349900169373
v 0.0165886917114 -0.00338888001442 0.0356900177002
v 0.00389021682739 -0.0076792845726 0.0356900177002
v 0.0167582244873 -0.00316029286385 0.0356900177002
v 0.019975402832 -0.0329039611816 0.0150100135803
v 0.0036329498291 -0.00755760526657 0.0356900177002
v 0.016949344635 -0.0029494240284 0.0356900177002
v 0.0225354919434 -0.0315355682373 0.0349900169373
v 0.020294052124 -0.032829662323 0.0150100135803
v 0.0171602134705 -0.00275830340385 0.0356900177002
v 0.0206071472168 -0.0327346839905 0.0150100135803
v 0.00338884735107 -0.00741129541397 0.0356900177002
v 0.0173888015747 -0.00258877182007 0.0356900177002
v 0.0227591552734 -0.0312967624664 0.0349900169373
v 0.0209133758545 -0.032619430542 0.0150100135803
v 0.00316025924683 -0.0072417640686 0.0356900177002
v 0.0176329040527 -0.00244246196747 0.0356900177002
v 0.0229667205811 -0.0310438423157 0.0349900169373
v 0.00294939041138 -0.00705064344406 0.0356900177002
v 0.0178901748657 -0.00232078289986 0.0356900177002
v 0.0212113952637 -0.0324843978882 0.0150100135803
v 0.0181581268311 -0.00222490644455 0.0356900177002
v 0.0231573028564 -0.030777885437 0.0349900169373
v 0.0214999542236 -0.0323301620483 0.0150100135803
v 0.00275827026367 -0.00683977460861 0.0356900177002
v 0.0184341926575 -0.00215575623512 0.0356900177002
v 0.023330078125 -0.0305000343323 0.0349900169373
v 0.0187157058716 -0.00211399793625 0.0356900177002
v 0.0217778015137 -0.0321573829651 0.0150100135803
v 0.00258873748779 -0.00661118745804 0.0356900177002
v 0.0234843139648 -0.0302114772797 0.0349900169373
v 0.023619354248 -0.0299134521484 0.0349900169373
v 0.00244242858887 -0.00636708450317 0.0356900177002
v 0.022043762207 -0.0319668006897 0.0150100135803
v 0.00232074737549 -0.00610981607437 0.0356900177002
v 0.0222966842651 -0.0317592334747 0.0150100135803
v 0.0237346038818 -0.0296072311401 0.0349900169373
v 0.00222487258911 -0.00584185934067 0.0356900177002
v 0.0225354919434 -0.0315355682373 0.0150100135803
v 0.0238295822144 -0.0292941303253 0.0349900169373
v 0.00215572357178 -0.00556579589844 0.0356900177002
v 0.0227591552734 -0.0312967624664 0.0150100135803
v 0.0239038848877 -0.0289754867554 0.0349900169373
v 0.00211396408081 -0.005284283638 0.0356900177002
v 0.0229667205811 -0.0310438423157 0.0150100135803
v 0.0239571762085 -0.0286526660919 0.0349900169373
v 0.00209999847412 -0.00500003385544 0.0356900177002
v 0.0231573028564 -0.030777885437 0.0150100135803
v 0.0239892501831 -0.0283270492554 0.0349900169373
v 0.00211396408081 -0.00471578407288 0.0356900177002
v 0.023330078125 -0.0305000343323 0.0150100135803
v 0.0239999542236 -0.0280000343323 0.0349900169373
v 0.00215572357178 -0.00443427181244 0.0356900177002
v 0.024 -0.000800033688545 0.0349900169373
v 0.0234843139648 -0.0302114772797 0.0150100135803
v 0.023619354248 -0.0299134521484 0.0150100135803
v 0.00222487258911 -0.00415820837021 0.0356900177002
v 0.024 0.0022999663353 0.0349900169373
v 0 0.0022999663353 0.0349900169373
v 0.00232074737549 -0.00389025139809 0.0356900177002
v 0.0237346038818 -0.0296072311401 0.0150100135803
v 0.0238295822144 -0.0292941303253 0.0150100135803
v 0.00244242858887 -0.00363298296928 0.0356900177002
v 0 -0.00500003385544 0.0389900169373
v 1.07040405273e-05 -0.00532704973221 0.0389900169373
v 0.00258873748779 -0.00338888001442 0.0356900177002
v 0.0239038848877 -0.0289754867554 0.0150100135803
v 0.00275827026367 -0.00316029286385 0.0356900177002
v 4.27742004395e-05 -0.00565266466141 0.0389900169373
v 0.0239571762085 -0.0286526660919 0.0150100135803
v 0.0239892501831 -0.0283270492554 0.0150100135803
v 0.00294939041138 -0.0029494240284 0.0356900177002
v 9.60731506348e-05 -0.00597548532486 0.0389900169373
v 0.000170372009277 -0.00629412889481 0.0389900169373
v 0.00316025924683 -0.00275830340385 0.0356900177002
v 0.0239999542236 -0.0280000343323 0.0150100135803
v 0.00338884735107 -0.00258877182007 0.0356900177002
v 0.024 -0.000800033688545 0.0150100135803
v 0.000265350341797 -0.00660723114014 0.0389900169373
v 0.024 0.0022999663353 0.0150100135803
v 0.0036329498291 -0.00244246196747 0.0356900177002
v 0.000380603790283 -0.00691345119476 0.0389900169373
v 0.00389021682739 -0.00232078289986 0.0356900177002
v 0 0.0022999663353 0.0150100135803
v 0.000515636444092 -0.00721147727966 0.0389900169373
v 0.000669872283936 -0.00750003385544 0.0389900169373
v 0.00415817260742 -0.00222490644455 0.0356900177002
v 0 -0.00500003385544 0.0190100135803
v 0.0146698265076 -0.0305000343323 0.0389900169373
v 0.00443423843384 -0.00215575623512 0.0356900177002
v 1.07040405273e-05 -0.00532704973221 0.0190100135803
v 0.00471575164795 -0.00211399793625 0.0356900177002
v 0.0148426055908 -0.030777885437 0.0389900169373
v 4.27742004395e-05 -0.00565266466141 0.0190100135803
v 0.0150331878662 -0.0310438423157 0.0389900169373
v 9.60731506348e-05 -0.00597548532486 0.0190100135803
v 0.0152407531738 -0.0312967624664 0.0389900169373
v 0.000170372009277 -0.00629412889481 0.0190100135803
v 0.000265350341797 -0.00660723114014 0.0190100135803
v 0.0154644203186 -0.0315355682373 0.0389900169373
v 0.000380603790283 -0.00691345119476 0.0190100135803
v 0.0157032241821 -0.0317592334747 0.0389900169373
v 0.000515636444092 -0.00721147727966 0.0190100135803
v 0.0159561462402 -0.0319668006897 0.0389900169373
v 0.000669872283936 -0.00750003385544 0.0190100135803
v 0.0162221031189 -0.0321573829651 0.0389900169373
v 0.0146698265076 -0.0305000343323 0.0190100135803
v 0.0164999542236 -0.0323301620483 0.0389900169373
v 0.0148426055908 -0.030777885437 0.0190100135803
v 0.0167885131836 -0.0324843978882 0.0389900169373
v 0.0150331878662 -0.0310438423157 0.0190100135803
v 0.0170865364075 -0.032619430542 0.0389900169373
v 0.0152407531738 -0.0312967624664 0.0190100135803
v 0.0173927574158 -0.0327346839905 0.0389900169373
v 0.0154644203186 -0.0315355682373 0.0190100135803
v 0.0177058563232 -0.032829662323 0.0389900169373
v 0.0180245018005 -0.0329039611816 0.0389900169373
v 0.0157032241821 -0.0317592334747 0.0190100135803
v 0.0159561462402 -0.0319668006897 0.0190100135803
v 0.0183473205566 -0.0329572601318 0.0389900169373
v 0.0162221031189 -0.0321573829651 0.0190100135803
v 0.0186729393005 -0.0329893302917 0.0389900169373
v 0.0189999542236 -0.0330000343323 0.0389900169373
v 0.0164999542236 -0.0323301620483 0.0190100135803
v 0.019326965332 -0.0329893302917 0.0389900169373
v 0.0167885131836 -0.0324843978882 0.0190100135803
v 0.0196525878906 -0.0329572601318 0.0389900169373
v 0.0170865364075 -0.032619430542 0.0190100135803
v 0.019975402832 -0.0329039611816 0.0389900169373
v 0.0173927574158 -0.0327346839905 0.0190100135803
v 0.020294052124 -0.032829662323 0.0389900169373
v 0.0177058563232 -0.032829662323 0.0190100135803
v 0.0206071472168 -0.0327346839905 0.0389900169373
v 0.0180245018005 -0.0329039611816 0.0190100135803
v 0.0183473205566 -0.0329572601318 0.0190100135803
v 0.0209133758545 -0.032619430542 0.0389900169373
v 0.0186729393005 -0.0329893302917 0.0190100135803
v 0.0212113952637 -0.0324843978882 0.0389900169373
v 0.0189999542236 -0.0330000343323 0.0190100135803
v 0.0214999542236 -0.0323301620483 0.0389900169373
v 0.019326965332 -0.0329893302917 0.0190100135803
v 0.0217778015137 -0.0321573829651 0.0389900169373
v 0.022043762207 -0.0319668006897 0.0389900169373
v 0.0196525878906 -0.0329572601318 0.0190100135803
v 0.0222966842651 -0.0317592334747 0.0389900169373
v 0.019975402832 -0.0329039611816 0.0190100135803
v 0.0225354919434 -0.0315355682373 0.0389900169373
v 0.020294052124 -0.032829662323 0.0190100135803
v 0.0206071472168 -0.0327346839905 0.0190100135803
v 0.0227591552734 -0.0312967624664 0.0389900169373
v 0.0209133758545 -0.032619430542 0.0190100135803
v 0.0229667205811 -0.0310438423157 0.0389900169373
v 0.0231573028564 -0.030777885437 0.0389900169373
v 0.0212113952637 -0.0324843978882 0.0190100135803
v 0.023330078125 -0.0305000343323 0.0389900169373
v 0.0214999542236 -0.0323301620483 0.0190100135803
v 0.0234843139648 -0.0302114772797 0.0389900169373
v 0.0217778015137 -0.0321573829651 0.0190100135803
v 0.023619354248 -0.0299134521484 0.0389900169373
v 0.022043762207 -0.0319668006897 0.0190100135803
v 0.0222966842651 -0.0317592334747 0.0190100135803
v 0.0237346038818 -0.0296072311401 0.0389900169373
v 0.0225354919434 -0.0315355682373 0.0190100135803
v 0.0238295822144 -0.0292941303253 0.0389900169373
v 0.0227591552734 -0.0312967624664 0.0190100135803
v 0.0239038848877 -0.0289754867554 0.0389900169373
v 0.0229667205811 -0.0310438423157 0.0190100135803
v 0.0239571762085 -0.0286526660919 0.0389900169373
v 0.0231573028564 -0.030777885437 0.0190100135803
v 0.0239892501831 -0.0283270492554 0.0389900169373
v 0.023330078125 -0.0305000343323 0.0190100135803
v 0.0239999542236 -0.0280000343323 0.0389900169373
v 0.0234843139648 -0.0302114772797 0.0190100135803
v 0.024 -0.000800033688545 0.0389900169373
v 0.023619354248 -0.0299134521484 0.0190100135803
v 0.024 0.0022999663353 0.0389900169373
v 0 0.0022999663353 0.0389900169373
v 0.0237346038818 -0.0296072311401 0.0190100135803
v 0.0238295822144 -0.0292941303253 0.0190100135803
v 0.0239038848877 -0.0289754867554 0.0190100135803
v 0.0239571762085 -0.0286526660919 0.0190100135803
v 0.0239892501831 -0.0283270492554 0.0190100135803
v 0.0239999542236 -0.0280000343323 0.0190100135803
v 0.024 -0.000800033688545 0.0190100135803
v 0.024 0.0022999663353 0.0190100135803
v 0 0.0022999663353 0.0190100135803
v 0.017424659729 0.000299966275692 0.0190100135803
v 0.024 0.000299966275692 0.0190100135803
v 0.024 0.00197765934467 0.0190100135803
v 0 0.000299966275692 0.0190100135803
v 0 0.000299966275692 0.0161059036255
v 0.024 0.0020094537735 0.0186351585388
v 0 0.00037257874012 0.016066116333
v 0.024 0.000299966275692 0.0349900169373
v 0.017424659729 0.000299966275692 0.0349900169373
v 0 0.000299966275692 0.0349900169373
v 0 0.000299966275692 0.0360859069824
v 0 0.000684192657471 0.0349900169373
v 0 0.00058942168951 0.0359273033142
v 0.00325842666626 -0.00517156362534 0.0190100135803
v 0.00325 -0.00500003385544 0.0190100135803
v 0.0032836265564 -0.00465862560272 0.0190100135803
v 0.0032836265564 -0.00534144210815 0.0190100135803
v 0.00325842666626 -0.00482850408554 0.0190100135803
v 0.00338320922852 -0.00566972970963 0.0190100135803
v 0.00345663833618 -0.00582497835159 0.0190100135803
v 0.00332535552979 -0.00550803184509 0.0190100135803
v 0.00335357666016 -0.00441315793991 0.0190100135803
v 0.00354492950439 -0.00597228193283 0.0190100135803
v 0.00332535552979 -0.00449203586578 0.0190100135803
v 0.0037625617981 -0.00623747062683 0.0190100135803
v 0.00364723205566 -0.00611022233963 0.0190100135803
v 0.00417505645752 -0.00654339599609 0.0190100135803
v 0.00402775192261 -0.00645510578156 0.0190100135803
v 0.00388981246948 -0.00635280227661 0.0190100135803
v 0.00465859222412 -0.00671640825272 0.0190100135803
v 0.00449200057983 -0.00667467927933 0.0190100135803
v 0.00517153167725 -0.00674160718918 0.0190100135803
v 0.005 -0.00675003385544 0.0190100135803
v 0.00482846832275 -0.00674160718918 0.0190100135803
v 0.00433030319214 -0.00661682271957 0.0190100135803
v 0.00550799942017 -0.00667467927933 0.0190100135803
v 0.00582494354248 -0.00654339599609 0.0190100135803
v 0.00597224807739 -0.00645510578156 0.0190100135803
v 0.00566969680786 -0.00661682271957 0.0190100135803
v 0.0062374382019 -0.00623747062683 0.0190100135803
v 0.00645507049561 -0.00597228193283 0.0190100135803
v 0.00645507049561 -0.00402778577805 0.0190100135803
v 0.00635276794434 -0.00611022233963 0.0190100135803
v 0.00635276794434 -0.00388984513283 0.0190100135803
v 0.0063515586853 -0.00388851070404 0.0190100135803
v 0.00611018753052 -0.00635280227661 0.0190100135803
v 0.00667464447021 -0.00449203586578 0.0190100135803
v 0.00661679077148 -0.00566972970963 0.0190100135803
v 0.00661679077148 -0.00433033800125 0.0190100135803
v 0.0067163734436 -0.00534144210815 0.0190100135803
v 0.00675 -0.00500003385544 0.0190100135803
v 0.00674157333374 -0.00482850408554 0.0190100135803
v 0.00674157333374 -0.00517156362534 0.0190100135803
v 0.0067163734436 -0.00465862560272 0.0190100135803
v 0.00654336166382 -0.00582497835159 0.0190100135803
v 0.00667464447021 -0.00550803184509 0.0190100135803
v 0.00654336166382 -0.00417508935928 0.0190100135803
v 0.00534140777588 -0.00671640825272 0.0190100135803
v 0.00338320922852 -0.00433033800125 0.0190100135803
v 0.00345663833618 -0.00417508935928 0.0190100135803
v 0.00550799942017 -0.00332538795471 0.0190100135803
v 0.00550672912598 -0.00332507014275 0.0190100135803
v 0.00364644241333 -0.00389090681076 0.0190100135803
v 0.00354492950439 -0.00402778577805 0.0190100135803
v 0.00597224807739 -0.0035449616909 0.0190100135803
v 0.00582494354248 -0.00345667147636 0.0190100135803
v 0.0062374382019 -0.00376259684563 0.0190100135803
v 0.00611018753052 -0.00364726519585 0.0190100135803
v 0.00566969680786 -0.00338324451447 0.0190100135803
v 0.0037625617981 -0.00376259684563 0.0190100135803
v 0.00364723205566 -0.00388984513283 0.0190100135803
v 0.00417505645752 -0.00345667147636 0.0190100135803
v 0.00402775192261 -0.0035449616909 0.0190100135803
v 0.00388981246948 -0.00364726519585 0.0190100135803
v 0.00433030319214 -0.00338324451447 0.0190100135803
v 0.00449200057983 -0.00332538795471 0.0190100135803
v 0.00482846832275 -0.00325846028328 0.0190100135803
v 0.00465859222412 -0.00328365945816 0.0190100135803
v 0.00517153167725 -0.00325846028328 0.0190100135803
v 0.00534140777588 -0.00328365945816 0.0190100135803
v 0.005 -0.00325003361702 0.0190100135803
v 0.00325842666626 -0.00517156362534 0.0349900169373
v 0.00325 -0.00500003385544 0.0349900169373
v 0.0032836265564 -0.00534144210815 0.0349900169373
v 0.00325842666626 -0.00482850408554 0.0349900169373
v 0.0032836265564 -0.00465862560272 0.0349900169373
v 0.00335357666016 -0.00441315793991 0.0349900169373
v 0.00332535552979 -0.00449203586578 0.0349900169373
v 0.00354492950439 -0.00597228193283 0.0349900169373
v 0.00345663833618 -0.00582497835159 0.0349900169373
v 0.00338320922852 -0.00566972970963 0.0349900169373
v 0.00332535552979 -0.00550803184509 0.0349900169373
v 0.0037625617981 -0.00623747062683 0.0349900169373
v 0.00402775192261 -0.00645510578156 0.0349900169373
v 0.00417505645752 -0.00654339599609 0.0349900169373
v 0.00388981246948 -0.00635280227661 0.0349900169373
v 0.00449200057983 -0.00667467927933 0.0349900169373
v 0.00465859222412 -0.00671640825272 0.0349900169373
v 0.005 -0.00675003385544 0.0349900169373
v 0.00517153167725 -0.00674160718918 0.0349900169373
v 0.00482846832275 -0.00674160718918 0.0349900169373
v 0.00433030319214 -0.00661682271957 0.0349900169373
v 0.00364723205566 -0.00611022233963 0.0349900169373
v 0.00566969680786 -0.00661682271957 0.0349900169373
v 0.00550799942017 -0.00667467927933 0.0349900169373
v 0.00611018753052 -0.00635280227661 0.0349900169373
v 0.00597224807739 -0.00645510578156 0.0349900169373
v 0.00582494354248 -0.00654339599609 0.0349900169373
v 0.00645507049561 -0.00597228193283 0.0349900169373
v 0.00645507049561 -0.00402778577805 0.0349900169373
v 0.00635276794434 -0.00611022233963 0.0349900169373
v 0.00635276794434 -0.00388984513283 0.0349900169373
v 0.0063515586853 -0.00388851070404 0.0349900169373
v 0.0062374382019 -0.00623747062683 0.0349900169373
v 0.00667464447021 -0.00550803184509 0.0349900169373
v 0.00661679077148 -0.00566972970963 0.0349900169373
v 0.00661679077148 -0.00433033800125 0.0349900169373
v 0.0067163734436 -0.00465862560272 0.0349900169373
v 0.00675 -0.00500003385544 0.0349900169373
v 0.00674157333374 -0.00482850408554 0.0349900169373
v 0.0067163734436 -0.00534144210815 0.0349900169373
v 0.00674157333374 -0.00517156362534 0.0349900169373
v 0.00654336166382 -0.00582497835159 0.0349900169373
v 0.00667464447021 -0.00449203586578 0.0349900169373
v 0.00654336166382 -0.00417508935928 0.0349900169373
v 0.00534140777588 -0.00671640825272 0.0349900169373
v 0.00338320922852 -0.00433033800125 0.0349900169373
v 0.00345663833618 -0.00417508935928 0.0349900169373
v 0.00354492950439 -0.00402778577805 0.0349900169373
v 0.00550799942017 -0.00332538795471 0.0349900169373
v 0.00550672912598 -0.00332507014275 0.0349900169373
v 0.00364644241333 -0.00389090681076 0.0349900169373
v 0.00597224807739 -0.0035449616909 0.0349900169373
v 0.00582494354248 -0.00345667147636 0.0349900169373
v 0.0062374382019 -0.00376259684563 0.0349900169373
v 0.00611018753052 -0.00364726519585 0.0349900169373
v 0.00566969680786 -0.00338324451447 0.0349900169373
v 0.0037625617981 -0.00376259684563 0.0349900169373
v 0.00364723205566 -0.00388984513283 0.0349900169373
v 0.00417505645752 -0.00345667147636 0.0349900169373
v 0.00402775192261 -0.0035449616909 0.0349900169373
v 0.00388981246948 -0.00364726519585 0.0349900169373
v 0.00433030319214 -0.00338324451447 0.0349900169373
v 0.00449200057983 -0.00332538795471 0.0349900169373
v 0.00482846832275 -0.00325846028328 0.0349900169373
v 0.00465859222412 -0.00328365945816 0.0349900169373
v 0.00517153167725 -0.00325846028328 0.0349900169373
v 0.00534140777588 -0.00328365945816 0.0349900169373
v 0.005 -0.00325003361702 0.0349900169373
v 0.0172499542236 -0.00500003385544 0.0190100135803
v 0.0172583808899 -0.00517156362534 0.0190100135803
v 0.0172583808899 -0.00482850408554 0.0190100135803
v 0.0173253097534 -0.00550803184509 0.0190100135803
v 0.0173253097534 -0.00449203586578 0.0190100135803
v 0.01728358078 -0.00534144210815 0.0190100135803
v 0.01728358078 -0.00465862560272 0.0190100135803
v 0.0174565925598 -0.00582497835159 0.0190100135803
v 0.0174565925598 -0.00417508935928 0.0190100135803
v 0.0176471862793 -0.00611022233963 0.0190100135803
v 0.0176471862793 -0.00388984513283 0.0190100135803
v 0.017544883728 -0.00597228193283 0.0190100135803
v 0.017544883728 -0.00402778577805 0.0190100135803
v 0.0173831634521 -0.00566972970963 0.0190100135803
v 0.0173831634521 -0.00433033800125 0.0190100135803
v 0.0178897666931 -0.00635280227661 0.0190100135803
v 0.0178897666931 -0.00364726519585 0.0190100135803
v 0.0181750106812 -0.00654339599609 0.0190100135803
v 0.0181750106812 -0.00345667147636 0.0190100135803
v 0.0180277061462 -0.00645510578156 0.0190100135803
v 0.0180277061462 -0.0035449616909 0.0190100135803
v 0.0184919586182 -0.00667467927933 0.0190100135803
v 0.0184919586182 -0.00332538795471 0.0190100135803
v 0.0188284225464 -0.00674160718918 0.0190100135803
v 0.0188284225464 -0.00325846028328 0.0190100135803
v 0.0186585464478 -0.00671640825272 0.0190100135803
v 0.0186585464478 -0.00328365945816 0.0190100135803
v 0.0183302574158 -0.00661682271957 0.0190100135803
v 0.0183302574158 -0.00338324451447 0.0190100135803
v 0.0177625198364 -0.00623747062683 0.0190100135803
v 0.0177625198364 -0.00376259684563 0.0190100135803
v 0.0191714859009 -0.00674160718918 0.0190100135803
v 0.0191714859009 -0.00325846028328 0.0190100135803
v 0.0195079498291 -0.00667467927933 0.0190100135803
v 0.0195079498291 -0.00332538795471 0.0190100135803
v 0.0193413619995 -0.00671640825272 0.0190100135803
v 0.0193413619995 -0.00328365945816 0.0190100135803
v 0.0198248977661 -0.00654339599609 0.0190100135803
v 0.0198248977661 -0.00345667147636 0.0190100135803
v 0.0201101379395 -0.00635280227661 0.0190100135803
v 0.0201101379395 -0.00364726519585 0.0190100135803
v 0.0199721984863 -0.00645510578156 0.0190100135803
v 0.0199721984863 -0.0035449616909 0.0190100135803
v 0.0196696472168 -0.00661682271957 0.0190100135803
v 0.0196696472168 -0.00338324451447 0.0190100135803
v 0.020352722168 -0.00611022233963 0.0190100135803
v 0.020352722168 -0.00388984513283 0.0190100135803
v 0.0205433197021 -0.00582497835159 0.0190100135803
v 0.0205433197021 -0.00417508935928 0.0190100135803
v 0.0204550247192 -0.00597228193283 0.0190100135803
v 0.0204550247192 -0.00402778577805 0.0190100135803
v 0.0206745986938 -0.00550803184509 0.0190100135803
v 0.0206745986938 -0.00449203586578 0.0190100135803
v 0.0207499542236 -0.00500003385544 0.0190100135803
v 0.0207415313721 -0.00517156362534 0.0190100135803
v 0.0207415313721 -0.00482850408554 0.0190100135803
v 0.0207163238525 -0.00534144210815 0.0190100135803
v 0.0207163238525 -0.00465862560272 0.0190100135803
v 0.0206167449951 -0.00566972970963 0.0190100135803
v 0.0206167449951 -0.00433033800125 0.0190100135803
v 0.0202373886108 -0.00623747062683 0.0190100135803
v 0.0202373886108 -0.00376259684563 0.0190100135803
v 0.0189999542236 -0.00325003361702 0.0190100135803
v 0.0189999542236 -0.00675003385544 0.0190100135803
v 0.0172499542236 -0.00500003385544 0.0349900169373
v 0.0172583808899 -0.00517156362534 0.0349900169373
v 0.0172583808899 -0.00482850408554 0.0349900169373
v 0.0173253097534 -0.00550803184509 0.0349900169373
v 0.0173253097534 -0.00449203586578 0.0349900169373
v 0.01728358078 -0.00534144210815 0.0349900169373
v 0.01728358078 -0.00465862560272 0.0349900169373
v 0.0174565925598 -0.00582497835159 0.0349900169373
v 0.0174565925598 -0.00417508935928 0.0349900169373
v 0.0176471862793 -0.00611022233963 0.0349900169373
v 0.0176471862793 -0.00388984513283 0.0349900169373
v 0.017544883728 -0.00597228193283 0.0349900169373
v 0.017544883728 -0.00402778577805 0.0349900169373
v 0.0173831634521 -0.00566972970963 0.0349900169373
v 0.0173831634521 -0.00433033800125 0.0349900169373
v 0.0178897666931 -0.00635280227661 0.0349900169373
v 0.0178897666931 -0.00364726519585 0.0349900169373
v 0.0181750106812 -0.00654339599609 0.0349900169373
v 0.0181750106812 -0.00345667147636 0.0349900169373
v 0.0180277061462 -0.00645510578156 0.0349900169373
v 0.0180277061462 -0.0035449616909 0.0349900169373
v 0.0184919586182 -0.00667467927933 0.0349900169373
v 0.0184919586182 -0.00332538795471 0.0349900169373
v 0.0188284225464 -0.00674160718918 0.0349900169373
v 0.0188284225464 -0.00325846028328 0.0349900169373
v 0.0186585464478 -0.00671640825272 0.0349900169373
v 0.0186585464478 -0.00328365945816 0.0349900169373
v 0.0183302574158 -0.00661682271957 0.0349900169373
v 0.0183302574158 -0.00338324451447 0.0349900169373
v 0.0177625198364 -0.00623747062683 0.0349900169373
v 0.0177625198364 -0.00376259684563 0.0349900169373
v 0.0191714859009 -0.00674160718918 0.0349900169373
v 0.0191714859009 -0.00325846028328 0.0349900169373
v 0.0195079498291 -0.00667467927933 0.0349900169373
v 0.0195079498291 -0.00332538795471 0.0349900169373
v 0.0193413619995 -0.00671640825272 0.0349900169373
v 0.0193413619995 -0.00328365945816 0.0349900169373
v 0.0198248977661 -0.00654339599609 0.0349900169373
v 0.0198248977661 -0.00345667147636 0.0349900169373
v 0.0201101379395 -0.00635280227661 0.0349900169373
v 0.0201101379395 -0.00364726519585 0.0349900169373
v 0.0199721984863 -0.00645510578156 0.0349900169373
v 0.0199721984863 -0.0035449616909 0.0349900169373
v 0.0196696472168 -0.00661682271957 0.0349900169373
v 0.0196696472168 -0.00338324451447 0.0349900169373
v 0.020352722168 -0.00611022233963 0.0349900169373
v 0.020352722168 -0.00388984513283 0.0349900169373
v 0.0205433197021 -0.00582497835159 0.0349900169373
v 0.0205433197021 -0.00417508935928 0.0349900169373
v 0.0204550247192 -0.00597228193283 0.0349900169373
v 0.0204550247192 -0.00402778577805 0.0349900169373
v 0.0206745986938 -0.00550803184509 0.0349900169373
v 0.0206745986938 -0.00449203586578 0.0349900169373
v 0.0207499542236 -0.00500003385544 0.0349900169373
v 0.0207415313721 -0.00517156362534 0.0349900169373
v 0.0207415313721 -0.00482850408554 0.0349900169373
v 0.0207163238525 -0.00534144210815 0.0349900169373
v 0.0207163238525 -0.00465862560272 0.0349900169373
v 0.0206167449951 -0.00566972970963 0.0349900169373
v 0.0206167449951 -0.00433033800125 0.0349900169373
v 0.0202373886108 -0.00623747062683 0.0349900169373
v 0.0202373886108 -0.00376259684563 0.0349900169373
v 0.0189999542236 -0.00325003361702 0.0349900169373
v 0.0189999542236 -0.00675003385544 0.0349900169373
v 0.0172687759399 -0.028241651535 0.0190100135803
v 0.0173253097534 -0.0285080318451 0.0190100135803
v 0.01728358078 -0.0283414421082 0.0190100135803
v 0.0173831634521 -0.0286697311401 0.0190100135803
v 0.0174565925598 -0.0288249778748 0.0190100135803
v 0.017544883728 -0.0289722824097 0.0190100135803
v 0.0176471862793 -0.0291102218628 0.0190100135803
v 0.0177625198364 -0.0292374706268 0.0190100135803
v 0.0180277061462 -0.0294551067352 0.0190100135803
v 0.01826902771 -0.0295878639221 0.0190100135803
v 0.0181750106812 -0.0295433959961 0.0190100135803
v 0.0178897666931 -0.0293528022766 0.0190100135803
v 0.0172499542236 -0.0280000343323 0.0190100135803
v 0.0172583808899 -0.0281715641022 0.0190100135803
v 0.0172628555298 -0.0277983474731 0.0190100135803
v 0.0172583808899 -0.0278285045624 0.0190100135803
v 0.0183302574158 -0.0296168231964 0.0190100135803
v 0.0187223739624 -0.0297258758545 0.0190100135803
v 0.0186585464478 -0.0297164077759 0.0190100135803
v 0.0184919586182 -0.0296746807098 0.0190100135803
v 0.0173358154297 -0.0274626693726 0.0190100135803
v 0.0173253097534 -0.0274920368195 0.0190100135803
v 0.01728358078 -0.0276586265564 0.0190100135803
v 0.0188284225464 -0.029741607666 0.0190100135803
v 0.0190974273682 -0.0297452468872 0.0190100135803
v 0.0189999542236 -0.0297500343323 0.0190100135803
v 0.0173831634521 -0.0273303375244 0.0190100135803
v 0.0174520835876 -0.0271846237183 0.0190100135803
v 0.0191714859009 -0.029741607666 0.0190100135803
v 0.0194269180298 -0.029694978714 0.0190100135803
v 0.0193413619995 -0.0297164077759 0.0190100135803
v 0.0174565925598 -0.0271750907898 0.0190100135803
v 0.0176022720337 -0.0269504089355 0.0190100135803
v 0.017544883728 -0.0270277862549 0.0190100135803
v 0.0195079498291 -0.0296746807098 0.0190100135803
v 0.0197210159302 -0.0295925292969 0.0190100135803
v 0.0196696472168 -0.0296168231964 0.0190100135803
v 0.0176471862793 -0.0268898468018 0.0190100135803
v 0.0177625198364 -0.0267625980377 0.0190100135803
v 0.0177780914307 -0.0267484836578 0.0190100135803
v 0.0198248977661 -0.0295433959961 0.0190100135803
v 0.0199836578369 -0.0294466133118 0.0190100135803
v 0.0199721984863 -0.0294551067352 0.0190100135803
v 0.0179808959961 -0.0265796775818 0.0190100135803
v 0.0178897666931 -0.0266472663879 0.0190100135803
v 0.0202135009766 -0.0292591209412 0.0190100135803
v 0.0201101379395 -0.0293528022766 0.0190100135803
v 0.0180277061462 -0.0265449619293 0.0190100135803
v 0.0182086791992 -0.0264407501221 0.0190100135803
v 0.0181750106812 -0.0264566726685 0.0190100135803
v 0.0202373886108 -0.0292374706268 0.0190100135803
v 0.0204100723267 -0.0290328941345 0.0190100135803
v 0.020352722168 -0.0291102218628 0.0190100135803
v 0.0183302574158 -0.0263832454681 0.0190100135803
v 0.0184649276733 -0.0263350601196 0.0190100135803
v 0.0204550247192 -0.0289722824097 0.0190100135803
v 0.0205703735352 -0.0287677688599 0.0190100135803
v 0.0205433197021 -0.0288249778748 0.0190100135803
v 0.0184919586182 -0.0263253879547 0.0190100135803
v 0.0187561836243 -0.0262691764832 0.0190100135803
v 0.0186585464478 -0.0262836608887 0.0190100135803
v 0.0206167449951 -0.0286697311401 0.0190100135803
v 0.0206869659424 -0.028458650589 0.0190100135803
v 0.0206745986938 -0.0285080318451 0.0190100135803
v 0.0188284225464 -0.0262584609985 0.0190100135803
v 0.0190938949585 -0.026254650116 0.0190100135803
v 0.0189999542236 -0.0262500343323 0.0190100135803
v 0.0207163238525 -0.0283414421082 0.0190100135803
v 0.0207453842163 -0.0280930290222 0.0190100135803
v 0.0207415313721 -0.0281715641022 0.0190100135803
v 0.0191714859009 -0.0262584609985 0.0190100135803
v 0.0207109985352 -0.0276373519897 0.0190100135803
v 0.0195120010376 -0.0263268375397 0.0190100135803
v 0.0195079498291 -0.0263253879547 0.0190100135803
v 0.0193413619995 -0.0262836608887 0.0190100135803
v 0.0207415313721 -0.0278285045624 0.0190100135803
v 0.0207499542236 -0.0280000343323 0.0190100135803
v 0.0207163238525 -0.0276586265564 0.0190100135803
v 0.0196696472168 -0.0263832454681 0.0190100135803
v 0.0198248977661 -0.0264566726685 0.0190100135803
v 0.0199721984863 -0.0265449619293 0.0190100135803
v 0.0202373886108 -0.0267625980377 0.0190100135803
v 0.0201101379395 -0.0266472663879 0.0190100135803
v 0.0205433197021 -0.0271750907898 0.0190100135803
v 0.0204550247192 -0.0270277862549 0.0190100135803
v 0.0206745986938 -0.0274920368195 0.0190100135803
v 0.0206167449951 -0.0273303375244 0.0190100135803
v 0.020352722168 -0.0268898468018 0.0190100135803
v 0.0172687759399 -0.028241651535 0.0349900169373
v 0.01728358078 -0.0283414421082 0.0349900169373
v 0.0173253097534 -0.0285080318451 0.0349900169373
v 0.017544883728 -0.0289722824097 0.0349900169373
v 0.0174565925598 -0.0288249778748 0.0349900169373
v 0.0173831634521 -0.0286697311401 0.0349900169373
v 0.0178897666931 -0.0293528022766 0.0349900169373
v 0.0177625198364 -0.0292374706268 0.0349900169373
v 0.01826902771 -0.0295878639221 0.0349900169373
v 0.0180277061462 -0.0294551067352 0.0349900169373
v 0.0181750106812 -0.0295433959961 0.0349900169373
v 0.0176471862793 -0.0291102218628 0.0349900169373
v 0.0172499542236 -0.0280000343323 0.0349900169373
v 0.0172583808899 -0.0281715641022 0.0349900169373
v 0.0172628555298 -0.0277983474731 0.0349900169373
v 0.0172583808899 -0.0278285045624 0.0349900169373
v 0.0184919586182 -0.0296746807098 0.0349900169373
v 0.0183302574158 -0.0296168231964 0.0349900169373
v 0.0187223739624 -0.0297258758545 0.0349900169373
v 0.0186585464478 -0.0297164077759 0.0349900169373
v 0.0173358154297 -0.0274626693726 0.0349900169373
v 0.0173253097534 -0.0274920368195 0.0349900169373
v 0.01728358078 -0.0276586265564 0.0349900169373
v 0.0188284225464 -0.029741607666 0.0349900169373
v 0.0190974273682 -0.0297452468872 0.0349900169373
v 0.0189999542236 -0.0297500343323 0.0349900169373
v 0.0173831634521 -0.0273303375244 0.0349900169373
v 0.0174520835876 -0.0271846237183 0.0349900169373
v 0.0194269180298 -0.029694978714 0.0349900169373
v 0.0191714859009 -0.029741607666 0.0349900169373
v 0.0193413619995 -0.0297164077759 0.0349900169373
v 0.0174565925598 -0.0271750907898 0.0349900169373
v 0.017544883728 -0.0270277862549 0.0349900169373
v 0.0176022720337 -0.0269504089355 0.0349900169373
v 0.0197210159302 -0.0295925292969 0.0349900169373
v 0.0195079498291 -0.0296746807098 0.0349900169373
v 0.0196696472168 -0.0296168231964 0.0349900169373
v 0.0177780914307 -0.0267484836578 0.0349900169373
v 0.0177625198364 -0.0267625980377 0.0349900169373
v 0.0176471862793 -0.0268898468018 0.0349900169373
v 0.0198248977661 -0.0295433959961 0.0349900169373
v 0.0199836578369 -0.0294466133118 0.0349900169373
v 0.0199721984863 -0.0294551067352 0.0349900169373
v 0.0179808959961 -0.0265796775818 0.0349900169373
v 0.0178897666931 -0.0266472663879 0.0349900169373
v 0.0201101379395 -0.0293528022766 0.0349900169373
v 0.0202135009766 -0.0292591209412 0.0349900169373
v 0.0182086791992 -0.0264407501221 0.0349900169373
v 0.0181750106812 -0.0264566726685 0.0349900169373
v 0.0180277061462 -0.0265449619293 0.0349900169373
v 0.0202373886108 -0.0292374706268 0.0349900169373
v 0.0204100723267 -0.0290328941345 0.0349900169373
v 0.020352722168 -0.0291102218628 0.0349900169373
v 0.0183302574158 -0.0263832454681 0.0349900169373
v 0.0184649276733 -0.0263350601196 0.0349900169373
v 0.0205703735352 -0.0287677688599 0.0349900169373
v 0.0204550247192 -0.0289722824097 0.0349900169373
v 0.0205433197021 -0.0288249778748 0.0349900169373
v 0.0184919586182 -0.0263253879547 0.0349900169373
v 0.0186585464478 -0.0262836608887 0.0349900169373
v 0.0187561836243 -0.0262691764832 0.0349900169373
v 0.0206869659424 -0.028458650589 0.0349900169373
v 0.0206167449951 -0.0286697311401 0.0349900169373
v 0.0206745986938 -0.0285080318451 0.0349900169373
v 0.0190938949585 -0.026254650116 0.0349900169373
v 0.0189999542236 -0.0262500343323 0.0349900169373
v 0.0188284225464 -0.0262584609985 0.0349900169373
v 0.0207163238525 -0.0283414421082 0.0349900169373
v 0.0207453842163 -0.0280930290222 0.0349900169373
v 0.0207415313721 -0.0281715641022 0.0349900169373
v 0.0191714859009 -0.0262584609985 0.0349900169373
v 0.0195079498291 -0.0263253879547 0.0349900169373
v 0.0195120010376 -0.0263268375397 0.0349900169373
v 0.0193413619995 -0.0262836608887 0.0349900169373
v 0.0207163238525 -0.0276586265564 0.0349900169373
v 0.0207109985352 -0.0276373519897 0.0349900169373
v 0.0207499542236 -0.0280000343323 0.0349900169373
v 0.0207415313721 -0.0278285045624 0.0349900169373
v 0.0196696472168 -0.0263832454681 0.0349900169373
v 0.0198248977661 -0.0264566726685 0.0349900169373
v 0.0199721984863 -0.0265449619293 0.0349900169373
v 0.0202373886108 -0.0267625980377 0.0349900169373
v 0.0201101379395 -0.0266472663879 0.0349900169373
v 0.0205433197021 -0.0271750907898 0.0349900169373
v 0.0204550247192 -0.0270277862549 0.0349900169373
v 0.0206745986938 -0.0274920368195 0.0349900169373
v 0.0206167449951 -0.0273303375244 0.0349900169373
v 0.020352722168 -0.0268898468018 0.0349900169373
v 0.00212701416016 -0.00462780618668 0.0389900169373
v 0.00211396408081 -0.00471578407288 0.0389900169373
v 0.00209999847412 -0.00500003385544 0.0389900169373
v 0.00211396408081 -0.005284283638 0.0389900169373
v 0.00215572357178 -0.00556579589844 0.0389900169373
v 0.00222487258911 -0.00584185934067 0.0389900169373
v 0.00244242858887 -0.00636708450317 0.0389900169373
v 0.00232074737549 -0.00610981607437 0.0389900169373
v 0.00338884735107 -0.00741129541397 0.0389900169373
v 0.00316025924683 -0.0072417640686 0.0389900169373
v 0.00294939041138 -0.00705064344406 0.0389900169373
v 0.00275827026367 -0.00683977460861 0.0389900169373
v 0.00258873748779 -0.00661118745804 0.0389900169373
v 0.0036329498291 -0.00755760526657 0.0389900169373
v 0.00389021682739 -0.0076792845726 0.0389900169373
v 0.00415817260742 -0.00777516126633 0.0389900169373
v 0.00443423843384 -0.00784431123734 0.0389900169373
v 0.00528424835205 -0.00788606977463 0.0389900169373
v 0.00471575164795 -0.00788606977463 0.0389900169373
v 0.005 -0.00790003395081 0.0389900169373
v 0.00556576156616 -0.00784431123734 0.0389900169373
v 0.00584182739258 -0.00777516126633 0.0389900169373
v 0.00610978317261 -0.0076792845726 0.0389900169373
v 0.0063670501709 -0.00755760526657 0.0389900169373
v 0.00661115264893 -0.00741129541397 0.0389900169373
v 0.00683974075317 -0.0072417640686 0.0389900169373
v 0.00705060958862 -0.00705064344406 0.0389900169373
v 0.00724172973633 -0.00683977460861 0.0389900169373
v 0.00741126251221 -0.00661118745804 0.0389900169373
v 0.00755757141113 -0.00636708450317 0.0389900169373
v 0.00767925262451 -0.00610981607437 0.0389900169373
v 0.00777512741089 -0.00584185934067 0.0389900169373
v 0.00784427642822 -0.00556579589844 0.0389900169373
v 0.00788603591919 -0.005284283638 0.0389900169373
v 0.00790000152588 -0.00500003385544 0.0389900169373
v 0.00788603591919 -0.00471578407288 0.0389900169373
v 0.00776315307617 -0.00412473773956 0.0389900169373
v 0.00784427642822 -0.00443427181244 0.0389900169373
v 0.00777512741089 -0.00415820837021 0.0389900169373
v 0.00757699966431 -0.00367405867577 0.0389900169373
v 0.00767925262451 -0.00389025139809 0.0389900169373
v 0.0021801071167 -0.00433691740036 0.0389900169373
v 0.00215572357178 -0.00443427181244 0.0389900169373
v 0.00755757141113 -0.00363298296928 0.0389900169373
v 0.00697299575806 -0.00287908029556 0.0389900169373
v 0.00705060958862 -0.0029494240284 0.0389900169373
v 0.00741126251221 -0.00338888001442 0.0389900169373
v 0.00724172973633 -0.00316029286385 0.0389900169373
v 0.00222487258911 -0.00415820837021 0.0389900169373
v 0.00232074737549 -0.00389025139809 0.0389900169373
v 0.00294939041138 -0.0029494240284 0.0389900169373
v 0.00275827026367 -0.00316029286385 0.0389900169373
v 0.00244242858887 -0.00363298296928 0.0389900169373
v 0.00258873748779 -0.00338888001442 0.0389900169373
v 0.00443423843384 -0.00215575623512 0.0389900169373
v 0.00471575164795 -0.00211399793625 0.0389900169373
v 0.00528424835205 -0.00211399793625 0.0389900169373
v 0.005 -0.00210003352165 0.0389900169373
v 0.00683974075317 -0.00275830340385 0.0389900169373
v 0.00661115264893 -0.00258877182007 0.0389900169373
v 0.0063670501709 -0.00244246196747 0.0389900169373
v 0.00610978317261 -0.00232078289986 0.0389900169373
v 0.00584182739258 -0.00222490644455 0.0389900169373
v 0.00556576156616 -0.00215575623512 0.0389900169373
v 0.00316025924683 -0.00275830340385 0.0389900169373
v 0.00415817260742 -0.00222490644455 0.0389900169373
v 0.00338884735107 -0.00258877182007 0.0389900169373
v 0.00389021682739 -0.00232078289986 0.0389900169373
v 0.0036329498291 -0.00244246196747 0.0389900169373
v 0.005 -0.00325003361702 0.0356900177002
v 0.00517153167725 -0.00325846028328 0.0356900177002
v 0.00534140777588 -0.00328365945816 0.0356900177002
v 0.00550799942017 -0.00332538795471 0.0356900177002
v 0.00566969680786 -0.00338324451447 0.0356900177002
v 0.00582494354248 -0.00345667147636 0.0356900177002
v 0.00597224807739 -0.0035449616909 0.0356900177002
v 0.00611018753052 -0.00364726519585 0.0356900177002
v 0.0062374382019 -0.00376259684563 0.0356900177002
v 0.00635276794434 -0.00388984513283 0.0356900177002
v 0.00645507049561 -0.00402778577805 0.0356900177002
v 0.00654336166382 -0.00417508935928 0.0356900177002
v 0.00661679077148 -0.00433033800125 0.0356900177002
v 0.00667464447021 -0.00449203586578 0.0356900177002
v 0.0067163734436 -0.00465862560272 0.0356900177002
v 0.00674157333374 -0.00482850408554 0.0356900177002
v 0.00675 -0.00500003385544 0.0356900177002
v 0.00674157333374 -0.00517156362534 0.0356900177002
v 0.0067163734436 -0.00534144210815 0.0356900177002
v 0.00667464447021 -0.00550803184509 0.0356900177002
v 0.00661679077148 -0.00566972970963 0.0356900177002
v 0.00654336166382 -0.00582497835159 0.0356900177002
v 0.00645507049561 -0.00597228193283 0.0356900177002
v 0.00635276794434 -0.00611022233963 0.0356900177002
v 0.0062374382019 -0.00623747062683 0.0356900177002
v 0.00611018753052 -0.00635280227661 0.0356900177002
v 0.00597224807739 -0.00645510578156 0.0356900177002
v 0.00582494354248 -0.00654339599609 0.0356900177002
v 0.00566969680786 -0.00661682271957 0.0356900177002
v 0.00550799942017 -0.00667467927933 0.0356900177002
v 0.00534140777588 -0.00671640825272 0.0356900177002
v 0.00517153167725 -0.00674160718918 0.0356900177002
v 0.005 -0.00675003385544 0.0356900177002
v 0.00482846832275 -0.00674160718918 0.0356900177002
v 0.00465859222412 -0.00671640825272 0.0356900177002
v 0.00449200057983 -0.00667467927933 0.0356900177002
v 0.00433030319214 -0.00661682271957 0.0356900177002
v 0.00417505645752 -0.00654339599609 0.0356900177002
v 0.00402775192261 -0.00645510578156 0.0356900177002
v 0.00388981246948 -0.00635280227661 0.0356900177002
v 0.0037625617981 -0.00623747062683 0.0356900177002
v 0.00364723205566 -0.00611022233963 0.0356900177002
v 0.00354492950439 -0.00597228193283 0.0356900177002
v 0.00345663833618 -0.00582497835159 0.0356900177002
v 0.00338320922852 -0.00566972970963 0.0356900177002
v 0.00332535552979 -0.00550803184509 0.0356900177002
v 0.0032836265564 -0.00534144210815 0.0356900177002
v 0.00325842666626 -0.00517156362534 0.0356900177002
v 0.00325 -0.00500003385544 0.0356900177002
v 0.00325842666626 -0.00482850408554 0.0356900177002
v 0.0032836265564 -0.00465862560272 0.0356900177002
v 0.00332535552979 -0.00449203586578 0.0356900177002
v 0.00338320922852 -0.00433033800125 0.0356900177002
v 0.00345663833618 -0.00417508935928 0.0356900177002
v 0.00354492950439 -0.00402778577805 0.0356900177002
v 0.00364723205566 -0.00388984513283 0.0356900177002
v 0.0037625617981 -0.00376259684563 0.0356900177002
v 0.00388981246948 -0.00364726519585 0.0356900177002
v 0.00402775192261 -0.0035449616909 0.0356900177002
v 0.00417505645752 -0.00345667147636 0.0356900177002
v 0.00433030319214 -0.00338324451447 0.0356900177002
v 0.00449200057983 -0.00332538795471 0.0356900177002
v 0.00465859222412 -0.00328365945816 0.0356900177002
v 0.00482846832275 -0.00325846028328 0.0356900177002
v 0.02124168396 -0.00316029286385 0.0389900169373
v 0.0212296142578 -0.00314697885513 0.0389900169373
v 0.0214112167358 -0.00338888001442 0.0389900169373
v 0.0215575256348 -0.00363298296928 0.0389900169373
v 0.02124168396 -0.00683977460861 0.0389900169373
v 0.0214112167358 -0.00661118745804 0.0389900169373
v 0.0215575256348 -0.00636708450317 0.0389900169373
v 0.0216792068481 -0.00610981607437 0.0389900169373
v 0.0216792068481 -0.00389025139809 0.0389900169373
v 0.0218999557495 -0.00500003385544 0.0389900169373
v 0.0218859863281 -0.005284283638 0.0389900169373
v 0.0218859863281 -0.00471578407288 0.0389900169373
v 0.0217750854492 -0.00584185934067 0.0389900169373
v 0.0218442306519 -0.00556579589844 0.0389900169373
v 0.0218442306519 -0.00443427181244 0.0389900169373
v 0.0217750854492 -0.00415820837021 0.0389900169373
v 0.021050567627 -0.00705064344406 0.0389900169373
v 0.0208396911621 -0.0072417640686 0.0389900169373
v 0.0206111068726 -0.00741129541397 0.0389900169373
v 0.0203670043945 -0.00755760526657 0.0389900169373
v 0.0201097335815 -0.0076792845726 0.0389900169373
v 0.0198417816162 -0.00777516126633 0.0389900169373
v 0.0195657196045 -0.00784431123734 0.0389900169373
v 0.0192842025757 -0.00788606977463 0.0389900169373
v 0.0189999542236 -0.00790003395081 0.0389900169373
v 0.0187157058716 -0.00788606977463 0.0389900169373
v 0.0184341926575 -0.00784431123734 0.0389900169373
v 0.0181581268311 -0.00777516126633 0.0389900169373
v 0.0161556777954 -0.00556579589844 0.0389900169373
v 0.0162248268127 -0.00584185934067 0.0389900169373
v 0.0167582244873 -0.00683977460861 0.0389900169373
v 0.0165886917114 -0.00661118745804 0.0389900169373
v 0.0164423828125 -0.00636708450317 0.0389900169373
v 0.0163207015991 -0.00610981607437 0.0389900169373
v 0.0173888015747 -0.00741129541397 0.0389900169373
v 0.0171602134705 -0.0072417640686 0.0389900169373
v 0.016949344635 -0.00705064344406 0.0389900169373
v 0.0178901748657 -0.0076792845726 0.0389900169373
v 0.0176329040527 -0.00755760526657 0.0389900169373
v 0.0161139183044 -0.005284283638 0.0389900169373
v 0.0161125526428 -0.00474357795715 0.0389900169373
v 0.0160999526978 -0.00500003385544 0.0389900169373
v 0.0161139183044 -0.00471578407288 0.0389900169373
v 0.021050567627 -0.0029494240284 0.0389900169373
v 0.0161556777954 -0.00443427181244 0.0389900169373
v 0.0208396911621 -0.00275830340385 0.0389900169373
v 0.0162248268127 -0.00415820837021 0.0389900169373
v 0.0163207015991 -0.00389025139809 0.0389900169373
v 0.0206111068726 -0.00258877182007 0.0389900169373
v 0.0164423828125 -0.00363298296928 0.0389900169373
v 0.0165886917114 -0.00338888001442 0.0389900169373
v 0.0167582244873 -0.00316029286385 0.0389900169373
v 0.016949344635 -0.0029494240284 0.0389900169373
v 0.0171602134705 -0.00275830340385 0.0389900169373
v 0.0173888015747 -0.00258877182007 0.0389900169373
v 0.0176329040527 -0.00244246196747 0.0389900169373
v 0.0178901748657 -0.00232078289986 0.0389900169373
v 0.0181581268311 -0.00222490644455 0.0389900169373
v 0.0184341926575 -0.00215575623512 0.0389900169373
v 0.0192842025757 -0.00211399793625 0.0389900169373
v 0.0189999542236 -0.00210003352165 0.0389900169373
v 0.0187157058716 -0.00211399793625 0.0389900169373
v 0.0203670043945 -0.00244246196747 0.0389900169373
v 0.0201097335815 -0.00232078289986 0.0389900169373
v 0.0198417816162 -0.00222490644455 0.0389900169373
v 0.0195657196045 -0.00215575623512 0.0389900169373
v 0.0189999542236 -0.00325003361702 0.0356900177002
v 0.0191714859009 -0.00325846028328 0.0356900177002
v 0.0193413619995 -0.00328365945816 0.0356900177002
v 0.0195079498291 -0.00332538795471 0.0356900177002
v 0.0196696472168 -0.00338324451447 0.0356900177002
v 0.0198248977661 -0.00345667147636 0.0356900177002
v 0.0199721984863 -0.0035449616909 0.0356900177002
v 0.0201101379395 -0.00364726519585 0.0356900177002
v 0.0202373886108 -0.00376259684563 0.0356900177002
v 0.020352722168 -0.00388984513283 0.0356900177002
v 0.0204550247192 -0.00402778577805 0.0356900177002
v 0.0205433197021 -0.00417508935928 0.0356900177002
v 0.0206167449951 -0.00433033800125 0.0356900177002
v 0.0206745986938 -0.00449203586578 0.0356900177002
v 0.0207163238525 -0.00465862560272 0.0356900177002
v 0.0207415313721 -0.00482850408554 0.0356900177002
v 0.0207499542236 -0.00500003385544 0.0356900177002
v 0.0207415313721 -0.00517156362534 0.0356900177002
v 0.0207163238525 -0.00534144210815 0.0356900177002
v 0.0206745986938 -0.00550803184509 0.0356900177002
v 0.0206167449951 -0.00566972970963 0.0356900177002
v 0.0205433197021 -0.00582497835159 0.0356900177002
v 0.0204550247192 -0.00597228193283 0.0356900177002
v 0.020352722168 -0.00611022233963 0.0356900177002
v 0.0202373886108 -0.00623747062683 0.0356900177002
v 0.0201101379395 -0.00635280227661 0.0356900177002
v 0.0199721984863 -0.00645510578156 0.0356900177002
v 0.0198248977661 -0.00654339599609 0.0356900177002
v 0.0196696472168 -0.00661682271957 0.0356900177002
v 0.0195079498291 -0.00667467927933 0.0356900177002
v 0.0193413619995 -0.00671640825272 0.0356900177002
v 0.0191714859009 -0.00674160718918 0.0356900177002
v 0.0189999542236 -0.00675003385544 0.0356900177002
v 0.0188284225464 -0.00674160718918 0.0356900177002
v 0.0186585464478 -0.00671640825272 0.0356900177002
v 0.0184919586182 -0.00667467927933 0.0356900177002
v 0.0183302574158 -0.00661682271957 0.0356900177002
v 0.0181750106812 -0.00654339599609 0.0356900177002
v 0.0180277061462 -0.00645510578156 0.0356900177002
v 0.0178897666931 -0.00635280227661 0.0356900177002
v 0.0177625198364 -0.00623747062683 0.0356900177002
v 0.0176471862793 -0.00611022233963 0.0356900177002
v 0.017544883728 -0.00597228193283 0.0356900177002
v 0.0174565925598 -0.00582497835159 0.0356900177002
v 0.0173831634521 -0.00566972970963 0.0356900177002
v 0.0173253097534 -0.00550803184509 0.0356900177002
v 0.01728358078 -0.00534144210815 0.0356900177002
v 0.0172583808899 -0.00517156362534 0.0356900177002
v 0.0172499542236 -0.00500003385544 0.0356900177002
v 0.0172583808899 -0.00482850408554 0.0356900177002
v 0.01728358078 -0.00465862560272 0.0356900177002
v 0.0173253097534 -0.00449203586578 0.0356900177002
v 0.0173831634521 -0.00433033800125 0.0356900177002
v 0.0174565925598 -0.00417508935928 0.0356900177002
v 0.017544883728 -0.00402778577805 0.0356900177002
v 0.0176471862793 -0.00388984513283 0.0356900177002
v 0.0177625198364 -0.00376259684563 0.0356900177002
v 0.0178897666931 -0.00364726519585 0.0356900177002
v 0.0180277061462 -0.0035449616909 0.0356900177002
v 0.0181750106812 -0.00345667147636 0.0356900177002
v 0.0183302574158 -0.00338324451447 0.0356900177002
v 0.0184919586182 -0.00332538795471 0.0356900177002
v 0.0186585464478 -0.00328365945816 0.0356900177002
v 0.0188284225464 -0.00325846028328 0.0356900177002
v 0.0162766799927 -0.0289867782593 0.0389900169373
v 0.0163207015991 -0.0291098155975 0.0389900169373
v 0.0164423828125 -0.0293670845032 0.0389900169373
v 0.0165886917114 -0.0296111888885 0.0389900169373
v 0.0167582244873 -0.0298397750854 0.0389900169373
v 0.017077255249 -0.0301665725708 0.0389900169373
v 0.016949344635 -0.0300506439209 0.0389900169373
v 0.0161556777954 -0.0285657958984 0.0389900169373
v 0.0161237258911 -0.0283503952026 0.0389900169373
v 0.0162248268127 -0.0288418598175 0.0389900169373
v 0.0173888015747 -0.0304112968445 0.0389900169373
v 0.0176550712585 -0.0305680904388 0.0389900169373
v 0.0176329040527 -0.0305576057434 0.0389900169373
v 0.0171602134705 -0.0302417640686 0.0389900169373
v 0.0160999526978 -0.0280000343323 0.0389900169373
v 0.0161139183044 -0.0282842845917 0.0389900169373
v 0.0161043930054 -0.0279097003937 0.0389900169373
v 0.0181054153442 -0.0307562999725 0.0389900169373
v 0.0178901748657 -0.0306792850494 0.0389900169373
v 0.0161392288208 -0.0275451545715 0.0389900169373
v 0.0161139183044 -0.0277157840729 0.0389900169373
v 0.0185089111328 -0.0308553943634 0.0389900169373
v 0.0181581268311 -0.0307751617432 0.0389900169373
v 0.0184341926575 -0.0308443107605 0.0389900169373
v 0.0161556777954 -0.0274342727661 0.0389900169373
v 0.0162078132629 -0.0272261295319 0.0389900169373
v 0.0187157058716 -0.0308860702515 0.0389900169373
v 0.0188827133179 -0.0308942737579 0.0389900169373
v 0.0163024902344 -0.0269411506653 0.0389900169373
v 0.0192353973389 -0.0308884677887 0.0389900169373
v 0.0189999542236 -0.0309000339508 0.0389900169373
v 0.0162248268127 -0.027158208847 0.0389900169373
v 0.0163207015991 -0.026890253067 0.0389900169373
v 0.0164185676575 -0.0266833362579 0.0389900169373
v 0.019568687439 -0.0308435649872 0.0389900169373
v 0.0195657196045 -0.0308443107605 0.0389900169373
v 0.0192842025757 -0.0308860702515 0.0389900169373
v 0.0164423828125 -0.0266329841614 0.0389900169373
v 0.0165530281067 -0.0264483833313 0.0389900169373
v 0.0198813476563 -0.0307610034943 0.0389900169373
v 0.0198417816162 -0.0307751617432 0.0389900169373
v 0.0167038955688 -0.0262335472107 0.0389900169373
v 0.0165886917114 -0.026388879776 0.0389900169373
v 0.0201764297485 -0.0306477394104 0.0389900169373
v 0.0201097335815 -0.0306792850494 0.0389900169373
v 0.0168698806763 -0.0260371017456 0.0389900169373
v 0.0167582244873 -0.0261602935791 0.0389900169373
v 0.0204533996582 -0.0305058231354 0.0389900169373
v 0.0203670043945 -0.0305576057434 0.0389900169373
v 0.0170501899719 -0.0258580226898 0.0389900169373
v 0.016949344635 -0.0259494247437 0.0389900169373
v 0.0207114105225 -0.0303369045258 0.0389900169373
v 0.0206111068726 -0.0304112968445 0.0389900169373
v 0.0171602134705 -0.0257583045959 0.0389900169373
v 0.0172444458008 -0.0256958312988 0.0389900169373
v 0.0209494171143 -0.0301423206329 0.0389900169373
v 0.0208396911621 -0.0302417640686 0.0389900169373
v 0.0174526367188 -0.0255505104065 0.0389900169373
v 0.0173888015747 -0.0255887718201 0.0389900169373
v 0.0211661224365 -0.0299231433868 0.0389900169373
v 0.021050567627 -0.0300506439209 0.0389900169373
v 0.0176751251221 -0.0254224948883 0.0389900169373
v 0.0176329040527 -0.0254424629211 0.0389900169373
v 0.0213600463867 -0.0296801834106 0.0389900169373
v 0.02124168396 -0.0298397750854 0.0389900169373
v 0.017912727356 -0.025312713623 0.0389900169373
v 0.0178901748657 -0.0253207836151 0.0389900169373
v 0.0215294189453 -0.029413974762 0.0389900169373
v 0.0214112167358 -0.0296111888885 0.0389900169373
v 0.0181668663025 -0.0252227191925 0.0389900169373
v 0.0181581268311 -0.0252249069214 0.0389900169373
v 0.0215575256348 -0.0293670845032 0.0389900169373
v 0.0216721725464 -0.0291246910095 0.0389900169373
v 0.0184341926575 -0.0251557579041 0.0389900169373
v 0.0184398117065 -0.0251549243927 0.0389900169373
v 0.0216792068481 -0.0291098155975 0.0389900169373
v 0.0217832336426 -0.0288093147278 0.0389900169373
v 0.0217750854492 -0.0288418598175 0.0389900169373
v 0.0218442306519 -0.0285657958984 0.0389900169373
v 0.0187157058716 -0.0251139984131 0.0389900169373
v 0.0218589477539 -0.0284665737152 0.0389900169373
v 0.0187351531982 -0.0251130428314 0.0389900169373
v 0.0189999542236 -0.0251000347137 0.0389900169373
v 0.0190586929321 -0.0251029205322 0.0389900169373
v 0.0218859863281 -0.0282842845917 0.0389900169373
v 0.0218952941895 -0.0280949325562 0.0389900169373
v 0.0194201583862 -0.0251341648102 0.0389900169373
v 0.0192842025757 -0.0251139984131 0.0389900169373
v 0.0218999557495 -0.0280000343323 0.0389900169373
v 0.0218859863281 -0.0277157840729 0.0389900169373
v 0.0218815841675 -0.0276860866547 0.0389900169373
v 0.0195657196045 -0.0251557579041 0.0389900169373
v 0.0198369903564 -0.0252237071991 0.0389900169373
v 0.0217890014648 -0.0272137699127 0.0389900169373
v 0.0218442306519 -0.0274342727661 0.0389900169373
v 0.0198417816162 -0.0252249069214 0.0389900169373
v 0.0204027862549 -0.0254639091492 0.0389900169373
v 0.0203670043945 -0.0254424629211 0.0389900169373
v 0.0201097335815 -0.0253207836151 0.0389900169373
v 0.0215575256348 -0.0266329841614 0.0389900169373
v 0.0217750854492 -0.027158208847 0.0389900169373
v 0.0216792068481 -0.026890253067 0.0389900169373
v 0.0215411758423 -0.0266057090759 0.0389900169373
v 0.0208396911621 -0.0257583045959 0.0389900169373
v 0.0206111068726 -0.0255887718201 0.0389900169373
v 0.02124168396 -0.0261602935791 0.0389900169373
v 0.0214112167358 -0.026388879776 0.0389900169373
v 0.021050567627 -0.0259494247437 0.0389900169373
v 0.0189999542236 -0.0262500343323 0.0356900177002
v 0.0191714859009 -0.0262584609985 0.0356900177002
v 0.0193413619995 -0.0262836608887 0.0356900177002
v 0.0195079498291 -0.0263253879547 0.0356900177002
v 0.0196696472168 -0.0263832454681 0.0356900177002
v 0.0198248977661 -0.0264566726685 0.0356900177002
v 0.0199721984863 -0.0265449619293 0.0356900177002
v 0.0201101379395 -0.0266472663879 0.0356900177002
v 0.0202373886108 -0.0267625980377 0.0356900177002
v 0.020352722168 -0.0268898468018 0.0356900177002
v 0.0204550247192 -0.0270277862549 0.0356900177002
v 0.0205433197021 -0.0271750907898 0.0356900177002
v 0.0206167449951 -0.0273303375244 0.0356900177002
v 0.0206745986938 -0.0274920368195 0.0356900177002
v 0.0207163238525 -0.0276586265564 0.0356900177002
v 0.0207415313721 -0.0278285045624 0.0356900177002
v 0.0207499542236 -0.0280000343323 0.0356900177002
v 0.0207415313721 -0.0281715641022 0.0356900177002
v 0.0207163238525 -0.0283414421082 0.0356900177002
v 0.0206745986938 -0.0285080318451 0.0356900177002
v 0.0206167449951 -0.0286697311401 0.0356900177002
v 0.0205433197021 -0.0288249778748 0.0356900177002
v 0.0204550247192 -0.0289722824097 0.0356900177002
v 0.020352722168 -0.0291102218628 0.0356900177002
v 0.0202373886108 -0.0292374706268 0.0356900177002
v 0.0201101379395 -0.0293528022766 0.0356900177002
v 0.0199721984863 -0.0294551067352 0.0356900177002
v 0.0198248977661 -0.0295433959961 0.0356900177002
v 0.0196696472168 -0.0296168231964 0.0356900177002
v 0.0195079498291 -0.0296746807098 0.0356900177002
v 0.0193413619995 -0.0297164077759 0.0356900177002
v 0.0191714859009 -0.029741607666 0.0356900177002
v 0.0189999542236 -0.0297500343323 0.0356900177002
v 0.0188284225464 -0.029741607666 0.0356900177002
v 0.0186585464478 -0.0297164077759 0.0356900177002
v 0.0184919586182 -0.0296746807098 0.0356900177002
v 0.0183302574158 -0.0296168231964 0.0356900177002
v 0.0181750106812 -0.0295433959961 0.0356900177002
v 0.0180277061462 -0.0294551067352 0.0356900177002
v 0.0178897666931 -0.0293528022766 0.0356900177002
v 0.0177625198364 -0.0292374706268 0.0356900177002
v 0.0176471862793 -0.0291102218628 0.0356900177002
v 0.017544883728 -0.0289722824097 0.0356900177002
v 0.0174565925598 -0.0288249778748 0.0356900177002
v 0.0173831634521 -0.0286697311401 0.0356900177002
v 0.0173253097534 -0.0285080318451 0.0356900177002
v 0.01728358078 -0.0283414421082 0.0356900177002
v 0.0172583808899 -0.0281715641022 0.0356900177002
v 0.0172499542236 -0.0280000343323 0.0356900177002
v 0.0172583808899 -0.0278285045624 0.0356900177002
v 0.01728358078 -0.0276586265564 0.0356900177002
v 0.0173253097534 -0.0274920368195 0.0356900177002
v 0.0173831634521 -0.0273303375244 0.0356900177002
v 0.0174565925598 -0.0271750907898 0.0356900177002
v 0.017544883728 -0.0270277862549 0.0356900177002
v 0.0176471862793 -0.0268898468018 0.0356900177002
v 0.0177625198364 -0.0267625980377 0.0356900177002
v 0.0178897666931 -0.0266472663879 0.0356900177002
v 0.0180277061462 -0.0265449619293 0.0356900177002
v 0.0181750106812 -0.0264566726685 0.0356900177002
v 0.0183302574158 -0.0263832454681 0.0356900177002
v 0.0184919586182 -0.0263253879547 0.0356900177002
v 0.0186585464478 -0.0262836608887 0.0356900177002
v 0.0188284225464 -0.0262584609985 0.0356900177002
v 0.00829089736938 -0.00500003385544 0.0150100135803
v 0.0077865447998 -0.00587359619141 0.0150100135803
v 0.00753008270264 -0.00368226885796 0.0150100135803
v 0.00190119171143 -0.00466732501984 0.0150100135803
v 0.00170910263062 -0.00500003385544 0.0150100135803
v 0.00335455322266 -0.00785003376007 0.0150100135803
v 0.00664544677734 -0.00785003376007 0.0150100135803
v 0.00207317352295 -0.00436944293976 0.0150100135803
v 0.00705241775513 -0.00285492348671 0.0150100135803
v 0.00664544677734 -0.00215003371239 0.0150100135803
v 0.00335455322266 -0.00215003371239 0.0150100135803
v 0.005 -0.00325003361702 0.0178100128174
v 0.00517153167725 -0.00325846028328 0.0178100128174
v 0.00534140777588 -0.00328365945816 0.0178100128174
v 0.00550799942017 -0.00332538795471 0.0178100128174
v 0.00566969680786 -0.00338324451447 0.0178100128174
v 0.00582494354248 -0.00345667147636 0.0178100128174
v 0.00597224807739 -0.0035449616909 0.0178100128174
v 0.00611018753052 -0.00364726519585 0.0178100128174
v 0.0062374382019 -0.00376259684563 0.0178100128174
v 0.00635276794434 -0.00388984513283 0.0178100128174
v 0.00645507049561 -0.00402778577805 0.0178100128174
v 0.00654336166382 -0.00417508935928 0.0178100128174
v 0.00661679077148 -0.00433033800125 0.0178100128174
v 0.00667464447021 -0.00449203586578 0.0178100128174
v 0.0067163734436 -0.00465862560272 0.0178100128174
v 0.00674157333374 -0.00482850408554 0.0178100128174
v 0.00675 -0.00500003385544 0.0178100128174
v 0.00674157333374 -0.00517156362534 0.0178100128174
v 0.0067163734436 -0.00534144210815 0.0178100128174
v 0.00667464447021 -0.00550803184509 0.0178100128174
v 0.00661679077148 -0.00566972970963 0.0178100128174
v 0.00654336166382 -0.00582497835159 0.0178100128174
v 0.00645507049561 -0.00597228193283 0.0178100128174
v 0.00635276794434 -0.00611022233963 0.0178100128174
v 0.0062374382019 -0.00623747062683 0.0178100128174
v 0.00611018753052 -0.00635280227661 0.0178100128174
v 0.00597224807739 -0.00645510578156 0.0178100128174
v 0.00582494354248 -0.00654339599609 0.0178100128174
v 0.00566969680786 -0.00661682271957 0.0178100128174
v 0.00550799942017 -0.00667467927933 0.0178100128174
v 0.00534140777588 -0.00671640825272 0.0178100128174
v 0.00517153167725 -0.00674160718918 0.0178100128174
v 0.005 -0.00675003385544 0.0178100128174
v 0.00482846832275 -0.00674160718918 0.0178100128174
v 0.00465859222412 -0.00671640825272 0.0178100128174
v 0.00449200057983 -0.00667467927933 0.0178100128174
v 0.00433030319214 -0.00661682271957 0.0178100128174
v 0.00417505645752 -0.00654339599609 0.0178100128174
v 0.00402775192261 -0.00645510578156 0.0178100128174
v 0.00388981246948 -0.00635280227661 0.0178100128174
v 0.0037625617981 -0.00623747062683 0.0178100128174
v 0.00364723205566 -0.00611022233963 0.0178100128174
v 0.00354492950439 -0.00597228193283 0.0178100128174
v 0.00345663833618 -0.00582497835159 0.0178100128174
v 0.00338320922852 -0.00566972970963 0.0178100128174
v 0.00332535552979 -0.00550803184509 0.0178100128174
v 0.0032836265564 -0.00534144210815 0.0178100128174
v 0.00325842666626 -0.00517156362534 0.0178100128174
v 0.00325 -0.00500003385544 0.0178100128174
v 0.00325842666626 -0.00482850408554 0.0178100128174
v 0.0032836265564 -0.00465862560272 0.0178100128174
v 0.00332535552979 -0.00449203586578 0.0178100128174
v 0.00338320922852 -0.00433033800125 0.0178100128174
v 0.00345663833618 -0.00417508935928 0.0178100128174
v 0.00354492950439 -0.00402778577805 0.0178100128174
v 0.00364723205566 -0.00388984513283 0.0178100128174
v 0.0037625617981 -0.00376259684563 0.0178100128174
v 0.00388981246948 -0.00364726519585 0.0178100128174
v 0.00402775192261 -0.0035449616909 0.0178100128174
v 0.00417505645752 -0.00345667147636 0.0178100128174
v 0.00433030319214 -0.00338324451447 0.0178100128174
v 0.00449200057983 -0.00332538795471 0.0178100128174
v 0.00465859222412 -0.00328365945816 0.0178100128174
v 0.00482846832275 -0.00325846028328 0.0178100128174
v 0.015867603302 -0.00527464485168 0.0150100135803
v 0.0173545074463 -0.00215003371239 0.0150100135803
v 0.0157090568542 -0.00500003385544 0.0150100135803
v 0.0212238235474 -0.00315188694 0.0150100135803
v 0.020645401001 -0.00215003371239 0.0150100135803
v 0.0173545074463 -0.00785003376007 0.0150100135803
v 0.0222908477783 -0.00500003385544 0.0150100135803
v 0.020645401001 -0.00785003376007 0.0150100135803
v 0.0189999542236 -0.00325003361702 0.0178100128174
v 0.0191714859009 -0.00325846028328 0.0178100128174
v 0.0193413619995 -0.00328365945816 0.0178100128174
v 0.0195079498291 -0.00332538795471 0.0178100128174
v 0.0196696472168 -0.00338324451447 0.0178100128174
v 0.0198248977661 -0.00345667147636 0.0178100128174
v 0.0199721984863 -0.0035449616909 0.0178100128174
v 0.0201101379395 -0.00364726519585 0.0178100128174
v 0.0202373886108 -0.00376259684563 0.0178100128174
v 0.020352722168 -0.00388984513283 0.0178100128174
v 0.0204550247192 -0.00402778577805 0.0178100128174
v 0.0205433197021 -0.00417508935928 0.0178100128174
v 0.0206167449951 -0.00433033800125 0.0178100128174
v 0.0206745986938 -0.00449203586578 0.0178100128174
v 0.0207163238525 -0.00465862560272 0.0178100128174
v 0.0207415313721 -0.00482850408554 0.0178100128174
v 0.0207499542236 -0.00500003385544 0.0178100128174
v 0.0207415313721 -0.00517156362534 0.0178100128174
v 0.0207163238525 -0.00534144210815 0.0178100128174
v 0.0206745986938 -0.00550803184509 0.0178100128174
v 0.0206167449951 -0.00566972970963 0.0178100128174
v 0.0205433197021 -0.00582497835159 0.0178100128174
v 0.0204550247192 -0.00597228193283 0.0178100128174
v 0.020352722168 -0.00611022233963 0.0178100128174
v 0.0202373886108 -0.00623747062683 0.0178100128174
v 0.0201101379395 -0.00635280227661 0.0178100128174
v 0.0199721984863 -0.00645510578156 0.0178100128174
v 0.0198248977661 -0.00654339599609 0.0178100128174
v 0.0196696472168 -0.00661682271957 0.0178100128174
v 0.0195079498291 -0.00667467927933 0.0178100128174
v 0.0193413619995 -0.00671640825272 0.0178100128174
v 0.0191714859009 -0.00674160718918 0.0178100128174
v 0.0189999542236 -0.00675003385544 0.0178100128174
v 0.0188284225464 -0.00674160718918 0.0178100128174
v 0.0186585464478 -0.00671640825272 0.0178100128174
v 0.0184919586182 -0.00667467927933 0.0178100128174
v 0.0183302574158 -0.00661682271957 0.0178100128174
v 0.0181750106812 -0.00654339599609 0.0178100128174
v 0.0180277061462 -0.00645510578156 0.0178100128174
v 0.0178897666931 -0.00635280227661 0.0178100128174
v 0.0177625198364 -0.00623747062683 0.0178100128174
v 0.0176471862793 -0.00611022233963 0.0178100128174
v 0.017544883728 -0.00597228193283 0.0178100128174
v 0.0174565925598 -0.00582497835159 0.0178100128174
v 0.0173831634521 -0.00566972970963 0.0178100128174
v 0.0173253097534 -0.00550803184509 0.0178100128174
v 0.01728358078 -0.00534144210815 0.0178100128174
v 0.0172583808899 -0.00517156362534 0.0178100128174
v 0.0172499542236 -0.00500003385544 0.0178100128174
v 0.0172583808899 -0.00482850408554 0.0178100128174
v 0.01728358078 -0.00465862560272 0.0178100128174
v 0.0173253097534 -0.00449203586578 0.0178100128174
v 0.0173831634521 -0.00433033800125 0.0178100128174
v 0.0174565925598 -0.00417508935928 0.0178100128174
v 0.017544883728 -0.00402778577805 0.0178100128174
v 0.0176471862793 -0.00388984513283 0.0178100128174
v 0.0177625198364 -0.00376259684563 0.0178100128174
v 0.0178897666931 -0.00364726519585 0.0178100128174
v 0.0180277061462 -0.0035449616909 0.0178100128174
v 0.0181750106812 -0.00345667147636 0.0178100128174
v 0.0183302574158 -0.00338324451447 0.0178100128174
v 0.0184919586182 -0.00332538795471 0.0178100128174
v 0.0186585464478 -0.00328365945816 0.0178100128174
v 0.0188284225464 -0.00325846028328 0.0178100128174
v 0.0162905883789 -0.0290072727203 0.0150100135803
v 0.0175410308838 -0.0308500347137 0.0150100135803
v 0.0173545074463 -0.0308500347137 0.0150100135803
v 0.0157090568542 -0.0280000343323 0.0150100135803
v 0.0157877197266 -0.0278637905121 0.0150100135803
v 0.0178497581482 -0.0308500347137 0.0150100135803
v 0.0159159698486 -0.0276416530609 0.0150100135803
v 0.0181713066101 -0.0308500347137 0.0150100135803
v 0.0160464859009 -0.0274155960083 0.0150100135803
v 0.0185050735474 -0.0308500347137 0.0150100135803
v 0.0161788253784 -0.0271863746643 0.0150100135803
v 0.0188504562378 -0.0308500347137 0.0150100135803
v 0.0192068328857 -0.0308500347137 0.0150100135803
v 0.0163125724792 -0.0269547176361 0.0150100135803
v 0.0164473266602 -0.0267213153839 0.0150100135803
v 0.0195735855103 -0.0308500347137 0.0150100135803
v 0.0165827026367 -0.0264868354797 0.0150100135803
v 0.0199500579834 -0.0308500347137 0.0150100135803
v 0.0167183380127 -0.0262519073486 0.0150100135803
v 0.0203355712891 -0.0308500347137 0.0150100135803
v 0.0168538780212 -0.0260171489716 0.0150100135803
v 0.0206805725098 -0.0307891159058 0.0150100135803
v 0.020645401001 -0.0308500347137 0.0150100135803
v 0.0169889793396 -0.0257831439972 0.0150100135803
v 0.0208463516235 -0.0305019779205 0.0150100135803
v 0.0171233215332 -0.0255504608154 0.0150100135803
v 0.0210111923218 -0.0302164649963 0.0150100135803
v 0.0172565765381 -0.0253196525574 0.0150100135803
v 0.0211747131348 -0.0299332504272 0.0150100135803
v 0.0173545074463 -0.0251500339508 0.0150100135803
v 0.0174393157959 -0.0251500339508 0.0150100135803
v 0.021336517334 -0.0296529941559 0.0150100135803
v 0.0177692680359 -0.0251500339508 0.0150100135803
v 0.0214962387085 -0.0293763446808 0.0150100135803
v 0.0181015701294 -0.0251500339508 0.0150100135803
v 0.0216535186768 -0.0291039276123 0.0150100135803
v 0.0184353408813 -0.0251500339508 0.0150100135803
v 0.0218079910278 -0.0288363742828 0.0150100135803
v 0.0187696113586 -0.0251500339508 0.0150100135803
v 0.0219592971802 -0.0285743026733 0.0150100135803
v 0.0191033554077 -0.0251500339508 0.0150100135803
v 0.0221070861816 -0.0283183288574 0.0150100135803
v 0.0194354629517 -0.0251500339508 0.0150100135803
v 0.0222509918213 -0.0280690746307 0.0150100135803
v 0.0219054412842 -0.0273324775696 0.0150100135803
v 0.0197647247314 -0.0251500339508 0.0150100135803
v 0.0222908477783 -0.0280000343323 0.0150100135803
v 0.02008984375 -0.0251500339508 0.0150100135803
v 0.0214097061157 -0.0264738407135 0.0150100135803
v 0.0204094467163 -0.0251500339508 0.0150100135803
v 0.0209581985474 -0.0256918067932 0.0150100135803
v 0.020645401001 -0.0251500339508 0.0150100135803
v 0.0189999542236 -0.0262500343323 0.0178100128174
v 0.0191714859009 -0.0262584609985 0.0178100128174
v 0.0193413619995 -0.0262836608887 0.0178100128174
v 0.0195079498291 -0.0263253879547 0.0178100128174
v 0.0196696472168 -0.0263832454681 0.0178100128174
v 0.0198248977661 -0.0264566726685 0.0178100128174
v 0.0199721984863 -0.0265449619293 0.0178100128174
v 0.0201101379395 -0.0266472663879 0.0178100128174
v 0.0202373886108 -0.0267625980377 0.0178100128174
v 0.020352722168 -0.0268898468018 0.0178100128174
v 0.0204550247192 -0.0270277862549 0.0178100128174
v 0.0205433197021 -0.0271750907898 0.0178100128174
v 0.0206167449951 -0.0273303375244 0.0178100128174
v 0.0206745986938 -0.0274920368195 0.0178100128174
v 0.0207163238525 -0.0276586265564 0.0178100128174
v 0.0207415313721 -0.0278285045624 0.0178100128174
v 0.0207499542236 -0.0280000343323 0.0178100128174
v 0.0207415313721 -0.0281715641022 0.0178100128174
v 0.0207163238525 -0.0283414421082 0.0178100128174
v 0.0206745986938 -0.0285080318451 0.0178100128174
v 0.0206167449951 -0.0286697311401 0.0178100128174
v 0.0205433197021 -0.0288249778748 0.0178100128174
v 0.0204550247192 -0.0289722824097 0.0178100128174
v 0.020352722168 -0.0291102218628 0.0178100128174
v 0.0202373886108 -0.0292374706268 0.0178100128174
v 0.0201101379395 -0.0293528022766 0.0178100128174
v 0.0199721984863 -0.0294551067352 0.0178100128174
v 0.0198248977661 -0.0295433959961 0.0178100128174
v 0.0196696472168 -0.0296168231964 0.0178100128174
v 0.0195079498291 -0.0296746807098 0.0178100128174
v 0.0193413619995 -0.0297164077759 0.0178100128174
v 0.0191714859009 -0.029741607666 0.0178100128174
v 0.0189999542236 -0.0297500343323 0.0178100128174
v 0.0188284225464 -0.029741607666 0.0178100128174
v 0.0186585464478 -0.0297164077759 0.0178100128174
v 0.0184919586182 -0.0296746807098 0.0178100128174
v 0.0183302574158 -0.0296168231964 0.0178100128174
v 0.0181750106812 -0.0295433959961 0.0178100128174
v 0.0180277061462 -0.0294551067352 0.0178100128174
v 0.0178897666931 -0.0293528022766 0.0178100128174
v 0.0177625198364 -0.0292374706268 0.0178100128174
v 0.0176471862793 -0.0291102218628 0.0178100128174
v 0.017544883728 -0.0289722824097 0.0178100128174
v 0.0174565925598 -0.0288249778748 0.0178100128174
v 0.0173831634521 -0.0286697311401 0.0178100128174
v 0.0173253097534 -0.0285080318451 0.0178100128174
v 0.01728358078 -0.0283414421082 0.0178100128174
v 0.0172583808899 -0.0281715641022 0.0178100128174
v 0.0172499542236 -0.0280000343323 0.0178100128174
v 0.0172583808899 -0.0278285045624 0.0178100128174
v 0.01728358078 -0.0276586265564 0.0178100128174
v 0.0173253097534 -0.0274920368195 0.0178100128174
v 0.0173831634521 -0.0273303375244 0.0178100128174
v 0.0174565925598 -0.0271750907898 0.0178100128174
v 0.017544883728 -0.0270277862549 0.0178100128174
v 0.0176471862793 -0.0268898468018 0.0178100128174
v 0.0177625198364 -0.0267625980377 0.0178100128174
v 0.0178897666931 -0.0266472663879 0.0178100128174
v 0.0180277061462 -0.0265449619293 0.0178100128174
v 0.0181750106812 -0.0264566726685 0.0178100128174
v 0.0183302574158 -0.0263832454681 0.0178100128174
v 0.0184919586182 -0.0263253879547 0.0178100128174
v 0.0186585464478 -0.0262836608887 0.0178100128174
v 0.0188284225464 -0.0262584609985 0.0178100128174
v 0.017424659729 0.000299966335297 0.0150100135803
v 0.024 0.000299966335297 0.0150100135803
v 0.024 0.00141181814671 0.0150100135803
v 0 0.000299966335297 0.0150100135803
v 0.024 0.0022999663353 0.0270000114441
v 0.017424659729 0.000299966335297 0.0389900169373
v 0.024 0.000299966335297 0.0389900169373
v 0 0.000299966335297 0.0389900169373
v 0 0.0014118180275 0.0389900169373
v 0 0.000299966335297 0.0152100162506
v 0.024 0.00170811450481 0.0190100135803
v 0.024 0.00168560767174 0.0187061710358
v 0.024 0.00153438198566 0.0166646251678
v 0.024 0.00207851433754 0.0240104103088
v 0.024 0.00142663311958 0.0152100152969
v 0 0.0017081143856 0.0349900169373
v 0 0.00161117315292 0.0362987251282
v 0 0.00142663288116 0.0387900161743
v 0 0.0042999663353 0.0150100135803
v 0.00451711273193 0.0106499662399 0.015010011673
v 0.0178318519592 0.00593195533752 0.0150100126266
v 0.0178318519592 0.0106499662399 0.0211730213165
v 0.017083480835 0.0106499662399 0.0219207687378
v 0.024 0.00897496700287 0.015010011673
v 0.024 0.00597496604919 0.0150100126266
v 0.024 0.00597496604919 0.0160100135803
v 0.024 0.00897496700287 0.0160100135803
v 0 0.00897496700287 0.015010011673
v 0.0178318519592 0.00597496604919 0.0150100126266
v 0.01766929245 0.00597496604919 0.0150100126266
v 0.0159770736694 0.00597496604919 0.0150100126266
v 0 0.00597496604919 0.0150100126266
v -0.0575663719177 0.00597496604919 0.0150100126266
v -0.0575663719177 0.00897496700287 0.0150100126266
v -0.0575663719177 0.00597496604919 0.0160100135803
v -0.0575663719177 0.00897496700287 0.0160100135803
v -0.0575663719177 0.00597496604919 0.025010011673
v -0.0575663719177 0.00597496604919 0.0240100135803
v -0.0575663719177 0.00897496700287 0.0240100135803
v 0.024 0.00597496604919 0.0379900169373
v 0.024 0.00597496604919 0.0389900169373
v 0.024 0.00897496700287 0.0379900169373
v 0.024 0.00897496700287 0.0389900169373
v 0 0.00597496604919 0.0389900169373
v 0 0.00897496700287 0.0389900169373
v 0.0052654838562 0.0106499662399 0.015010011673
v 0 0.0106499662399 0.0329900169373
v 0.024 0.0106499662399 0.0329900169373
v 0.00601385498047 0.0106499662399 0.015010011673
v 0 0.00898496627808 0.0250100135803
v 0 0.00897496700287 0.0250100135803
v 0 0.00596496629715 0.0250100135803
v 0 0.00597496604919 0.0250100135803
v -0.0575663719177 0.00897496700287 0.025010011673
v -0.0575663719177 0.00897496700287 0.0240000133514
v -0.0575663719177 0.00897121715546 0.0240000133514
v -0.0575663719177 0.00897274875641 0.0240040988922
v -0.0575663719177 0.00897496700287 0.0240033569336
v 0 0.0566249656677 0.0329933624268
v 0.024 0.0566174659729 0.0340000152588
v 0.024 0.0566283149719 0.0340000152588
v 0 0.0536249656677 0.0340000152588
v 0 0.0536324653625 0.0340000152588
v 0.024 0.0536149673462 0.0329914131165
v 0.024 0.0536179122925 0.0329910011292
v 0.024 0.0566209754944 0.0339953384399
v 0.024 0.0566274757385 0.0339975128174
v 0 0.0566258201599 0.0329930763245
v 0 0.0536249656677 0.0339966697693
v 0 0.0536289558411 0.0339953384399
f 71 134 109
f 508 511 514
f 71 186 134
f 508 514 516
f 71 196 186
f 508 516 518
f 71 221 196
f 508 518 519
f 71 252 221
f 508 519 521
f 71 291 252
f 508 521 523
f 71 304 291
f 508 523 525
f 71 312 304
f 508 525 527
f 71 320 312
f 508 527 529
f 71 326 320
f 508 529 531
f 71 337 326
f 508 531 533
f 71 341 337
f 508 533 535
f 71 347 341
f 508 535 538
f 71 353 347
f 508 538 539
f 71 357 353
f 508 539 541
f 71 366 357
f 508 541 544
f 71 375 366
f 508 544 546
f 71 382 375
f 508 546 548
f 71 386 382
f 508 548 550
f 71 393 386
f 508 550 552
f 71 397 393
f 508 552 554
f 71 402 397
f 508 554 555
f 71 406 402
f 508 555 557
f 1644 1643 408
f 71 1642 1644
f 1644 408 406
f 1644 406 71
f 508 557 559
f 1647 416 408
f 1647 408 1643
f 1645 1642 71
f 1645 71 1646
f 508 559 561
f 71 1648 1646
f 416 1647 1649
f 416 1649 418
f 508 561 564
f 71 1650 1648
f 418 1649 1651
f 418 1651 425
f 508 564 566
f 71 1652 1650
f 425 1651 1653
f 425 1653 429
f 508 566 568
f 1654 431 429
f 1654 429 1653
f 71 1655 1652
f 886 884 508
f 568 569 893
f 568 893 894
f 885 886 508
f 887 885 508
f 568 894 892
f 568 892 895
f 888 887 508
f 889 888 508
f 568 895 891
f 568 891 890
f 889 508 568
f 568 890 889
f 71 1656 1655
f 1657 435 431
f 1657 431 1654
f 899 898 508
f 508 884 897
f 896 899 508
f 508 897 896
f 900 893 569
f 569 571 901
f 569 901 902
f 903 900 569
f 569 902 903
f 71 1658 1656
f 1659 441 435
f 1659 435 1657
f 905 904 508
f 508 898 906
f 905 508 906
f 907 901 571
f 571 574 908
f 909 907 571
f 571 908 909
f 71 1660 1658
f 1661 444 441
f 1661 441 1659
f 911 508 910
f 508 904 910
f 912 908 574
f 574 576 913
f 914 912 574
f 574 913 914
f 71 1662 1660
f 1664 1663 449
f 449 444 1661
f 1664 449 1661
f 917 916 508
f 508 911 915
f 917 508 915
f 918 913 576
f 576 578 919
f 920 918 576
f 576 919 920
f 71 1665 1662
f 1666 454 449
f 1666 449 1663
f 922 923 508
f 508 916 921
f 922 508 921
f 924 919 578
f 578 580 925
f 926 924 578
f 578 925 926
f 71 1667 1665
f 1668 456 454
f 1668 454 1666
f 927 508 928
f 508 923 928
f 930 925 580
f 580 581 929
f 930 580 929
f 71 1669 1667
f 1670 459 456
f 1670 456 1668
f 933 932 508
f 508 927 931
f 933 508 931
f 934 929 581
f 581 583 935
f 936 934 581
f 581 935 936
f 71 1672 1671
f 71 1671 1669
f 1673 462 459
f 1673 459 1670
f 938 508 937
f 508 932 937
f 939 935 583
f 583 585 940
f 941 939 583
f 583 940 941
f 71 1674 1672
f 1675 465 462
f 1675 462 1673
f 944 943 508
f 508 938 942
f 944 508 942
f 945 940 585
f 585 587 946
f 947 945 585
f 585 946 947
f 71 1676 1674
f 1677 468 465
f 1677 465 1675
f 950 949 508
f 508 943 948
f 950 508 948
f 951 946 587
f 587 589 952
f 953 951 587
f 587 952 953
f 71 1678 1676
f 1679 471 468
f 1679 468 1677
f 957 956 508
f 508 949 954
f 958 957 508
f 508 954 958
f 960 952 589
f 589 591 955
f 589 955 961
f 959 960 589
f 589 961 959
f 71 1680 1678
f 475 471 1679
f 475 1679 1681
f 969 955 591
f 508 956 962
f 508 962 963
f 969 591 593
f 970 969 593
f 508 963 964
f 508 964 966
f 967 970 593
f 968 967 593
f 508 966 965
f 971 968 593
f 593 508 965
f 593 965 971
f 71 1682 1680
f 1683 476 475
f 1683 475 1681
f 508 593 595
f 71 1684 1682
f 1685 481 476
f 1685 476 1683
f 508 595 598
f 71 1687 1684
f 1688 1686 482
f 482 481 1685
f 1688 482 1685
f 508 598 599
f 71 1689 1687
f 1690 487 482
f 1690 482 1686
f 508 599 600
f 71 1691 1689
f 1692 490 487
f 1692 487 1690
f 508 600 601
f 1693 1691 71
f 491 490 1692
f 1693 71 491
f 1693 491 1692
f 508 601 602
f 71 496 491
f 508 602 603
f 1572 1570 1496
f 1572 1496 1495
f 1571 1572 1495
f 498 1573 1574
f 1571 1495 1497
f 498 1574 1571
f 1497 498 1571
f 1576 1573 498
f 71 1498 1499
f 71 1499 1500
f 1576 498 496
f 1577 1576 496
f 496 71 1500
f 1501 1496 1570
f 496 1500 1501
f 1575 1577 496
f 1501 1570 1575
f 496 1501 1575
f 630 628 508
f 604 802 806
f 604 806 804
f 622 630 508
f 624 622 508
f 604 804 815
f 604 815 808
f 621 624 508
f 620 621 508
f 604 808 813
f 604 813 811
f 623 620 508
f 627 623 508
f 603 604 811
f 603 811 809
f 625 627 508
f 626 625 508
f 603 809 810
f 603 810 812
f 629 626 508
f 632 629 508
f 603 812 807
f 603 807 814
f 631 632 508
f 635 631 508
f 603 814 803
f 603 803 805
f 635 508 603
f 634 635 603
f 603 805 801
f 603 801 816
f 633 634 603
f 641 633 603
f 603 816 795
f 603 795 797
f 637 641 603
f 636 637 603
f 603 797 793
f 603 793 799
f 640 636 603
f 639 640 603
f 603 799 789
f 603 789 791
f 638 639 603
f 664 638 603
f 603 791 787
f 603 787 819
f 642 664 603
f 645 642 603
f 603 819 779
f 603 779 781
f 643 645 603
f 644 643 603
f 603 781 777
f 603 777 783
f 652 644 603
f 646 652 603
f 603 783 773
f 603 773 775
f 649 646 603
f 647 649 603
f 603 775 771
f 603 771 785
f 661 647 603
f 654 661 603
f 603 785 765
f 603 765 767
f 662 654 603
f 656 662 603
f 603 767 763
f 603 763 769
f 659 656 603
f 657 659 603
f 603 769 759
f 657 603 759
f 658 657 759
f 658 759 761
f 660 658 761
f 660 761 757
f 653 660 757
f 756 758 648
f 653 757 756
f 655 653 756
f 756 648 663
f 756 663 655
f 817 802 604
f 604 651 650
f 650 648 758
f 650 758 762
f 796 817 604
f 798 796 604
f 650 762 760
f 650 760 770
f 794 798 604
f 800 794 604
f 650 770 764
f 650 764 768
f 790 800 604
f 792 790 604
f 650 768 766
f 650 766 786
f 788 792 604
f 818 788 604
f 650 786 772
f 650 772 776
f 780 818 604
f 782 780 604
f 650 776 774
f 650 774 784
f 782 604 650
f 650 784 778
f 650 778 782
f 71 1502 1498
f 1758 1759 498
f 498 1497 1503
f 498 1503 1758
f 670 669 508
f 508 628 665
f 666 670 508
f 508 665 666
f 673 651 604
f 604 608 607
f 607 668 667
f 607 667 675
f 673 604 607
f 674 673 607
f 607 675 672
f 671 674 607
f 607 672 671
f 1758 1503 1504
f 1505 1502 71
f 1758 1504 1505
f 1505 71 1761
f 1758 1505 1761
f 686 668 607
f 610 508 669
f 610 669 677
f 686 607 610
f 685 686 610
f 610 677 676
f 610 676 680
f 687 685 610
f 683 687 610
f 610 680 679
f 610 679 678
f 684 683 610
f 682 684 610
f 610 678 681
f 610 681 682
f 71 109 511
f 71 511 508
f 109 134 514
f 109 514 511
f 134 186 516
f 134 516 514
f 186 196 518
f 186 518 516
f 196 221 519
f 196 519 518
f 221 252 521
f 221 521 519
f 252 291 523
f 252 523 521
f 291 304 525
f 291 525 523
f 304 312 527
f 304 527 525
f 312 320 529
f 312 529 527
f 320 326 531
f 320 531 529
f 326 337 533
f 326 533 531
f 337 341 535
f 337 535 533
f 341 347 538
f 341 538 535
f 347 353 539
f 347 539 538
f 353 357 541
f 353 541 539
f 357 366 544
f 357 544 541
f 366 375 546
f 366 546 544
f 375 382 548
f 375 548 546
f 382 386 550
f 382 550 548
f 386 393 552
f 386 552 550
f 393 397 554
f 393 554 552
f 397 402 555
f 397 555 554
f 402 406 557
f 402 557 555
f 406 408 559
f 406 559 557
f 408 416 561
f 408 561 559
f 416 418 564
f 416 564 561
f 418 425 566
f 418 566 564
f 425 429 568
f 425 568 566
f 429 431 569
f 429 569 568
f 431 435 571
f 431 571 569
f 435 441 574
f 435 574 571
f 441 444 576
f 441 576 574
f 444 449 578
f 444 578 576
f 449 454 580
f 449 580 578
f 454 456 581
f 454 581 580
f 456 459 583
f 456 583 581
f 459 462 585
f 459 585 583
f 462 465 587
f 462 587 585
f 465 468 589
f 465 589 587
f 468 471 591
f 468 591 589
f 471 475 593
f 471 593 591
f 475 476 595
f 475 595 593
f 476 481 598
f 476 598 595
f 481 482 599
f 481 599 598
f 482 487 600
f 482 600 599
f 487 490 601
f 487 601 600
f 490 491 602
f 490 602 601
f 491 496 603
f 491 603 602
f 496 498 604
f 496 604 603
f 498 1759 209
f 209 608 604
f 209 604 498
f 500 263 1772
f 500 1772 1760
f 1759 1760 1772
f 1759 1772 209
f 612 609 1768
f 612 1768 1769
f 1769 1768 608
f 608 209 1772
f 1770 263 605
f 608 1772 1770
f 1769 608 1770
f 1770 605 612
f 1769 1770 612
f 263 1770 1772
f 609 612 605
f 611 1767 1761
f 1761 71 508
f 508 610 611
f 1761 508 611
f 1767 153 504
f 1767 504 1761
f 611 613 1767
f 613 611 610
f 610 606 153
f 153 1767 613
f 613 610 153
f 1773 479 606
f 606 610 616
f 618 1773 606
f 606 616 618
f 617 619 618
f 617 618 616
f 1774 619 617
f 617 132 1775
f 1775 172 479
f 479 1773 1774
f 1774 617 1775
f 1774 1775 479
f 619 1774 1773
f 619 1773 618
f 1771 1762 478
f 478 614 608
f 1768 609 1771
f 478 608 1768
f 1771 478 1768
f 609 605 1762
f 609 1762 1771
f 478 267 237
f 478 237 614
f 615 616 610
f 607 608 614
f 615 610 607
f 615 607 614
f 83 120 107
f 484 485 489
f 83 124 120
f 484 489 493
f 83 144 124
f 484 493 494
f 83 158 144
f 484 494 499
f 83 168 158
f 484 499 502
f 83 179 168
f 484 502 505
f 83 191 179
f 484 505 506
f 83 202 191
f 484 506 509
f 83 219 202
f 484 509 513
f 83 234 219
f 484 513 515
f 83 240 234
f 484 515 517
f 83 256 240
f 484 517 520
f 83 275 256
f 484 520 522
f 83 285 275
f 484 522 524
f 83 298 285
f 484 524 526
f 83 315 298
f 484 526 528
f 83 323 315
f 484 528 530
f 83 329 323
f 484 530 532
f 83 333 329
f 484 532 534
f 83 343 333
f 484 534 536
f 83 349 343
f 484 536 537
f 83 356 349
f 484 537 540
f 83 363 356
f 484 540 542
f 83 369 363
f 1324 1323 484
f 542 543 1328
f 542 1328 1329
f 1325 1324 484
f 1326 1325 484
f 542 1329 1327
f 1326 484 542
f 542 1327 1326
f 83 372 369
f 1330 1331 484
f 484 1323 1332
f 1330 484 1332
f 1336 1328 543
f 543 545 1334
f 543 1334 1335
f 1333 1336 543
f 543 1335 1333
f 83 383 372
f 1337 1339 484
f 484 1331 1338
f 1337 484 1338
f 1341 1334 545
f 545 547 1340
f 1341 545 1340
f 83 389 383
f 1343 1342 484
f 1343 484 1339
f 1345 1340 547
f 547 549 1344
f 1346 1345 547
f 547 1344 1346
f 83 391 389
f 1347 1348 484
f 1347 484 1342
f 1349 1344 549
f 549 551 1350
f 1349 549 1350
f 982 980 396
f 83 972 973
f 83 973 974
f 982 396 391
f 981 982 391
f 83 974 977
f 83 977 976
f 978 981 391
f 979 978 391
f 83 976 975
f 983 979 391
f 391 83 975
f 391 975 983
f 484 1348 1354
f 484 1354 1351
f 1353 1350 551
f 551 553 1352
f 1353 551 1352
f 985 972 83
f 83 986 987
f 984 985 83
f 83 987 984
f 991 990 399
f 399 396 980
f 399 980 989
f 988 991 399
f 399 989 988
f 484 1351 1355
f 484 1355 1356
f 1359 1352 553
f 553 556 1357
f 1358 1359 553
f 553 1357 1358
f 994 986 83
f 83 992 993
f 994 83 993
f 997 996 403
f 403 399 990
f 995 997 403
f 403 990 995
f 484 1356 1360
f 484 1360 1361
f 1363 1357 556
f 556 558 1362
f 1363 556 1362
f 83 999 998
f 83 998 992
f 1002 1000 411
f 411 403 996
f 1001 1002 411
f 411 996 1001
f 484 1361 1365
f 484 1365 1364
f 1367 1362 558
f 558 560 1366
f 1367 558 1366
f 1003 999 83
f 83 1005 1004
f 1003 83 1004
f 1008 1006 413
f 413 411 1000
f 1007 1008 413
f 413 1000 1007
f 484 1364 1369
f 484 1369 1368
f 1371 1366 560
f 560 562 1370
f 1371 560 1370
f 1011 1005 83
f 83 1009 1010
f 1011 83 1010
f 1014 1013 420
f 420 413 1006
f 1012 1014 420
f 420 1006 1012
f 484 1368 1373
f 484 1373 1372
f 1375 1370 562
f 562 563 1374
f 1375 562 1374
f 83 1015 1016
f 83 1016 1009
f 1017 1018 421
f 421 420 1013
f 1017 421 1013
f 484 1372 1376
f 484 1376 1377
f 1379 1374 563
f 563 565 1378
f 1379 563 1378
f 1021 1015 83
f 83 1019 1020
f 1021 83 1020
f 1024 1023 428
f 428 421 1018
f 1022 1024 428
f 428 1018 1022
f 484 1377 1381
f 484 1381 1380
f 1383 1378 565
f 565 567 1382
f 1383 565 1382
f 83 1026 1025
f 83 1025 1019
f 1029 1027 434
f 434 428 1023
f 1028 1029 434
f 434 1023 1028
f 1385 1384 484
f 1385 484 1380
f 1387 1382 567
f 567 570 1386
f 1387 567 1386
f 1030 1026 83
f 83 1032 1031
f 1030 83 1031
f 1035 1033 438
f 438 434 1027
f 1034 1035 438
f 438 1027 1034
f 1389 1388 484
f 1389 484 1384
f 1391 1386 570
f 570 572 1390
f 1391 570 1390
f 1038 1032 83
f 83 1036 1037
f 1038 83 1037
f 1041 1040 443
f 443 438 1033
f 1039 1041 443
f 443 1033 1039
f 1393 1392 484
f 1393 484 1388
f 1394 1390 572
f 572 573 1395
f 1394 572 1395
f 1042 1036 83
f 83 1044 1043
f 1045 1042 83
f 83 1043 1045
f 1046 1047 447
f 447 443 1040
f 447 1040 1048
f 1049 1046 447
f 447 1048 1049
f 484 1392 1396
f 484 1396 1397
f 1398 1395 573
f 573 575 1399
f 1400 1398 573
f 573 1399 1400
f 1050 1044 83
f 451 447 1047
f 451 1047 1057
f 1051 1050 83
f 1052 1051 83
f 451 1057 1058
f 451 1058 1055
f 1054 1052 83
f 1053 1054 83
f 451 1055 1056
f 451 1056 1059
f 1053 83 451
f 451 1059 1053
f 1401 1399 575
f 575 577 1403
f 1401 575 1403
f 484 1397 1402
f 484 1402 1404
f 83 452 451
f 1405 1406 484
f 1405 484 1404
f 1407 1403 577
f 577 579 1408
f 1407 577 1408
f 83 457 452
f 1410 1409 484
f 1410 484 1406
f 1411 1408 579
f 579 582 1413
f 1412 1411 579
f 579 1413 1412
f 83 460 457
f 1415 484 1414
f 484 1409 1414
f 1417 1413 582
f 582 584 1416
f 1417 582 1416
f 83 463 460
f 1420 1419 484
f 484 1415 1418
f 1421 1420 484
f 484 1418 1421
f 1423 1416 584
f 584 586 1425
f 584 1425 1422
f 1424 1423 584
f 584 1422 1424
f 83 466 463
f 1429 1425 586
f 484 1419 1427
f 484 1427 1426
f 1429 586 588
f 1428 1429 588
f 484 1426 1430
f 1430 1428 588
f 588 484 1430
f 83 469 466
f 484 588 590
f 83 472 469
f 484 590 592
f 718 719 474
f 474 866 881
f 474 881 860
f 716 718 474
f 731 716 474
f 474 860 862
f 474 862 858
f 723 731 474
f 730 723 474
f 474 858 864
f 474 864 854
f 724 730 474
f 726 724 474
f 474 854 856
f 474 856 852
f 725 726 474
f 728 725 474
f 474 852 882
f 474 882 844
f 727 728 474
f 721 727 474
f 474 844 846
f 474 846 842
f 722 721 474
f 821 715 729
f 729 722 474
f 474 842 848
f 729 474 848
f 820 821 729
f 822 820 729
f 729 848 838
f 729 838 840
f 826 822 729
f 824 826 729
f 729 840 836
f 729 836 850
f 834 824 729
f 828 834 729
f 729 850 830
f 832 828 729
f 729 830 832
f 870 866 474
f 83 693 694
f 83 694 692
f 868 870 474
f 879 868 474
f 83 692 691
f 83 691 689
f 872 879 474
f 877 872 474
f 83 689 688
f 83 688 690
f 875 877 474
f 873 875 474
f 83 690 698
f 83 698 697
f 873 474 472
f 874 873 472
f 83 697 696
f 83 696 695
f 876 874 472
f 871 876 472
f 83 695 709
f 83 709 699
f 878 871 472
f 867 878 472
f 472 83 699
f 472 699 702
f 869 867 472
f 865 869 472
f 472 702 700
f 472 700 701
f 880 865 472
f 859 880 472
f 472 701 708
f 472 708 703
f 861 859 472
f 857 861 472
f 472 703 704
f 472 704 707
f 863 857 472
f 853 863 472
f 472 707 705
f 472 705 706
f 855 853 472
f 851 855 472
f 472 706 732
f 472 732 711
f 883 851 472
f 843 883 472
f 472 711 710
f 472 710 714
f 845 843 472
f 841 845 472
f 472 714 713
f 472 713 712
f 847 841 472
f 837 847 472
f 472 712 720
f 717 715 821
f 472 720 717
f 839 837 472
f 835 839 472
f 717 821 825
f 717 825 823
f 835 472 717
f 849 835 717
f 717 823 833
f 717 833 827
f 829 849 717
f 717 827 831
f 717 831 829
f 1061 1060 484
f 594 1194 1193
f 594 1193 1195
f 1062 1061 484
f 1063 1062 484
f 594 1195 1196
f 594 1196 1201
f 1064 1063 484
f 1065 1064 484
f 594 1201 1208
f 594 1208 1207
f 1067 1065 484
f 1066 1067 484
f 594 1207 1204
f 594 1204 1202
f 1072 1066 484
f 1071 1072 484
f 592 594 1202
f 592 1202 1203
f 1070 1071 484
f 1069 1070 484
f 592 1203 1206
f 592 1206 1205
f 1069 484 592
f 1068 1069 592
f 592 1205 1200
f 592 1200 1199
f 1073 1068 592
f 1074 1073 592
f 592 1199 1198
f 592 1198 1197
f 1075 1074 592
f 1076 1075 592
f 592 1197 1209
f 592 1209 1210
f 1078 1076 592
f 1079 1078 592
f 592 1210 1211
f 592 1211 1212
f 1077 1079 592
f 1080 1077 592
f 592 1212 1213
f 592 1213 1214
f 1081 1080 592
f 1082 1081 592
f 592 1214 1215
f 592 1215 1216
f 1083 1082 592
f 1084 1083 592
f 592 1216 1217
f 592 1217 1218
f 1085 1084 592
f 1086 1085 592
f 592 1218 1219
f 592 1219 1220
f 1087 1086 592
f 1088 1087 592
f 592 1220 1230
f 592 1230 1231
f 1089 1088 592
f 1090 1089 592
f 592 1231 1227
f 592 1227 1228
f 1091 1090 592
f 1092 1091 592
f 592 1228 1229
f 592 1229 1223
f 1093 1092 592
f 1094 1093 592
f 592 1223 1224
f 592 1224 1225
f 1095 1094 592
f 1097 1095 592
f 592 1225 1226
f 592 1226 1222
f 1098 1097 592
f 1233 1096 1098
f 1234 1233 1098
f 1098 592 1222
f 1098 1222 1221
f 1232 1234 1098
f 1221 1232 1098
f 1236 1194 594
f 594 1099 1100
f 1100 1096 1233
f 1100 1233 1235
f 1238 1236 594
f 1241 1238 594
f 1100 1235 1237
f 1100 1237 1239
f 1255 1241 594
f 1256 1255 594
f 1100 1239 1240
f 1100 1240 1242
f 1257 1256 594
f 1258 1257 594
f 1100 1242 1243
f 1100 1243 1244
f 1252 1258 594
f 1253 1252 594
f 1100 1244 1245
f 1100 1245 1246
f 1254 1253 594
f 1251 1254 594
f 1100 1246 1247
f 1100 1247 1248
f 1251 594 1100
f 1250 1251 1100
f 1100 1248 1249
f 1100 1249 1250
f 733 693 83
f 83 738 735
f 734 733 83
f 83 735 734
f 737 615 614
f 614 474 719
f 614 719 741
f 736 737 614
f 743 736 614
f 614 741 742
f 614 742 739
f 740 743 614
f 614 739 740
f 484 1060 1102
f 484 1102 1101
f 1764 1763 1104
f 1764 1104 1105
f 1099 594 1764
f 1103 1099 1764
f 1764 1105 1107
f 1106 1103 1764
f 1107 1106 1764
f 745 738 83
f 616 615 737
f 616 737 754
f 745 83 616
f 744 745 616
f 616 754 753
f 616 753 755
f 748 744 616
f 747 748 616
f 616 755 751
f 616 751 752
f 746 747 616
f 749 746 616
f 616 752 750
f 616 750 749
f 1765 484 1101
f 1765 1101 1108
f 1118 1104 1763
f 1119 1118 1763
f 1765 1108 1109
f 1765 1109 1112
f 1120 1119 1763
f 1121 1120 1763
f 1765 1112 1113
f 1765 1113 1111
f 1121 1763 1765
f 1122 1121 1765
f 1765 1111 1110
f 1765 1110 1124
f 1123 1122 1765
f 1116 1123 1765
f 1765 1124 1126
f 1765 1126 1128
f 1117 1116 1765
f 1115 1117 1765
f 1765 1128 1127
f 1765 1127 1125
f 1114 1115 1765
f 1765 1125 1114
f 83 107 485
f 83 485 484
f 107 120 489
f 107 489 485
f 120 124 493
f 120 493 489
f 124 144 494
f 124 494 493
f 144 158 499
f 144 499 494
f 158 168 502
f 158 502 499
f 168 179 505
f 168 505 502
f 179 191 506
f 179 506 505
f 191 202 509
f 191 509 506
f 202 219 513
f 202 513 509
f 219 234 515
f 219 515 513
f 234 240 517
f 234 517 515
f 240 256 520
f 240 520 517
f 256 275 522
f 256 522 520
f 275 285 524
f 275 524 522
f 285 298 526
f 285 526 524
f 298 315 528
f 298 528 526
f 315 323 530
f 315 530 528
f 323 329 532
f 323 532 530
f 329 333 534
f 329 534 532
f 333 343 536
f 333 536 534
f 343 349 537
f 343 537 536
f 349 356 540
f 349 540 537
f 356 363 542
f 356 542 540
f 363 369 543
f 363 543 542
f 369 372 545
f 369 545 543
f 372 383 547
f 372 547 545
f 383 389 549
f 383 549 547
f 389 391 551
f 389 551 549
f 391 396 553
f 391 553 551
f 396 399 556
f 396 556 553
f 399 403 558
f 399 558 556
f 403 411 560
f 403 560 558
f 411 413 562
f 411 562 560
f 413 420 563
f 413 563 562
f 420 421 565
f 420 565 563
f 421 428 567
f 421 567 565
f 428 434 570
f 428 570 567
f 434 438 572
f 434 572 570
f 438 443 573
f 438 573 572
f 443 447 575
f 443 575 573
f 447 451 577
f 447 577 575
f 451 452 579
f 451 579 577
f 452 457 582
f 452 582 579
f 457 460 584
f 457 584 582
f 460 463 586
f 460 586 584
f 463 466 588
f 463 588 586
f 466 469 590
f 466 590 588
f 469 472 592
f 469 592 590
f 472 474 594
f 472 594 592
f 594 474 614
f 237 1764 594
f 614 237 594
f 237 267 596
f 237 596 1764
f 617 616 83
f 83 484 1765
f 132 617 83
f 83 1765 132
f 172 1775 1766
f 172 1766 597
f 1765 1766 1775
f 1765 1775 132
f 1507 685 687
f 1507 687 1506
f 1129 755 753
f 1129 753 1130
f 1508 686 685
f 1508 685 1507
f 1130 753 754
f 1130 754 1131
f 1508 1509 667
f 668 686 1508
f 667 668 1508
f 736 1132 1131
f 1131 754 737
f 1131 737 736
f 1510 675 667
f 1510 667 1509
f 1132 736 743
f 1132 743 1133
f 1511 672 675
f 1511 675 1510
f 1133 743 740
f 1133 740 1134
f 1512 671 672
f 1512 672 1511
f 1134 740 739
f 1134 739 1135
f 1513 674 671
f 1513 671 1512
f 1135 739 742
f 1135 742 1136
f 1514 673 674
f 1514 674 1513
f 1136 742 741
f 1136 741 1137
f 1514 1515 650
f 651 673 1514
f 650 651 1514
f 1138 1137 741
f 719 718 1138
f 741 719 1138
f 1516 648 650
f 1516 650 1515
f 718 716 1139
f 718 1139 1138
f 1517 663 648
f 1517 648 1516
f 716 731 1140
f 716 1140 1139
f 1518 655 663
f 1518 663 1517
f 731 723 1141
f 731 1141 1140
f 1519 653 655
f 1519 655 1518
f 723 730 1142
f 723 1142 1141
f 1520 660 653
f 1520 653 1519
f 730 724 1143
f 730 1143 1142
f 1521 658 660
f 1521 660 1520
f 724 726 1144
f 724 1144 1143
f 1522 657 658
f 1522 658 1521
f 726 725 1145
f 726 1145 1144
f 1523 659 657
f 1523 657 1522
f 725 728 1146
f 725 1146 1145
f 1524 656 659
f 1524 659 1523
f 728 727 1147
f 728 1147 1146
f 1525 662 656
f 1525 656 1524
f 727 721 1148
f 727 1148 1147
f 1526 654 662
f 1526 662 1525
f 721 722 1149
f 721 1149 1148
f 1527 661 654
f 1527 654 1526
f 722 729 1150
f 722 1150 1149
f 1528 647 661
f 1528 661 1527
f 729 715 1151
f 729 1151 1150
f 1529 649 647
f 1529 647 1528
f 715 717 1152
f 715 1152 1151
f 1530 646 649
f 1530 649 1529
f 717 720 1153
f 717 1153 1152
f 1531 652 646
f 1531 646 1530
f 720 712 1154
f 720 1154 1153
f 1532 644 652
f 1532 652 1531
f 712 713 1155
f 712 1155 1154
f 1533 643 644
f 1533 644 1532
f 713 714 1156
f 713 1156 1155
f 1534 645 643
f 1534 643 1533
f 714 710 1157
f 714 1157 1156
f 1535 642 645
f 1535 645 1534
f 710 711 1158
f 710 1158 1157
f 1536 664 642
f 1536 642 1535
f 711 732 1159
f 711 1159 1158
f 1537 638 664
f 1537 664 1536
f 732 706 1160
f 732 1160 1159
f 1538 639 638
f 1538 638 1537
f 706 705 1161
f 706 1161 1160
f 1539 640 639
f 1539 639 1538
f 705 707 1162
f 705 1162 1161
f 1540 636 640
f 1540 640 1539
f 707 704 1163
f 707 1163 1162
f 1541 637 636
f 1541 636 1540
f 704 703 1164
f 704 1164 1163
f 1542 641 637
f 1542 637 1541
f 703 708 1165
f 703 1165 1164
f 1543 633 641
f 1543 641 1542
f 708 701 1166
f 708 1166 1165
f 1544 634 633
f 1544 633 1543
f 701 700 1167
f 701 1167 1166
f 1545 635 634
f 1545 634 1544
f 700 702 1168
f 700 1168 1167
f 1546 631 635
f 1546 635 1545
f 702 699 1169
f 702 1169 1168
f 1547 632 631
f 1547 631 1546
f 1169 699 709
f 1169 709 1170
f 1548 629 632
f 1548 632 1547
f 1170 709 695
f 1170 695 1171
f 1549 626 629
f 1549 629 1548
f 1171 695 696
f 1171 696 1172
f 1550 625 626
f 1550 626 1549
f 1172 696 697
f 1172 697 1173
f 1551 627 625
f 1551 625 1550
f 1173 697 698
f 1173 698 1174
f 1552 623 627
f 1552 627 1551
f 1174 698 690
f 1174 690 1175
f 1553 620 623
f 1553 623 1552
f 1175 690 688
f 1175 688 1176
f 1554 621 620
f 1554 620 1553
f 1176 688 689
f 1176 689 1177
f 1555 624 621
f 1555 621 1554
f 1177 689 691
f 1177 691 1178
f 1556 622 624
f 1556 624 1555
f 1178 691 692
f 1178 692 1179
f 1557 630 622
f 1557 622 1556
f 1179 692 694
f 1179 694 1180
f 1557 1558 665
f 628 630 1557
f 665 628 1557
f 733 1181 1180
f 1180 694 693
f 1180 693 733
f 1559 666 665
f 1559 665 1558
f 1181 733 734
f 1181 734 1182
f 1560 670 666
f 1560 666 1559
f 1182 734 735
f 1182 735 1183
f 1560 1561 677
f 669 670 1560
f 677 669 1560
f 745 1184 1183
f 1183 735 738
f 1183 738 745
f 1562 676 677
f 1562 677 1561
f 1184 745 744
f 1184 744 1185
f 1563 680 676
f 1563 676 1562
f 1185 744 748
f 1185 748 1186
f 1564 679 680
f 1564 680 1563
f 1186 748 747
f 1186 747 1187
f 1565 678 679
f 1565 679 1564
f 1187 747 746
f 1187 746 1188
f 1566 681 678
f 1566 678 1565
f 1188 746 749
f 1188 749 1189
f 1567 682 681
f 1567 681 1566
f 1189 749 750
f 1189 750 1190
f 1568 684 682
f 1568 682 1567
f 1190 750 752
f 1190 752 1191
f 1569 683 684
f 1569 684 1568
f 1191 752 751
f 1191 751 1192
f 1506 687 683
f 1506 683 1569
f 1192 751 755
f 1192 755 1129
f 1579 788 818
f 1579 818 1578
f 1259 882 852
f 1259 852 1260
f 1580 792 788
f 1580 788 1579
f 1260 852 856
f 1260 856 1261
f 1581 790 792
f 1581 792 1580
f 1261 856 854
f 1261 854 1262
f 1582 800 790
f 1582 790 1581
f 1262 854 864
f 1262 864 1263
f 1583 794 800
f 1583 800 1582
f 1263 864 858
f 1263 858 1264
f 1584 798 794
f 1584 794 1583
f 1264 858 862
f 1264 862 1265
f 1585 796 798
f 1585 798 1584
f 1265 862 860
f 1265 860 1266
f 1586 817 796
f 1586 796 1585
f 1266 860 881
f 1266 881 1267
f 802 817 1586
f 802 1586 1587
f 881 866 1268
f 881 1268 1267
f 1588 806 802
f 1588 802 1587
f 866 870 1269
f 866 1269 1268
f 1589 804 806
f 1589 806 1588
f 870 868 1270
f 870 1270 1269
f 1590 815 804
f 1590 804 1589
f 868 879 1271
f 868 1271 1270
f 1591 808 815
f 1591 815 1590
f 879 872 1272
f 879 1272 1271
f 1592 813 808
f 1592 808 1591
f 872 877 1273
f 872 1273 1272
f 1593 811 813
f 1593 813 1592
f 877 875 1274
f 877 1274 1273
f 1594 809 811
f 1594 811 1593
f 875 873 1275
f 875 1275 1274
f 1595 810 809
f 1595 809 1594
f 873 874 1276
f 873 1276 1275
f 1596 812 810
f 1596 810 1595
f 874 876 1277
f 874 1277 1276
f 1597 807 812
f 1597 812 1596
f 876 871 1278
f 876 1278 1277
f 1598 814 807
f 1598 807 1597
f 871 878 1279
f 871 1279 1278
f 1599 803 814
f 1599 814 1598
f 878 867 1280
f 878 1280 1279
f 1600 805 803
f 1600 803 1599
f 867 869 1281
f 867 1281 1280
f 1601 801 805
f 1601 805 1600
f 869 865 1282
f 869 1282 1281
f 1602 816 801
f 1602 801 1601
f 865 880 1283
f 865 1283 1282
f 1603 795 816
f 1603 816 1602
f 880 859 1284
f 880 1284 1283
f 1604 797 795
f 1604 795 1603
f 859 861 1285
f 859 1285 1284
f 1605 793 797
f 1605 797 1604
f 861 857 1286
f 861 1286 1285
f 1606 799 793
f 1606 793 1605
f 857 863 1287
f 857 1287 1286
f 1607 789 799
f 1607 799 1606
f 863 853 1288
f 863 1288 1287
f 1608 791 789
f 1608 789 1607
f 853 855 1289
f 853 1289 1288
f 1609 787 791
f 1609 791 1608
f 855 851 1290
f 855 1290 1289
f 1610 819 787
f 1610 787 1609
f 851 883 1291
f 851 1291 1290
f 1611 779 819
f 1611 819 1610
f 883 843 1292
f 883 1292 1291
f 1612 781 779
f 1612 779 1611
f 843 845 1293
f 843 1293 1292
f 1613 777 781
f 1613 781 1612
f 845 841 1294
f 845 1294 1293
f 1614 783 777
f 1614 777 1613
f 841 847 1295
f 841 1295 1294
f 1615 773 783
f 1615 783 1614
f 847 837 1296
f 847 1296 1295
f 1616 775 773
f 1616 773 1615
f 837 839 1297
f 837 1297 1296
f 1617 771 775
f 1617 775 1616
f 839 835 1298
f 839 1298 1297
f 1618 785 771
f 1618 771 1617
f 835 849 1299
f 835 1299 1298
f 1619 765 785
f 1619 785 1618
f 1299 849 829
f 1299 829 1300
f 1620 767 765
f 1620 765 1619
f 1300 829 831
f 1300 831 1301
f 1621 763 767
f 1621 767 1620
f 1301 831 827
f 1301 827 1302
f 1622 769 763
f 1622 763 1621
f 1302 827 833
f 1302 833 1303
f 1623 759 769
f 1623 769 1622
f 1303 833 823
f 1303 823 1304
f 1624 761 759
f 1624 759 1623
f 1304 823 825
f 1304 825 1305
f 1625 757 761
f 1625 761 1624
f 1305 825 821
f 1305 821 1306
f 1626 756 757
f 1626 757 1625
f 1306 821 820
f 1306 820 1307
f 1627 758 756
f 1627 756 1626
f 1307 820 822
f 1307 822 1308
f 1628 762 758
f 1628 758 1627
f 1308 822 826
f 1308 826 1309
f 1629 760 762
f 1629 762 1628
f 1309 826 824
f 1309 824 1310
f 1630 770 760
f 1630 760 1629
f 1310 824 834
f 1310 834 1311
f 1631 764 770
f 1631 770 1630
f 1311 834 828
f 1311 828 1312
f 1632 768 764
f 1632 764 1631
f 1312 828 832
f 1312 832 1313
f 1633 766 768
f 1633 768 1632
f 1313 832 830
f 1313 830 1314
f 1634 786 766
f 1634 766 1633
f 1314 830 850
f 1314 850 1315
f 1635 772 786
f 1635 786 1634
f 1315 850 836
f 1315 836 1316
f 1636 776 772
f 1636 772 1635
f 1316 836 840
f 1316 840 1317
f 1637 774 776
f 1637 776 1636
f 1317 840 838
f 1317 838 1318
f 1638 784 774
f 1638 774 1637
f 1318 838 848
f 1318 848 1319
f 1639 778 784
f 1639 784 1638
f 1319 848 842
f 1319 842 1320
f 1640 782 778
f 1640 778 1639
f 1320 842 846
f 1320 846 1321
f 1641 780 782
f 1641 782 1640
f 1321 846 844
f 1321 844 1322
f 1578 818 780
f 1578 780 1641
f 1322 844 882
f 1322 882 1259
f 1694 1695 954
f 949 950 1694
f 954 949 1694
f 1042 1432 1431
f 1431 1037 1036
f 1431 1036 1042
f 1696 958 954
f 1696 954 1695
f 1432 1042 1045
f 1432 1045 1433
f 1697 957 958
f 1697 958 1696
f 1433 1045 1043
f 1433 1043 1434
f 1697 1698 962
f 956 957 1697
f 962 956 1697
f 1050 1435 1434
f 1434 1043 1044
f 1434 1044 1050
f 1699 963 962
f 1699 962 1698
f 1435 1050 1051
f 1435 1051 1436
f 1700 964 963
f 1700 963 1699
f 1436 1051 1052
f 1436 1052 1437
f 1701 966 964
f 1701 964 1700
f 1437 1052 1054
f 1437 1054 1438
f 1702 965 966
f 1702 966 1701
f 1438 1054 1053
f 1438 1053 1439
f 971 965 1702
f 971 1702 1703
f 1053 1059 1440
f 1053 1440 1439
f 1704 968 971
f 1704 971 1703
f 1059 1056 1441
f 1059 1441 1440
f 1705 967 968
f 1705 968 1704
f 1056 1055 1442
f 1056 1442 1441
f 1706 970 967
f 1706 967 1705
f 1055 1058 1443
f 1055 1443 1442
f 1707 969 970
f 1707 970 1706
f 1058 1057 1444
f 1058 1444 1443
f 1707 1708 961
f 955 969 1707
f 961 955 1707
f 1445 1444 1057
f 1047 1046 1445
f 1057 1047 1445
f 1709 959 961
f 1709 961 1708
f 1046 1049 1446
f 1046 1446 1445
f 1710 960 959
f 1710 959 1709
f 1049 1048 1447
f 1049 1447 1446
f 1710 1711 953
f 952 960 1710
f 953 952 1710
f 1448 1447 1048
f 1040 1041 1448
f 1048 1040 1448
f 1712 951 953
f 1712 953 1711
f 1041 1039 1449
f 1041 1449 1448
f 1712 1713 947
f 946 951 1712
f 947 946 1712
f 1450 1449 1039
f 1033 1035 1450
f 1039 1033 1450
f 1714 945 947
f 1714 947 1713
f 1035 1034 1451
f 1035 1451 1450
f 1714 1715 941
f 940 945 1714
f 941 940 1714
f 1452 1451 1034
f 1027 1029 1452
f 1034 1027 1452
f 1716 939 941
f 1716 941 1715
f 1029 1028 1453
f 1029 1453 1452
f 1716 1717 936
f 935 939 1716
f 936 935 1716
f 1454 1453 1028
f 1023 1024 1454
f 1028 1023 1454
f 1718 934 936
f 1718 936 1717
f 1024 1022 1455
f 1024 1455 1454
f 1718 1719 930
f 929 934 1718
f 930 929 1718
f 1456 1455 1022
f 1018 1017 1456
f 1022 1018 1456
f 1719 1720 926
f 925 930 1719
f 926 925 1719
f 1457 1456 1017
f 1013 1014 1457
f 1017 1013 1457
f 1721 924 926
f 1721 926 1720
f 1014 1012 1458
f 1014 1458 1457
f 1721 1722 920
f 919 924 1721
f 920 919 1721
f 1459 1458 1012
f 1006 1008 1459
f 1012 1006 1459
f 1723 918 920
f 1723 920 1722
f 1008 1007 1460
f 1008 1460 1459
f 1723 1724 914
f 913 918 1723
f 914 913 1723
f 1461 1460 1007
f 1000 1002 1461
f 1007 1000 1461
f 1725 912 914
f 1725 914 1724
f 1002 1001 1462
f 1002 1462 1461
f 1725 1726 909
f 908 912 1725
f 909 908 1725
f 1463 1462 1001
f 996 997 1463
f 1001 996 1463
f 1727 907 909
f 1727 909 1726
f 997 995 1464
f 997 1464 1463
f 1727 1728 902
f 901 907 1727
f 902 901 1727
f 1465 1464 995
f 990 991 1465
f 995 990 1465
f 1729 903 902
f 1729 902 1728
f 991 988 1466
f 991 1466 1465
f 1730 900 903
f 1730 903 1729
f 988 989 1467
f 988 1467 1466
f 1730 1731 894
f 893 900 1730
f 894 893 1730
f 1468 1467 989
f 980 982 1468
f 989 980 1468
f 1732 892 894
f 1732 894 1731
f 982 981 1469
f 982 1469 1468
f 1733 895 892
f 1733 892 1732
f 981 978 1470
f 981 1470 1469
f 1734 891 895
f 1734 895 1733
f 978 979 1471
f 978 1471 1470
f 1735 890 891
f 1735 891 1734
f 1471 979 983
f 1471 983 1472
f 1736 889 890
f 1736 890 1735
f 1472 983 975
f 1472 975 1473
f 1737 888 889
f 1737 889 1736
f 1473 975 976
f 1473 976 1474
f 1738 887 888
f 1738 888 1737
f 1474 976 977
f 1474 977 1475
f 1739 885 887
f 1739 887 1738
f 1475 977 974
f 1475 974 1476
f 1740 886 885
f 1740 885 1739
f 1476 974 973
f 1476 973 1477
f 1740 1741 897
f 884 886 1740
f 897 884 1740
f 985 1478 1477
f 1477 973 972
f 1477 972 985
f 1742 896 897
f 1742 897 1741
f 1478 985 984
f 1478 984 1479
f 1743 899 896
f 1743 896 1742
f 1479 984 987
f 1479 987 1480
f 1743 1744 906
f 898 899 1743
f 906 898 1743
f 994 1481 1480
f 1480 987 986
f 1480 986 994
f 1745 905 906
f 1745 906 1744
f 1481 994 993
f 1481 993 1482
f 1745 1746 910
f 904 905 1745
f 910 904 1745
f 998 1483 1482
f 1482 993 992
f 1482 992 998
f 1746 1747 915
f 911 910 1746
f 915 911 1746
f 1003 1484 1483
f 1483 998 999
f 1483 999 1003
f 1748 917 915
f 1748 915 1747
f 1484 1003 1004
f 1484 1004 1485
f 1748 1749 921
f 916 917 1748
f 921 916 1748
f 1011 1486 1485
f 1485 1004 1005
f 1485 1005 1011
f 1750 922 921
f 1750 921 1749
f 1486 1011 1010
f 1486 1010 1487
f 1750 1751 928
f 923 922 1750
f 928 923 1750
f 1016 1488 1487
f 1487 1010 1009
f 1487 1009 1016
f 1751 1752 931
f 927 928 1751
f 931 927 1751
f 1021 1489 1488
f 1488 1016 1015
f 1488 1015 1021
f 1753 933 931
f 1753 931 1752
f 1489 1021 1020
f 1489 1020 1490
f 1753 1754 937
f 932 933 1753
f 937 932 1753
f 1025 1491 1490
f 1490 1020 1019
f 1490 1019 1025
f 1754 1755 942
f 938 937 1754
f 942 938 1754
f 1030 1492 1491
f 1491 1025 1026
f 1491 1026 1030
f 1756 944 942
f 1756 942 1755
f 1492 1030 1031
f 1492 1031 1493
f 1756 1757 948
f 943 944 1756
f 948 943 1756
f 1038 1494 1493
f 1493 1031 1032
f 1493 1032 1038
f 1694 950 948
f 1694 948 1757
f 1494 1038 1037
f 1494 1037 1431
f 1117 60 94
f 1117 94 1116
f 1116 94 114
f 1116 114 1123
f 1123 114 131
f 1123 131 1122
f 1122 131 140
f 1122 140 1121
f 1121 140 151
f 1121 151 1120
f 1120 151 167
f 1120 167 1119
f 1119 167 183
f 1119 183 1118
f 1104 1118 183
f 183 192 1105
f 1104 183 1105
f 1105 192 208
f 1105 208 1107
f 1107 208 217
f 1107 217 1106
f 1106 217 230
f 1106 230 1103
f 1099 1103 230
f 230 246 1100
f 1099 230 1100
f 1096 1100 246
f 246 257 1098
f 1096 246 1098
f 1098 257 274
f 1098 274 1097
f 1097 274 282
f 1097 282 1095
f 1095 282 297
f 1095 297 1094
f 297 309 1093
f 297 1093 1094
f 309 317 1092
f 309 1092 1093
f 317 324 1091
f 317 1091 1092
f 324 330 1090
f 324 1090 1091
f 1090 330 338
f 1090 338 1089
f 1089 338 344
f 1089 344 1088
f 1088 344 351
f 1088 351 1087
f 1087 351 360
f 1087 360 1086
f 360 365 1085
f 360 1085 1086
f 365 374 1084
f 365 1084 1085
f 1084 374 378
f 1084 378 1083
f 1083 378 387
f 1083 387 1082
f 1082 387 390
f 1082 390 1081
f 1081 390 395
f 1081 395 1080
f 395 401 1077
f 395 1077 1080
f 401 405 1079
f 401 1079 1077
f 405 410 1078
f 405 1078 1079
f 410 414 1076
f 410 1076 1078
f 414 417 1075
f 414 1075 1076
f 417 423 1074
f 417 1074 1075
f 423 426 1073
f 423 1073 1074
f 426 432 1068
f 426 1068 1073
f 432 436 1069
f 432 1069 1068
f 436 439 1070
f 436 1070 1069
f 1070 439 445
f 1070 445 1071
f 1071 445 450
f 1071 450 1072
f 1072 450 453
f 1072 453 1066
f 1066 453 455
f 1066 455 1067
f 1067 455 458
f 1067 458 1065
f 1065 458 461
f 1065 461 1064
f 1064 461 464
f 1064 464 1063
f 1063 464 467
f 1063 467 1062
f 1062 467 470
f 1062 470 1061
f 1060 1061 470
f 470 473 1102
f 1060 470 1102
f 1101 1102 473
f 473 477 1108
f 1101 473 1108
f 1108 477 480
f 1108 480 1109
f 1109 480 483
f 1109 483 1112
f 1112 483 486
f 1112 486 1113
f 1113 486 488
f 1113 488 1111
f 1111 488 492
f 1111 492 1110
f 1110 492 495
f 1110 495 1124
f 1124 495 497
f 1124 497 1126
f 1126 497 501
f 1126 501 1128
f 1128 501 503
f 1128 503 1127
f 1127 503 507
f 1127 507 1125
f 1125 507 510
f 1125 510 1114
f 1114 510 512
f 1114 512 1115
f 1115 512 60
f 1115 60 1117
f 183 167 151
f 151 140 131
f 131 114 94
f 94 60 512
f 512 1192 1129
f 512 1129 1130
f 131 94 512
f 183 151 131
f 208 192 183
f 230 217 208
f 257 246 230
f 282 274 257
f 309 297 282
f 324 317 309
f 338 330 324
f 351 344 338
f 365 360 351
f 378 374 365
f 390 387 378
f 401 395 390
f 410 405 401
f 417 414 410
f 426 423 417
f 436 432 426
f 445 439 436
f 453 450 445
f 458 455 453
f 464 461 458
f 1175 1176 464
f 1174 1175 464
f 464 458 453
f 453 445 436
f 436 426 417
f 417 410 401
f 401 390 378
f 378 365 351
f 351 338 324
f 324 309 282
f 282 257 230
f 230 208 183
f 183 131 512
f 512 1130 1131
f 512 1131 1132
f 230 183 512
f 324 282 230
f 378 351 324
f 417 401 378
f 453 436 417
f 1174 464 453
f 1173 1174 453
f 453 417 378
f 378 324 230
f 230 512 1132
f 230 1132 1133
f 1172 1173 453
f 1171 1172 453
f 230 1133 1134
f 230 1134 1135
f 1170 1171 453
f 1169 1170 453
f 230 1135 1136
f 230 1136 1137
f 1168 1169 453
f 1167 1168 453
f 230 1137 1138
f 230 1138 1139
f 1166 1167 453
f 1165 1166 453
f 230 1139 1140
f 230 1140 1141
f 1165 453 378
f 1164 1165 378
f 230 1141 1142
f 230 1142 1143
f 1163 1164 378
f 1162 1163 378
f 230 1143 1144
f 230 1144 1145
f 1161 1162 378
f 1160 1161 378
f 230 1145 1146
f 230 1146 1147
f 1159 1160 378
f 1158 1159 378
f 378 230 1147
f 378 1147 1148
f 1157 1158 378
f 1156 1157 378
f 378 1148 1149
f 378 1149 1150
f 1155 1156 378
f 1154 1155 378
f 378 1150 1151
f 378 1151 1152
f 1153 1154 378
f 1152 1153 378
f 510 507 503
f 503 501 497
f 497 495 492
f 492 488 486
f 486 483 480
f 480 477 473
f 473 470 467
f 467 464 1176
f 467 1176 1177
f 480 473 467
f 492 486 480
f 503 497 492
f 512 510 503
f 1191 1192 512
f 1190 1191 512
f 512 503 492
f 492 480 467
f 467 1177 1178
f 467 1178 1179
f 512 492 467
f 1189 1190 512
f 1188 1189 512
f 467 1179 1180
f 467 1180 1181
f 1187 1188 512
f 1186 1187 512
f 467 1181 1182
f 467 1182 1183
f 1186 512 467
f 1185 1186 467
f 467 1183 1184
f 467 1184 1185
f 1253 50 90
f 1253 90 1252
f 1252 90 100
f 1252 100 1258
f 1258 100 112
f 1258 112 1257
f 1257 112 118
f 1257 118 1256
f 1256 118 126
f 1256 126 1255
f 1255 126 139
f 1255 139 1241
f 1241 139 146
f 1241 146 1238
f 1238 146 157
f 1238 157 1236
f 1194 1236 157
f 157 163 1193
f 1194 157 1193
f 1193 163 175
f 1193 175 1195
f 1195 175 180
f 1195 180 1196
f 1196 180 188
f 1196 188 1201
f 188 200 1208
f 188 1208 1201
f 200 204 1207
f 200 1207 1208
f 204 214 1204
f 204 1204 1207
f 214 226 1202
f 214 1202 1204
f 226 231 1203
f 226 1203 1202
f 231 243 1206
f 231 1206 1203
f 243 249 1205
f 243 1205 1206
f 249 262 1200
f 249 1200 1205
f 262 270 1199
f 262 1199 1200
f 270 279 1198
f 270 1198 1199
f 279 289 1197
f 279 1197 1198
f 289 296 1209
f 289 1209 1197
f 296 303 1210
f 296 1210 1209
f 1210 303 310
f 1210 310 1211
f 1211 310 318
f 1211 318 1212
f 1212 318 322
f 1212 322 1213
f 1213 322 328
f 1213 328 1214
f 1214 328 332
f 1214 332 1215
f 332 335 1216
f 332 1216 1215
f 1216 335 339
f 1216 339 1217
f 1217 339 346
f 1217 346 1218
f 1218 346 350
f 1218 350 1219
f 1219 350 355
f 1219 355 1220
f 355 359 1230
f 355 1230 1220
f 359 362 1231
f 359 1231 1230
f 362 368 1227
f 362 1227 1231
f 368 371 1228
f 368 1228 1227
f 371 377 1229
f 371 1229 1228
f 1229 377 380
f 1229 380 1223
f 1223 380 385
f 1223 385 1224
f 1224 385 388
f 1224 388 1225
f 1225 388 392
f 1225 392 1226
f 1226 392 394
f 1226 394 1222
f 1222 394 398
f 1222 398 1221
f 1221 398 400
f 1221 400 1232
f 1232 400 404
f 1232 404 1234
f 1233 1234 404
f 404 407 1235
f 1233 404 1235
f 1235 407 409
f 1235 409 1237
f 1237 409 412
f 1237 412 1239
f 1239 412 415
f 1239 415 1240
f 1240 415 419
f 1240 419 1242
f 1242 419 422
f 1242 422 1243
f 1243 422 424
f 1243 424 1244
f 1244 424 427
f 1244 427 1245
f 1245 427 430
f 1245 430 1246
f 1246 430 433
f 1246 433 1247
f 1247 433 437
f 1247 437 1248
f 1248 437 440
f 1248 440 1249
f 1249 440 442
f 1249 442 1250
f 1250 442 446
f 1250 446 1251
f 1251 446 448
f 1251 448 1254
f 1254 448 50
f 1254 50 1253
f 322 318 310
f 310 303 296
f 296 289 279
f 279 270 262
f 262 249 243
f 243 231 226
f 226 214 204
f 204 200 188
f 188 180 175
f 175 163 157
f 157 146 139
f 139 126 118
f 118 112 100
f 100 90 50
f 50 448 1322
f 50 1322 1259
f 118 100 50
f 157 139 118
f 188 175 157
f 226 204 188
f 262 243 226
f 296 279 262
f 322 310 296
f 332 328 322
f 339 335 332
f 350 346 339
f 359 355 350
f 368 362 359
f 377 371 368
f 385 380 377
f 392 388 385
f 398 394 392
f 1306 400 398
f 1305 1306 398
f 398 392 385
f 385 377 368
f 368 359 350
f 350 339 332
f 332 322 296
f 296 262 226
f 226 188 157
f 157 118 50
f 50 1259 1260
f 50 1260 1261
f 226 157 50
f 332 296 226
f 368 350 332
f 398 385 368
f 1304 1305 398
f 1303 1304 398
f 398 368 332
f 50 1261 1262
f 50 1262 1263
f 1302 1303 398
f 1301 1302 398
f 50 1263 1264
f 50 1264 1265
f 1300 1301 398
f 1299 1300 398
f 50 1265 1266
f 50 1266 1267
f 1298 1299 398
f 1297 1298 398
f 226 50 1267
f 226 1267 1268
f 1297 398 332
f 1296 1297 332
f 226 1268 1269
f 226 1269 1270
f 1295 1296 332
f 1294 1295 332
f 226 1270 1271
f 226 1271 1272
f 1293 1294 332
f 1292 1293 332
f 226 1272 1273
f 226 1273 1274
f 1291 1292 332
f 1290 1291 332
f 226 1274 1275
f 226 1275 1276
f 1289 1290 332
f 1288 1289 332
f 226 1276 1277
f 226 1277 1278
f 1287 1288 332
f 1286 1287 332
f 226 1278 1279
f 226 1279 1280
f 1285 1286 332
f 1284 1285 332
f 332 226 1280
f 332 1280 1281
f 1283 1284 332
f 332 1281 1282
f 1282 1283 332
f 446 442 440
f 440 437 433
f 433 430 427
f 427 424 422
f 422 419 415
f 415 412 409
f 409 407 404
f 404 400 1306
f 404 1306 1307
f 415 409 404
f 427 422 415
f 440 433 427
f 448 446 440
f 1321 1322 448
f 1320 1321 448
f 448 440 427
f 427 415 404
f 404 1307 1308
f 404 1308 1309
f 448 427 404
f 1319 1320 448
f 1318 1319 448
f 404 1309 1310
f 404 1310 1311
f 1317 1318 448
f 1316 1317 448
f 404 1311 1312
f 404 1312 1313
f 1316 448 404
f 1315 1316 404
f 404 1313 1314
f 404 1314 1315
f 1406 1405 24
f 24 75 1410
f 1406 24 1410
f 1409 1410 75
f 75 85 1414
f 1409 75 1414
f 1415 1414 85
f 85 99 1418
f 1415 85 1418
f 1418 99 104
f 1418 104 1421
f 1421 104 111
f 1421 111 1420
f 1419 1420 111
f 111 117 1427
f 1419 111 1427
f 1427 117 122
f 1427 122 1426
f 1426 122 129
f 1426 129 1430
f 129 137 1428
f 129 1428 1430
f 137 142 1429
f 137 1429 1428
f 1425 1429 142
f 142 148 1422
f 1425 142 1422
f 148 154 1424
f 148 1424 1422
f 154 160 1423
f 154 1423 1424
f 1416 1423 160
f 160 165 1417
f 1416 160 1417
f 1413 1417 165
f 165 171 1412
f 1413 165 1412
f 171 176 1411
f 171 1411 1412
f 1408 1411 176
f 176 185 1407
f 1408 176 1407
f 1403 1407 185
f 185 190 1401
f 1403 185 1401
f 1399 1401 190
f 190 194 1400
f 1399 190 1400
f 194 198 1398
f 194 1398 1400
f 1395 1398 198
f 198 206 1394
f 1395 198 1394
f 1390 1394 206
f 206 212 1391
f 1390 206 1391
f 1386 1391 212
f 212 215 1387
f 1386 212 1387
f 1382 1387 215
f 215 223 1383
f 1382 215 1383
f 1378 1383 223
f 223 227 1379
f 1378 223 1379
f 1374 1379 227
f 227 235 1375
f 1374 227 1375
f 1370 1375 235
f 235 241 1371
f 1370 235 1371
f 1366 1371 241
f 241 248 1367
f 1366 241 1367
f 1362 1367 248
f 248 253 1363
f 1362 248 1363
f 1357 1363 253
f 253 260 1358
f 1357 253 1358
f 1358 260 265
f 1358 265 1359
f 1352 1359 265
f 265 272 1353
f 1352 265 1353
f 1350 1353 272
f 272 277 1349
f 1350 272 1349
f 1344 1349 277
f 277 284 1346
f 1344 277 1346
f 284 288 1345
f 284 1345 1346
f 1340 1345 288
f 288 293 1341
f 1340 288 1341
f 1334 1341 293
f 293 301 1335
f 1334 293 1335
f 301 307 1333
f 301 1333 1335
f 307 311 1336
f 307 1336 1333
f 1328 1336 311
f 311 314 1329
f 1328 311 1329
f 1329 314 319
f 1329 319 1327
f 1327 319 321
f 1327 321 1326
f 1326 321 325
f 1326 325 1325
f 1325 325 327
f 1325 327 1324
f 1323 1324 327
f 327 331 1332
f 1323 327 1332
f 1332 331 334
f 1332 334 1330
f 1331 1330 334
f 334 336 1338
f 1331 334 1338
f 1338 336 340
f 1338 340 1337
f 1339 1337 340
f 340 342 1343
f 1339 340 1343
f 1342 1343 342
f 342 345 1347
f 1342 342 1347
f 1348 1347 345
f 345 348 1354
f 1348 345 1354
f 1351 1354 348
f 348 352 1355
f 1351 348 1355
f 1356 1355 352
f 352 354 1360
f 1356 352 1360
f 1361 1360 354
f 354 358 1365
f 1361 354 1365
f 1364 1365 358
f 358 361 1369
f 1364 358 1369
f 1368 1369 361
f 361 364 1373
f 1368 361 1373
f 1372 1373 364
f 364 367 1376
f 1372 364 1376
f 1377 1376 367
f 367 370 1381
f 1377 367 1381
f 1380 1381 370
f 370 373 1385
f 1380 370 1385
f 1384 1385 373
f 373 376 1389
f 1384 373 1389
f 1388 1389 376
f 376 379 1393
f 1388 376 1393
f 1392 1393 379
f 379 381 1396
f 1392 379 1396
f 1397 1396 381
f 381 384 1402
f 1397 381 1402
f 1404 1402 384
f 384 24 1405
f 1404 384 1405
f 111 104 99
f 99 85 75
f 75 24 384
f 384 381 379
f 379 376 373
f 373 370 367
f 367 364 361
f 361 358 354
f 354 352 348
f 348 345 342
f 342 340 336
f 336 334 331
f 331 327 325
f 325 321 319
f 319 314 311
f 311 307 301
f 301 293 288
f 288 284 277
f 277 272 265
f 265 1462 1463
f 265 1463 1464
f 288 277 265
f 311 301 288
f 325 319 311
f 336 331 325
f 348 342 336
f 361 354 348
f 373 367 361
f 384 379 373
f 99 75 384
f 117 111 99
f 129 122 117
f 142 137 129
f 154 148 142
f 165 160 154
f 1446 171 165
f 1445 1446 165
f 165 154 142
f 142 129 117
f 117 99 384
f 384 373 361
f 361 348 336
f 336 325 311
f 311 288 265
f 265 1464 1465
f 265 1465 1466
f 336 311 265
f 384 361 336
f 142 117 384
f 1445 165 142
f 1444 1445 142
f 265 1466 1467
f 265 1467 1468
f 1443 1444 142
f 1442 1443 142
f 265 1468 1469
f 265 1469 1470
f 1441 1442 142
f 1440 1441 142
f 336 265 1470
f 336 1470 1471
f 1439 1440 142
f 1438 1439 142
f 336 1471 1472
f 336 1472 1473
f 1438 142 384
f 1437 1438 384
f 336 1473 1474
f 336 1474 1475
f 1436 1437 384
f 1435 1436 384
f 336 1475 1476
f 336 1476 1477
f 1434 1435 384
f 1433 1434 384
f 336 1477 1478
f 336 1478 1479
f 1432 1433 384
f 1431 1432 384
f 336 1479 1480
f 336 1480 1481
f 1494 1431 384
f 1493 1494 384
f 336 1481 1482
f 336 1482 1483
f 1492 1493 384
f 1491 1492 384
f 336 1483 1484
f 336 1484 1485
f 1490 1491 384
f 1489 1490 384
f 384 336 1485
f 384 1485 1486
f 1488 1489 384
f 384 1486 1487
f 384 1487 1488
f 248 241 235
f 235 227 223
f 223 215 212
f 212 206 198
f 198 194 190
f 190 185 176
f 176 171 1446
f 176 1446 1447
f 198 190 176
f 223 212 198
f 248 235 223
f 260 253 248
f 1462 265 260
f 1461 1462 260
f 260 248 223
f 223 198 176
f 176 1447 1448
f 176 1448 1449
f 260 223 176
f 1460 1461 260
f 1459 1460 260
f 176 1449 1450
f 176 1450 1451
f 1458 1459 260
f 1457 1458 260
f 176 1451 1452
f 176 1452 1453
f 1456 1457 260
f 1455 1456 260
f 260 176 1453
f 1454 1455 260
f 1453 1454 260
f 1504 66 58
f 1504 58 1505
f 1497 1495 77
f 77 66 1504
f 1503 1497 77
f 77 1504 1503
f 1496 1501 89
f 89 77 1495
f 1496 89 1495
f 1500 96 89
f 1500 89 1501
f 1555 1554 102
f 66 77 1522
f 66 1522 1521
f 1555 102 58
f 1556 1555 58
f 66 1521 1520
f 66 1520 1519
f 1557 1556 58
f 1558 1557 58
f 66 1519 1518
f 66 1518 1517
f 1559 1558 58
f 1560 1559 58
f 66 1517 1516
f 66 1516 1515
f 1561 1560 58
f 1562 1561 58
f 66 1515 1514
f 66 1514 1513
f 1563 1562 58
f 1564 1563 58
f 66 1513 1512
f 66 1512 1511
f 1565 1564 58
f 1566 1565 58
f 58 66 1511
f 58 1511 1510
f 1567 1566 58
f 1568 1567 58
f 58 1510 1509
f 58 1509 1508
f 1569 1568 58
f 1506 1569 58
f 58 1508 1507
f 58 1507 1506
f 1523 1522 77
f 96 102 1554
f 96 1554 1553
f 1523 77 89
f 1524 1523 89
f 96 1553 1552
f 96 1552 1551
f 1525 1524 89
f 1526 1525 89
f 96 1551 1550
f 96 1550 1549
f 1527 1526 89
f 1528 1527 89
f 96 1549 1548
f 96 1548 1547
f 1529 1528 89
f 1530 1529 89
f 96 1547 1546
f 96 1546 1545
f 1531 1530 89
f 1532 1531 89
f 96 1545 1544
f 96 1544 1543
f 1533 1532 89
f 1534 1533 89
f 89 96 1543
f 89 1543 1542
f 1535 1534 89
f 1536 1535 89
f 89 1542 1541
f 89 1541 1540
f 1537 1536 89
f 1538 1537 89
f 89 1540 1539
f 89 1539 1538
f 1499 102 96
f 1499 96 1500
f 1502 1505 58
f 58 102 1499
f 1498 1502 58
f 58 1499 1498
f 1574 64 46
f 1574 46 1571
f 1573 1576 69
f 69 64 1574
f 1573 69 1574
f 81 69 1576
f 81 1576 1577
f 87 81 1577
f 87 1577 1575
f 1627 1626 93
f 64 69 1594
f 64 1594 1593
f 1627 93 46
f 1628 1627 46
f 64 1593 1592
f 64 1592 1591
f 1629 1628 46
f 1630 1629 46
f 64 1591 1590
f 64 1590 1589
f 1631 1630 46
f 1632 1631 46
f 64 1589 1588
f 64 1588 1587
f 1633 1632 46
f 1634 1633 46
f 64 1587 1586
f 64 1586 1585
f 1635 1634 46
f 1636 1635 46
f 64 1585 1584
f 64 1584 1583
f 1637 1636 46
f 1638 1637 46
f 46 64 1583
f 46 1583 1582
f 1639 1638 46
f 1640 1639 46
f 46 1582 1581
f 46 1581 1580
f 1641 1640 46
f 1578 1641 46
f 46 1580 1579
f 46 1579 1578
f 1595 1594 69
f 87 93 1626
f 87 1626 1625
f 1595 69 81
f 1596 1595 81
f 87 1625 1624
f 87 1624 1623
f 1597 1596 81
f 1598 1597 81
f 87 1623 1622
f 87 1622 1621
f 1599 1598 81
f 1600 1599 81
f 87 1621 1620
f 87 1620 1619
f 1601 1600 81
f 1602 1601 81
f 87 1619 1618
f 87 1618 1617
f 1603 1602 81
f 1604 1603 81
f 87 1617 1616
f 87 1616 1615
f 1605 1604 81
f 1606 1605 81
f 81 87 1615
f 81 1615 1614
f 1607 1606 81
f 1608 1607 81
f 81 1614 1613
f 81 1613 1612
f 1609 1608 81
f 1610 1609 81
f 81 1612 1611
f 81 1611 1610
f 1570 1572 93
f 93 87 1575
f 1570 93 1575
f 1571 46 93
f 1571 93 1572
f 1691 1693 54
f 54 42 1671
f 54 1671 1672
f 1689 1691 54
f 1687 1689 54
f 54 1672 1674
f 54 1674 1676
f 1684 1687 54
f 1682 1684 54
f 54 1676 1678
f 1680 1682 54
f 54 1678 1680
f 1686 1688 62
f 62 54 1693
f 62 1693 1692
f 1690 1686 62
f 62 1692 1690
f 1663 1664 67
f 67 62 1688
f 67 1688 1685
f 1666 1663 67
f 1668 1666 67
f 67 1685 1683
f 67 1683 1681
f 1670 1668 67
f 1673 1670 67
f 67 1681 1679
f 67 1679 1677
f 1675 1673 67
f 67 1677 1675
f 1643 1644 72
f 72 67 1664
f 72 1664 1661
f 1647 1643 72
f 1649 1647 72
f 72 1661 1659
f 72 1659 1657
f 1651 1649 72
f 1653 1651 72
f 72 1657 1654
f 72 1654 1653
f 1743 1742 78
f 54 62 1710
f 54 1710 1709
f 1743 78 42
f 1744 1743 42
f 54 1709 1708
f 54 1708 1707
f 1745 1744 42
f 1746 1745 42
f 54 1707 1706
f 54 1706 1705
f 1747 1746 42
f 1748 1747 42
f 54 1705 1704
f 54 1704 1703
f 1749 1748 42
f 1750 1749 42
f 54 1703 1702
f 54 1702 1701
f 1751 1750 42
f 1752 1751 42
f 54 1701 1700
f 54 1700 1699
f 1753 1752 42
f 1754 1753 42
f 42 54 1699
f 42 1699 1698
f 1755 1754 42
f 1756 1755 42
f 42 1698 1697
f 42 1697 1696
f 1757 1756 42
f 1694 1757 42
f 42 1696 1695
f 42 1695 1694
f 1711 1710 62
f 72 78 1742
f 72 1742 1741
f 1711 62 67
f 1712 1711 67
f 72 1741 1740
f 72 1740 1739
f 1713 1712 67
f 1714 1713 67
f 72 1739 1738
f 72 1738 1737
f 1715 1714 67
f 1716 1715 67
f 72 1737 1736
f 72 1736 1735
f 1717 1716 67
f 1718 1717 67
f 72 1735 1734
f 72 1734 1733
f 1719 1718 67
f 1720 1719 67
f 72 1733 1732
f 72 1732 1731
f 1721 1720 67
f 1722 1721 67
f 67 72 1731
f 67 1731 1730
f 1723 1722 67
f 1724 1723 67
f 67 1730 1729
f 67 1729 1728
f 1725 1724 67
f 1726 1725 67
f 67 1728 1727
f 67 1727 1726
f 1642 1645 78
f 78 72 1644
f 1642 78 1644
f 1669 1671 42
f 42 78 1645
f 42 1645 1646
f 1667 1669 42
f 1665 1667 42
f 42 1646 1648
f 42 1648 1650
f 1662 1665 42
f 1660 1662 42
f 42 1650 1652
f 42 1652 1655
f 1658 1660 42
f 42 1655 1656
f 42 1656 1658
f 1784 1781 33
f 33 1805 36
f 36 57 1800
f 36 1800 1799
f 1784 33 36
f 500 1782 1783
f 1783 1784 36
f 36 1799 1797
f 1797 1798 596
f 1797 596 267
f 1783 36 1797
f 263 500 1783
f 605 263 1783
f 1783 1797 267
f 1783 267 478
f 1762 605 1783
f 478 1762 1783
f 38 57 36
f 38 36 1805
f 1763 1764 596
f 596 1798 1801
f 596 1801 597
f 1765 1763 596
f 596 597 1766
f 596 1766 1765
f 34 1802 1800
f 34 1800 57
f 57 38 9
f 57 9 34
f 1806 33 1781
f 1781 1785 20
f 1781 20 1777
f 1803 1806 1781
f 1781 1777 1803
f 1758 1761 504
f 504 1776 170
f 1778 1786 1782
f 1758 504 170
f 170 1778 1782
f 170 1782 500
f 1759 1758 170
f 170 500 1760
f 170 1760 1759
f 29 1810 1809
f 29 1809 295
f 1807 1808 35
f 292 1807 35
f 2 1804 292
f 1802 34 2
f 21 1802 2
f 2 292 35
f 2 35 29
f 5 21 2
f 597 1801 5
f 172 597 5
f 5 2 29
f 5 29 295
f 479 172 5
f 606 479 5
f 606 5 295
f 1776 504 153
f 153 606 295
f 294 1776 153
f 295 294 153
f 2 34 9
f 2 9 1804
f 1810 29 35
f 1810 35 1808
f 300 299 1779
f 300 1779 1780
f 31 27 299
f 31 299 300
f 1777 308 313
f 1777 313 1803
f 63 306 313
f 63 313 65
f 1806 1803 313
f 1806 313 306
f 173 174 1780
f 173 1780 1779
f 182 316 302
f 182 302 181
f 316 52 48
f 316 48 302
f 68 65 313
f 68 313 308
f 305 316 182
f 305 182 184
f 56 52 316
f 56 316 305
f 1787 1778 170
f 1787 170 1788
f 1778 1787 1786
f 170 1776 1789
f 170 1789 1788
f 31 39 44
f 31 44 48
f 61 63 56
f 61 56 59
f 292 68 70
f 70 73 74
f 292 70 74
f 19 1807 292
f 164 166 19
f 161 162 164
f 159 161 164
f 19 292 74
f 19 74 76
f 159 164 19
f 156 159 19
f 19 76 79
f 79 80 82
f 79 82 84
f 155 156 19
f 150 152 155
f 149 150 155
f 19 79 84
f 19 84 86
f 149 155 19
f 147 149 19
f 19 86 88
f 88 91 92
f 88 92 95
f 145 147 19
f 141 143 145
f 138 141 145
f 19 88 95
f 19 95 97
f 138 145 19
f 136 138 19
f 19 97 98
f 98 101 103
f 98 103 105
f 135 136 19
f 130 133 135
f 128 130 135
f 19 98 105
f 19 105 106
f 128 135 19
f 127 128 19
f 19 106 108
f 108 110 113
f 108 113 115
f 125 127 19
f 121 123 125
f 119 121 125
f 19 108 115
f 19 115 116
f 119 125 19
f 116 119 19
f 13 15 295
f 13 295 1809
f 177 174 181
f 177 181 178
f 187 184 1806
f 187 1806 189
f 195 193 1777
f 20 1785 1791
f 195 1777 20
f 197 195 20
f 1791 290 287
f 287 286 283
f 287 283 281
f 197 20 1791
f 199 197 1791
f 1791 287 281
f 1791 281 280
f 201 199 1791
f 205 203 201
f 207 205 201
f 1791 280 278
f 278 276 273
f 278 273 271
f 207 201 1791
f 210 207 1791
f 1791 278 271
f 1791 271 269
f 211 210 1791
f 216 213 211
f 218 216 211
f 1791 269 268
f 268 266 264
f 268 264 261
f 218 211 1791
f 220 218 1791
f 1791 268 261
f 1791 261 259
f 222 220 1791
f 225 224 222
f 228 225 222
f 1791 259 258
f 258 255 254
f 258 254 251
f 228 222 1791
f 229 228 1791
f 1791 258 251
f 1791 251 250
f 232 229 1791
f 236 233 232
f 238 236 232
f 1791 250 247
f 247 245 244
f 247 244 242
f 238 232 1791
f 239 238 1791
f 1791 247 242
f 1791 242 239
f 1776 169 1790
f 1776 1790 1789
f 294 295 15
f 15 169 1776
f 294 15 1776
f 1780 174 177
f 177 39 31
f 300 1780 177
f 177 31 300
f 39 177 178
f 39 178 44
f 302 48 44
f 44 178 181
f 302 44 181
f 305 184 187
f 187 59 56
f 305 187 56
f 59 187 189
f 59 189 61
f 306 63 61
f 61 189 1806
f 306 61 1806
f 308 1777 193
f 193 70 68
f 308 193 68
f 70 193 195
f 70 195 73
f 73 195 197
f 73 197 74
f 74 197 199
f 74 199 76
f 76 199 201
f 76 201 79
f 79 201 203
f 79 203 80
f 80 203 205
f 80 205 82
f 82 205 207
f 82 207 84
f 84 207 210
f 84 210 86
f 86 210 211
f 86 211 88
f 88 211 213
f 88 213 91
f 91 213 216
f 91 216 92
f 92 216 218
f 92 218 95
f 95 218 220
f 95 220 97
f 97 220 222
f 97 222 98
f 98 222 224
f 98 224 101
f 101 224 225
f 101 225 103
f 103 225 228
f 103 228 105
f 105 228 229
f 105 229 106
f 106 229 232
f 106 232 108
f 108 232 233
f 108 233 110
f 110 233 236
f 110 236 113
f 113 236 238
f 113 238 115
f 115 238 239
f 115 239 116
f 116 239 242
f 116 242 119
f 119 242 244
f 119 244 121
f 121 244 245
f 121 245 123
f 123 245 247
f 123 247 125
f 125 247 250
f 125 250 127
f 127 250 251
f 127 251 128
f 128 251 254
f 128 254 130
f 130 254 255
f 130 255 133
f 133 255 258
f 133 258 135
f 135 258 259
f 135 259 136
f 136 259 261
f 136 261 138
f 138 261 264
f 138 264 141
f 141 264 266
f 141 266 143
f 143 266 268
f 143 268 145
f 145 268 269
f 145 269 147
f 147 269 271
f 147 271 149
f 149 271 273
f 149 273 150
f 150 273 276
f 150 276 152
f 152 276 278
f 152 278 155
f 155 278 280
f 155 280 156
f 156 280 281
f 156 281 159
f 159 281 283
f 159 283 161
f 161 283 286
f 161 286 162
f 162 286 287
f 162 287 164
f 164 287 290
f 164 290 166
f 169 15 13
f 169 13 3
f 1792 1790 169
f 290 1791 1793
f 1792 169 3
f 166 290 1793
f 1793 1792 3
f 1793 3 1813
f 12 19 166
f 1793 1813 1812
f 12 166 1793
f 1812 12 1793
f 1812 1813 1814
f 1812 1814 1815
f 1796 1811 19
f 19 12 1812
f 19 1812 1815
f 1796 19 1815
f 1814 1813 3
f 1796 1815 1814
f 13 1794 1795
f 1795 1796 1814
f 3 13 1795
f 1795 1814 3
f 1791 1785 1781
f 1781 1784 1793
f 1781 1793 1791
f 1789 1790 1792
f 1792 1783 1782
f 1792 1782 1786
f 1788 1789 1792
f 1792 1786 1787
f 1792 1787 1788
f 1793 1784 1783
f 1793 1783 1792
f 21 1799 1800
f 21 1800 1802
f 1797 5 1801
f 1797 1801 1798
f 21 5 1797
f 21 1797 1799
f 28 26 25
f 25 23 8
f 25 8 16
f 28 25 16
f 28 16 1820
f 9 32 30
f 30 28 1820
f 30 1820 1819
f 1804 9 30
f 10 1 1804
f 30 1819 10
f 10 1804 30
f 1816 1825 22
f 1825 1816 18
f 17 7 1
f 17 1 10
f 10 1819 1826
f 1827 1820 16
f 17 10 1826
f 17 1826 1827
f 18 17 1827
f 8 22 1825
f 18 1827 16
f 8 1825 18
f 18 16 8
f 1827 1826 1819
f 1827 1819 1820
f 14 6 45
f 45 47 49
f 45 49 51
f 14 45 51
f 53 55 38
f 14 51 53
f 1818 14 53
f 53 38 1805
f 1805 4 1821
f 1805 1821 11
f 1817 1818 53
f 53 1805 11
f 53 11 1817
f 1821 4 1822
f 1822 4 37
f 1822 37 40
f 11 1821 1822
f 1823 1817 11
f 14 1818 1824
f 14 1824 1823
f 43 6 14
f 41 43 14
f 41 14 1823
f 11 1822 40
f 40 41 1823
f 40 1823 11
f 1824 1818 1817
f 1824 1817 1823
f 1805 1804 1
f 1805 1 4
f 37 4 1
f 37 1 7
f 23 45 6
f 23 6 8
f 22 8 6
f 22 6 43
f 23 25 47
f 23 47 45
f 25 26 49
f 25 49 47
f 26 28 51
f 26 51 49
f 28 30 53
f 28 53 51
f 30 32 55
f 30 55 53
f 38 55 32
f 38 32 9
f 68 292 1804
f 1806 184 182
f 68 1804 1805
f 65 68 1805
f 63 65 1805
f 56 63 1805
f 52 56 1805
f 48 52 1805
f 31 48 1805
f 27 31 1805
f 299 27 1805
f 1779 299 1805
f 173 1779 1805
f 173 1805 33
f 182 181 174
f 174 173 33
f 33 1806 182
f 182 174 33
f 1808 1807 19
f 1808 19 1811
f 13 1809 1810
f 1810 1808 1811
f 1794 13 1810
f 1811 1794 1810
f 1795 1794 1811
f 1795 1811 1796
f 37 7 22
f 37 22 43
f 37 43 41
f 37 41 40
f 1816 22 7
f 7 17 18
f 7 18 1816